solid ASCII
  facet normal 9.989931e-01 4.486483e-02 0.000000e+00
    outer loop
      vertex   -1.543760e+00 -1.389409e-01 2.000000e+00
      vertex   -1.543760e+00 -1.389409e-01 0.000000e+00
      vertex   -1.550000e+00 -1.898203e-16 2.000000e+00
    endloop
  endfacet
  facet normal 9.989931e-01 4.486483e-02 0.000000e+00
    outer loop
      vertex   -1.550000e+00 -1.898203e-16 2.000000e+00
      vertex   -1.543760e+00 -1.389409e-01 0.000000e+00
      vertex   -1.550000e+00 -1.898203e-16 0.000000e+00
    endloop
  endfacet
  facet normal 9.989931e-01 -4.486483e-02 0.000000e+00
    outer loop
      vertex   -1.550000e+00 -1.898203e-16 2.000000e+00
      vertex   -1.550000e+00 -1.898203e-16 0.000000e+00
      vertex   -1.543760e+00 1.389409e-01 2.000000e+00
    endloop
  endfacet
  facet normal 9.989931e-01 -4.486483e-02 0.000000e+00
    outer loop
      vertex   -1.543760e+00 1.389409e-01 2.000000e+00
      vertex   -1.550000e+00 -1.898203e-16 0.000000e+00
      vertex   -1.543760e+00 1.389409e-01 0.000000e+00
    endloop
  endfacet
  facet normal 9.909498e-01 -1.342333e-01 0.000000e+00
    outer loop
      vertex   -1.543760e+00 1.389409e-01 2.000000e+00
      vertex   -1.543760e+00 1.389409e-01 0.000000e+00
      vertex   -1.525091e+00 2.767632e-01 2.000000e+00
    endloop
  endfacet
  facet normal 9.909498e-01 -1.342333e-01 0.000000e+00
    outer loop
      vertex   -1.525091e+00 2.767632e-01 2.000000e+00
      vertex   -1.543760e+00 1.389409e-01 0.000000e+00
      vertex   -1.525091e+00 2.767632e-01 0.000000e+00
    endloop
  endfacet
  facet normal 9.749279e-01 -2.225209e-01 0.000000e+00
    outer loop
      vertex   -1.525091e+00 2.767632e-01 2.000000e+00
      vertex   -1.525091e+00 2.767632e-01 0.000000e+00
      vertex   -1.494142e+00 4.123571e-01 2.000000e+00
    endloop
  endfacet
  facet normal 9.749279e-01 -2.225209e-01 0.000000e+00
    outer loop
      vertex   -1.494142e+00 4.123571e-01 2.000000e+00
      vertex   -1.525091e+00 2.767632e-01 0.000000e+00
      vertex   -1.494142e+00 4.123571e-01 0.000000e+00
    endloop
  endfacet
  facet normal 9.510565e-01 -3.090170e-01 0.000000e+00
    outer loop
      vertex   -1.494142e+00 4.123571e-01 2.000000e+00
      vertex   -1.494142e+00 4.123571e-01 0.000000e+00
      vertex   -1.451164e+00 5.446310e-01 2.000000e+00
    endloop
  endfacet
  facet normal 9.510565e-01 -3.090170e-01 0.000000e+00
    outer loop
      vertex   -1.451164e+00 5.446310e-01 2.000000e+00
      vertex   -1.494142e+00 4.123571e-01 0.000000e+00
      vertex   -1.451164e+00 5.446310e-01 0.000000e+00
    endloop
  endfacet
  facet normal 9.195278e-01 -3.930250e-01 0.000000e+00
    outer loop
      vertex   -1.451164e+00 5.446310e-01 2.000000e+00
      vertex   -1.451164e+00 5.446310e-01 0.000000e+00
      vertex   -1.396502e+00 6.725198e-01 2.000000e+00
    endloop
  endfacet
  facet normal 9.195278e-01 -3.930250e-01 0.000000e+00
    outer loop
      vertex   -1.396502e+00 6.725198e-01 2.000000e+00
      vertex   -1.451164e+00 5.446310e-01 0.000000e+00
      vertex   -1.396502e+00 6.725198e-01 0.000000e+00
    endloop
  endfacet
  facet normal 8.805955e-01 -4.738687e-01 0.000000e+00
    outer loop
      vertex   -1.396502e+00 6.725198e-01 2.000000e+00
      vertex   -1.396502e+00 6.725198e-01 0.000000e+00
      vertex   -1.330596e+00 7.949939e-01 2.000000e+00
    endloop
  endfacet
  facet normal 8.805955e-01 -4.738687e-01 0.000000e+00
    outer loop
      vertex   -1.330596e+00 7.949939e-01 2.000000e+00
      vertex   -1.396502e+00 6.725198e-01 0.000000e+00
      vertex   -1.330596e+00 7.949939e-01 0.000000e+00
    endloop
  endfacet
  facet normal 8.345733e-01 -5.508970e-01 0.000000e+00
    outer loop
      vertex   -1.330596e+00 7.949939e-01 2.000000e+00
      vertex   -1.330596e+00 7.949939e-01 0.000000e+00
      vertex   -1.253976e+00 9.110671e-01 2.000000e+00
    endloop
  endfacet
  facet normal 8.345733e-01 -5.508970e-01 0.000000e+00
    outer loop
      vertex   -1.253976e+00 9.110671e-01 2.000000e+00
      vertex   -1.330596e+00 7.949939e-01 0.000000e+00
      vertex   -1.253976e+00 9.110671e-01 0.000000e+00
    endloop
  endfacet
  facet normal 7.818315e-01 -6.234898e-01 0.000000e+00
    outer loop
      vertex   -1.253976e+00 9.110671e-01 2.000000e+00
      vertex   -1.253976e+00 9.110671e-01 0.000000e+00
      vertex   -1.167261e+00 1.019805e+00 2.000000e+00
    endloop
  endfacet
  facet normal 7.818315e-01 -6.234898e-01 0.000000e+00
    outer loop
      vertex   -1.167261e+00 1.019805e+00 2.000000e+00
      vertex   -1.253976e+00 9.110671e-01 0.000000e+00
      vertex   -1.167261e+00 1.019805e+00 0.000000e+00
    endloop
  endfacet
  facet normal 7.227949e-01 -6.910626e-01 0.000000e+00
    outer loop
      vertex   -1.167261e+00 1.019805e+00 2.000000e+00
      vertex   -1.167261e+00 1.019805e+00 0.000000e+00
      vertex   -1.071147e+00 1.120332e+00 2.000000e+00
    endloop
  endfacet
  facet normal 7.227949e-01 -6.910626e-01 0.000000e+00
    outer loop
      vertex   -1.071147e+00 1.120332e+00 2.000000e+00
      vertex   -1.167261e+00 1.019805e+00 0.000000e+00
      vertex   -1.071147e+00 1.120332e+00 0.000000e+00
    endloop
  endfacet
  facet normal 6.579387e-01 -7.530715e-01 0.000000e+00
    outer loop
      vertex   -1.071147e+00 1.120332e+00 2.000000e+00
      vertex   -1.071147e+00 1.120332e+00 0.000000e+00
      vertex   -9.664092e-01 1.211839e+00 2.000000e+00
    endloop
  endfacet
  facet normal 6.579387e-01 -7.530715e-01 0.000000e+00
    outer loop
      vertex   -9.664092e-01 1.211839e+00 2.000000e+00
      vertex   -1.071147e+00 1.120332e+00 0.000000e+00
      vertex   -9.664092e-01 1.211839e+00 0.000000e+00
    endloop
  endfacet
  facet normal 5.877853e-01 -8.090170e-01 0.000000e+00
    outer loop
      vertex   -9.664092e-01 1.211839e+00 2.000000e+00
      vertex   -9.664092e-01 1.211839e+00 0.000000e+00
      vertex   -8.538903e-01 1.293589e+00 2.000000e+00
    endloop
  endfacet
  facet normal 5.877853e-01 -8.090170e-01 0.000000e+00
    outer loop
      vertex   -8.538903e-01 1.293589e+00 2.000000e+00
      vertex   -9.664092e-01 1.211839e+00 0.000000e+00
      vertex   -8.538903e-01 1.293589e+00 0.000000e+00
    endloop
  endfacet
  facet normal 5.128993e-01 -8.584488e-01 0.000000e+00
    outer loop
      vertex   -8.538903e-01 1.293589e+00 2.000000e+00
      vertex   -8.538903e-01 1.293589e+00 0.000000e+00
      vertex   -7.344964e-01 1.364923e+00 2.000000e+00
    endloop
  endfacet
  facet normal 5.128993e-01 -8.584488e-01 0.000000e+00
    outer loop
      vertex   -7.344964e-01 1.364923e+00 2.000000e+00
      vertex   -8.538903e-01 1.293589e+00 0.000000e+00
      vertex   -7.344964e-01 1.364923e+00 0.000000e+00
    endloop
  endfacet
  facet normal 4.338837e-01 -9.009689e-01 0.000000e+00
    outer loop
      vertex   -7.344964e-01 1.364923e+00 2.000000e+00
      vertex   -7.344964e-01 1.364923e+00 0.000000e+00
      vertex   -6.091888e-01 1.425268e+00 2.000000e+00
    endloop
  endfacet
  facet normal 4.338837e-01 -9.009689e-01 0.000000e+00
    outer loop
      vertex   -6.091888e-01 1.425268e+00 2.000000e+00
      vertex   -7.344964e-01 1.364923e+00 0.000000e+00
      vertex   -6.091888e-01 1.425268e+00 0.000000e+00
    endloop
  endfacet
  facet normal 3.513748e-01 -9.362349e-01 0.000000e+00
    outer loop
      vertex   -6.091888e-01 1.425268e+00 2.000000e+00
      vertex   -6.091888e-01 1.425268e+00 0.000000e+00
      vertex   -4.789763e-01 1.474138e+00 2.000000e+00
    endloop
  endfacet
  facet normal 3.513748e-01 -9.362349e-01 0.000000e+00
    outer loop
      vertex   -4.789763e-01 1.474138e+00 2.000000e+00
      vertex   -6.091888e-01 1.425268e+00 0.000000e+00
      vertex   -4.789763e-01 1.474138e+00 0.000000e+00
    endloop
  endfacet
  facet normal 2.660368e-01 -9.639629e-01 0.000000e+00
    outer loop
      vertex   -4.789763e-01 1.474138e+00 2.000000e+00
      vertex   -4.789763e-01 1.474138e+00 0.000000e+00
      vertex   -3.449074e-01 1.511138e+00 2.000000e+00
    endloop
  endfacet
  facet normal 2.660368e-01 -9.639629e-01 0.000000e+00
    outer loop
      vertex   -3.449074e-01 1.511138e+00 2.000000e+00
      vertex   -4.789763e-01 1.474138e+00 0.000000e+00
      vertex   -3.449074e-01 1.511138e+00 0.000000e+00
    endloop
  endfacet
  facet normal 1.785569e-01 -9.839296e-01 0.000000e+00
    outer loop
      vertex   -3.449074e-01 1.511138e+00 2.000000e+00
      vertex   -3.449074e-01 1.511138e+00 0.000000e+00
      vertex   -2.080616e-01 1.535972e+00 2.000000e+00
    endloop
  endfacet
  facet normal 1.785569e-01 -9.839296e-01 0.000000e+00
    outer loop
      vertex   -2.080616e-01 1.535972e+00 2.000000e+00
      vertex   -3.449074e-01 1.511138e+00 0.000000e+00
      vertex   -2.080616e-01 1.535972e+00 0.000000e+00
    endloop
  endfacet
  facet normal 8.963931e-02 -9.959743e-01 0.000000e+00
    outer loop
      vertex   -2.080616e-01 1.535972e+00 2.000000e+00
      vertex   -2.080616e-01 1.535972e+00 0.000000e+00
      vertex   -6.954049e-02 1.548439e+00 2.000000e+00
    endloop
  endfacet
  facet normal 8.963931e-02 -9.959743e-01 0.000000e+00
    outer loop
      vertex   -6.954049e-02 1.548439e+00 2.000000e+00
      vertex   -2.080616e-01 1.535972e+00 0.000000e+00
      vertex   -6.954049e-02 1.548439e+00 0.000000e+00
    endloop
  endfacet
  facet normal -1.596513e-15 -1.000000e+00 -0.000000e+00
    outer loop
      vertex   -6.954049e-02 1.548439e+00 2.000000e+00
      vertex   -6.954049e-02 1.548439e+00 0.000000e+00
      vertex   6.954049e-02 1.548439e+00 2.000000e+00
    endloop
  endfacet
  facet normal -1.596513e-15 -1.000000e+00 -0.000000e+00
    outer loop
      vertex   6.954049e-02 1.548439e+00 2.000000e+00
      vertex   -6.954049e-02 1.548439e+00 0.000000e+00
      vertex   6.954049e-02 1.548439e+00 0.000000e+00
    endloop
  endfacet
  facet normal -8.963931e-02 -9.959743e-01 -0.000000e+00
    outer loop
      vertex   6.954049e-02 1.548439e+00 2.000000e+00
      vertex   6.954049e-02 1.548439e+00 0.000000e+00
      vertex   2.080616e-01 1.535972e+00 2.000000e+00
    endloop
  endfacet
  facet normal -8.963931e-02 -9.959743e-01 -0.000000e+00
    outer loop
      vertex   2.080616e-01 1.535972e+00 2.000000e+00
      vertex   6.954049e-02 1.548439e+00 0.000000e+00
      vertex   2.080616e-01 1.535972e+00 0.000000e+00
    endloop
  endfacet
  facet normal -1.785569e-01 -9.839296e-01 -0.000000e+00
    outer loop
      vertex   2.080616e-01 1.535972e+00 2.000000e+00
      vertex   2.080616e-01 1.535972e+00 0.000000e+00
      vertex   3.449074e-01 1.511138e+00 2.000000e+00
    endloop
  endfacet
  facet normal -1.785569e-01 -9.839296e-01 -0.000000e+00
    outer loop
      vertex   3.449074e-01 1.511138e+00 2.000000e+00
      vertex   2.080616e-01 1.535972e+00 0.000000e+00
      vertex   3.449074e-01 1.511138e+00 0.000000e+00
    endloop
  endfacet
  facet normal -2.660368e-01 -9.639629e-01 -0.000000e+00
    outer loop
      vertex   3.449074e-01 1.511138e+00 2.000000e+00
      vertex   3.449074e-01 1.511138e+00 0.000000e+00
      vertex   4.789763e-01 1.474138e+00 2.000000e+00
    endloop
  endfacet
  facet normal -2.660368e-01 -9.639629e-01 -0.000000e+00
    outer loop
      vertex   4.789763e-01 1.474138e+00 2.000000e+00
      vertex   3.449074e-01 1.511138e+00 0.000000e+00
      vertex   4.789763e-01 1.474138e+00 0.000000e+00
    endloop
  endfacet
  facet normal -3.513748e-01 -9.362349e-01 -0.000000e+00
    outer loop
      vertex   4.789763e-01 1.474138e+00 2.000000e+00
      vertex   4.789763e-01 1.474138e+00 0.000000e+00
      vertex   6.091888e-01 1.425268e+00 2.000000e+00
    endloop
  endfacet
  facet normal -3.513748e-01 -9.362349e-01 -0.000000e+00
    outer loop
      vertex   6.091888e-01 1.425268e+00 2.000000e+00
      vertex   4.789763e-01 1.474138e+00 0.000000e+00
      vertex   6.091888e-01 1.425268e+00 0.000000e+00
    endloop
  endfacet
  facet normal -4.338837e-01 -9.009689e-01 -0.000000e+00
    outer loop
      vertex   6.091888e-01 1.425268e+00 2.000000e+00
      vertex   6.091888e-01 1.425268e+00 0.000000e+00
      vertex   7.344964e-01 1.364923e+00 2.000000e+00
    endloop
  endfacet
  facet normal -4.338837e-01 -9.009689e-01 -0.000000e+00
    outer loop
      vertex   7.344964e-01 1.364923e+00 2.000000e+00
      vertex   6.091888e-01 1.425268e+00 0.000000e+00
      vertex   7.344964e-01 1.364923e+00 0.000000e+00
    endloop
  endfacet
  facet normal -5.128993e-01 -8.584488e-01 -0.000000e+00
    outer loop
      vertex   7.344964e-01 1.364923e+00 2.000000e+00
      vertex   7.344964e-01 1.364923e+00 0.000000e+00
      vertex   8.538903e-01 1.293589e+00 2.000000e+00
    endloop
  endfacet
  facet normal -5.128993e-01 -8.584488e-01 -0.000000e+00
    outer loop
      vertex   8.538903e-01 1.293589e+00 2.000000e+00
      vertex   7.344964e-01 1.364923e+00 0.000000e+00
      vertex   8.538903e-01 1.293589e+00 0.000000e+00
    endloop
  endfacet
  facet normal -5.877853e-01 -8.090170e-01 -0.000000e+00
    outer loop
      vertex   8.538903e-01 1.293589e+00 2.000000e+00
      vertex   8.538903e-01 1.293589e+00 0.000000e+00
      vertex   9.664092e-01 1.211839e+00 2.000000e+00
    endloop
  endfacet
  facet normal -5.877853e-01 -8.090170e-01 -0.000000e+00
    outer loop
      vertex   9.664092e-01 1.211839e+00 2.000000e+00
      vertex   8.538903e-01 1.293589e+00 0.000000e+00
      vertex   9.664092e-01 1.211839e+00 0.000000e+00
    endloop
  endfacet
  facet normal -6.579387e-01 -7.530715e-01 -0.000000e+00
    outer loop
      vertex   9.664092e-01 1.211839e+00 2.000000e+00
      vertex   9.664092e-01 1.211839e+00 0.000000e+00
      vertex   1.071147e+00 1.120332e+00 2.000000e+00
    endloop
  endfacet
  facet normal -6.579387e-01 -7.530715e-01 -0.000000e+00
    outer loop
      vertex   1.071147e+00 1.120332e+00 2.000000e+00
      vertex   9.664092e-01 1.211839e+00 0.000000e+00
      vertex   1.071147e+00 1.120332e+00 0.000000e+00
    endloop
  endfacet
  facet normal -7.227949e-01 -6.910626e-01 -0.000000e+00
    outer loop
      vertex   1.071147e+00 1.120332e+00 2.000000e+00
      vertex   1.071147e+00 1.120332e+00 0.000000e+00
      vertex   1.167261e+00 1.019805e+00 2.000000e+00
    endloop
  endfacet
  facet normal -7.227949e-01 -6.910626e-01 -0.000000e+00
    outer loop
      vertex   1.167261e+00 1.019805e+00 2.000000e+00
      vertex   1.071147e+00 1.120332e+00 0.000000e+00
      vertex   1.167261e+00 1.019805e+00 0.000000e+00
    endloop
  endfacet
  facet normal -7.818315e-01 -6.234898e-01 -0.000000e+00
    outer loop
      vertex   1.167261e+00 1.019805e+00 2.000000e+00
      vertex   1.167261e+00 1.019805e+00 0.000000e+00
      vertex   1.253976e+00 9.110671e-01 2.000000e+00
    endloop
  endfacet
  facet normal -7.818315e-01 -6.234898e-01 -0.000000e+00
    outer loop
      vertex   1.253976e+00 9.110671e-01 2.000000e+00
      vertex   1.167261e+00 1.019805e+00 0.000000e+00
      vertex   1.253976e+00 9.110671e-01 0.000000e+00
    endloop
  endfacet
  facet normal -8.345733e-01 -5.508970e-01 -0.000000e+00
    outer loop
      vertex   1.253976e+00 9.110671e-01 2.000000e+00
      vertex   1.253976e+00 9.110671e-01 0.000000e+00
      vertex   1.330596e+00 7.949939e-01 2.000000e+00
    endloop
  endfacet
  facet normal -8.345733e-01 -5.508970e-01 -0.000000e+00
    outer loop
      vertex   1.330596e+00 7.949939e-01 2.000000e+00
      vertex   1.253976e+00 9.110671e-01 0.000000e+00
      vertex   1.330596e+00 7.949939e-01 0.000000e+00
    endloop
  endfacet
  facet normal -8.805955e-01 -4.738687e-01 -0.000000e+00
    outer loop
      vertex   1.330596e+00 7.949939e-01 2.000000e+00
      vertex   1.330596e+00 7.949939e-01 0.000000e+00
      vertex   1.396502e+00 6.725198e-01 2.000000e+00
    endloop
  endfacet
  facet normal -8.805955e-01 -4.738687e-01 -0.000000e+00
    outer loop
      vertex   1.396502e+00 6.725198e-01 2.000000e+00
      vertex   1.330596e+00 7.949939e-01 0.000000e+00
      vertex   1.396502e+00 6.725198e-01 0.000000e+00
    endloop
  endfacet
  facet normal -9.195278e-01 -3.930250e-01 -0.000000e+00
    outer loop
      vertex   1.396502e+00 6.725198e-01 2.000000e+00
      vertex   1.396502e+00 6.725198e-01 0.000000e+00
      vertex   1.451164e+00 5.446310e-01 2.000000e+00
    endloop
  endfacet
  facet normal -9.195278e-01 -3.930250e-01 -0.000000e+00
    outer loop
      vertex   1.451164e+00 5.446310e-01 2.000000e+00
      vertex   1.396502e+00 6.725198e-01 0.000000e+00
      vertex   1.451164e+00 5.446310e-01 0.000000e+00
    endloop
  endfacet
  facet normal -9.510565e-01 -3.090170e-01 -0.000000e+00
    outer loop
      vertex   1.451164e+00 5.446310e-01 2.000000e+00
      vertex   1.451164e+00 5.446310e-01 0.000000e+00
      vertex   1.494142e+00 4.123571e-01 2.000000e+00
    endloop
  endfacet
  facet normal -9.510565e-01 -3.090170e-01 -0.000000e+00
    outer loop
      vertex   1.494142e+00 4.123571e-01 2.000000e+00
      vertex   1.451164e+00 5.446310e-01 0.000000e+00
      vertex   1.494142e+00 4.123571e-01 0.000000e+00
    endloop
  endfacet
  facet normal -9.749279e-01 -2.225209e-01 -0.000000e+00
    outer loop
      vertex   1.494142e+00 4.123571e-01 2.000000e+00
      vertex   1.494142e+00 4.123571e-01 0.000000e+00
      vertex   1.525091e+00 2.767632e-01 2.000000e+00
    endloop
  endfacet
  facet normal -9.749279e-01 -2.225209e-01 -0.000000e+00
    outer loop
      vertex   1.525091e+00 2.767632e-01 2.000000e+00
      vertex   1.494142e+00 4.123571e-01 0.000000e+00
      vertex   1.525091e+00 2.767632e-01 0.000000e+00
    endloop
  endfacet
  facet normal -9.909498e-01 -1.342333e-01 -0.000000e+00
    outer loop
      vertex   1.525091e+00 2.767632e-01 2.000000e+00
      vertex   1.525091e+00 2.767632e-01 0.000000e+00
      vertex   1.543760e+00 1.389409e-01 2.000000e+00
    endloop
  endfacet
  facet normal -9.909498e-01 -1.342333e-01 -0.000000e+00
    outer loop
      vertex   1.543760e+00 1.389409e-01 2.000000e+00
      vertex   1.525091e+00 2.767632e-01 0.000000e+00
      vertex   1.543760e+00 1.389409e-01 0.000000e+00
    endloop
  endfacet
  facet normal -9.989931e-01 -4.486483e-02 -0.000000e+00
    outer loop
      vertex   1.543760e+00 1.389409e-01 2.000000e+00
      vertex   1.543760e+00 1.389409e-01 0.000000e+00
      vertex   1.550000e+00 0.000000e+00 2.000000e+00
    endloop
  endfacet
  facet normal -9.989931e-01 -4.486483e-02 -0.000000e+00
    outer loop
      vertex   1.550000e+00 0.000000e+00 2.000000e+00
      vertex   1.543760e+00 1.389409e-01 0.000000e+00
      vertex   1.550000e+00 0.000000e+00 0.000000e+00
    endloop
  endfacet
  facet normal -9.989931e-01 4.486483e-02 0.000000e+00
    outer loop
      vertex   1.550000e+00 0.000000e+00 2.000000e+00
      vertex   1.550000e+00 0.000000e+00 0.000000e+00
      vertex   1.543760e+00 -1.389409e-01 2.000000e+00
    endloop
  endfacet
  facet normal -9.989931e-01 4.486483e-02 0.000000e+00
    outer loop
      vertex   1.543760e+00 -1.389409e-01 2.000000e+00
      vertex   1.550000e+00 0.000000e+00 0.000000e+00
      vertex   1.543760e+00 -1.389409e-01 0.000000e+00
    endloop
  endfacet
  facet normal -9.909498e-01 1.342333e-01 0.000000e+00
    outer loop
      vertex   1.543760e+00 -1.389409e-01 2.000000e+00
      vertex   1.543760e+00 -1.389409e-01 0.000000e+00
      vertex   1.525091e+00 -2.767632e-01 2.000000e+00
    endloop
  endfacet
  facet normal -9.909498e-01 1.342333e-01 0.000000e+00
    outer loop
      vertex   1.525091e+00 -2.767632e-01 2.000000e+00
      vertex   1.543760e+00 -1.389409e-01 0.000000e+00
      vertex   1.525091e+00 -2.767632e-01 0.000000e+00
    endloop
  endfacet
  facet normal -9.749279e-01 2.225209e-01 0.000000e+00
    outer loop
      vertex   1.525091e+00 -2.767632e-01 2.000000e+00
      vertex   1.525091e+00 -2.767632e-01 0.000000e+00
      vertex   1.494142e+00 -4.123571e-01 2.000000e+00
    endloop
  endfacet
  facet normal -9.749279e-01 2.225209e-01 0.000000e+00
    outer loop
      vertex   1.494142e+00 -4.123571e-01 2.000000e+00
      vertex   1.525091e+00 -2.767632e-01 0.000000e+00
      vertex   1.494142e+00 -4.123571e-01 0.000000e+00
    endloop
  endfacet
  facet normal -9.510565e-01 3.090170e-01 0.000000e+00
    outer loop
      vertex   1.494142e+00 -4.123571e-01 2.000000e+00
      vertex   1.494142e+00 -4.123571e-01 0.000000e+00
      vertex   1.451164e+00 -5.446310e-01 2.000000e+00
    endloop
  endfacet
  facet normal -9.510565e-01 3.090170e-01 0.000000e+00
    outer loop
      vertex   1.451164e+00 -5.446310e-01 2.000000e+00
      vertex   1.494142e+00 -4.123571e-01 0.000000e+00
      vertex   1.451164e+00 -5.446310e-01 0.000000e+00
    endloop
  endfacet
  facet normal -9.195278e-01 3.930250e-01 0.000000e+00
    outer loop
      vertex   1.451164e+00 -5.446310e-01 2.000000e+00
      vertex   1.451164e+00 -5.446310e-01 0.000000e+00
      vertex   1.396502e+00 -6.725198e-01 2.000000e+00
    endloop
  endfacet
  facet normal -9.195278e-01 3.930250e-01 0.000000e+00
    outer loop
      vertex   1.396502e+00 -6.725198e-01 2.000000e+00
      vertex   1.451164e+00 -5.446310e-01 0.000000e+00
      vertex   1.396502e+00 -6.725198e-01 0.000000e+00
    endloop
  endfacet
  facet normal -8.805955e-01 4.738687e-01 0.000000e+00
    outer loop
      vertex   1.396502e+00 -6.725198e-01 2.000000e+00
      vertex   1.396502e+00 -6.725198e-01 0.000000e+00
      vertex   1.330596e+00 -7.949939e-01 2.000000e+00
    endloop
  endfacet
  facet normal -8.805955e-01 4.738687e-01 0.000000e+00
    outer loop
      vertex   1.330596e+00 -7.949939e-01 2.000000e+00
      vertex   1.396502e+00 -6.725198e-01 0.000000e+00
      vertex   1.330596e+00 -7.949939e-01 0.000000e+00
    endloop
  endfacet
  facet normal -8.345733e-01 5.508970e-01 0.000000e+00
    outer loop
      vertex   1.330596e+00 -7.949939e-01 2.000000e+00
      vertex   1.330596e+00 -7.949939e-01 0.000000e+00
      vertex   1.253976e+00 -9.110671e-01 2.000000e+00
    endloop
  endfacet
  facet normal -8.345733e-01 5.508970e-01 0.000000e+00
    outer loop
      vertex   1.253976e+00 -9.110671e-01 2.000000e+00
      vertex   1.330596e+00 -7.949939e-01 0.000000e+00
      vertex   1.253976e+00 -9.110671e-01 0.000000e+00
    endloop
  endfacet
  facet normal -7.818315e-01 6.234898e-01 0.000000e+00
    outer loop
      vertex   1.253976e+00 -9.110671e-01 2.000000e+00
      vertex   1.253976e+00 -9.110671e-01 0.000000e+00
      vertex   1.167261e+00 -1.019805e+00 2.000000e+00
    endloop
  endfacet
  facet normal -7.818315e-01 6.234898e-01 0.000000e+00
    outer loop
      vertex   1.167261e+00 -1.019805e+00 2.000000e+00
      vertex   1.253976e+00 -9.110671e-01 0.000000e+00
      vertex   1.167261e+00 -1.019805e+00 0.000000e+00
    endloop
  endfacet
  facet normal -7.227949e-01 6.910626e-01 0.000000e+00
    outer loop
      vertex   1.167261e+00 -1.019805e+00 2.000000e+00
      vertex   1.167261e+00 -1.019805e+00 0.000000e+00
      vertex   1.071147e+00 -1.120332e+00 2.000000e+00
    endloop
  endfacet
  facet normal -7.227949e-01 6.910626e-01 0.000000e+00
    outer loop
      vertex   1.071147e+00 -1.120332e+00 2.000000e+00
      vertex   1.167261e+00 -1.019805e+00 0.000000e+00
      vertex   1.071147e+00 -1.120332e+00 0.000000e+00
    endloop
  endfacet
  facet normal -6.579387e-01 7.530715e-01 0.000000e+00
    outer loop
      vertex   1.071147e+00 -1.120332e+00 2.000000e+00
      vertex   1.071147e+00 -1.120332e+00 0.000000e+00
      vertex   9.664092e-01 -1.211839e+00 2.000000e+00
    endloop
  endfacet
  facet normal -6.579387e-01 7.530715e-01 0.000000e+00
    outer loop
      vertex   9.664092e-01 -1.211839e+00 2.000000e+00
      vertex   1.071147e+00 -1.120332e+00 0.000000e+00
      vertex   9.664092e-01 -1.211839e+00 0.000000e+00
    endloop
  endfacet
  facet normal -5.877853e-01 8.090170e-01 0.000000e+00
    outer loop
      vertex   9.664092e-01 -1.211839e+00 2.000000e+00
      vertex   9.664092e-01 -1.211839e+00 0.000000e+00
      vertex   8.538903e-01 -1.293589e+00 2.000000e+00
    endloop
  endfacet
  facet normal -5.877853e-01 8.090170e-01 0.000000e+00
    outer loop
      vertex   8.538903e-01 -1.293589e+00 2.000000e+00
      vertex   9.664092e-01 -1.211839e+00 0.000000e+00
      vertex   8.538903e-01 -1.293589e+00 0.000000e+00
    endloop
  endfacet
  facet normal -5.128993e-01 8.584488e-01 0.000000e+00
    outer loop
      vertex   8.538903e-01 -1.293589e+00 2.000000e+00
      vertex   8.538903e-01 -1.293589e+00 0.000000e+00
      vertex   7.344964e-01 -1.364923e+00 2.000000e+00
    endloop
  endfacet
  facet normal -5.128993e-01 8.584488e-01 0.000000e+00
    outer loop
      vertex   7.344964e-01 -1.364923e+00 2.000000e+00
      vertex   8.538903e-01 -1.293589e+00 0.000000e+00
      vertex   7.344964e-01 -1.364923e+00 0.000000e+00
    endloop
  endfacet
  facet normal -4.338837e-01 9.009689e-01 0.000000e+00
    outer loop
      vertex   7.344964e-01 -1.364923e+00 2.000000e+00
      vertex   7.344964e-01 -1.364923e+00 0.000000e+00
      vertex   6.091888e-01 -1.425268e+00 2.000000e+00
    endloop
  endfacet
  facet normal -4.338837e-01 9.009689e-01 0.000000e+00
    outer loop
      vertex   6.091888e-01 -1.425268e+00 2.000000e+00
      vertex   7.344964e-01 -1.364923e+00 0.000000e+00
      vertex   6.091888e-01 -1.425268e+00 0.000000e+00
    endloop
  endfacet
  facet normal -3.513748e-01 9.362349e-01 0.000000e+00
    outer loop
      vertex   6.091888e-01 -1.425268e+00 2.000000e+00
      vertex   6.091888e-01 -1.425268e+00 0.000000e+00
      vertex   4.789763e-01 -1.474138e+00 2.000000e+00
    endloop
  endfacet
  facet normal -3.513748e-01 9.362349e-01 0.000000e+00
    outer loop
      vertex   4.789763e-01 -1.474138e+00 2.000000e+00
      vertex   6.091888e-01 -1.425268e+00 0.000000e+00
      vertex   4.789763e-01 -1.474138e+00 0.000000e+00
    endloop
  endfacet
  facet normal -2.660368e-01 9.639629e-01 0.000000e+00
    outer loop
      vertex   4.789763e-01 -1.474138e+00 2.000000e+00
      vertex   4.789763e-01 -1.474138e+00 0.000000e+00
      vertex   3.449074e-01 -1.511138e+00 2.000000e+00
    endloop
  endfacet
  facet normal -2.660368e-01 9.639629e-01 0.000000e+00
    outer loop
      vertex   3.449074e-01 -1.511138e+00 2.000000e+00
      vertex   4.789763e-01 -1.474138e+00 0.000000e+00
      vertex   3.449074e-01 -1.511138e+00 0.000000e+00
    endloop
  endfacet
  facet normal -1.785569e-01 9.839296e-01 0.000000e+00
    outer loop
      vertex   3.449074e-01 -1.511138e+00 2.000000e+00
      vertex   3.449074e-01 -1.511138e+00 0.000000e+00
      vertex   2.080616e-01 -1.535972e+00 2.000000e+00
    endloop
  endfacet
  facet normal -1.785569e-01 9.839296e-01 0.000000e+00
    outer loop
      vertex   2.080616e-01 -1.535972e+00 2.000000e+00
      vertex   3.449074e-01 -1.511138e+00 0.000000e+00
      vertex   2.080616e-01 -1.535972e+00 0.000000e+00
    endloop
  endfacet
  facet normal -8.963931e-02 9.959743e-01 0.000000e+00
    outer loop
      vertex   2.080616e-01 -1.535972e+00 2.000000e+00
      vertex   2.080616e-01 -1.535972e+00 0.000000e+00
      vertex   6.954049e-02 -1.548439e+00 2.000000e+00
    endloop
  endfacet
  facet normal -8.963931e-02 9.959743e-01 0.000000e+00
    outer loop
      vertex   6.954049e-02 -1.548439e+00 2.000000e+00
      vertex   2.080616e-01 -1.535972e+00 0.000000e+00
      vertex   6.954049e-02 -1.548439e+00 0.000000e+00
    endloop
  endfacet
  facet normal -1.596513e-15 1.000000e+00 0.000000e+00
    outer loop
      vertex   6.954049e-02 -1.548439e+00 2.000000e+00
      vertex   6.954049e-02 -1.548439e+00 0.000000e+00
      vertex   -6.954049e-02 -1.548439e+00 2.000000e+00
    endloop
  endfacet
  facet normal -1.596513e-15 1.000000e+00 0.000000e+00
    outer loop
      vertex   -6.954049e-02 -1.548439e+00 2.000000e+00
      vertex   6.954049e-02 -1.548439e+00 0.000000e+00
      vertex   -6.954049e-02 -1.548439e+00 0.000000e+00
    endloop
  endfacet
  facet normal 8.963931e-02 9.959743e-01 0.000000e+00
    outer loop
      vertex   -6.954049e-02 -1.548439e+00 2.000000e+00
      vertex   -6.954049e-02 -1.548439e+00 0.000000e+00
      vertex   -2.080616e-01 -1.535972e+00 2.000000e+00
    endloop
  endfacet
  facet normal 8.963931e-02 9.959743e-01 0.000000e+00
    outer loop
      vertex   -2.080616e-01 -1.535972e+00 2.000000e+00
      vertex   -6.954049e-02 -1.548439e+00 0.000000e+00
      vertex   -2.080616e-01 -1.535972e+00 0.000000e+00
    endloop
  endfacet
  facet normal 1.785569e-01 9.839296e-01 0.000000e+00
    outer loop
      vertex   -2.080616e-01 -1.535972e+00 2.000000e+00
      vertex   -2.080616e-01 -1.535972e+00 0.000000e+00
      vertex   -3.449074e-01 -1.511138e+00 2.000000e+00
    endloop
  endfacet
  facet normal 1.785569e-01 9.839296e-01 0.000000e+00
    outer loop
      vertex   -3.449074e-01 -1.511138e+00 2.000000e+00
      vertex   -2.080616e-01 -1.535972e+00 0.000000e+00
      vertex   -3.449074e-01 -1.511138e+00 0.000000e+00
    endloop
  endfacet
  facet normal 2.660368e-01 9.639629e-01 0.000000e+00
    outer loop
      vertex   -3.449074e-01 -1.511138e+00 2.000000e+00
      vertex   -3.449074e-01 -1.511138e+00 0.000000e+00
      vertex   -4.789763e-01 -1.474138e+00 2.000000e+00
    endloop
  endfacet
  facet normal 2.660368e-01 9.639629e-01 0.000000e+00
    outer loop
      vertex   -4.789763e-01 -1.474138e+00 2.000000e+00
      vertex   -3.449074e-01 -1.511138e+00 0.000000e+00
      vertex   -4.789763e-01 -1.474138e+00 0.000000e+00
    endloop
  endfacet
  facet normal 3.513748e-01 9.362349e-01 0.000000e+00
    outer loop
      vertex   -4.789763e-01 -1.474138e+00 2.000000e+00
      vertex   -4.789763e-01 -1.474138e+00 0.000000e+00
      vertex   -6.091888e-01 -1.425268e+00 2.000000e+00
    endloop
  endfacet
  facet normal 3.513748e-01 9.362349e-01 0.000000e+00
    outer loop
      vertex   -6.091888e-01 -1.425268e+00 2.000000e+00
      vertex   -4.789763e-01 -1.474138e+00 0.000000e+00
      vertex   -6.091888e-01 -1.425268e+00 0.000000e+00
    endloop
  endfacet
  facet normal 4.338837e-01 9.009689e-01 0.000000e+00
    outer loop
      vertex   -6.091888e-01 -1.425268e+00 2.000000e+00
      vertex   -6.091888e-01 -1.425268e+00 0.000000e+00
      vertex   -7.344964e-01 -1.364923e+00 2.000000e+00
    endloop
  endfacet
  facet normal 4.338837e-01 9.009689e-01 0.000000e+00
    outer loop
      vertex   -7.344964e-01 -1.364923e+00 2.000000e+00
      vertex   -6.091888e-01 -1.425268e+00 0.000000e+00
      vertex   -7.344964e-01 -1.364923e+00 0.000000e+00
    endloop
  endfacet
  facet normal 5.128993e-01 8.584488e-01 0.000000e+00
    outer loop
      vertex   -7.344964e-01 -1.364923e+00 2.000000e+00
      vertex   -7.344964e-01 -1.364923e+00 0.000000e+00
      vertex   -8.538903e-01 -1.293589e+00 2.000000e+00
    endloop
  endfacet
  facet normal 5.128993e-01 8.584488e-01 0.000000e+00
    outer loop
      vertex   -8.538903e-01 -1.293589e+00 2.000000e+00
      vertex   -7.344964e-01 -1.364923e+00 0.000000e+00
      vertex   -8.538903e-01 -1.293589e+00 0.000000e+00
    endloop
  endfacet
  facet normal 5.877853e-01 8.090170e-01 0.000000e+00
    outer loop
      vertex   -8.538903e-01 -1.293589e+00 2.000000e+00
      vertex   -8.538903e-01 -1.293589e+00 0.000000e+00
      vertex   -9.664092e-01 -1.211839e+00 2.000000e+00
    endloop
  endfacet
  facet normal 5.877853e-01 8.090170e-01 0.000000e+00
    outer loop
      vertex   -9.664092e-01 -1.211839e+00 2.000000e+00
      vertex   -8.538903e-01 -1.293589e+00 0.000000e+00
      vertex   -9.664092e-01 -1.211839e+00 0.000000e+00
    endloop
  endfacet
  facet normal 6.579387e-01 7.530715e-01 0.000000e+00
    outer loop
      vertex   -9.664092e-01 -1.211839e+00 2.000000e+00
      vertex   -9.664092e-01 -1.211839e+00 0.000000e+00
      vertex   -1.071147e+00 -1.120332e+00 2.000000e+00
    endloop
  endfacet
  facet normal 6.579387e-01 7.530715e-01 0.000000e+00
    outer loop
      vertex   -1.071147e+00 -1.120332e+00 2.000000e+00
      vertex   -9.664092e-01 -1.211839e+00 0.000000e+00
      vertex   -1.071147e+00 -1.120332e+00 0.000000e+00
    endloop
  endfacet
  facet normal 7.227949e-01 6.910626e-01 0.000000e+00
    outer loop
      vertex   -1.071147e+00 -1.120332e+00 2.000000e+00
      vertex   -1.071147e+00 -1.120332e+00 0.000000e+00
      vertex   -1.167261e+00 -1.019805e+00 2.000000e+00
    endloop
  endfacet
  facet normal 7.227949e-01 6.910626e-01 0.000000e+00
    outer loop
      vertex   -1.167261e+00 -1.019805e+00 2.000000e+00
      vertex   -1.071147e+00 -1.120332e+00 0.000000e+00
      vertex   -1.167261e+00 -1.019805e+00 0.000000e+00
    endloop
  endfacet
  facet normal 7.818315e-01 6.234898e-01 0.000000e+00
    outer loop
      vertex   -1.167261e+00 -1.019805e+00 2.000000e+00
      vertex   -1.167261e+00 -1.019805e+00 0.000000e+00
      vertex   -1.253976e+00 -9.110671e-01 2.000000e+00
    endloop
  endfacet
  facet normal 7.818315e-01 6.234898e-01 0.000000e+00
    outer loop
      vertex   -1.253976e+00 -9.110671e-01 2.000000e+00
      vertex   -1.167261e+00 -1.019805e+00 0.000000e+00
      vertex   -1.253976e+00 -9.110671e-01 0.000000e+00
    endloop
  endfacet
  facet normal 8.345733e-01 5.508970e-01 0.000000e+00
    outer loop
      vertex   -1.253976e+00 -9.110671e-01 2.000000e+00
      vertex   -1.253976e+00 -9.110671e-01 0.000000e+00
      vertex   -1.330596e+00 -7.949939e-01 2.000000e+00
    endloop
  endfacet
  facet normal 8.345733e-01 5.508970e-01 0.000000e+00
    outer loop
      vertex   -1.330596e+00 -7.949939e-01 2.000000e+00
      vertex   -1.253976e+00 -9.110671e-01 0.000000e+00
      vertex   -1.330596e+00 -7.949939e-01 0.000000e+00
    endloop
  endfacet
  facet normal 8.805955e-01 4.738687e-01 0.000000e+00
    outer loop
      vertex   -1.330596e+00 -7.949939e-01 2.000000e+00
      vertex   -1.330596e+00 -7.949939e-01 0.000000e+00
      vertex   -1.396502e+00 -6.725198e-01 2.000000e+00
    endloop
  endfacet
  facet normal 8.805955e-01 4.738687e-01 0.000000e+00
    outer loop
      vertex   -1.396502e+00 -6.725198e-01 2.000000e+00
      vertex   -1.330596e+00 -7.949939e-01 0.000000e+00
      vertex   -1.396502e+00 -6.725198e-01 0.000000e+00
    endloop
  endfacet
  facet normal 9.195278e-01 3.930250e-01 0.000000e+00
    outer loop
      vertex   -1.396502e+00 -6.725198e-01 2.000000e+00
      vertex   -1.396502e+00 -6.725198e-01 0.000000e+00
      vertex   -1.451164e+00 -5.446310e-01 2.000000e+00
    endloop
  endfacet
  facet normal 9.195278e-01 3.930250e-01 0.000000e+00
    outer loop
      vertex   -1.451164e+00 -5.446310e-01 2.000000e+00
      vertex   -1.396502e+00 -6.725198e-01 0.000000e+00
      vertex   -1.451164e+00 -5.446310e-01 0.000000e+00
    endloop
  endfacet
  facet normal 9.510565e-01 3.090170e-01 0.000000e+00
    outer loop
      vertex   -1.451164e+00 -5.446310e-01 2.000000e+00
      vertex   -1.451164e+00 -5.446310e-01 0.000000e+00
      vertex   -1.494142e+00 -4.123571e-01 2.000000e+00
    endloop
  endfacet
  facet normal 9.510565e-01 3.090170e-01 0.000000e+00
    outer loop
      vertex   -1.494142e+00 -4.123571e-01 2.000000e+00
      vertex   -1.451164e+00 -5.446310e-01 0.000000e+00
      vertex   -1.494142e+00 -4.123571e-01 0.000000e+00
    endloop
  endfacet
  facet normal 9.749279e-01 2.225209e-01 0.000000e+00
    outer loop
      vertex   -1.494142e+00 -4.123571e-01 2.000000e+00
      vertex   -1.494142e+00 -4.123571e-01 0.000000e+00
      vertex   -1.525091e+00 -2.767632e-01 2.000000e+00
    endloop
  endfacet
  facet normal 9.749279e-01 2.225209e-01 0.000000e+00
    outer loop
      vertex   -1.525091e+00 -2.767632e-01 2.000000e+00
      vertex   -1.494142e+00 -4.123571e-01 0.000000e+00
      vertex   -1.525091e+00 -2.767632e-01 0.000000e+00
    endloop
  endfacet
  facet normal 9.909498e-01 1.342333e-01 0.000000e+00
    outer loop
      vertex   -1.525091e+00 -2.767632e-01 2.000000e+00
      vertex   -1.525091e+00 -2.767632e-01 0.000000e+00
      vertex   -1.543760e+00 -1.389409e-01 2.000000e+00
    endloop
  endfacet
  facet normal 9.909498e-01 1.342333e-01 0.000000e+00
    outer loop
      vertex   -1.543760e+00 -1.389409e-01 2.000000e+00
      vertex   -1.525091e+00 -2.767632e-01 0.000000e+00
      vertex   -1.543760e+00 -1.389409e-01 0.000000e+00
    endloop
  endfacet
  facet normal -9.992094e-01 3.975652e-02 0.000000e+00
    outer loop
      vertex   -1.993678e+00 1.589003e-01 2.000000e+00
      vertex   -1.993678e+00 1.589003e-01 0.000000e+00
      vertex   -2.000000e+00 -2.449294e-16 2.000000e+00
    endloop
  endfacet
  facet normal -9.992094e-01 3.975652e-02 0.000000e+00
    outer loop
      vertex   -2.000000e+00 -2.449294e-16 2.000000e+00
      vertex   -1.993678e+00 1.589003e-01 0.000000e+00
      vertex   -2.000000e+00 -2.449294e-16 0.000000e+00
    endloop
  endfacet
  facet normal -9.992094e-01 -3.975652e-02 -0.000000e+00
    outer loop
      vertex   -2.000000e+00 -2.449294e-16 2.000000e+00
      vertex   -2.000000e+00 -2.449294e-16 0.000000e+00
      vertex   -1.993678e+00 -1.589003e-01 2.000000e+00
    endloop
  endfacet
  facet normal -9.992094e-01 -3.975652e-02 -0.000000e+00
    outer loop
      vertex   -1.993678e+00 -1.589003e-01 2.000000e+00
      vertex   -2.000000e+00 -2.449294e-16 0.000000e+00
      vertex   -1.993678e+00 -1.589003e-01 0.000000e+00
    endloop
  endfacet
  facet normal -9.928921e-01 -1.190182e-01 -0.000000e+00
    outer loop
      vertex   -1.993678e+00 -1.589003e-01 2.000000e+00
      vertex   -1.993678e+00 -1.589003e-01 0.000000e+00
      vertex   -1.974751e+00 -3.167960e-01 2.000000e+00
    endloop
  endfacet
  facet normal -9.928921e-01 -1.190182e-01 -0.000000e+00
    outer loop
      vertex   -1.974751e+00 -3.167960e-01 2.000000e+00
      vertex   -1.993678e+00 -1.589003e-01 0.000000e+00
      vertex   -1.974751e+00 -3.167960e-01 0.000000e+00
    endloop
  endfacet
  facet normal -9.802974e-01 -1.975274e-01 -0.000000e+00
    outer loop
      vertex   -1.974751e+00 -3.167960e-01 2.000000e+00
      vertex   -1.974751e+00 -3.167960e-01 0.000000e+00
      vertex   -1.943339e+00 -4.726889e-01 2.000000e+00
    endloop
  endfacet
  facet normal -9.802974e-01 -1.975274e-01 -0.000000e+00
    outer loop
      vertex   -1.943339e+00 -4.726889e-01 2.000000e+00
      vertex   -1.974751e+00 -3.167960e-01 0.000000e+00
      vertex   -1.943339e+00 -4.726889e-01 0.000000e+00
    endloop
  endfacet
  facet normal -9.615049e-01 -2.747878e-01 -0.000000e+00
    outer loop
      vertex   -1.943339e+00 -4.726889e-01 2.000000e+00
      vertex   -1.943339e+00 -4.726889e-01 0.000000e+00
      vertex   -1.899640e+00 -6.255932e-01 2.000000e+00
    endloop
  endfacet
  facet normal -9.615049e-01 -2.747878e-01 -0.000000e+00
    outer loop
      vertex   -1.899640e+00 -6.255932e-01 2.000000e+00
      vertex   -1.943339e+00 -4.726889e-01 0.000000e+00
      vertex   -1.899640e+00 -6.255932e-01 0.000000e+00
    endloop
  endfacet
  facet normal -9.366335e-01 -3.503108e-01 -0.000000e+00
    outer loop
      vertex   -1.899640e+00 -6.255932e-01 2.000000e+00
      vertex   -1.899640e+00 -6.255932e-01 0.000000e+00
      vertex   -1.843932e+00 -7.745423e-01 2.000000e+00
    endloop
  endfacet
  facet normal -9.366335e-01 -3.503108e-01 -0.000000e+00
    outer loop
      vertex   -1.843932e+00 -7.745423e-01 2.000000e+00
      vertex   -1.899640e+00 -6.255932e-01 0.000000e+00
      vertex   -1.843932e+00 -7.745423e-01 0.000000e+00
    endloop
  endfacet
  facet normal -9.058404e-01 -4.236191e-01 -0.000000e+00
    outer loop
      vertex   -1.843932e+00 -7.745423e-01 2.000000e+00
      vertex   -1.843932e+00 -7.745423e-01 0.000000e+00
      vertex   -1.776565e+00 -9.185946e-01 2.000000e+00
    endloop
  endfacet
  facet normal -9.058404e-01 -4.236191e-01 -0.000000e+00
    outer loop
      vertex   -1.776565e+00 -9.185946e-01 2.000000e+00
      vertex   -1.843932e+00 -7.745423e-01 0.000000e+00
      vertex   -1.776565e+00 -9.185946e-01 0.000000e+00
    endloop
  endfacet
  facet normal -8.693203e-01 -4.942492e-01 -0.000000e+00
    outer loop
      vertex   -1.776565e+00 -9.185946e-01 2.000000e+00
      vertex   -1.776565e+00 -9.185946e-01 0.000000e+00
      vertex   -1.697967e+00 -1.056839e+00 2.000000e+00
    endloop
  endfacet
  facet normal -8.693203e-01 -4.942492e-01 -0.000000e+00
    outer loop
      vertex   -1.697967e+00 -1.056839e+00 2.000000e+00
      vertex   -1.776565e+00 -9.185946e-01 0.000000e+00
      vertex   -1.697967e+00 -1.056839e+00 0.000000e+00
    endloop
  endfacet
  facet normal -8.273040e-01 -5.617544e-01 -0.000000e+00
    outer loop
      vertex   -1.697967e+00 -1.056839e+00 2.000000e+00
      vertex   -1.697967e+00 -1.056839e+00 0.000000e+00
      vertex   -1.608633e+00 -1.188402e+00 2.000000e+00
    endloop
  endfacet
  facet normal -8.273040e-01 -5.617544e-01 -0.000000e+00
    outer loop
      vertex   -1.608633e+00 -1.188402e+00 2.000000e+00
      vertex   -1.697967e+00 -1.056839e+00 0.000000e+00
      vertex   -1.608633e+00 -1.188402e+00 0.000000e+00
    endloop
  endfacet
  facet normal -7.800573e-01 -6.257081e-01 -0.000000e+00
    outer loop
      vertex   -1.608633e+00 -1.188402e+00 2.000000e+00
      vertex   -1.608633e+00 -1.188402e+00 0.000000e+00
      vertex   -1.509129e+00 -1.312451e+00 2.000000e+00
    endloop
  endfacet
  facet normal -7.800573e-01 -6.257081e-01 -0.000000e+00
    outer loop
      vertex   -1.509129e+00 -1.312451e+00 2.000000e+00
      vertex   -1.608633e+00 -1.188402e+00 0.000000e+00
      vertex   -1.509129e+00 -1.312451e+00 0.000000e+00
    endloop
  endfacet
  facet normal -7.278788e-01 -6.857058e-01 -0.000000e+00
    outer loop
      vertex   -1.509129e+00 -1.312451e+00 2.000000e+00
      vertex   -1.509129e+00 -1.312451e+00 0.000000e+00
      vertex   -1.400084e+00 -1.428203e+00 2.000000e+00
    endloop
  endfacet
  facet normal -7.278788e-01 -6.857058e-01 -0.000000e+00
    outer loop
      vertex   -1.400084e+00 -1.428203e+00 2.000000e+00
      vertex   -1.509129e+00 -1.312451e+00 0.000000e+00
      vertex   -1.400084e+00 -1.428203e+00 0.000000e+00
    endloop
  endfacet
  facet normal -6.710984e-01 -7.413683e-01 -0.000000e+00
    outer loop
      vertex   -1.400084e+00 -1.428203e+00 2.000000e+00
      vertex   -1.400084e+00 -1.428203e+00 0.000000e+00
      vertex   -1.282187e+00 -1.534925e+00 2.000000e+00
    endloop
  endfacet
  facet normal -6.710984e-01 -7.413683e-01 -0.000000e+00
    outer loop
      vertex   -1.282187e+00 -1.534925e+00 2.000000e+00
      vertex   -1.400084e+00 -1.428203e+00 0.000000e+00
      vertex   -1.282187e+00 -1.534925e+00 0.000000e+00
    endloop
  endfacet
  facet normal -6.100751e-01 -7.923436e-01 -0.000000e+00
    outer loop
      vertex   -1.282187e+00 -1.534925e+00 2.000000e+00
      vertex   -1.282187e+00 -1.534925e+00 0.000000e+00
      vertex   -1.156184e+00 -1.631943e+00 2.000000e+00
    endloop
  endfacet
  facet normal -6.100751e-01 -7.923436e-01 -0.000000e+00
    outer loop
      vertex   -1.156184e+00 -1.631943e+00 2.000000e+00
      vertex   -1.282187e+00 -1.534925e+00 0.000000e+00
      vertex   -1.156184e+00 -1.631943e+00 0.000000e+00
    endloop
  endfacet
  facet normal -5.451948e-01 -8.383094e-01 -0.000000e+00
    outer loop
      vertex   -1.156184e+00 -1.631943e+00 2.000000e+00
      vertex   -1.156184e+00 -1.631943e+00 0.000000e+00
      vertex   -1.022871e+00 -1.718643e+00 2.000000e+00
    endloop
  endfacet
  facet normal -5.451948e-01 -8.383094e-01 -0.000000e+00
    outer loop
      vertex   -1.022871e+00 -1.718643e+00 2.000000e+00
      vertex   -1.156184e+00 -1.631943e+00 0.000000e+00
      vertex   -1.022871e+00 -1.718643e+00 0.000000e+00
    endloop
  endfacet
  facet normal -4.768675e-01 -8.789752e-01 -0.000000e+00
    outer loop
      vertex   -1.022871e+00 -1.718643e+00 2.000000e+00
      vertex   -1.022871e+00 -1.718643e+00 0.000000e+00
      vertex   -8.830910e-01 -1.794478e+00 2.000000e+00
    endloop
  endfacet
  facet normal -4.768675e-01 -8.789752e-01 -0.000000e+00
    outer loop
      vertex   -8.830910e-01 -1.794478e+00 2.000000e+00
      vertex   -1.022871e+00 -1.718643e+00 0.000000e+00
      vertex   -8.830910e-01 -1.794478e+00 0.000000e+00
    endloop
  endfacet
  facet normal -4.055253e-01 -9.140838e-01 -0.000000e+00
    outer loop
      vertex   -8.830910e-01 -1.794478e+00 2.000000e+00
      vertex   -8.830910e-01 -1.794478e+00 0.000000e+00
      vertex   -7.377278e-01 -1.858967e+00 2.000000e+00
    endloop
  endfacet
  facet normal -4.055253e-01 -9.140838e-01 -0.000000e+00
    outer loop
      vertex   -7.377278e-01 -1.858967e+00 2.000000e+00
      vertex   -8.830910e-01 -1.794478e+00 0.000000e+00
      vertex   -7.377278e-01 -1.858967e+00 0.000000e+00
    endloop
  endfacet
  facet normal -3.316193e-01 -9.434133e-01 -0.000000e+00
    outer loop
      vertex   -7.377278e-01 -1.858967e+00 2.000000e+00
      vertex   -7.377278e-01 -1.858967e+00 0.000000e+00
      vertex   -5.877005e-01 -1.911703e+00 2.000000e+00
    endloop
  endfacet
  facet normal -3.316193e-01 -9.434133e-01 -0.000000e+00
    outer loop
      vertex   -5.877005e-01 -1.911703e+00 2.000000e+00
      vertex   -7.377278e-01 -1.858967e+00 0.000000e+00
      vertex   -5.877005e-01 -1.911703e+00 0.000000e+00
    endloop
  endfacet
  facet normal -2.556166e-01 -9.667782e-01 -0.000000e+00
    outer loop
      vertex   -5.877005e-01 -1.911703e+00 2.000000e+00
      vertex   -5.877005e-01 -1.911703e+00 0.000000e+00
      vertex   -4.339576e-01 -1.952353e+00 2.000000e+00
    endloop
  endfacet
  facet normal -2.556166e-01 -9.667782e-01 -0.000000e+00
    outer loop
      vertex   -4.339576e-01 -1.952353e+00 2.000000e+00
      vertex   -5.877005e-01 -1.911703e+00 0.000000e+00
      vertex   -4.339576e-01 -1.952353e+00 0.000000e+00
    endloop
  endfacet
  facet normal -1.779979e-01 -9.840309e-01 -0.000000e+00
    outer loop
      vertex   -4.339576e-01 -1.952353e+00 2.000000e+00
      vertex   -4.339576e-01 -1.952353e+00 0.000000e+00
      vertex   -2.774711e-01 -1.980659e+00 2.000000e+00
    endloop
  endfacet
  facet normal -1.779979e-01 -9.840309e-01 -0.000000e+00
    outer loop
      vertex   -2.774711e-01 -1.980659e+00 2.000000e+00
      vertex   -4.339576e-01 -1.952353e+00 0.000000e+00
      vertex   -2.774711e-01 -1.980659e+00 0.000000e+00
    endloop
  endfacet
  facet normal -9.925380e-02 -9.950622e-01 -0.000000e+00
    outer loop
      vertex   -2.774711e-01 -1.980659e+00 2.000000e+00
      vertex   -2.774711e-01 -1.980659e+00 0.000000e+00
      vertex   -1.192303e-01 -1.996443e+00 2.000000e+00
    endloop
  endfacet
  facet normal -9.925380e-02 -9.950622e-01 -0.000000e+00
    outer loop
      vertex   -1.192303e-01 -1.996443e+00 2.000000e+00
      vertex   -2.774711e-01 -1.980659e+00 0.000000e+00
      vertex   -1.192303e-01 -1.996443e+00 0.000000e+00
    endloop
  endfacet
  facet normal -1.988219e-02 -9.998023e-01 -0.000000e+00
    outer loop
      vertex   -1.192303e-01 -1.996443e+00 2.000000e+00
      vertex   -1.192303e-01 -1.996443e+00 0.000000e+00
      vertex   3.976438e-02 -1.999605e+00 2.000000e+00
    endloop
  endfacet
  facet normal -1.988219e-02 -9.998023e-01 -0.000000e+00
    outer loop
      vertex   3.976438e-02 -1.999605e+00 2.000000e+00
      vertex   -1.192303e-01 -1.996443e+00 0.000000e+00
      vertex   3.976438e-02 -1.999605e+00 0.000000e+00
    endloop
  endfacet
  facet normal 5.961513e-02 -9.982214e-01 0.000000e+00
    outer loop
      vertex   3.976438e-02 -1.999605e+00 2.000000e+00
      vertex   3.976438e-02 -1.999605e+00 0.000000e+00
      vertex   1.985076e-01 -1.990124e+00 2.000000e+00
    endloop
  endfacet
  facet normal 5.961513e-02 -9.982214e-01 0.000000e+00
    outer loop
      vertex   1.985076e-01 -1.990124e+00 2.000000e+00
      vertex   3.976438e-02 -1.999605e+00 0.000000e+00
      vertex   1.985076e-01 -1.990124e+00 0.000000e+00
    endloop
  endfacet
  facet normal 1.387355e-01 -9.903295e-01 0.000000e+00
    outer loop
      vertex   1.985076e-01 -1.990124e+00 2.000000e+00
      vertex   1.985076e-01 -1.990124e+00 0.000000e+00
      vertex   3.559958e-01 -1.968062e+00 2.000000e+00
    endloop
  endfacet
  facet normal 1.387355e-01 -9.903295e-01 0.000000e+00
    outer loop
      vertex   3.559958e-01 -1.968062e+00 2.000000e+00
      vertex   1.985076e-01 -1.990124e+00 0.000000e+00
      vertex   3.559958e-01 -1.968062e+00 0.000000e+00
    endloop
  endfacet
  facet normal 2.169788e-01 -9.761763e-01 0.000000e+00
    outer loop
      vertex   3.559958e-01 -1.968062e+00 2.000000e+00
      vertex   3.559958e-01 -1.968062e+00 0.000000e+00
      vertex   5.112333e-01 -1.933556e+00 2.000000e+00
    endloop
  endfacet
  facet normal 2.169788e-01 -9.761763e-01 0.000000e+00
    outer loop
      vertex   5.112333e-01 -1.933556e+00 2.000000e+00
      vertex   3.559958e-01 -1.968062e+00 0.000000e+00
      vertex   5.112333e-01 -1.933556e+00 0.000000e+00
    endloop
  endfacet
  facet normal 2.938503e-01 -9.558515e-01 0.000000e+00
    outer loop
      vertex   5.112333e-01 -1.933556e+00 2.000000e+00
      vertex   5.112333e-01 -1.933556e+00 0.000000e+00
      vertex   6.632386e-01 -1.886827e+00 2.000000e+00
    endloop
  endfacet
  facet normal 2.938503e-01 -9.558515e-01 0.000000e+00
    outer loop
      vertex   6.632386e-01 -1.886827e+00 2.000000e+00
      vertex   5.112333e-01 -1.933556e+00 0.000000e+00
      vertex   6.632386e-01 -1.886827e+00 0.000000e+00
    endloop
  endfacet
  facet normal 3.688639e-01 -9.294834e-01 0.000000e+00
    outer loop
      vertex   6.632386e-01 -1.886827e+00 2.000000e+00
      vertex   6.632386e-01 -1.886827e+00 0.000000e+00
      vertex   8.110506e-01 -1.828168e+00 2.000000e+00
    endloop
  endfacet
  facet normal 3.688639e-01 -9.294834e-01 0.000000e+00
    outer loop
      vertex   8.110506e-01 -1.828168e+00 2.000000e+00
      vertex   6.632386e-01 -1.886827e+00 0.000000e+00
      vertex   8.110506e-01 -1.828168e+00 0.000000e+00
    endloop
  endfacet
  facet normal 4.415455e-01 -8.972389e-01 0.000000e+00
    outer loop
      vertex   8.110506e-01 -1.828168e+00 2.000000e+00
      vertex   8.110506e-01 -1.828168e+00 0.000000e+00
      vertex   9.537350e-01 -1.757950e+00 2.000000e+00
    endloop
  endfacet
  facet normal 4.415455e-01 -8.972389e-01 0.000000e+00
    outer loop
      vertex   9.537350e-01 -1.757950e+00 2.000000e+00
      vertex   8.110506e-01 -1.828168e+00 0.000000e+00
      vertex   9.537350e-01 -1.757950e+00 0.000000e+00
    endloop
  endfacet
  facet normal 5.114355e-01 -8.593217e-01 0.000000e+00
    outer loop
      vertex   9.537350e-01 -1.757950e+00 2.000000e+00
      vertex   9.537350e-01 -1.757950e+00 0.000000e+00
      vertex   1.090390e+00 -1.676619e+00 2.000000e+00
    endloop
  endfacet
  facet normal 5.114355e-01 -8.593217e-01 0.000000e+00
    outer loop
      vertex   1.090390e+00 -1.676619e+00 2.000000e+00
      vertex   9.537350e-01 -1.757950e+00 0.000000e+00
      vertex   1.090390e+00 -1.676619e+00 0.000000e+00
    endloop
  endfacet
  facet normal 5.780920e-01 -8.159716e-01 0.000000e+00
    outer loop
      vertex   1.090390e+00 -1.676619e+00 2.000000e+00
      vertex   1.090390e+00 -1.676619e+00 0.000000e+00
      vertex   1.220150e+00 -1.584687e+00 2.000000e+00
    endloop
  endfacet
  facet normal 5.780920e-01 -8.159716e-01 0.000000e+00
    outer loop
      vertex   1.220150e+00 -1.584687e+00 2.000000e+00
      vertex   1.090390e+00 -1.676619e+00 0.000000e+00
      vertex   1.220150e+00 -1.584687e+00 0.000000e+00
    endloop
  endfacet
  facet normal 6.410936e-01 -7.674627e-01 0.000000e+00
    outer loop
      vertex   1.220150e+00 -1.584687e+00 2.000000e+00
      vertex   1.220150e+00 -1.584687e+00 0.000000e+00
      vertex   1.342197e+00 -1.482737e+00 2.000000e+00
    endloop
  endfacet
  facet normal 6.410936e-01 -7.674627e-01 0.000000e+00
    outer loop
      vertex   1.342197e+00 -1.482737e+00 2.000000e+00
      vertex   1.220150e+00 -1.584687e+00 0.000000e+00
      vertex   1.342197e+00 -1.482737e+00 0.000000e+00
    endloop
  endfacet
  facet normal 7.000421e-01 -7.141016e-01 0.000000e+00
    outer loop
      vertex   1.342197e+00 -1.482737e+00 2.000000e+00
      vertex   1.342197e+00 -1.482737e+00 0.000000e+00
      vertex   1.455758e+00 -1.371412e+00 2.000000e+00
    endloop
  endfacet
  facet normal 7.000421e-01 -7.141016e-01 0.000000e+00
    outer loop
      vertex   1.455758e+00 -1.371412e+00 2.000000e+00
      vertex   1.342197e+00 -1.482737e+00 0.000000e+00
      vertex   1.455758e+00 -1.371412e+00 0.000000e+00
    endloop
  endfacet
  facet normal 7.545646e-01 -6.562257e-01 0.000000e+00
    outer loop
      vertex   1.455758e+00 -1.371412e+00 2.000000e+00
      vertex   1.455758e+00 -1.371412e+00 0.000000e+00
      vertex   1.560115e+00 -1.251416e+00 2.000000e+00
    endloop
  endfacet
  facet normal 7.545646e-01 -6.562257e-01 0.000000e+00
    outer loop
      vertex   1.560115e+00 -1.251416e+00 2.000000e+00
      vertex   1.455758e+00 -1.371412e+00 0.000000e+00
      vertex   1.560115e+00 -1.251416e+00 0.000000e+00
    endloop
  endfacet
  facet normal 8.043166e-01 -5.942010e-01 0.000000e+00
    outer loop
      vertex   1.560115e+00 -1.251416e+00 2.000000e+00
      vertex   1.560115e+00 -1.251416e+00 0.000000e+00
      vertex   1.654608e+00 -1.123509e+00 2.000000e+00
    endloop
  endfacet
  facet normal 8.043166e-01 -5.942010e-01 0.000000e+00
    outer loop
      vertex   1.654608e+00 -1.123509e+00 2.000000e+00
      vertex   1.560115e+00 -1.251416e+00 0.000000e+00
      vertex   1.654608e+00 -1.123509e+00 0.000000e+00
    endloop
  endfacet
  facet normal 8.489834e-01 -5.284196e-01 0.000000e+00
    outer loop
      vertex   1.654608e+00 -1.123509e+00 2.000000e+00
      vertex   1.654608e+00 -1.123509e+00 0.000000e+00
      vertex   1.738641e+00 -9.884984e-01 2.000000e+00
    endloop
  endfacet
  facet normal 8.489834e-01 -5.284196e-01 0.000000e+00
    outer loop
      vertex   1.738641e+00 -9.884984e-01 2.000000e+00
      vertex   1.654608e+00 -1.123509e+00 0.000000e+00
      vertex   1.738641e+00 -9.884984e-01 0.000000e+00
    endloop
  endfacet
  facet normal 8.882826e-01 -4.592973e-01 0.000000e+00
    outer loop
      vertex   1.738641e+00 -9.884984e-01 2.000000e+00
      vertex   1.738641e+00 -9.884984e-01 0.000000e+00
      vertex   1.811681e+00 -8.472383e-01 2.000000e+00
    endloop
  endfacet
  facet normal 8.882826e-01 -4.592973e-01 0.000000e+00
    outer loop
      vertex   1.811681e+00 -8.472383e-01 2.000000e+00
      vertex   1.738641e+00 -9.884984e-01 0.000000e+00
      vertex   1.811681e+00 -8.472383e-01 0.000000e+00
    endloop
  endfacet
  facet normal 9.219659e-01 -3.872712e-01 0.000000e+00
    outer loop
      vertex   1.811681e+00 -8.472383e-01 2.000000e+00
      vertex   1.811681e+00 -8.472383e-01 0.000000e+00
      vertex   1.873267e+00 -7.006217e-01 2.000000e+00
    endloop
  endfacet
  facet normal 9.219659e-01 -3.872712e-01 0.000000e+00
    outer loop
      vertex   1.873267e+00 -7.006217e-01 2.000000e+00
      vertex   1.811681e+00 -8.472383e-01 0.000000e+00
      vertex   1.873267e+00 -7.006217e-01 0.000000e+00
    endloop
  endfacet
  facet normal 9.498201e-01 -3.127966e-01 0.000000e+00
    outer loop
      vertex   1.873267e+00 -7.006217e-01 2.000000e+00
      vertex   1.873267e+00 -7.006217e-01 0.000000e+00
      vertex   1.923010e+00 -5.495755e-01 2.000000e+00
    endloop
  endfacet
  facet normal 9.498201e-01 -3.127966e-01 0.000000e+00
    outer loop
      vertex   1.923010e+00 -5.495755e-01 2.000000e+00
      vertex   1.873267e+00 -7.006217e-01 0.000000e+00
      vertex   1.923010e+00 -5.495755e-01 0.000000e+00
    endloop
  endfacet
  facet normal 9.716693e-01 -2.363444e-01 0.000000e+00
    outer loop
      vertex   1.923010e+00 -5.495755e-01 2.000000e+00
      vertex   1.923010e+00 -5.495755e-01 0.000000e+00
      vertex   1.960595e+00 -3.950548e-01 2.000000e+00
    endloop
  endfacet
  facet normal 9.716693e-01 -2.363444e-01 0.000000e+00
    outer loop
      vertex   1.960595e+00 -3.950548e-01 2.000000e+00
      vertex   1.923010e+00 -5.495755e-01 0.000000e+00
      vertex   1.960595e+00 -3.950548e-01 0.000000e+00
    endloop
  endfacet
  facet normal 9.873753e-01 -1.583980e-01 0.000000e+00
    outer loop
      vertex   1.960595e+00 -3.950548e-01 2.000000e+00
      vertex   1.960595e+00 -3.950548e-01 0.000000e+00
      vertex   1.985784e+00 -2.380364e-01 2.000000e+00
    endloop
  endfacet
  facet normal 9.873753e-01 -1.583980e-01 0.000000e+00
    outer loop
      vertex   1.985784e+00 -2.380364e-01 2.000000e+00
      vertex   1.960595e+00 -3.950548e-01 0.000000e+00
      vertex   1.985784e+00 -2.380364e-01 0.000000e+00
    endloop
  endfacet
  facet normal 9.968388e-01 -7.945017e-02 0.000000e+00
    outer loop
      vertex   1.985784e+00 -2.380364e-01 2.000000e+00
      vertex   1.985784e+00 -2.380364e-01 0.000000e+00
      vertex   1.998419e+00 -7.951303e-02 2.000000e+00
    endloop
  endfacet
  facet normal 9.968388e-01 -7.945017e-02 0.000000e+00
    outer loop
      vertex   1.998419e+00 -7.951303e-02 2.000000e+00
      vertex   1.985784e+00 -2.380364e-01 0.000000e+00
      vertex   1.998419e+00 -7.951303e-02 0.000000e+00
    endloop
  endfacet
  facet normal 1.000000e+00 -0.000000e+00 0.000000e+00
    outer loop
      vertex   1.998419e+00 -7.951303e-02 2.000000e+00
      vertex   1.998419e+00 -7.951303e-02 0.000000e+00
      vertex   1.998419e+00 7.951303e-02 2.000000e+00
    endloop
  endfacet
  facet normal 1.000000e+00 0.000000e+00 0.000000e+00
    outer loop
      vertex   1.998419e+00 7.951303e-02 2.000000e+00
      vertex   1.998419e+00 -7.951303e-02 0.000000e+00
      vertex   1.998419e+00 7.951303e-02 0.000000e+00
    endloop
  endfacet
  facet normal 9.968388e-01 7.945017e-02 0.000000e+00
    outer loop
      vertex   1.998419e+00 7.951303e-02 2.000000e+00
      vertex   1.998419e+00 7.951303e-02 0.000000e+00
      vertex   1.985784e+00 2.380364e-01 2.000000e+00
    endloop
  endfacet
  facet normal 9.968388e-01 7.945017e-02 0.000000e+00
    outer loop
      vertex   1.985784e+00 2.380364e-01 2.000000e+00
      vertex   1.998419e+00 7.951303e-02 0.000000e+00
      vertex   1.985784e+00 2.380364e-01 0.000000e+00
    endloop
  endfacet
  facet normal 9.873753e-01 1.583980e-01 0.000000e+00
    outer loop
      vertex   1.985784e+00 2.380364e-01 2.000000e+00
      vertex   1.985784e+00 2.380364e-01 0.000000e+00
      vertex   1.960595e+00 3.950548e-01 2.000000e+00
    endloop
  endfacet
  facet normal 9.873753e-01 1.583980e-01 0.000000e+00
    outer loop
      vertex   1.960595e+00 3.950548e-01 2.000000e+00
      vertex   1.985784e+00 2.380364e-01 0.000000e+00
      vertex   1.960595e+00 3.950548e-01 0.000000e+00
    endloop
  endfacet
  facet normal 9.716693e-01 2.363444e-01 0.000000e+00
    outer loop
      vertex   1.960595e+00 3.950548e-01 2.000000e+00
      vertex   1.960595e+00 3.950548e-01 0.000000e+00
      vertex   1.923010e+00 5.495755e-01 2.000000e+00
    endloop
  endfacet
  facet normal 9.716693e-01 2.363444e-01 0.000000e+00
    outer loop
      vertex   1.923010e+00 5.495755e-01 2.000000e+00
      vertex   1.960595e+00 3.950548e-01 0.000000e+00
      vertex   1.923010e+00 5.495755e-01 0.000000e+00
    endloop
  endfacet
  facet normal 9.498201e-01 3.127966e-01 0.000000e+00
    outer loop
      vertex   1.923010e+00 5.495755e-01 2.000000e+00
      vertex   1.923010e+00 5.495755e-01 0.000000e+00
      vertex   1.873267e+00 7.006217e-01 2.000000e+00
    endloop
  endfacet
  facet normal 9.498201e-01 3.127966e-01 0.000000e+00
    outer loop
      vertex   1.873267e+00 7.006217e-01 2.000000e+00
      vertex   1.923010e+00 5.495755e-01 0.000000e+00
      vertex   1.873267e+00 7.006217e-01 0.000000e+00
    endloop
  endfacet
  facet normal 9.219659e-01 3.872712e-01 0.000000e+00
    outer loop
      vertex   1.873267e+00 7.006217e-01 2.000000e+00
      vertex   1.873267e+00 7.006217e-01 0.000000e+00
      vertex   1.811681e+00 8.472383e-01 2.000000e+00
    endloop
  endfacet
  facet normal 9.219659e-01 3.872712e-01 0.000000e+00
    outer loop
      vertex   1.811681e+00 8.472383e-01 2.000000e+00
      vertex   1.873267e+00 7.006217e-01 0.000000e+00
      vertex   1.811681e+00 8.472383e-01 0.000000e+00
    endloop
  endfacet
  facet normal 8.882826e-01 4.592973e-01 0.000000e+00
    outer loop
      vertex   1.811681e+00 8.472383e-01 2.000000e+00
      vertex   1.811681e+00 8.472383e-01 0.000000e+00
      vertex   1.738641e+00 9.884984e-01 2.000000e+00
    endloop
  endfacet
  facet normal 8.882826e-01 4.592973e-01 0.000000e+00
    outer loop
      vertex   1.738641e+00 9.884984e-01 2.000000e+00
      vertex   1.811681e+00 8.472383e-01 0.000000e+00
      vertex   1.738641e+00 9.884984e-01 0.000000e+00
    endloop
  endfacet
  facet normal 8.489834e-01 5.284196e-01 0.000000e+00
    outer loop
      vertex   1.738641e+00 9.884984e-01 2.000000e+00
      vertex   1.738641e+00 9.884984e-01 0.000000e+00
      vertex   1.654608e+00 1.123509e+00 2.000000e+00
    endloop
  endfacet
  facet normal 8.489834e-01 5.284196e-01 0.000000e+00
    outer loop
      vertex   1.654608e+00 1.123509e+00 2.000000e+00
      vertex   1.738641e+00 9.884984e-01 0.000000e+00
      vertex   1.654608e+00 1.123509e+00 0.000000e+00
    endloop
  endfacet
  facet normal 8.043166e-01 5.942010e-01 0.000000e+00
    outer loop
      vertex   1.654608e+00 1.123509e+00 2.000000e+00
      vertex   1.654608e+00 1.123509e+00 0.000000e+00
      vertex   1.560115e+00 1.251416e+00 2.000000e+00
    endloop
  endfacet
  facet normal 8.043166e-01 5.942010e-01 0.000000e+00
    outer loop
      vertex   1.560115e+00 1.251416e+00 2.000000e+00
      vertex   1.654608e+00 1.123509e+00 0.000000e+00
      vertex   1.560115e+00 1.251416e+00 0.000000e+00
    endloop
  endfacet
  facet normal 7.545646e-01 6.562257e-01 0.000000e+00
    outer loop
      vertex   1.560115e+00 1.251416e+00 2.000000e+00
      vertex   1.560115e+00 1.251416e+00 0.000000e+00
      vertex   1.455758e+00 1.371412e+00 2.000000e+00
    endloop
  endfacet
  facet normal 7.545646e-01 6.562257e-01 0.000000e+00
    outer loop
      vertex   1.455758e+00 1.371412e+00 2.000000e+00
      vertex   1.560115e+00 1.251416e+00 0.000000e+00
      vertex   1.455758e+00 1.371412e+00 0.000000e+00
    endloop
  endfacet
  facet normal 7.000421e-01 7.141016e-01 0.000000e+00
    outer loop
      vertex   1.455758e+00 1.371412e+00 2.000000e+00
      vertex   1.455758e+00 1.371412e+00 0.000000e+00
      vertex   1.342197e+00 1.482737e+00 2.000000e+00
    endloop
  endfacet
  facet normal 7.000421e-01 7.141016e-01 0.000000e+00
    outer loop
      vertex   1.342197e+00 1.482737e+00 2.000000e+00
      vertex   1.455758e+00 1.371412e+00 0.000000e+00
      vertex   1.342197e+00 1.482737e+00 0.000000e+00
    endloop
  endfacet
  facet normal 6.410936e-01 7.674627e-01 0.000000e+00
    outer loop
      vertex   1.342197e+00 1.482737e+00 2.000000e+00
      vertex   1.342197e+00 1.482737e+00 0.000000e+00
      vertex   1.220150e+00 1.584687e+00 2.000000e+00
    endloop
  endfacet
  facet normal 6.410936e-01 7.674627e-01 0.000000e+00
    outer loop
      vertex   1.220150e+00 1.584687e+00 2.000000e+00
      vertex   1.342197e+00 1.482737e+00 0.000000e+00
      vertex   1.220150e+00 1.584687e+00 0.000000e+00
    endloop
  endfacet
  facet normal 5.780920e-01 8.159716e-01 0.000000e+00
    outer loop
      vertex   1.220150e+00 1.584687e+00 2.000000e+00
      vertex   1.220150e+00 1.584687e+00 0.000000e+00
      vertex   1.090390e+00 1.676619e+00 2.000000e+00
    endloop
  endfacet
  facet normal 5.780920e-01 8.159716e-01 0.000000e+00
    outer loop
      vertex   1.090390e+00 1.676619e+00 2.000000e+00
      vertex   1.220150e+00 1.584687e+00 0.000000e+00
      vertex   1.090390e+00 1.676619e+00 0.000000e+00
    endloop
  endfacet
  facet normal 5.114355e-01 8.593217e-01 0.000000e+00
    outer loop
      vertex   1.090390e+00 1.676619e+00 2.000000e+00
      vertex   1.090390e+00 1.676619e+00 0.000000e+00
      vertex   9.537350e-01 1.757950e+00 2.000000e+00
    endloop
  endfacet
  facet normal 5.114355e-01 8.593217e-01 0.000000e+00
    outer loop
      vertex   9.537350e-01 1.757950e+00 2.000000e+00
      vertex   1.090390e+00 1.676619e+00 0.000000e+00
      vertex   9.537350e-01 1.757950e+00 0.000000e+00
    endloop
  endfacet
  facet normal 4.415455e-01 8.972389e-01 0.000000e+00
    outer loop
      vertex   9.537350e-01 1.757950e+00 2.000000e+00
      vertex   9.537350e-01 1.757950e+00 0.000000e+00
      vertex   8.110506e-01 1.828168e+00 2.000000e+00
    endloop
  endfacet
  facet normal 4.415455e-01 8.972389e-01 0.000000e+00
    outer loop
      vertex   8.110506e-01 1.828168e+00 2.000000e+00
      vertex   9.537350e-01 1.757950e+00 0.000000e+00
      vertex   8.110506e-01 1.828168e+00 0.000000e+00
    endloop
  endfacet
  facet normal 3.688639e-01 9.294834e-01 0.000000e+00
    outer loop
      vertex   8.110506e-01 1.828168e+00 2.000000e+00
      vertex   8.110506e-01 1.828168e+00 0.000000e+00
      vertex   6.632386e-01 1.886827e+00 2.000000e+00
    endloop
  endfacet
  facet normal 3.688639e-01 9.294834e-01 0.000000e+00
    outer loop
      vertex   6.632386e-01 1.886827e+00 2.000000e+00
      vertex   8.110506e-01 1.828168e+00 0.000000e+00
      vertex   6.632386e-01 1.886827e+00 0.000000e+00
    endloop
  endfacet
  facet normal 2.938503e-01 9.558515e-01 0.000000e+00
    outer loop
      vertex   6.632386e-01 1.886827e+00 2.000000e+00
      vertex   6.632386e-01 1.886827e+00 0.000000e+00
      vertex   5.112333e-01 1.933556e+00 2.000000e+00
    endloop
  endfacet
  facet normal 2.938503e-01 9.558515e-01 0.000000e+00
    outer loop
      vertex   5.112333e-01 1.933556e+00 2.000000e+00
      vertex   6.632386e-01 1.886827e+00 0.000000e+00
      vertex   5.112333e-01 1.933556e+00 0.000000e+00
    endloop
  endfacet
  facet normal 2.169788e-01 9.761763e-01 0.000000e+00
    outer loop
      vertex   5.112333e-01 1.933556e+00 2.000000e+00
      vertex   5.112333e-01 1.933556e+00 0.000000e+00
      vertex   3.559958e-01 1.968062e+00 2.000000e+00
    endloop
  endfacet
  facet normal 2.169788e-01 9.761763e-01 0.000000e+00
    outer loop
      vertex   3.559958e-01 1.968062e+00 2.000000e+00
      vertex   5.112333e-01 1.933556e+00 0.000000e+00
      vertex   3.559958e-01 1.968062e+00 0.000000e+00
    endloop
  endfacet
  facet normal 1.387355e-01 9.903295e-01 0.000000e+00
    outer loop
      vertex   3.559958e-01 1.968062e+00 2.000000e+00
      vertex   3.559958e-01 1.968062e+00 0.000000e+00
      vertex   1.985076e-01 1.990124e+00 2.000000e+00
    endloop
  endfacet
  facet normal 1.387355e-01 9.903295e-01 0.000000e+00
    outer loop
      vertex   1.985076e-01 1.990124e+00 2.000000e+00
      vertex   3.559958e-01 1.968062e+00 0.000000e+00
      vertex   1.985076e-01 1.990124e+00 0.000000e+00
    endloop
  endfacet
  facet normal 5.961513e-02 9.982214e-01 0.000000e+00
    outer loop
      vertex   1.985076e-01 1.990124e+00 2.000000e+00
      vertex   1.985076e-01 1.990124e+00 0.000000e+00
      vertex   3.976438e-02 1.999605e+00 2.000000e+00
    endloop
  endfacet
  facet normal 5.961513e-02 9.982214e-01 0.000000e+00
    outer loop
      vertex   3.976438e-02 1.999605e+00 2.000000e+00
      vertex   1.985076e-01 1.990124e+00 0.000000e+00
      vertex   3.976438e-02 1.999605e+00 0.000000e+00
    endloop
  endfacet
  facet normal -1.988219e-02 9.998023e-01 0.000000e+00
    outer loop
      vertex   3.976438e-02 1.999605e+00 2.000000e+00
      vertex   3.976438e-02 1.999605e+00 0.000000e+00
      vertex   -1.192303e-01 1.996443e+00 2.000000e+00
    endloop
  endfacet
  facet normal -1.988219e-02 9.998023e-01 0.000000e+00
    outer loop
      vertex   -1.192303e-01 1.996443e+00 2.000000e+00
      vertex   3.976438e-02 1.999605e+00 0.000000e+00
      vertex   -1.192303e-01 1.996443e+00 0.000000e+00
    endloop
  endfacet
  facet normal -9.925380e-02 9.950622e-01 0.000000e+00
    outer loop
      vertex   -1.192303e-01 1.996443e+00 2.000000e+00
      vertex   -1.192303e-01 1.996443e+00 0.000000e+00
      vertex   -2.774711e-01 1.980659e+00 2.000000e+00
    endloop
  endfacet
  facet normal -9.925380e-02 9.950622e-01 0.000000e+00
    outer loop
      vertex   -2.774711e-01 1.980659e+00 2.000000e+00
      vertex   -1.192303e-01 1.996443e+00 0.000000e+00
      vertex   -2.774711e-01 1.980659e+00 0.000000e+00
    endloop
  endfacet
  facet normal -1.779979e-01 9.840309e-01 0.000000e+00
    outer loop
      vertex   -2.774711e-01 1.980659e+00 2.000000e+00
      vertex   -2.774711e-01 1.980659e+00 0.000000e+00
      vertex   -4.339576e-01 1.952353e+00 2.000000e+00
    endloop
  endfacet
  facet normal -1.779979e-01 9.840309e-01 0.000000e+00
    outer loop
      vertex   -4.339576e-01 1.952353e+00 2.000000e+00
      vertex   -2.774711e-01 1.980659e+00 0.000000e+00
      vertex   -4.339576e-01 1.952353e+00 0.000000e+00
    endloop
  endfacet
  facet normal -2.556166e-01 9.667782e-01 0.000000e+00
    outer loop
      vertex   -4.339576e-01 1.952353e+00 2.000000e+00
      vertex   -4.339576e-01 1.952353e+00 0.000000e+00
      vertex   -5.877005e-01 1.911703e+00 2.000000e+00
    endloop
  endfacet
  facet normal -2.556166e-01 9.667782e-01 0.000000e+00
    outer loop
      vertex   -5.877005e-01 1.911703e+00 2.000000e+00
      vertex   -4.339576e-01 1.952353e+00 0.000000e+00
      vertex   -5.877005e-01 1.911703e+00 0.000000e+00
    endloop
  endfacet
  facet normal -3.316193e-01 9.434133e-01 0.000000e+00
    outer loop
      vertex   -5.877005e-01 1.911703e+00 2.000000e+00
      vertex   -5.877005e-01 1.911703e+00 0.000000e+00
      vertex   -7.377278e-01 1.858967e+00 2.000000e+00
    endloop
  endfacet
  facet normal -3.316193e-01 9.434133e-01 0.000000e+00
    outer loop
      vertex   -7.377278e-01 1.858967e+00 2.000000e+00
      vertex   -5.877005e-01 1.911703e+00 0.000000e+00
      vertex   -7.377278e-01 1.858967e+00 0.000000e+00
    endloop
  endfacet
  facet normal -4.055253e-01 9.140838e-01 0.000000e+00
    outer loop
      vertex   -7.377278e-01 1.858967e+00 2.000000e+00
      vertex   -7.377278e-01 1.858967e+00 0.000000e+00
      vertex   -8.830910e-01 1.794478e+00 2.000000e+00
    endloop
  endfacet
  facet normal -4.055253e-01 9.140838e-01 0.000000e+00
    outer loop
      vertex   -8.830910e-01 1.794478e+00 2.000000e+00
      vertex   -7.377278e-01 1.858967e+00 0.000000e+00
      vertex   -8.830910e-01 1.794478e+00 0.000000e+00
    endloop
  endfacet
  facet normal -4.768675e-01 8.789752e-01 0.000000e+00
    outer loop
      vertex   -8.830910e-01 1.794478e+00 2.000000e+00
      vertex   -8.830910e-01 1.794478e+00 0.000000e+00
      vertex   -1.022871e+00 1.718643e+00 2.000000e+00
    endloop
  endfacet
  facet normal -4.768675e-01 8.789752e-01 0.000000e+00
    outer loop
      vertex   -1.022871e+00 1.718643e+00 2.000000e+00
      vertex   -8.830910e-01 1.794478e+00 0.000000e+00
      vertex   -1.022871e+00 1.718643e+00 0.000000e+00
    endloop
  endfacet
  facet normal -5.451948e-01 8.383094e-01 0.000000e+00
    outer loop
      vertex   -1.022871e+00 1.718643e+00 2.000000e+00
      vertex   -1.022871e+00 1.718643e+00 0.000000e+00
      vertex   -1.156184e+00 1.631943e+00 2.000000e+00
    endloop
  endfacet
  facet normal -5.451948e-01 8.383094e-01 0.000000e+00
    outer loop
      vertex   -1.156184e+00 1.631943e+00 2.000000e+00
      vertex   -1.022871e+00 1.718643e+00 0.000000e+00
      vertex   -1.156184e+00 1.631943e+00 0.000000e+00
    endloop
  endfacet
  facet normal -6.100751e-01 7.923436e-01 0.000000e+00
    outer loop
      vertex   -1.156184e+00 1.631943e+00 2.000000e+00
      vertex   -1.156184e+00 1.631943e+00 0.000000e+00
      vertex   -1.282187e+00 1.534925e+00 2.000000e+00
    endloop
  endfacet
  facet normal -6.100751e-01 7.923436e-01 0.000000e+00
    outer loop
      vertex   -1.282187e+00 1.534925e+00 2.000000e+00
      vertex   -1.156184e+00 1.631943e+00 0.000000e+00
      vertex   -1.282187e+00 1.534925e+00 0.000000e+00
    endloop
  endfacet
  facet normal -6.710984e-01 7.413683e-01 0.000000e+00
    outer loop
      vertex   -1.282187e+00 1.534925e+00 2.000000e+00
      vertex   -1.282187e+00 1.534925e+00 0.000000e+00
      vertex   -1.400084e+00 1.428203e+00 2.000000e+00
    endloop
  endfacet
  facet normal -6.710984e-01 7.413683e-01 0.000000e+00
    outer loop
      vertex   -1.400084e+00 1.428203e+00 2.000000e+00
      vertex   -1.282187e+00 1.534925e+00 0.000000e+00
      vertex   -1.400084e+00 1.428203e+00 0.000000e+00
    endloop
  endfacet
  facet normal -7.278788e-01 6.857058e-01 0.000000e+00
    outer loop
      vertex   -1.400084e+00 1.428203e+00 2.000000e+00
      vertex   -1.400084e+00 1.428203e+00 0.000000e+00
      vertex   -1.509129e+00 1.312451e+00 2.000000e+00
    endloop
  endfacet
  facet normal -7.278788e-01 6.857058e-01 0.000000e+00
    outer loop
      vertex   -1.509129e+00 1.312451e+00 2.000000e+00
      vertex   -1.400084e+00 1.428203e+00 0.000000e+00
      vertex   -1.509129e+00 1.312451e+00 0.000000e+00
    endloop
  endfacet
  facet normal -7.800573e-01 6.257081e-01 0.000000e+00
    outer loop
      vertex   -1.509129e+00 1.312451e+00 2.000000e+00
      vertex   -1.509129e+00 1.312451e+00 0.000000e+00
      vertex   -1.608633e+00 1.188402e+00 2.000000e+00
    endloop
  endfacet
  facet normal -7.800573e-01 6.257081e-01 0.000000e+00
    outer loop
      vertex   -1.608633e+00 1.188402e+00 2.000000e+00
      vertex   -1.509129e+00 1.312451e+00 0.000000e+00
      vertex   -1.608633e+00 1.188402e+00 0.000000e+00
    endloop
  endfacet
  facet normal -8.273040e-01 5.617544e-01 0.000000e+00
    outer loop
      vertex   -1.608633e+00 1.188402e+00 2.000000e+00
      vertex   -1.608633e+00 1.188402e+00 0.000000e+00
      vertex   -1.697967e+00 1.056839e+00 2.000000e+00
    endloop
  endfacet
  facet normal -8.273040e-01 5.617544e-01 0.000000e+00
    outer loop
      vertex   -1.697967e+00 1.056839e+00 2.000000e+00
      vertex   -1.608633e+00 1.188402e+00 0.000000e+00
      vertex   -1.697967e+00 1.056839e+00 0.000000e+00
    endloop
  endfacet
  facet normal -8.693203e-01 4.942492e-01 0.000000e+00
    outer loop
      vertex   -1.697967e+00 1.056839e+00 2.000000e+00
      vertex   -1.697967e+00 1.056839e+00 0.000000e+00
      vertex   -1.776565e+00 9.185946e-01 2.000000e+00
    endloop
  endfacet
  facet normal -8.693203e-01 4.942492e-01 0.000000e+00
    outer loop
      vertex   -1.776565e+00 9.185946e-01 2.000000e+00
      vertex   -1.697967e+00 1.056839e+00 0.000000e+00
      vertex   -1.776565e+00 9.185946e-01 0.000000e+00
    endloop
  endfacet
  facet normal -9.058404e-01 4.236191e-01 0.000000e+00
    outer loop
      vertex   -1.776565e+00 9.185946e-01 2.000000e+00
      vertex   -1.776565e+00 9.185946e-01 0.000000e+00
      vertex   -1.843932e+00 7.745423e-01 2.000000e+00
    endloop
  endfacet
  facet normal -9.058404e-01 4.236191e-01 0.000000e+00
    outer loop
      vertex   -1.843932e+00 7.745423e-01 2.000000e+00
      vertex   -1.776565e+00 9.185946e-01 0.000000e+00
      vertex   -1.843932e+00 7.745423e-01 0.000000e+00
    endloop
  endfacet
  facet normal -9.366335e-01 3.503108e-01 0.000000e+00
    outer loop
      vertex   -1.843932e+00 7.745423e-01 2.000000e+00
      vertex   -1.843932e+00 7.745423e-01 0.000000e+00
      vertex   -1.899640e+00 6.255932e-01 2.000000e+00
    endloop
  endfacet
  facet normal -9.366335e-01 3.503108e-01 0.000000e+00
    outer loop
      vertex   -1.899640e+00 6.255932e-01 2.000000e+00
      vertex   -1.843932e+00 7.745423e-01 0.000000e+00
      vertex   -1.899640e+00 6.255932e-01 0.000000e+00
    endloop
  endfacet
  facet normal -9.615049e-01 2.747878e-01 0.000000e+00
    outer loop
      vertex   -1.899640e+00 6.255932e-01 2.000000e+00
      vertex   -1.899640e+00 6.255932e-01 0.000000e+00
      vertex   -1.943339e+00 4.726889e-01 2.000000e+00
    endloop
  endfacet
  facet normal -9.615049e-01 2.747878e-01 0.000000e+00
    outer loop
      vertex   -1.943339e+00 4.726889e-01 2.000000e+00
      vertex   -1.899640e+00 6.255932e-01 0.000000e+00
      vertex   -1.943339e+00 4.726889e-01 0.000000e+00
    endloop
  endfacet
  facet normal -9.802974e-01 1.975274e-01 0.000000e+00
    outer loop
      vertex   -1.943339e+00 4.726889e-01 2.000000e+00
      vertex   -1.943339e+00 4.726889e-01 0.000000e+00
      vertex   -1.974751e+00 3.167960e-01 2.000000e+00
    endloop
  endfacet
  facet normal -9.802974e-01 1.975274e-01 0.000000e+00
    outer loop
      vertex   -1.974751e+00 3.167960e-01 2.000000e+00
      vertex   -1.943339e+00 4.726889e-01 0.000000e+00
      vertex   -1.974751e+00 3.167960e-01 0.000000e+00
    endloop
  endfacet
  facet normal -9.928921e-01 1.190182e-01 0.000000e+00
    outer loop
      vertex   -1.974751e+00 3.167960e-01 2.000000e+00
      vertex   -1.974751e+00 3.167960e-01 0.000000e+00
      vertex   -1.993678e+00 1.589003e-01 2.000000e+00
    endloop
  endfacet
  facet normal -9.928921e-01 1.190182e-01 0.000000e+00
    outer loop
      vertex   -1.993678e+00 1.589003e-01 2.000000e+00
      vertex   -1.974751e+00 3.167960e-01 0.000000e+00
      vertex   -1.993678e+00 1.589003e-01 0.000000e+00
    endloop
  endfacet
  facet normal 0.000000e+00 0.000000e+00 1.000000e+00
    outer loop
      vertex   -1.543760e+00 1.389409e-01 2.000000e+00
      vertex   -1.993678e+00 1.589003e-01 2.000000e+00
      vertex   -1.550000e+00 -1.898203e-16 2.000000e+00
    endloop
  endfacet
  facet normal 0.000000e+00 0.000000e+00 1.000000e+00
    outer loop
      vertex   -1.550000e+00 -1.898203e-16 2.000000e+00
      vertex   -1.993678e+00 1.589003e-01 2.000000e+00
      vertex   -2.000000e+00 -2.449294e-16 2.000000e+00
    endloop
  endfacet
  facet normal 0.000000e+00 0.000000e+00 1.000000e+00
    outer loop
      vertex   -1.550000e+00 -1.898203e-16 2.000000e+00
      vertex   -2.000000e+00 -2.449294e-16 2.000000e+00
      vertex   -1.993678e+00 -1.589003e-01 2.000000e+00
    endloop
  endfacet
  facet normal -0.000000e+00 0.000000e+00 1.000000e+00
    outer loop
      vertex   -1.993678e+00 1.589003e-01 2.000000e+00
      vertex   -1.543760e+00 1.389409e-01 2.000000e+00
      vertex   -1.974751e+00 3.167960e-01 2.000000e+00
    endloop
  endfacet
  facet normal 0.000000e+00 0.000000e+00 1.000000e+00
    outer loop
      vertex   -1.974751e+00 3.167960e-01 2.000000e+00
      vertex   -1.543760e+00 1.389409e-01 2.000000e+00
      vertex   -1.525091e+00 2.767632e-01 2.000000e+00
    endloop
  endfacet
  facet normal -0.000000e+00 0.000000e+00 1.000000e+00
    outer loop
      vertex   -1.974751e+00 3.167960e-01 2.000000e+00
      vertex   -1.525091e+00 2.767632e-01 2.000000e+00
      vertex   -1.943339e+00 4.726889e-01 2.000000e+00
    endloop
  endfacet
  facet normal 0.000000e+00 0.000000e+00 1.000000e+00
    outer loop
      vertex   -1.943339e+00 4.726889e-01 2.000000e+00
      vertex   -1.525091e+00 2.767632e-01 2.000000e+00
      vertex   -1.494142e+00 4.123571e-01 2.000000e+00
    endloop
  endfacet
  facet normal -0.000000e+00 0.000000e+00 1.000000e+00
    outer loop
      vertex   -1.943339e+00 4.726889e-01 2.000000e+00
      vertex   -1.494142e+00 4.123571e-01 2.000000e+00
      vertex   -1.899640e+00 6.255932e-01 2.000000e+00
    endloop
  endfacet
  facet normal 0.000000e+00 0.000000e+00 1.000000e+00
    outer loop
      vertex   -1.899640e+00 6.255932e-01 2.000000e+00
      vertex   -1.494142e+00 4.123571e-01 2.000000e+00
      vertex   -1.451164e+00 5.446310e-01 2.000000e+00
    endloop
  endfacet
  facet normal -0.000000e+00 0.000000e+00 1.000000e+00
    outer loop
      vertex   -1.899640e+00 6.255932e-01 2.000000e+00
      vertex   -1.451164e+00 5.446310e-01 2.000000e+00
      vertex   -1.843932e+00 7.745423e-01 2.000000e+00
    endloop
  endfacet
  facet normal 0.000000e+00 0.000000e+00 1.000000e+00
    outer loop
      vertex   -1.843932e+00 7.745423e-01 2.000000e+00
      vertex   -1.451164e+00 5.446310e-01 2.000000e+00
      vertex   -1.396502e+00 6.725198e-01 2.000000e+00
    endloop
  endfacet
  facet normal -0.000000e+00 0.000000e+00 1.000000e+00
    outer loop
      vertex   -1.843932e+00 7.745423e-01 2.000000e+00
      vertex   -1.396502e+00 6.725198e-01 2.000000e+00
      vertex   -1.776565e+00 9.185946e-01 2.000000e+00
    endloop
  endfacet
  facet normal 0.000000e+00 0.000000e+00 1.000000e+00
    outer loop
      vertex   -1.776565e+00 9.185946e-01 2.000000e+00
      vertex   -1.396502e+00 6.725198e-01 2.000000e+00
      vertex   -1.330596e+00 7.949939e-01 2.000000e+00
    endloop
  endfacet
  facet normal -0.000000e+00 0.000000e+00 1.000000e+00
    outer loop
      vertex   -1.776565e+00 9.185946e-01 2.000000e+00
      vertex   -1.330596e+00 7.949939e-01 2.000000e+00
      vertex   -1.697967e+00 1.056839e+00 2.000000e+00
    endloop
  endfacet
  facet normal 0.000000e+00 0.000000e+00 1.000000e+00
    outer loop
      vertex   -1.697967e+00 1.056839e+00 2.000000e+00
      vertex   -1.330596e+00 7.949939e-01 2.000000e+00
      vertex   -1.253976e+00 9.110671e-01 2.000000e+00
    endloop
  endfacet
  facet normal -0.000000e+00 0.000000e+00 1.000000e+00
    outer loop
      vertex   -1.697967e+00 1.056839e+00 2.000000e+00
      vertex   -1.253976e+00 9.110671e-01 2.000000e+00
      vertex   -1.608633e+00 1.188402e+00 2.000000e+00
    endloop
  endfacet
  facet normal 0.000000e+00 0.000000e+00 1.000000e+00
    outer loop
      vertex   -1.608633e+00 1.188402e+00 2.000000e+00
      vertex   -1.253976e+00 9.110671e-01 2.000000e+00
      vertex   -1.167261e+00 1.019805e+00 2.000000e+00
    endloop
  endfacet
  facet normal -0.000000e+00 0.000000e+00 1.000000e+00
    outer loop
      vertex   -1.608633e+00 1.188402e+00 2.000000e+00
      vertex   -1.167261e+00 1.019805e+00 2.000000e+00
      vertex   -1.509129e+00 1.312451e+00 2.000000e+00
    endloop
  endfacet
  facet normal -0.000000e+00 0.000000e+00 1.000000e+00
    outer loop
      vertex   -1.509129e+00 1.312451e+00 2.000000e+00
      vertex   -1.167261e+00 1.019805e+00 2.000000e+00
      vertex   -1.400084e+00 1.428203e+00 2.000000e+00
    endloop
  endfacet
  facet normal 0.000000e+00 0.000000e+00 1.000000e+00
    outer loop
      vertex   -1.400084e+00 1.428203e+00 2.000000e+00
      vertex   -1.167261e+00 1.019805e+00 2.000000e+00
      vertex   -1.071147e+00 1.120332e+00 2.000000e+00
    endloop
  endfacet
  facet normal -0.000000e+00 0.000000e+00 1.000000e+00
    outer loop
      vertex   -1.400084e+00 1.428203e+00 2.000000e+00
      vertex   -1.071147e+00 1.120332e+00 2.000000e+00
      vertex   -1.282187e+00 1.534925e+00 2.000000e+00
    endloop
  endfacet
  facet normal 0.000000e+00 0.000000e+00 1.000000e+00
    outer loop
      vertex   -1.282187e+00 1.534925e+00 2.000000e+00
      vertex   -1.071147e+00 1.120332e+00 2.000000e+00
      vertex   -9.664092e-01 1.211839e+00 2.000000e+00
    endloop
  endfacet
  facet normal -0.000000e+00 0.000000e+00 1.000000e+00
    outer loop
      vertex   -1.282187e+00 1.534925e+00 2.000000e+00
      vertex   -9.664092e-01 1.211839e+00 2.000000e+00
      vertex   -1.156184e+00 1.631943e+00 2.000000e+00
    endloop
  endfacet
  facet normal 0.000000e+00 0.000000e+00 1.000000e+00
    outer loop
      vertex   -1.156184e+00 1.631943e+00 2.000000e+00
      vertex   -9.664092e-01 1.211839e+00 2.000000e+00
      vertex   -8.538903e-01 1.293589e+00 2.000000e+00
    endloop
  endfacet
  facet normal -0.000000e+00 0.000000e+00 1.000000e+00
    outer loop
      vertex   -1.156184e+00 1.631943e+00 2.000000e+00
      vertex   -8.538903e-01 1.293589e+00 2.000000e+00
      vertex   -1.022871e+00 1.718643e+00 2.000000e+00
    endloop
  endfacet
  facet normal 0.000000e+00 0.000000e+00 1.000000e+00
    outer loop
      vertex   -1.022871e+00 1.718643e+00 2.000000e+00
      vertex   -8.538903e-01 1.293589e+00 2.000000e+00
      vertex   -7.344964e-01 1.364923e+00 2.000000e+00
    endloop
  endfacet
  facet normal -0.000000e+00 0.000000e+00 1.000000e+00
    outer loop
      vertex   -1.022871e+00 1.718643e+00 2.000000e+00
      vertex   -7.344964e-01 1.364923e+00 2.000000e+00
      vertex   -8.830910e-01 1.794478e+00 2.000000e+00
    endloop
  endfacet
  facet normal 0.000000e+00 0.000000e+00 1.000000e+00
    outer loop
      vertex   -8.830910e-01 1.794478e+00 2.000000e+00
      vertex   -7.344964e-01 1.364923e+00 2.000000e+00
      vertex   -6.091888e-01 1.425268e+00 2.000000e+00
    endloop
  endfacet
  facet normal -0.000000e+00 0.000000e+00 1.000000e+00
    outer loop
      vertex   -8.830910e-01 1.794478e+00 2.000000e+00
      vertex   -6.091888e-01 1.425268e+00 2.000000e+00
      vertex   -7.377278e-01 1.858967e+00 2.000000e+00
    endloop
  endfacet
  facet normal 0.000000e+00 0.000000e+00 1.000000e+00
    outer loop
      vertex   -7.377278e-01 1.858967e+00 2.000000e+00
      vertex   -6.091888e-01 1.425268e+00 2.000000e+00
      vertex   -4.789763e-01 1.474138e+00 2.000000e+00
    endloop
  endfacet
  facet normal -0.000000e+00 0.000000e+00 1.000000e+00
    outer loop
      vertex   -7.377278e-01 1.858967e+00 2.000000e+00
      vertex   -4.789763e-01 1.474138e+00 2.000000e+00
      vertex   -5.877005e-01 1.911703e+00 2.000000e+00
    endloop
  endfacet
  facet normal 0.000000e+00 0.000000e+00 1.000000e+00
    outer loop
      vertex   -5.877005e-01 1.911703e+00 2.000000e+00
      vertex   -4.789763e-01 1.474138e+00 2.000000e+00
      vertex   -3.449074e-01 1.511138e+00 2.000000e+00
    endloop
  endfacet
  facet normal -0.000000e+00 0.000000e+00 1.000000e+00
    outer loop
      vertex   -5.877005e-01 1.911703e+00 2.000000e+00
      vertex   -3.449074e-01 1.511138e+00 2.000000e+00
      vertex   -4.339576e-01 1.952353e+00 2.000000e+00
    endloop
  endfacet
  facet normal 0.000000e+00 0.000000e+00 1.000000e+00
    outer loop
      vertex   -4.339576e-01 1.952353e+00 2.000000e+00
      vertex   -3.449074e-01 1.511138e+00 2.000000e+00
      vertex   -2.080616e-01 1.535972e+00 2.000000e+00
    endloop
  endfacet
  facet normal -0.000000e+00 0.000000e+00 1.000000e+00
    outer loop
      vertex   -4.339576e-01 1.952353e+00 2.000000e+00
      vertex   -2.080616e-01 1.535972e+00 2.000000e+00
      vertex   -2.774711e-01 1.980659e+00 2.000000e+00
    endloop
  endfacet
  facet normal -0.000000e+00 0.000000e+00 1.000000e+00
    outer loop
      vertex   -2.774711e-01 1.980659e+00 2.000000e+00
      vertex   -2.080616e-01 1.535972e+00 2.000000e+00
      vertex   -1.192303e-01 1.996443e+00 2.000000e+00
    endloop
  endfacet
  facet normal 0.000000e+00 0.000000e+00 1.000000e+00
    outer loop
      vertex   -1.192303e-01 1.996443e+00 2.000000e+00
      vertex   -2.080616e-01 1.535972e+00 2.000000e+00
      vertex   -6.954049e-02 1.548439e+00 2.000000e+00
    endloop
  endfacet
  facet normal -0.000000e+00 0.000000e+00 1.000000e+00
    outer loop
      vertex   -1.192303e-01 1.996443e+00 2.000000e+00
      vertex   -6.954049e-02 1.548439e+00 2.000000e+00
      vertex   3.976438e-02 1.999605e+00 2.000000e+00
    endloop
  endfacet
  facet normal 0.000000e+00 0.000000e+00 1.000000e+00
    outer loop
      vertex   3.976438e-02 1.999605e+00 2.000000e+00
      vertex   -6.954049e-02 1.548439e+00 2.000000e+00
      vertex   6.954049e-02 1.548439e+00 2.000000e+00
    endloop
  endfacet
  facet normal 0.000000e+00 0.000000e+00 1.000000e+00
    outer loop
      vertex   3.976438e-02 1.999605e+00 2.000000e+00
      vertex   6.954049e-02 1.548439e+00 2.000000e+00
      vertex   1.985076e-01 1.990124e+00 2.000000e+00
    endloop
  endfacet
  facet normal 0.000000e+00 0.000000e+00 1.000000e+00
    outer loop
      vertex   1.985076e-01 1.990124e+00 2.000000e+00
      vertex   6.954049e-02 1.548439e+00 2.000000e+00
      vertex   2.080616e-01 1.535972e+00 2.000000e+00
    endloop
  endfacet
  facet normal 0.000000e+00 0.000000e+00 1.000000e+00
    outer loop
      vertex   1.985076e-01 1.990124e+00 2.000000e+00
      vertex   2.080616e-01 1.535972e+00 2.000000e+00
      vertex   3.559958e-01 1.968062e+00 2.000000e+00
    endloop
  endfacet
  facet normal 0.000000e+00 0.000000e+00 1.000000e+00
    outer loop
      vertex   3.559958e-01 1.968062e+00 2.000000e+00
      vertex   2.080616e-01 1.535972e+00 2.000000e+00
      vertex   3.449074e-01 1.511138e+00 2.000000e+00
    endloop
  endfacet
  facet normal 0.000000e+00 0.000000e+00 1.000000e+00
    outer loop
      vertex   3.559958e-01 1.968062e+00 2.000000e+00
      vertex   3.449074e-01 1.511138e+00 2.000000e+00
      vertex   5.112333e-01 1.933556e+00 2.000000e+00
    endloop
  endfacet
  facet normal 0.000000e+00 0.000000e+00 1.000000e+00
    outer loop
      vertex   5.112333e-01 1.933556e+00 2.000000e+00
      vertex   3.449074e-01 1.511138e+00 2.000000e+00
      vertex   4.789763e-01 1.474138e+00 2.000000e+00
    endloop
  endfacet
  facet normal 0.000000e+00 0.000000e+00 1.000000e+00
    outer loop
      vertex   5.112333e-01 1.933556e+00 2.000000e+00
      vertex   4.789763e-01 1.474138e+00 2.000000e+00
      vertex   6.632386e-01 1.886827e+00 2.000000e+00
    endloop
  endfacet
  facet normal 0.000000e+00 0.000000e+00 1.000000e+00
    outer loop
      vertex   6.632386e-01 1.886827e+00 2.000000e+00
      vertex   4.789763e-01 1.474138e+00 2.000000e+00
      vertex   6.091888e-01 1.425268e+00 2.000000e+00
    endloop
  endfacet
  facet normal 0.000000e+00 0.000000e+00 1.000000e+00
    outer loop
      vertex   6.632386e-01 1.886827e+00 2.000000e+00
      vertex   6.091888e-01 1.425268e+00 2.000000e+00
      vertex   8.110506e-01 1.828168e+00 2.000000e+00
    endloop
  endfacet
  facet normal 0.000000e+00 0.000000e+00 1.000000e+00
    outer loop
      vertex   8.110506e-01 1.828168e+00 2.000000e+00
      vertex   6.091888e-01 1.425268e+00 2.000000e+00
      vertex   7.344964e-01 1.364923e+00 2.000000e+00
    endloop
  endfacet
  facet normal 0.000000e+00 0.000000e+00 1.000000e+00
    outer loop
      vertex   8.110506e-01 1.828168e+00 2.000000e+00
      vertex   7.344964e-01 1.364923e+00 2.000000e+00
      vertex   9.537350e-01 1.757950e+00 2.000000e+00
    endloop
  endfacet
  facet normal 0.000000e+00 0.000000e+00 1.000000e+00
    outer loop
      vertex   9.537350e-01 1.757950e+00 2.000000e+00
      vertex   7.344964e-01 1.364923e+00 2.000000e+00
      vertex   1.090390e+00 1.676619e+00 2.000000e+00
    endloop
  endfacet
  facet normal 0.000000e+00 0.000000e+00 1.000000e+00
    outer loop
      vertex   1.090390e+00 1.676619e+00 2.000000e+00
      vertex   7.344964e-01 1.364923e+00 2.000000e+00
      vertex   8.538903e-01 1.293589e+00 2.000000e+00
    endloop
  endfacet
  facet normal 0.000000e+00 0.000000e+00 1.000000e+00
    outer loop
      vertex   1.090390e+00 1.676619e+00 2.000000e+00
      vertex   8.538903e-01 1.293589e+00 2.000000e+00
      vertex   1.220150e+00 1.584687e+00 2.000000e+00
    endloop
  endfacet
  facet normal 0.000000e+00 0.000000e+00 1.000000e+00
    outer loop
      vertex   1.220150e+00 1.584687e+00 2.000000e+00
      vertex   8.538903e-01 1.293589e+00 2.000000e+00
      vertex   9.664092e-01 1.211839e+00 2.000000e+00
    endloop
  endfacet
  facet normal 0.000000e+00 0.000000e+00 1.000000e+00
    outer loop
      vertex   1.220150e+00 1.584687e+00 2.000000e+00
      vertex   9.664092e-01 1.211839e+00 2.000000e+00
      vertex   1.342197e+00 1.482737e+00 2.000000e+00
    endloop
  endfacet
  facet normal 0.000000e+00 0.000000e+00 1.000000e+00
    outer loop
      vertex   1.342197e+00 1.482737e+00 2.000000e+00
      vertex   9.664092e-01 1.211839e+00 2.000000e+00
      vertex   1.071147e+00 1.120332e+00 2.000000e+00
    endloop
  endfacet
  facet normal 0.000000e+00 0.000000e+00 1.000000e+00
    outer loop
      vertex   1.342197e+00 1.482737e+00 2.000000e+00
      vertex   1.071147e+00 1.120332e+00 2.000000e+00
      vertex   1.455758e+00 1.371412e+00 2.000000e+00
    endloop
  endfacet
  facet normal 0.000000e+00 0.000000e+00 1.000000e+00
    outer loop
      vertex   1.455758e+00 1.371412e+00 2.000000e+00
      vertex   1.071147e+00 1.120332e+00 2.000000e+00
      vertex   1.167261e+00 1.019805e+00 2.000000e+00
    endloop
  endfacet
  facet normal 0.000000e+00 0.000000e+00 1.000000e+00
    outer loop
      vertex   1.455758e+00 1.371412e+00 2.000000e+00
      vertex   1.167261e+00 1.019805e+00 2.000000e+00
      vertex   1.560115e+00 1.251416e+00 2.000000e+00
    endloop
  endfacet
  facet normal 0.000000e+00 0.000000e+00 1.000000e+00
    outer loop
      vertex   1.560115e+00 1.251416e+00 2.000000e+00
      vertex   1.167261e+00 1.019805e+00 2.000000e+00
      vertex   1.253976e+00 9.110671e-01 2.000000e+00
    endloop
  endfacet
  facet normal 0.000000e+00 0.000000e+00 1.000000e+00
    outer loop
      vertex   1.560115e+00 1.251416e+00 2.000000e+00
      vertex   1.253976e+00 9.110671e-01 2.000000e+00
      vertex   1.654608e+00 1.123509e+00 2.000000e+00
    endloop
  endfacet
  facet normal 0.000000e+00 0.000000e+00 1.000000e+00
    outer loop
      vertex   1.654608e+00 1.123509e+00 2.000000e+00
      vertex   1.253976e+00 9.110671e-01 2.000000e+00
      vertex   1.330596e+00 7.949939e-01 2.000000e+00
    endloop
  endfacet
  facet normal 0.000000e+00 0.000000e+00 1.000000e+00
    outer loop
      vertex   1.654608e+00 1.123509e+00 2.000000e+00
      vertex   1.330596e+00 7.949939e-01 2.000000e+00
      vertex   1.738641e+00 9.884984e-01 2.000000e+00
    endloop
  endfacet
  facet normal 0.000000e+00 0.000000e+00 1.000000e+00
    outer loop
      vertex   1.738641e+00 9.884984e-01 2.000000e+00
      vertex   1.330596e+00 7.949939e-01 2.000000e+00
      vertex   1.396502e+00 6.725198e-01 2.000000e+00
    endloop
  endfacet
  facet normal 0.000000e+00 0.000000e+00 1.000000e+00
    outer loop
      vertex   1.738641e+00 9.884984e-01 2.000000e+00
      vertex   1.396502e+00 6.725198e-01 2.000000e+00
      vertex   1.811681e+00 8.472383e-01 2.000000e+00
    endloop
  endfacet
  facet normal 0.000000e+00 0.000000e+00 1.000000e+00
    outer loop
      vertex   1.811681e+00 8.472383e-01 2.000000e+00
      vertex   1.396502e+00 6.725198e-01 2.000000e+00
      vertex   1.451164e+00 5.446310e-01 2.000000e+00
    endloop
  endfacet
  facet normal 0.000000e+00 0.000000e+00 1.000000e+00
    outer loop
      vertex   1.811681e+00 8.472383e-01 2.000000e+00
      vertex   1.451164e+00 5.446310e-01 2.000000e+00
      vertex   1.873267e+00 7.006217e-01 2.000000e+00
    endloop
  endfacet
  facet normal 0.000000e+00 0.000000e+00 1.000000e+00
    outer loop
      vertex   1.873267e+00 7.006217e-01 2.000000e+00
      vertex   1.451164e+00 5.446310e-01 2.000000e+00
      vertex   1.923010e+00 5.495755e-01 2.000000e+00
    endloop
  endfacet
  facet normal 0.000000e+00 0.000000e+00 1.000000e+00
    outer loop
      vertex   1.923010e+00 5.495755e-01 2.000000e+00
      vertex   1.451164e+00 5.446310e-01 2.000000e+00
      vertex   1.494142e+00 4.123571e-01 2.000000e+00
    endloop
  endfacet
  facet normal 0.000000e+00 0.000000e+00 1.000000e+00
    outer loop
      vertex   1.923010e+00 5.495755e-01 2.000000e+00
      vertex   1.494142e+00 4.123571e-01 2.000000e+00
      vertex   1.960595e+00 3.950548e-01 2.000000e+00
    endloop
  endfacet
  facet normal 0.000000e+00 0.000000e+00 1.000000e+00
    outer loop
      vertex   1.960595e+00 3.950548e-01 2.000000e+00
      vertex   1.494142e+00 4.123571e-01 2.000000e+00
      vertex   1.525091e+00 2.767632e-01 2.000000e+00
    endloop
  endfacet
  facet normal 0.000000e+00 0.000000e+00 1.000000e+00
    outer loop
      vertex   1.960595e+00 3.950548e-01 2.000000e+00
      vertex   1.525091e+00 2.767632e-01 2.000000e+00
      vertex   1.985784e+00 2.380364e-01 2.000000e+00
    endloop
  endfacet
  facet normal 0.000000e+00 0.000000e+00 1.000000e+00
    outer loop
      vertex   1.985784e+00 2.380364e-01 2.000000e+00
      vertex   1.525091e+00 2.767632e-01 2.000000e+00
      vertex   1.543760e+00 1.389409e-01 2.000000e+00
    endloop
  endfacet
  facet normal 0.000000e+00 0.000000e+00 1.000000e+00
    outer loop
      vertex   1.985784e+00 2.380364e-01 2.000000e+00
      vertex   1.543760e+00 1.389409e-01 2.000000e+00
      vertex   1.998419e+00 7.951303e-02 2.000000e+00
    endloop
  endfacet
  facet normal 0.000000e+00 0.000000e+00 1.000000e+00
    outer loop
      vertex   1.998419e+00 7.951303e-02 2.000000e+00
      vertex   1.543760e+00 1.389409e-01 2.000000e+00
      vertex   1.550000e+00 0.000000e+00 2.000000e+00
    endloop
  endfacet
  facet normal 0.000000e+00 0.000000e+00 1.000000e+00
    outer loop
      vertex   1.998419e+00 7.951303e-02 2.000000e+00
      vertex   1.550000e+00 0.000000e+00 2.000000e+00
      vertex   1.998419e+00 -7.951303e-02 2.000000e+00
    endloop
  endfacet
  facet normal 0.000000e+00 0.000000e+00 1.000000e+00
    outer loop
      vertex   1.998419e+00 -7.951303e-02 2.000000e+00
      vertex   1.550000e+00 0.000000e+00 2.000000e+00
      vertex   1.543760e+00 -1.389409e-01 2.000000e+00
    endloop
  endfacet
  facet normal 0.000000e+00 0.000000e+00 1.000000e+00
    outer loop
      vertex   1.998419e+00 -7.951303e-02 2.000000e+00
      vertex   1.543760e+00 -1.389409e-01 2.000000e+00
      vertex   1.985784e+00 -2.380364e-01 2.000000e+00
    endloop
  endfacet
  facet normal 0.000000e+00 0.000000e+00 1.000000e+00
    outer loop
      vertex   1.985784e+00 -2.380364e-01 2.000000e+00
      vertex   1.543760e+00 -1.389409e-01 2.000000e+00
      vertex   1.525091e+00 -2.767632e-01 2.000000e+00
    endloop
  endfacet
  facet normal 0.000000e+00 0.000000e+00 1.000000e+00
    outer loop
      vertex   1.985784e+00 -2.380364e-01 2.000000e+00
      vertex   1.525091e+00 -2.767632e-01 2.000000e+00
      vertex   1.960595e+00 -3.950548e-01 2.000000e+00
    endloop
  endfacet
  facet normal 0.000000e+00 0.000000e+00 1.000000e+00
    outer loop
      vertex   1.960595e+00 -3.950548e-01 2.000000e+00
      vertex   1.525091e+00 -2.767632e-01 2.000000e+00
      vertex   1.494142e+00 -4.123571e-01 2.000000e+00
    endloop
  endfacet
  facet normal 0.000000e+00 0.000000e+00 1.000000e+00
    outer loop
      vertex   1.960595e+00 -3.950548e-01 2.000000e+00
      vertex   1.494142e+00 -4.123571e-01 2.000000e+00
      vertex   1.923010e+00 -5.495755e-01 2.000000e+00
    endloop
  endfacet
  facet normal 0.000000e+00 0.000000e+00 1.000000e+00
    outer loop
      vertex   1.923010e+00 -5.495755e-01 2.000000e+00
      vertex   1.494142e+00 -4.123571e-01 2.000000e+00
      vertex   1.451164e+00 -5.446310e-01 2.000000e+00
    endloop
  endfacet
  facet normal 0.000000e+00 0.000000e+00 1.000000e+00
    outer loop
      vertex   1.923010e+00 -5.495755e-01 2.000000e+00
      vertex   1.451164e+00 -5.446310e-01 2.000000e+00
      vertex   1.873267e+00 -7.006217e-01 2.000000e+00
    endloop
  endfacet
  facet normal 0.000000e+00 0.000000e+00 1.000000e+00
    outer loop
      vertex   1.873267e+00 -7.006217e-01 2.000000e+00
      vertex   1.451164e+00 -5.446310e-01 2.000000e+00
      vertex   1.811681e+00 -8.472383e-01 2.000000e+00
    endloop
  endfacet
  facet normal 0.000000e+00 0.000000e+00 1.000000e+00
    outer loop
      vertex   1.811681e+00 -8.472383e-01 2.000000e+00
      vertex   1.451164e+00 -5.446310e-01 2.000000e+00
      vertex   1.396502e+00 -6.725198e-01 2.000000e+00
    endloop
  endfacet
  facet normal 0.000000e+00 0.000000e+00 1.000000e+00
    outer loop
      vertex   1.811681e+00 -8.472383e-01 2.000000e+00
      vertex   1.396502e+00 -6.725198e-01 2.000000e+00
      vertex   1.738641e+00 -9.884984e-01 2.000000e+00
    endloop
  endfacet
  facet normal 0.000000e+00 0.000000e+00 1.000000e+00
    outer loop
      vertex   1.738641e+00 -9.884984e-01 2.000000e+00
      vertex   1.396502e+00 -6.725198e-01 2.000000e+00
      vertex   1.330596e+00 -7.949939e-01 2.000000e+00
    endloop
  endfacet
  facet normal 0.000000e+00 0.000000e+00 1.000000e+00
    outer loop
      vertex   1.738641e+00 -9.884984e-01 2.000000e+00
      vertex   1.330596e+00 -7.949939e-01 2.000000e+00
      vertex   1.654608e+00 -1.123509e+00 2.000000e+00
    endloop
  endfacet
  facet normal 0.000000e+00 0.000000e+00 1.000000e+00
    outer loop
      vertex   1.654608e+00 -1.123509e+00 2.000000e+00
      vertex   1.330596e+00 -7.949939e-01 2.000000e+00
      vertex   1.253976e+00 -9.110671e-01 2.000000e+00
    endloop
  endfacet
  facet normal 0.000000e+00 0.000000e+00 1.000000e+00
    outer loop
      vertex   1.654608e+00 -1.123509e+00 2.000000e+00
      vertex   1.253976e+00 -9.110671e-01 2.000000e+00
      vertex   1.560115e+00 -1.251416e+00 2.000000e+00
    endloop
  endfacet
  facet normal 0.000000e+00 0.000000e+00 1.000000e+00
    outer loop
      vertex   1.560115e+00 -1.251416e+00 2.000000e+00
      vertex   1.253976e+00 -9.110671e-01 2.000000e+00
      vertex   1.167261e+00 -1.019805e+00 2.000000e+00
    endloop
  endfacet
  facet normal 0.000000e+00 0.000000e+00 1.000000e+00
    outer loop
      vertex   1.560115e+00 -1.251416e+00 2.000000e+00
      vertex   1.167261e+00 -1.019805e+00 2.000000e+00
      vertex   1.455758e+00 -1.371412e+00 2.000000e+00
    endloop
  endfacet
  facet normal 0.000000e+00 0.000000e+00 1.000000e+00
    outer loop
      vertex   1.455758e+00 -1.371412e+00 2.000000e+00
      vertex   1.167261e+00 -1.019805e+00 2.000000e+00
      vertex   1.071147e+00 -1.120332e+00 2.000000e+00
    endloop
  endfacet
  facet normal 0.000000e+00 0.000000e+00 1.000000e+00
    outer loop
      vertex   1.455758e+00 -1.371412e+00 2.000000e+00
      vertex   1.071147e+00 -1.120332e+00 2.000000e+00
      vertex   1.342197e+00 -1.482737e+00 2.000000e+00
    endloop
  endfacet
  facet normal 0.000000e+00 0.000000e+00 1.000000e+00
    outer loop
      vertex   1.342197e+00 -1.482737e+00 2.000000e+00
      vertex   1.071147e+00 -1.120332e+00 2.000000e+00
      vertex   9.664092e-01 -1.211839e+00 2.000000e+00
    endloop
  endfacet
  facet normal 0.000000e+00 0.000000e+00 1.000000e+00
    outer loop
      vertex   1.342197e+00 -1.482737e+00 2.000000e+00
      vertex   9.664092e-01 -1.211839e+00 2.000000e+00
      vertex   1.220150e+00 -1.584687e+00 2.000000e+00
    endloop
  endfacet
  facet normal 0.000000e+00 0.000000e+00 1.000000e+00
    outer loop
      vertex   1.220150e+00 -1.584687e+00 2.000000e+00
      vertex   9.664092e-01 -1.211839e+00 2.000000e+00
      vertex   8.538903e-01 -1.293589e+00 2.000000e+00
    endloop
  endfacet
  facet normal 0.000000e+00 0.000000e+00 1.000000e+00
    outer loop
      vertex   1.220150e+00 -1.584687e+00 2.000000e+00
      vertex   8.538903e-01 -1.293589e+00 2.000000e+00
      vertex   1.090390e+00 -1.676619e+00 2.000000e+00
    endloop
  endfacet
  facet normal 0.000000e+00 0.000000e+00 1.000000e+00
    outer loop
      vertex   1.090390e+00 -1.676619e+00 2.000000e+00
      vertex   8.538903e-01 -1.293589e+00 2.000000e+00
      vertex   7.344964e-01 -1.364923e+00 2.000000e+00
    endloop
  endfacet
  facet normal 0.000000e+00 0.000000e+00 1.000000e+00
    outer loop
      vertex   1.090390e+00 -1.676619e+00 2.000000e+00
      vertex   7.344964e-01 -1.364923e+00 2.000000e+00
      vertex   9.537350e-01 -1.757950e+00 2.000000e+00
    endloop
  endfacet
  facet normal 0.000000e+00 0.000000e+00 1.000000e+00
    outer loop
      vertex   9.537350e-01 -1.757950e+00 2.000000e+00
      vertex   7.344964e-01 -1.364923e+00 2.000000e+00
      vertex   8.110506e-01 -1.828168e+00 2.000000e+00
    endloop
  endfacet
  facet normal 0.000000e+00 0.000000e+00 1.000000e+00
    outer loop
      vertex   8.110506e-01 -1.828168e+00 2.000000e+00
      vertex   7.344964e-01 -1.364923e+00 2.000000e+00
      vertex   6.091888e-01 -1.425268e+00 2.000000e+00
    endloop
  endfacet
  facet normal 0.000000e+00 0.000000e+00 1.000000e+00
    outer loop
      vertex   8.110506e-01 -1.828168e+00 2.000000e+00
      vertex   6.091888e-01 -1.425268e+00 2.000000e+00
      vertex   6.632386e-01 -1.886827e+00 2.000000e+00
    endloop
  endfacet
  facet normal 0.000000e+00 0.000000e+00 1.000000e+00
    outer loop
      vertex   6.632386e-01 -1.886827e+00 2.000000e+00
      vertex   6.091888e-01 -1.425268e+00 2.000000e+00
      vertex   4.789763e-01 -1.474138e+00 2.000000e+00
    endloop
  endfacet
  facet normal 0.000000e+00 0.000000e+00 1.000000e+00
    outer loop
      vertex   6.632386e-01 -1.886827e+00 2.000000e+00
      vertex   4.789763e-01 -1.474138e+00 2.000000e+00
      vertex   5.112333e-01 -1.933556e+00 2.000000e+00
    endloop
  endfacet
  facet normal 0.000000e+00 0.000000e+00 1.000000e+00
    outer loop
      vertex   5.112333e-01 -1.933556e+00 2.000000e+00
      vertex   4.789763e-01 -1.474138e+00 2.000000e+00
      vertex   3.449074e-01 -1.511138e+00 2.000000e+00
    endloop
  endfacet
  facet normal 0.000000e+00 0.000000e+00 1.000000e+00
    outer loop
      vertex   5.112333e-01 -1.933556e+00 2.000000e+00
      vertex   3.449074e-01 -1.511138e+00 2.000000e+00
      vertex   3.559958e-01 -1.968062e+00 2.000000e+00
    endloop
  endfacet
  facet normal 0.000000e+00 0.000000e+00 1.000000e+00
    outer loop
      vertex   3.559958e-01 -1.968062e+00 2.000000e+00
      vertex   3.449074e-01 -1.511138e+00 2.000000e+00
      vertex   2.080616e-01 -1.535972e+00 2.000000e+00
    endloop
  endfacet
  facet normal 0.000000e+00 0.000000e+00 1.000000e+00
    outer loop
      vertex   3.559958e-01 -1.968062e+00 2.000000e+00
      vertex   2.080616e-01 -1.535972e+00 2.000000e+00
      vertex   1.985076e-01 -1.990124e+00 2.000000e+00
    endloop
  endfacet
  facet normal 0.000000e+00 -0.000000e+00 1.000000e+00
    outer loop
      vertex   1.985076e-01 -1.990124e+00 2.000000e+00
      vertex   2.080616e-01 -1.535972e+00 2.000000e+00
      vertex   6.954049e-02 -1.548439e+00 2.000000e+00
    endloop
  endfacet
  facet normal 0.000000e+00 0.000000e+00 1.000000e+00
    outer loop
      vertex   1.985076e-01 -1.990124e+00 2.000000e+00
      vertex   6.954049e-02 -1.548439e+00 2.000000e+00
      vertex   3.976438e-02 -1.999605e+00 2.000000e+00
    endloop
  endfacet
  facet normal 0.000000e+00 -0.000000e+00 1.000000e+00
    outer loop
      vertex   3.976438e-02 -1.999605e+00 2.000000e+00
      vertex   6.954049e-02 -1.548439e+00 2.000000e+00
      vertex   -6.954049e-02 -1.548439e+00 2.000000e+00
    endloop
  endfacet
  facet normal 0.000000e+00 0.000000e+00 1.000000e+00
    outer loop
      vertex   3.976438e-02 -1.999605e+00 2.000000e+00
      vertex   -6.954049e-02 -1.548439e+00 2.000000e+00
      vertex   -1.192303e-01 -1.996443e+00 2.000000e+00
    endloop
  endfacet
  facet normal 0.000000e+00 -0.000000e+00 1.000000e+00
    outer loop
      vertex   -1.192303e-01 -1.996443e+00 2.000000e+00
      vertex   -6.954049e-02 -1.548439e+00 2.000000e+00
      vertex   -2.080616e-01 -1.535972e+00 2.000000e+00
    endloop
  endfacet
  facet normal 0.000000e+00 0.000000e+00 1.000000e+00
    outer loop
      vertex   -1.192303e-01 -1.996443e+00 2.000000e+00
      vertex   -2.080616e-01 -1.535972e+00 2.000000e+00
      vertex   -2.774711e-01 -1.980659e+00 2.000000e+00
    endloop
  endfacet
  facet normal 0.000000e+00 -0.000000e+00 1.000000e+00
    outer loop
      vertex   -2.774711e-01 -1.980659e+00 2.000000e+00
      vertex   -2.080616e-01 -1.535972e+00 2.000000e+00
      vertex   -4.339576e-01 -1.952353e+00 2.000000e+00
    endloop
  endfacet
  facet normal 0.000000e+00 0.000000e+00 1.000000e+00
    outer loop
      vertex   -4.339576e-01 -1.952353e+00 2.000000e+00
      vertex   -2.080616e-01 -1.535972e+00 2.000000e+00
      vertex   -3.449074e-01 -1.511138e+00 2.000000e+00
    endloop
  endfacet
  facet normal 0.000000e+00 -0.000000e+00 1.000000e+00
    outer loop
      vertex   -4.339576e-01 -1.952353e+00 2.000000e+00
      vertex   -3.449074e-01 -1.511138e+00 2.000000e+00
      vertex   -5.877005e-01 -1.911703e+00 2.000000e+00
    endloop
  endfacet
  facet normal 0.000000e+00 0.000000e+00 1.000000e+00
    outer loop
      vertex   -5.877005e-01 -1.911703e+00 2.000000e+00
      vertex   -3.449074e-01 -1.511138e+00 2.000000e+00
      vertex   -4.789763e-01 -1.474138e+00 2.000000e+00
    endloop
  endfacet
  facet normal 0.000000e+00 -0.000000e+00 1.000000e+00
    outer loop
      vertex   -5.877005e-01 -1.911703e+00 2.000000e+00
      vertex   -4.789763e-01 -1.474138e+00 2.000000e+00
      vertex   -7.377278e-01 -1.858967e+00 2.000000e+00
    endloop
  endfacet
  facet normal 0.000000e+00 0.000000e+00 1.000000e+00
    outer loop
      vertex   -7.377278e-01 -1.858967e+00 2.000000e+00
      vertex   -4.789763e-01 -1.474138e+00 2.000000e+00
      vertex   -6.091888e-01 -1.425268e+00 2.000000e+00
    endloop
  endfacet
  facet normal 0.000000e+00 -0.000000e+00 1.000000e+00
    outer loop
      vertex   -7.377278e-01 -1.858967e+00 2.000000e+00
      vertex   -6.091888e-01 -1.425268e+00 2.000000e+00
      vertex   -8.830910e-01 -1.794478e+00 2.000000e+00
    endloop
  endfacet
  facet normal 0.000000e+00 0.000000e+00 1.000000e+00
    outer loop
      vertex   -8.830910e-01 -1.794478e+00 2.000000e+00
      vertex   -6.091888e-01 -1.425268e+00 2.000000e+00
      vertex   -7.344964e-01 -1.364923e+00 2.000000e+00
    endloop
  endfacet
  facet normal 0.000000e+00 -0.000000e+00 1.000000e+00
    outer loop
      vertex   -8.830910e-01 -1.794478e+00 2.000000e+00
      vertex   -7.344964e-01 -1.364923e+00 2.000000e+00
      vertex   -1.022871e+00 -1.718643e+00 2.000000e+00
    endloop
  endfacet
  facet normal 0.000000e+00 0.000000e+00 1.000000e+00
    outer loop
      vertex   -1.022871e+00 -1.718643e+00 2.000000e+00
      vertex   -7.344964e-01 -1.364923e+00 2.000000e+00
      vertex   -8.538903e-01 -1.293589e+00 2.000000e+00
    endloop
  endfacet
  facet normal 0.000000e+00 -0.000000e+00 1.000000e+00
    outer loop
      vertex   -1.022871e+00 -1.718643e+00 2.000000e+00
      vertex   -8.538903e-01 -1.293589e+00 2.000000e+00
      vertex   -1.156184e+00 -1.631943e+00 2.000000e+00
    endloop
  endfacet
  facet normal 0.000000e+00 0.000000e+00 1.000000e+00
    outer loop
      vertex   -1.156184e+00 -1.631943e+00 2.000000e+00
      vertex   -8.538903e-01 -1.293589e+00 2.000000e+00
      vertex   -9.664092e-01 -1.211839e+00 2.000000e+00
    endloop
  endfacet
  facet normal 0.000000e+00 -0.000000e+00 1.000000e+00
    outer loop
      vertex   -1.156184e+00 -1.631943e+00 2.000000e+00
      vertex   -9.664092e-01 -1.211839e+00 2.000000e+00
      vertex   -1.282187e+00 -1.534925e+00 2.000000e+00
    endloop
  endfacet
  facet normal 0.000000e+00 0.000000e+00 1.000000e+00
    outer loop
      vertex   -1.282187e+00 -1.534925e+00 2.000000e+00
      vertex   -9.664092e-01 -1.211839e+00 2.000000e+00
      vertex   -1.071147e+00 -1.120332e+00 2.000000e+00
    endloop
  endfacet
  facet normal 0.000000e+00 -0.000000e+00 1.000000e+00
    outer loop
      vertex   -1.282187e+00 -1.534925e+00 2.000000e+00
      vertex   -1.071147e+00 -1.120332e+00 2.000000e+00
      vertex   -1.400084e+00 -1.428203e+00 2.000000e+00
    endloop
  endfacet
  facet normal 0.000000e+00 0.000000e+00 1.000000e+00
    outer loop
      vertex   -1.400084e+00 -1.428203e+00 2.000000e+00
      vertex   -1.071147e+00 -1.120332e+00 2.000000e+00
      vertex   -1.167261e+00 -1.019805e+00 2.000000e+00
    endloop
  endfacet
  facet normal 0.000000e+00 -0.000000e+00 1.000000e+00
    outer loop
      vertex   -1.400084e+00 -1.428203e+00 2.000000e+00
      vertex   -1.167261e+00 -1.019805e+00 2.000000e+00
      vertex   -1.509129e+00 -1.312451e+00 2.000000e+00
    endloop
  endfacet
  facet normal 0.000000e+00 -0.000000e+00 1.000000e+00
    outer loop
      vertex   -1.509129e+00 -1.312451e+00 2.000000e+00
      vertex   -1.167261e+00 -1.019805e+00 2.000000e+00
      vertex   -1.608633e+00 -1.188402e+00 2.000000e+00
    endloop
  endfacet
  facet normal 0.000000e+00 0.000000e+00 1.000000e+00
    outer loop
      vertex   -1.608633e+00 -1.188402e+00 2.000000e+00
      vertex   -1.167261e+00 -1.019805e+00 2.000000e+00
      vertex   -1.253976e+00 -9.110671e-01 2.000000e+00
    endloop
  endfacet
  facet normal 0.000000e+00 -0.000000e+00 1.000000e+00
    outer loop
      vertex   -1.608633e+00 -1.188402e+00 2.000000e+00
      vertex   -1.253976e+00 -9.110671e-01 2.000000e+00
      vertex   -1.697967e+00 -1.056839e+00 2.000000e+00
    endloop
  endfacet
  facet normal 0.000000e+00 0.000000e+00 1.000000e+00
    outer loop
      vertex   -1.697967e+00 -1.056839e+00 2.000000e+00
      vertex   -1.253976e+00 -9.110671e-01 2.000000e+00
      vertex   -1.330596e+00 -7.949939e-01 2.000000e+00
    endloop
  endfacet
  facet normal 0.000000e+00 -0.000000e+00 1.000000e+00
    outer loop
      vertex   -1.697967e+00 -1.056839e+00 2.000000e+00
      vertex   -1.330596e+00 -7.949939e-01 2.000000e+00
      vertex   -1.776565e+00 -9.185946e-01 2.000000e+00
    endloop
  endfacet
  facet normal 0.000000e+00 0.000000e+00 1.000000e+00
    outer loop
      vertex   -1.776565e+00 -9.185946e-01 2.000000e+00
      vertex   -1.330596e+00 -7.949939e-01 2.000000e+00
      vertex   -1.396502e+00 -6.725198e-01 2.000000e+00
    endloop
  endfacet
  facet normal 0.000000e+00 -0.000000e+00 1.000000e+00
    outer loop
      vertex   -1.776565e+00 -9.185946e-01 2.000000e+00
      vertex   -1.396502e+00 -6.725198e-01 2.000000e+00
      vertex   -1.843932e+00 -7.745423e-01 2.000000e+00
    endloop
  endfacet
  facet normal 0.000000e+00 0.000000e+00 1.000000e+00
    outer loop
      vertex   -1.843932e+00 -7.745423e-01 2.000000e+00
      vertex   -1.396502e+00 -6.725198e-01 2.000000e+00
      vertex   -1.451164e+00 -5.446310e-01 2.000000e+00
    endloop
  endfacet
  facet normal 0.000000e+00 -0.000000e+00 1.000000e+00
    outer loop
      vertex   -1.843932e+00 -7.745423e-01 2.000000e+00
      vertex   -1.451164e+00 -5.446310e-01 2.000000e+00
      vertex   -1.899640e+00 -6.255932e-01 2.000000e+00
    endloop
  endfacet
  facet normal 0.000000e+00 0.000000e+00 1.000000e+00
    outer loop
      vertex   -1.899640e+00 -6.255932e-01 2.000000e+00
      vertex   -1.451164e+00 -5.446310e-01 2.000000e+00
      vertex   -1.494142e+00 -4.123571e-01 2.000000e+00
    endloop
  endfacet
  facet normal 0.000000e+00 -0.000000e+00 1.000000e+00
    outer loop
      vertex   -1.899640e+00 -6.255932e-01 2.000000e+00
      vertex   -1.494142e+00 -4.123571e-01 2.000000e+00
      vertex   -1.943339e+00 -4.726889e-01 2.000000e+00
    endloop
  endfacet
  facet normal 0.000000e+00 0.000000e+00 1.000000e+00
    outer loop
      vertex   -1.943339e+00 -4.726889e-01 2.000000e+00
      vertex   -1.494142e+00 -4.123571e-01 2.000000e+00
      vertex   -1.525091e+00 -2.767632e-01 2.000000e+00
    endloop
  endfacet
  facet normal 0.000000e+00 -0.000000e+00 1.000000e+00
    outer loop
      vertex   -1.943339e+00 -4.726889e-01 2.000000e+00
      vertex   -1.525091e+00 -2.767632e-01 2.000000e+00
      vertex   -1.974751e+00 -3.167960e-01 2.000000e+00
    endloop
  endfacet
  facet normal 0.000000e+00 0.000000e+00 1.000000e+00
    outer loop
      vertex   -1.974751e+00 -3.167960e-01 2.000000e+00
      vertex   -1.525091e+00 -2.767632e-01 2.000000e+00
      vertex   -1.543760e+00 -1.389409e-01 2.000000e+00
    endloop
  endfacet
  facet normal 0.000000e+00 -0.000000e+00 1.000000e+00
    outer loop
      vertex   -1.974751e+00 -3.167960e-01 2.000000e+00
      vertex   -1.543760e+00 -1.389409e-01 2.000000e+00
      vertex   -1.993678e+00 -1.589003e-01 2.000000e+00
    endloop
  endfacet
  facet normal 0.000000e+00 0.000000e+00 1.000000e+00
    outer loop
      vertex   -1.993678e+00 -1.589003e-01 2.000000e+00
      vertex   -1.543760e+00 -1.389409e-01 2.000000e+00
      vertex   -1.550000e+00 -1.898203e-16 2.000000e+00
    endloop
  endfacet
  facet normal -0.000000e+00 0.000000e+00 -1.000000e+00
    outer loop
      vertex   -1.543760e+00 -1.389409e-01 0.000000e+00
      vertex   -1.993678e+00 -1.589003e-01 0.000000e+00
      vertex   -1.550000e+00 -1.898203e-16 0.000000e+00
    endloop
  endfacet
  facet normal 0.000000e+00 0.000000e+00 -1.000000e+00
    outer loop
      vertex   -1.550000e+00 -1.898203e-16 0.000000e+00
      vertex   -1.993678e+00 -1.589003e-01 0.000000e+00
      vertex   -2.000000e+00 -2.449294e-16 0.000000e+00
    endloop
  endfacet
  facet normal -0.000000e+00 0.000000e+00 -1.000000e+00
    outer loop
      vertex   -1.550000e+00 -1.898203e-16 0.000000e+00
      vertex   -2.000000e+00 -2.449294e-16 0.000000e+00
      vertex   -1.993678e+00 1.589003e-01 0.000000e+00
    endloop
  endfacet
  facet normal 0.000000e+00 0.000000e+00 -1.000000e+00
    outer loop
      vertex   -1.993678e+00 -1.589003e-01 0.000000e+00
      vertex   -1.543760e+00 -1.389409e-01 0.000000e+00
      vertex   -1.974751e+00 -3.167960e-01 0.000000e+00
    endloop
  endfacet
  facet normal 0.000000e+00 0.000000e+00 -1.000000e+00
    outer loop
      vertex   -1.974751e+00 -3.167960e-01 0.000000e+00
      vertex   -1.543760e+00 -1.389409e-01 0.000000e+00
      vertex   -1.525091e+00 -2.767632e-01 0.000000e+00
    endloop
  endfacet
  facet normal 0.000000e+00 0.000000e+00 -1.000000e+00
    outer loop
      vertex   -1.974751e+00 -3.167960e-01 0.000000e+00
      vertex   -1.525091e+00 -2.767632e-01 0.000000e+00
      vertex   -1.943339e+00 -4.726889e-01 0.000000e+00
    endloop
  endfacet
  facet normal 0.000000e+00 0.000000e+00 -1.000000e+00
    outer loop
      vertex   -1.943339e+00 -4.726889e-01 0.000000e+00
      vertex   -1.525091e+00 -2.767632e-01 0.000000e+00
      vertex   -1.494142e+00 -4.123571e-01 0.000000e+00
    endloop
  endfacet
  facet normal 0.000000e+00 0.000000e+00 -1.000000e+00
    outer loop
      vertex   -1.943339e+00 -4.726889e-01 0.000000e+00
      vertex   -1.494142e+00 -4.123571e-01 0.000000e+00
      vertex   -1.899640e+00 -6.255932e-01 0.000000e+00
    endloop
  endfacet
  facet normal 0.000000e+00 0.000000e+00 -1.000000e+00
    outer loop
      vertex   -1.899640e+00 -6.255932e-01 0.000000e+00
      vertex   -1.494142e+00 -4.123571e-01 0.000000e+00
      vertex   -1.451164e+00 -5.446310e-01 0.000000e+00
    endloop
  endfacet
  facet normal 0.000000e+00 0.000000e+00 -1.000000e+00
    outer loop
      vertex   -1.899640e+00 -6.255932e-01 0.000000e+00
      vertex   -1.451164e+00 -5.446310e-01 0.000000e+00
      vertex   -1.843932e+00 -7.745423e-01 0.000000e+00
    endloop
  endfacet
  facet normal 0.000000e+00 0.000000e+00 -1.000000e+00
    outer loop
      vertex   -1.843932e+00 -7.745423e-01 0.000000e+00
      vertex   -1.451164e+00 -5.446310e-01 0.000000e+00
      vertex   -1.396502e+00 -6.725198e-01 0.000000e+00
    endloop
  endfacet
  facet normal 0.000000e+00 0.000000e+00 -1.000000e+00
    outer loop
      vertex   -1.843932e+00 -7.745423e-01 0.000000e+00
      vertex   -1.396502e+00 -6.725198e-01 0.000000e+00
      vertex   -1.776565e+00 -9.185946e-01 0.000000e+00
    endloop
  endfacet
  facet normal 0.000000e+00 0.000000e+00 -1.000000e+00
    outer loop
      vertex   -1.776565e+00 -9.185946e-01 0.000000e+00
      vertex   -1.396502e+00 -6.725198e-01 0.000000e+00
      vertex   -1.330596e+00 -7.949939e-01 0.000000e+00
    endloop
  endfacet
  facet normal 0.000000e+00 0.000000e+00 -1.000000e+00
    outer loop
      vertex   -1.776565e+00 -9.185946e-01 0.000000e+00
      vertex   -1.330596e+00 -7.949939e-01 0.000000e+00
      vertex   -1.697967e+00 -1.056839e+00 0.000000e+00
    endloop
  endfacet
  facet normal 0.000000e+00 0.000000e+00 -1.000000e+00
    outer loop
      vertex   -1.697967e+00 -1.056839e+00 0.000000e+00
      vertex   -1.330596e+00 -7.949939e-01 0.000000e+00
      vertex   -1.253976e+00 -9.110671e-01 0.000000e+00
    endloop
  endfacet
  facet normal 0.000000e+00 0.000000e+00 -1.000000e+00
    outer loop
      vertex   -1.697967e+00 -1.056839e+00 0.000000e+00
      vertex   -1.253976e+00 -9.110671e-01 0.000000e+00
      vertex   -1.608633e+00 -1.188402e+00 0.000000e+00
    endloop
  endfacet
  facet normal 0.000000e+00 0.000000e+00 -1.000000e+00
    outer loop
      vertex   -1.608633e+00 -1.188402e+00 0.000000e+00
      vertex   -1.253976e+00 -9.110671e-01 0.000000e+00
      vertex   -1.167261e+00 -1.019805e+00 0.000000e+00
    endloop
  endfacet
  facet normal 0.000000e+00 0.000000e+00 -1.000000e+00
    outer loop
      vertex   -1.608633e+00 -1.188402e+00 0.000000e+00
      vertex   -1.167261e+00 -1.019805e+00 0.000000e+00
      vertex   -1.509129e+00 -1.312451e+00 0.000000e+00
    endloop
  endfacet
  facet normal 0.000000e+00 0.000000e+00 -1.000000e+00
    outer loop
      vertex   -1.509129e+00 -1.312451e+00 0.000000e+00
      vertex   -1.167261e+00 -1.019805e+00 0.000000e+00
      vertex   -1.400084e+00 -1.428203e+00 0.000000e+00
    endloop
  endfacet
  facet normal 0.000000e+00 0.000000e+00 -1.000000e+00
    outer loop
      vertex   -1.400084e+00 -1.428203e+00 0.000000e+00
      vertex   -1.167261e+00 -1.019805e+00 0.000000e+00
      vertex   -1.071147e+00 -1.120332e+00 0.000000e+00
    endloop
  endfacet
  facet normal 0.000000e+00 0.000000e+00 -1.000000e+00
    outer loop
      vertex   -1.400084e+00 -1.428203e+00 0.000000e+00
      vertex   -1.071147e+00 -1.120332e+00 0.000000e+00
      vertex   -1.282187e+00 -1.534925e+00 0.000000e+00
    endloop
  endfacet
  facet normal 0.000000e+00 0.000000e+00 -1.000000e+00
    outer loop
      vertex   -1.282187e+00 -1.534925e+00 0.000000e+00
      vertex   -1.071147e+00 -1.120332e+00 0.000000e+00
      vertex   -9.664092e-01 -1.211839e+00 0.000000e+00
    endloop
  endfacet
  facet normal 0.000000e+00 0.000000e+00 -1.000000e+00
    outer loop
      vertex   -1.282187e+00 -1.534925e+00 0.000000e+00
      vertex   -9.664092e-01 -1.211839e+00 0.000000e+00
      vertex   -1.156184e+00 -1.631943e+00 0.000000e+00
    endloop
  endfacet
  facet normal 0.000000e+00 0.000000e+00 -1.000000e+00
    outer loop
      vertex   -1.156184e+00 -1.631943e+00 0.000000e+00
      vertex   -9.664092e-01 -1.211839e+00 0.000000e+00
      vertex   -8.538903e-01 -1.293589e+00 0.000000e+00
    endloop
  endfacet
  facet normal 0.000000e+00 0.000000e+00 -1.000000e+00
    outer loop
      vertex   -1.156184e+00 -1.631943e+00 0.000000e+00
      vertex   -8.538903e-01 -1.293589e+00 0.000000e+00
      vertex   -1.022871e+00 -1.718643e+00 0.000000e+00
    endloop
  endfacet
  facet normal 0.000000e+00 0.000000e+00 -1.000000e+00
    outer loop
      vertex   -1.022871e+00 -1.718643e+00 0.000000e+00
      vertex   -8.538903e-01 -1.293589e+00 0.000000e+00
      vertex   -7.344964e-01 -1.364923e+00 0.000000e+00
    endloop
  endfacet
  facet normal 0.000000e+00 0.000000e+00 -1.000000e+00
    outer loop
      vertex   -1.022871e+00 -1.718643e+00 0.000000e+00
      vertex   -7.344964e-01 -1.364923e+00 0.000000e+00
      vertex   -8.830910e-01 -1.794478e+00 0.000000e+00
    endloop
  endfacet
  facet normal 0.000000e+00 0.000000e+00 -1.000000e+00
    outer loop
      vertex   -8.830910e-01 -1.794478e+00 0.000000e+00
      vertex   -7.344964e-01 -1.364923e+00 0.000000e+00
      vertex   -6.091888e-01 -1.425268e+00 0.000000e+00
    endloop
  endfacet
  facet normal 0.000000e+00 0.000000e+00 -1.000000e+00
    outer loop
      vertex   -8.830910e-01 -1.794478e+00 0.000000e+00
      vertex   -6.091888e-01 -1.425268e+00 0.000000e+00
      vertex   -7.377278e-01 -1.858967e+00 0.000000e+00
    endloop
  endfacet
  facet normal 0.000000e+00 0.000000e+00 -1.000000e+00
    outer loop
      vertex   -7.377278e-01 -1.858967e+00 0.000000e+00
      vertex   -6.091888e-01 -1.425268e+00 0.000000e+00
      vertex   -4.789763e-01 -1.474138e+00 0.000000e+00
    endloop
  endfacet
  facet normal 0.000000e+00 0.000000e+00 -1.000000e+00
    outer loop
      vertex   -7.377278e-01 -1.858967e+00 0.000000e+00
      vertex   -4.789763e-01 -1.474138e+00 0.000000e+00
      vertex   -5.877005e-01 -1.911703e+00 0.000000e+00
    endloop
  endfacet
  facet normal 0.000000e+00 0.000000e+00 -1.000000e+00
    outer loop
      vertex   -5.877005e-01 -1.911703e+00 0.000000e+00
      vertex   -4.789763e-01 -1.474138e+00 0.000000e+00
      vertex   -3.449074e-01 -1.511138e+00 0.000000e+00
    endloop
  endfacet
  facet normal 0.000000e+00 0.000000e+00 -1.000000e+00
    outer loop
      vertex   -5.877005e-01 -1.911703e+00 0.000000e+00
      vertex   -3.449074e-01 -1.511138e+00 0.000000e+00
      vertex   -4.339576e-01 -1.952353e+00 0.000000e+00
    endloop
  endfacet
  facet normal 0.000000e+00 0.000000e+00 -1.000000e+00
    outer loop
      vertex   -4.339576e-01 -1.952353e+00 0.000000e+00
      vertex   -3.449074e-01 -1.511138e+00 0.000000e+00
      vertex   -2.080616e-01 -1.535972e+00 0.000000e+00
    endloop
  endfacet
  facet normal 0.000000e+00 0.000000e+00 -1.000000e+00
    outer loop
      vertex   -4.339576e-01 -1.952353e+00 0.000000e+00
      vertex   -2.080616e-01 -1.535972e+00 0.000000e+00
      vertex   -2.774711e-01 -1.980659e+00 0.000000e+00
    endloop
  endfacet
  facet normal 0.000000e+00 0.000000e+00 -1.000000e+00
    outer loop
      vertex   -2.774711e-01 -1.980659e+00 0.000000e+00
      vertex   -2.080616e-01 -1.535972e+00 0.000000e+00
      vertex   -1.192303e-01 -1.996443e+00 0.000000e+00
    endloop
  endfacet
  facet normal 0.000000e+00 0.000000e+00 -1.000000e+00
    outer loop
      vertex   -1.192303e-01 -1.996443e+00 0.000000e+00
      vertex   -2.080616e-01 -1.535972e+00 0.000000e+00
      vertex   -6.954049e-02 -1.548439e+00 0.000000e+00
    endloop
  endfacet
  facet normal 0.000000e+00 0.000000e+00 -1.000000e+00
    outer loop
      vertex   -1.192303e-01 -1.996443e+00 0.000000e+00
      vertex   -6.954049e-02 -1.548439e+00 0.000000e+00
      vertex   3.976438e-02 -1.999605e+00 0.000000e+00
    endloop
  endfacet
  facet normal 0.000000e+00 0.000000e+00 -1.000000e+00
    outer loop
      vertex   3.976438e-02 -1.999605e+00 0.000000e+00
      vertex   -6.954049e-02 -1.548439e+00 0.000000e+00
      vertex   6.954049e-02 -1.548439e+00 0.000000e+00
    endloop
  endfacet
  facet normal 0.000000e+00 0.000000e+00 -1.000000e+00
    outer loop
      vertex   3.976438e-02 -1.999605e+00 0.000000e+00
      vertex   6.954049e-02 -1.548439e+00 0.000000e+00
      vertex   1.985076e-01 -1.990124e+00 0.000000e+00
    endloop
  endfacet
  facet normal 0.000000e+00 0.000000e+00 -1.000000e+00
    outer loop
      vertex   1.985076e-01 -1.990124e+00 0.000000e+00
      vertex   6.954049e-02 -1.548439e+00 0.000000e+00
      vertex   2.080616e-01 -1.535972e+00 0.000000e+00
    endloop
  endfacet
  facet normal 0.000000e+00 0.000000e+00 -1.000000e+00
    outer loop
      vertex   1.985076e-01 -1.990124e+00 0.000000e+00
      vertex   2.080616e-01 -1.535972e+00 0.000000e+00
      vertex   3.559958e-01 -1.968062e+00 0.000000e+00
    endloop
  endfacet
  facet normal 0.000000e+00 0.000000e+00 -1.000000e+00
    outer loop
      vertex   3.559958e-01 -1.968062e+00 0.000000e+00
      vertex   2.080616e-01 -1.535972e+00 0.000000e+00
      vertex   3.449074e-01 -1.511138e+00 0.000000e+00
    endloop
  endfacet
  facet normal 0.000000e+00 0.000000e+00 -1.000000e+00
    outer loop
      vertex   3.559958e-01 -1.968062e+00 0.000000e+00
      vertex   3.449074e-01 -1.511138e+00 0.000000e+00
      vertex   5.112333e-01 -1.933556e+00 0.000000e+00
    endloop
  endfacet
  facet normal 0.000000e+00 0.000000e+00 -1.000000e+00
    outer loop
      vertex   5.112333e-01 -1.933556e+00 0.000000e+00
      vertex   3.449074e-01 -1.511138e+00 0.000000e+00
      vertex   4.789763e-01 -1.474138e+00 0.000000e+00
    endloop
  endfacet
  facet normal 0.000000e+00 0.000000e+00 -1.000000e+00
    outer loop
      vertex   5.112333e-01 -1.933556e+00 0.000000e+00
      vertex   4.789763e-01 -1.474138e+00 0.000000e+00
      vertex   6.632386e-01 -1.886827e+00 0.000000e+00
    endloop
  endfacet
  facet normal 0.000000e+00 0.000000e+00 -1.000000e+00
    outer loop
      vertex   6.632386e-01 -1.886827e+00 0.000000e+00
      vertex   4.789763e-01 -1.474138e+00 0.000000e+00
      vertex   6.091888e-01 -1.425268e+00 0.000000e+00
    endloop
  endfacet
  facet normal 0.000000e+00 0.000000e+00 -1.000000e+00
    outer loop
      vertex   6.632386e-01 -1.886827e+00 0.000000e+00
      vertex   6.091888e-01 -1.425268e+00 0.000000e+00
      vertex   8.110506e-01 -1.828168e+00 0.000000e+00
    endloop
  endfacet
  facet normal 0.000000e+00 0.000000e+00 -1.000000e+00
    outer loop
      vertex   8.110506e-01 -1.828168e+00 0.000000e+00
      vertex   6.091888e-01 -1.425268e+00 0.000000e+00
      vertex   7.344964e-01 -1.364923e+00 0.000000e+00
    endloop
  endfacet
  facet normal 0.000000e+00 0.000000e+00 -1.000000e+00
    outer loop
      vertex   8.110506e-01 -1.828168e+00 0.000000e+00
      vertex   7.344964e-01 -1.364923e+00 0.000000e+00
      vertex   9.537350e-01 -1.757950e+00 0.000000e+00
    endloop
  endfacet
  facet normal 0.000000e+00 0.000000e+00 -1.000000e+00
    outer loop
      vertex   9.537350e-01 -1.757950e+00 0.000000e+00
      vertex   7.344964e-01 -1.364923e+00 0.000000e+00
      vertex   1.090390e+00 -1.676619e+00 0.000000e+00
    endloop
  endfacet
  facet normal 0.000000e+00 0.000000e+00 -1.000000e+00
    outer loop
      vertex   1.090390e+00 -1.676619e+00 0.000000e+00
      vertex   7.344964e-01 -1.364923e+00 0.000000e+00
      vertex   8.538903e-01 -1.293589e+00 0.000000e+00
    endloop
  endfacet
  facet normal 0.000000e+00 0.000000e+00 -1.000000e+00
    outer loop
      vertex   1.090390e+00 -1.676619e+00 0.000000e+00
      vertex   8.538903e-01 -1.293589e+00 0.000000e+00
      vertex   1.220150e+00 -1.584687e+00 0.000000e+00
    endloop
  endfacet
  facet normal 0.000000e+00 0.000000e+00 -1.000000e+00
    outer loop
      vertex   1.220150e+00 -1.584687e+00 0.000000e+00
      vertex   8.538903e-01 -1.293589e+00 0.000000e+00
      vertex   9.664092e-01 -1.211839e+00 0.000000e+00
    endloop
  endfacet
  facet normal 0.000000e+00 0.000000e+00 -1.000000e+00
    outer loop
      vertex   1.220150e+00 -1.584687e+00 0.000000e+00
      vertex   9.664092e-01 -1.211839e+00 0.000000e+00
      vertex   1.342197e+00 -1.482737e+00 0.000000e+00
    endloop
  endfacet
  facet normal 0.000000e+00 0.000000e+00 -1.000000e+00
    outer loop
      vertex   1.342197e+00 -1.482737e+00 0.000000e+00
      vertex   9.664092e-01 -1.211839e+00 0.000000e+00
      vertex   1.071147e+00 -1.120332e+00 0.000000e+00
    endloop
  endfacet
  facet normal 0.000000e+00 0.000000e+00 -1.000000e+00
    outer loop
      vertex   1.342197e+00 -1.482737e+00 0.000000e+00
      vertex   1.071147e+00 -1.120332e+00 0.000000e+00
      vertex   1.455758e+00 -1.371412e+00 0.000000e+00
    endloop
  endfacet
  facet normal 0.000000e+00 0.000000e+00 -1.000000e+00
    outer loop
      vertex   1.455758e+00 -1.371412e+00 0.000000e+00
      vertex   1.071147e+00 -1.120332e+00 0.000000e+00
      vertex   1.167261e+00 -1.019805e+00 0.000000e+00
    endloop
  endfacet
  facet normal 0.000000e+00 0.000000e+00 -1.000000e+00
    outer loop
      vertex   1.455758e+00 -1.371412e+00 0.000000e+00
      vertex   1.167261e+00 -1.019805e+00 0.000000e+00
      vertex   1.560115e+00 -1.251416e+00 0.000000e+00
    endloop
  endfacet
  facet normal 0.000000e+00 0.000000e+00 -1.000000e+00
    outer loop
      vertex   1.560115e+00 -1.251416e+00 0.000000e+00
      vertex   1.167261e+00 -1.019805e+00 0.000000e+00
      vertex   1.253976e+00 -9.110671e-01 0.000000e+00
    endloop
  endfacet
  facet normal 0.000000e+00 0.000000e+00 -1.000000e+00
    outer loop
      vertex   1.560115e+00 -1.251416e+00 0.000000e+00
      vertex   1.253976e+00 -9.110671e-01 0.000000e+00
      vertex   1.654608e+00 -1.123509e+00 0.000000e+00
    endloop
  endfacet
  facet normal 0.000000e+00 0.000000e+00 -1.000000e+00
    outer loop
      vertex   1.654608e+00 -1.123509e+00 0.000000e+00
      vertex   1.253976e+00 -9.110671e-01 0.000000e+00
      vertex   1.330596e+00 -7.949939e-01 0.000000e+00
    endloop
  endfacet
  facet normal 0.000000e+00 0.000000e+00 -1.000000e+00
    outer loop
      vertex   1.654608e+00 -1.123509e+00 0.000000e+00
      vertex   1.330596e+00 -7.949939e-01 0.000000e+00
      vertex   1.738641e+00 -9.884984e-01 0.000000e+00
    endloop
  endfacet
  facet normal 0.000000e+00 0.000000e+00 -1.000000e+00
    outer loop
      vertex   1.738641e+00 -9.884984e-01 0.000000e+00
      vertex   1.330596e+00 -7.949939e-01 0.000000e+00
      vertex   1.396502e+00 -6.725198e-01 0.000000e+00
    endloop
  endfacet
  facet normal 0.000000e+00 0.000000e+00 -1.000000e+00
    outer loop
      vertex   1.738641e+00 -9.884984e-01 0.000000e+00
      vertex   1.396502e+00 -6.725198e-01 0.000000e+00
      vertex   1.811681e+00 -8.472383e-01 0.000000e+00
    endloop
  endfacet
  facet normal 0.000000e+00 0.000000e+00 -1.000000e+00
    outer loop
      vertex   1.811681e+00 -8.472383e-01 0.000000e+00
      vertex   1.396502e+00 -6.725198e-01 0.000000e+00
      vertex   1.451164e+00 -5.446310e-01 0.000000e+00
    endloop
  endfacet
  facet normal 0.000000e+00 0.000000e+00 -1.000000e+00
    outer loop
      vertex   1.811681e+00 -8.472383e-01 0.000000e+00
      vertex   1.451164e+00 -5.446310e-01 0.000000e+00
      vertex   1.873267e+00 -7.006217e-01 0.000000e+00
    endloop
  endfacet
  facet normal 0.000000e+00 0.000000e+00 -1.000000e+00
    outer loop
      vertex   1.873267e+00 -7.006217e-01 0.000000e+00
      vertex   1.451164e+00 -5.446310e-01 0.000000e+00
      vertex   1.923010e+00 -5.495755e-01 0.000000e+00
    endloop
  endfacet
  facet normal 0.000000e+00 0.000000e+00 -1.000000e+00
    outer loop
      vertex   1.923010e+00 -5.495755e-01 0.000000e+00
      vertex   1.451164e+00 -5.446310e-01 0.000000e+00
      vertex   1.494142e+00 -4.123571e-01 0.000000e+00
    endloop
  endfacet
  facet normal 0.000000e+00 0.000000e+00 -1.000000e+00
    outer loop
      vertex   1.923010e+00 -5.495755e-01 0.000000e+00
      vertex   1.494142e+00 -4.123571e-01 0.000000e+00
      vertex   1.960595e+00 -3.950548e-01 0.000000e+00
    endloop
  endfacet
  facet normal -0.000000e+00 0.000000e+00 -1.000000e+00
    outer loop
      vertex   1.960595e+00 -3.950548e-01 0.000000e+00
      vertex   1.494142e+00 -4.123571e-01 0.000000e+00
      vertex   1.525091e+00 -2.767632e-01 0.000000e+00
    endloop
  endfacet
  facet normal 0.000000e+00 0.000000e+00 -1.000000e+00
    outer loop
      vertex   1.960595e+00 -3.950548e-01 0.000000e+00
      vertex   1.525091e+00 -2.767632e-01 0.000000e+00
      vertex   1.985784e+00 -2.380364e-01 0.000000e+00
    endloop
  endfacet
  facet normal -0.000000e+00 0.000000e+00 -1.000000e+00
    outer loop
      vertex   1.985784e+00 -2.380364e-01 0.000000e+00
      vertex   1.525091e+00 -2.767632e-01 0.000000e+00
      vertex   1.543760e+00 -1.389409e-01 0.000000e+00
    endloop
  endfacet
  facet normal 0.000000e+00 0.000000e+00 -1.000000e+00
    outer loop
      vertex   1.985784e+00 -2.380364e-01 0.000000e+00
      vertex   1.543760e+00 -1.389409e-01 0.000000e+00
      vertex   1.998419e+00 -7.951303e-02 0.000000e+00
    endloop
  endfacet
  facet normal -0.000000e+00 0.000000e+00 -1.000000e+00
    outer loop
      vertex   1.998419e+00 -7.951303e-02 0.000000e+00
      vertex   1.543760e+00 -1.389409e-01 0.000000e+00
      vertex   1.550000e+00 0.000000e+00 0.000000e+00
    endloop
  endfacet
  facet normal 0.000000e+00 0.000000e+00 -1.000000e+00
    outer loop
      vertex   1.998419e+00 -7.951303e-02 0.000000e+00
      vertex   1.550000e+00 0.000000e+00 0.000000e+00
      vertex   1.998419e+00 7.951303e-02 0.000000e+00
    endloop
  endfacet
  facet normal -0.000000e+00 0.000000e+00 -1.000000e+00
    outer loop
      vertex   1.998419e+00 7.951303e-02 0.000000e+00
      vertex   1.550000e+00 0.000000e+00 0.000000e+00
      vertex   1.543760e+00 1.389409e-01 0.000000e+00
    endloop
  endfacet
  facet normal 0.000000e+00 0.000000e+00 -1.000000e+00
    outer loop
      vertex   1.998419e+00 7.951303e-02 0.000000e+00
      vertex   1.543760e+00 1.389409e-01 0.000000e+00
      vertex   1.985784e+00 2.380364e-01 0.000000e+00
    endloop
  endfacet
  facet normal -0.000000e+00 0.000000e+00 -1.000000e+00
    outer loop
      vertex   1.985784e+00 2.380364e-01 0.000000e+00
      vertex   1.543760e+00 1.389409e-01 0.000000e+00
      vertex   1.525091e+00 2.767632e-01 0.000000e+00
    endloop
  endfacet
  facet normal 0.000000e+00 0.000000e+00 -1.000000e+00
    outer loop
      vertex   1.985784e+00 2.380364e-01 0.000000e+00
      vertex   1.525091e+00 2.767632e-01 0.000000e+00
      vertex   1.960595e+00 3.950548e-01 0.000000e+00
    endloop
  endfacet
  facet normal -0.000000e+00 0.000000e+00 -1.000000e+00
    outer loop
      vertex   1.960595e+00 3.950548e-01 0.000000e+00
      vertex   1.525091e+00 2.767632e-01 0.000000e+00
      vertex   1.494142e+00 4.123571e-01 0.000000e+00
    endloop
  endfacet
  facet normal 0.000000e+00 0.000000e+00 -1.000000e+00
    outer loop
      vertex   1.960595e+00 3.950548e-01 0.000000e+00
      vertex   1.494142e+00 4.123571e-01 0.000000e+00
      vertex   1.923010e+00 5.495755e-01 0.000000e+00
    endloop
  endfacet
  facet normal 0.000000e+00 0.000000e+00 -1.000000e+00
    outer loop
      vertex   1.923010e+00 5.495755e-01 0.000000e+00
      vertex   1.494142e+00 4.123571e-01 0.000000e+00
      vertex   1.451164e+00 5.446310e-01 0.000000e+00
    endloop
  endfacet
  facet normal -0.000000e+00 0.000000e+00 -1.000000e+00
    outer loop
      vertex   1.923010e+00 5.495755e-01 0.000000e+00
      vertex   1.451164e+00 5.446310e-01 0.000000e+00
      vertex   1.873267e+00 7.006217e-01 0.000000e+00
    endloop
  endfacet
  facet normal -0.000000e+00 0.000000e+00 -1.000000e+00
    outer loop
      vertex   1.873267e+00 7.006217e-01 0.000000e+00
      vertex   1.451164e+00 5.446310e-01 0.000000e+00
      vertex   1.811681e+00 8.472383e-01 0.000000e+00
    endloop
  endfacet
  facet normal 0.000000e+00 0.000000e+00 -1.000000e+00
    outer loop
      vertex   1.811681e+00 8.472383e-01 0.000000e+00
      vertex   1.451164e+00 5.446310e-01 0.000000e+00
      vertex   1.396502e+00 6.725198e-01 0.000000e+00
    endloop
  endfacet
  facet normal -0.000000e+00 0.000000e+00 -1.000000e+00
    outer loop
      vertex   1.811681e+00 8.472383e-01 0.000000e+00
      vertex   1.396502e+00 6.725198e-01 0.000000e+00
      vertex   1.738641e+00 9.884984e-01 0.000000e+00
    endloop
  endfacet
  facet normal 0.000000e+00 0.000000e+00 -1.000000e+00
    outer loop
      vertex   1.738641e+00 9.884984e-01 0.000000e+00
      vertex   1.396502e+00 6.725198e-01 0.000000e+00
      vertex   1.330596e+00 7.949939e-01 0.000000e+00
    endloop
  endfacet
  facet normal -0.000000e+00 0.000000e+00 -1.000000e+00
    outer loop
      vertex   1.738641e+00 9.884984e-01 0.000000e+00
      vertex   1.330596e+00 7.949939e-01 0.000000e+00
      vertex   1.654608e+00 1.123509e+00 0.000000e+00
    endloop
  endfacet
  facet normal 0.000000e+00 0.000000e+00 -1.000000e+00
    outer loop
      vertex   1.654608e+00 1.123509e+00 0.000000e+00
      vertex   1.330596e+00 7.949939e-01 0.000000e+00
      vertex   1.253976e+00 9.110671e-01 0.000000e+00
    endloop
  endfacet
  facet normal -0.000000e+00 0.000000e+00 -1.000000e+00
    outer loop
      vertex   1.654608e+00 1.123509e+00 0.000000e+00
      vertex   1.253976e+00 9.110671e-01 0.000000e+00
      vertex   1.560115e+00 1.251416e+00 0.000000e+00
    endloop
  endfacet
  facet normal 0.000000e+00 0.000000e+00 -1.000000e+00
    outer loop
      vertex   1.560115e+00 1.251416e+00 0.000000e+00
      vertex   1.253976e+00 9.110671e-01 0.000000e+00
      vertex   1.167261e+00 1.019805e+00 0.000000e+00
    endloop
  endfacet
  facet normal -0.000000e+00 0.000000e+00 -1.000000e+00
    outer loop
      vertex   1.560115e+00 1.251416e+00 0.000000e+00
      vertex   1.167261e+00 1.019805e+00 0.000000e+00
      vertex   1.455758e+00 1.371412e+00 0.000000e+00
    endloop
  endfacet
  facet normal 0.000000e+00 0.000000e+00 -1.000000e+00
    outer loop
      vertex   1.455758e+00 1.371412e+00 0.000000e+00
      vertex   1.167261e+00 1.019805e+00 0.000000e+00
      vertex   1.071147e+00 1.120332e+00 0.000000e+00
    endloop
  endfacet
  facet normal -0.000000e+00 0.000000e+00 -1.000000e+00
    outer loop
      vertex   1.455758e+00 1.371412e+00 0.000000e+00
      vertex   1.071147e+00 1.120332e+00 0.000000e+00
      vertex   1.342197e+00 1.482737e+00 0.000000e+00
    endloop
  endfacet
  facet normal 0.000000e+00 0.000000e+00 -1.000000e+00
    outer loop
      vertex   1.342197e+00 1.482737e+00 0.000000e+00
      vertex   1.071147e+00 1.120332e+00 0.000000e+00
      vertex   9.664092e-01 1.211839e+00 0.000000e+00
    endloop
  endfacet
  facet normal -0.000000e+00 0.000000e+00 -1.000000e+00
    outer loop
      vertex   1.342197e+00 1.482737e+00 0.000000e+00
      vertex   9.664092e-01 1.211839e+00 0.000000e+00
      vertex   1.220150e+00 1.584687e+00 0.000000e+00
    endloop
  endfacet
  facet normal 0.000000e+00 0.000000e+00 -1.000000e+00
    outer loop
      vertex   1.220150e+00 1.584687e+00 0.000000e+00
      vertex   9.664092e-01 1.211839e+00 0.000000e+00
      vertex   8.538903e-01 1.293589e+00 0.000000e+00
    endloop
  endfacet
  facet normal -0.000000e+00 0.000000e+00 -1.000000e+00
    outer loop
      vertex   1.220150e+00 1.584687e+00 0.000000e+00
      vertex   8.538903e-01 1.293589e+00 0.000000e+00
      vertex   1.090390e+00 1.676619e+00 0.000000e+00
    endloop
  endfacet
  facet normal 0.000000e+00 0.000000e+00 -1.000000e+00
    outer loop
      vertex   1.090390e+00 1.676619e+00 0.000000e+00
      vertex   8.538903e-01 1.293589e+00 0.000000e+00
      vertex   7.344964e-01 1.364923e+00 0.000000e+00
    endloop
  endfacet
  facet normal -0.000000e+00 0.000000e+00 -1.000000e+00
    outer loop
      vertex   1.090390e+00 1.676619e+00 0.000000e+00
      vertex   7.344964e-01 1.364923e+00 0.000000e+00
      vertex   9.537350e-01 1.757950e+00 0.000000e+00
    endloop
  endfacet
  facet normal -0.000000e+00 0.000000e+00 -1.000000e+00
    outer loop
      vertex   9.537350e-01 1.757950e+00 0.000000e+00
      vertex   7.344964e-01 1.364923e+00 0.000000e+00
      vertex   8.110506e-01 1.828168e+00 0.000000e+00
    endloop
  endfacet
  facet normal 0.000000e+00 0.000000e+00 -1.000000e+00
    outer loop
      vertex   8.110506e-01 1.828168e+00 0.000000e+00
      vertex   7.344964e-01 1.364923e+00 0.000000e+00
      vertex   6.091888e-01 1.425268e+00 0.000000e+00
    endloop
  endfacet
  facet normal -0.000000e+00 0.000000e+00 -1.000000e+00
    outer loop
      vertex   8.110506e-01 1.828168e+00 0.000000e+00
      vertex   6.091888e-01 1.425268e+00 0.000000e+00
      vertex   6.632386e-01 1.886827e+00 0.000000e+00
    endloop
  endfacet
  facet normal 0.000000e+00 0.000000e+00 -1.000000e+00
    outer loop
      vertex   6.632386e-01 1.886827e+00 0.000000e+00
      vertex   6.091888e-01 1.425268e+00 0.000000e+00
      vertex   4.789763e-01 1.474138e+00 0.000000e+00
    endloop
  endfacet
  facet normal -0.000000e+00 0.000000e+00 -1.000000e+00
    outer loop
      vertex   6.632386e-01 1.886827e+00 0.000000e+00
      vertex   4.789763e-01 1.474138e+00 0.000000e+00
      vertex   5.112333e-01 1.933556e+00 0.000000e+00
    endloop
  endfacet
  facet normal 0.000000e+00 0.000000e+00 -1.000000e+00
    outer loop
      vertex   5.112333e-01 1.933556e+00 0.000000e+00
      vertex   4.789763e-01 1.474138e+00 0.000000e+00
      vertex   3.449074e-01 1.511138e+00 0.000000e+00
    endloop
  endfacet
  facet normal -0.000000e+00 0.000000e+00 -1.000000e+00
    outer loop
      vertex   5.112333e-01 1.933556e+00 0.000000e+00
      vertex   3.449074e-01 1.511138e+00 0.000000e+00
      vertex   3.559958e-01 1.968062e+00 0.000000e+00
    endloop
  endfacet
  facet normal 0.000000e+00 0.000000e+00 -1.000000e+00
    outer loop
      vertex   3.559958e-01 1.968062e+00 0.000000e+00
      vertex   3.449074e-01 1.511138e+00 0.000000e+00
      vertex   2.080616e-01 1.535972e+00 0.000000e+00
    endloop
  endfacet
  facet normal -0.000000e+00 0.000000e+00 -1.000000e+00
    outer loop
      vertex   3.559958e-01 1.968062e+00 0.000000e+00
      vertex   2.080616e-01 1.535972e+00 0.000000e+00
      vertex   1.985076e-01 1.990124e+00 0.000000e+00
    endloop
  endfacet
  facet normal 0.000000e+00 -0.000000e+00 -1.000000e+00
    outer loop
      vertex   1.985076e-01 1.990124e+00 0.000000e+00
      vertex   2.080616e-01 1.535972e+00 0.000000e+00
      vertex   6.954049e-02 1.548439e+00 0.000000e+00
    endloop
  endfacet
  facet normal -0.000000e+00 0.000000e+00 -1.000000e+00
    outer loop
      vertex   1.985076e-01 1.990124e+00 0.000000e+00
      vertex   6.954049e-02 1.548439e+00 0.000000e+00
      vertex   3.976438e-02 1.999605e+00 0.000000e+00
    endloop
  endfacet
  facet normal 0.000000e+00 -0.000000e+00 -1.000000e+00
    outer loop
      vertex   3.976438e-02 1.999605e+00 0.000000e+00
      vertex   6.954049e-02 1.548439e+00 0.000000e+00
      vertex   -6.954049e-02 1.548439e+00 0.000000e+00
    endloop
  endfacet
  facet normal 0.000000e+00 0.000000e+00 -1.000000e+00
    outer loop
      vertex   3.976438e-02 1.999605e+00 0.000000e+00
      vertex   -6.954049e-02 1.548439e+00 0.000000e+00
      vertex   -1.192303e-01 1.996443e+00 0.000000e+00
    endloop
  endfacet
  facet normal 0.000000e+00 -0.000000e+00 -1.000000e+00
    outer loop
      vertex   -1.192303e-01 1.996443e+00 0.000000e+00
      vertex   -6.954049e-02 1.548439e+00 0.000000e+00
      vertex   -2.080616e-01 1.535972e+00 0.000000e+00
    endloop
  endfacet
  facet normal 0.000000e+00 0.000000e+00 -1.000000e+00
    outer loop
      vertex   -1.192303e-01 1.996443e+00 0.000000e+00
      vertex   -2.080616e-01 1.535972e+00 0.000000e+00
      vertex   -2.774711e-01 1.980659e+00 0.000000e+00
    endloop
  endfacet
  facet normal 0.000000e+00 -0.000000e+00 -1.000000e+00
    outer loop
      vertex   -2.774711e-01 1.980659e+00 0.000000e+00
      vertex   -2.080616e-01 1.535972e+00 0.000000e+00
      vertex   -4.339576e-01 1.952353e+00 0.000000e+00
    endloop
  endfacet
  facet normal 0.000000e+00 0.000000e+00 -1.000000e+00
    outer loop
      vertex   -4.339576e-01 1.952353e+00 0.000000e+00
      vertex   -2.080616e-01 1.535972e+00 0.000000e+00
      vertex   -3.449074e-01 1.511138e+00 0.000000e+00
    endloop
  endfacet
  facet normal 0.000000e+00 -0.000000e+00 -1.000000e+00
    outer loop
      vertex   -4.339576e-01 1.952353e+00 0.000000e+00
      vertex   -3.449074e-01 1.511138e+00 0.000000e+00
      vertex   -5.877005e-01 1.911703e+00 0.000000e+00
    endloop
  endfacet
  facet normal 0.000000e+00 0.000000e+00 -1.000000e+00
    outer loop
      vertex   -5.877005e-01 1.911703e+00 0.000000e+00
      vertex   -3.449074e-01 1.511138e+00 0.000000e+00
      vertex   -4.789763e-01 1.474138e+00 0.000000e+00
    endloop
  endfacet
  facet normal 0.000000e+00 -0.000000e+00 -1.000000e+00
    outer loop
      vertex   -5.877005e-01 1.911703e+00 0.000000e+00
      vertex   -4.789763e-01 1.474138e+00 0.000000e+00
      vertex   -7.377278e-01 1.858967e+00 0.000000e+00
    endloop
  endfacet
  facet normal 0.000000e+00 0.000000e+00 -1.000000e+00
    outer loop
      vertex   -7.377278e-01 1.858967e+00 0.000000e+00
      vertex   -4.789763e-01 1.474138e+00 0.000000e+00
      vertex   -6.091888e-01 1.425268e+00 0.000000e+00
    endloop
  endfacet
  facet normal 0.000000e+00 -0.000000e+00 -1.000000e+00
    outer loop
      vertex   -7.377278e-01 1.858967e+00 0.000000e+00
      vertex   -6.091888e-01 1.425268e+00 0.000000e+00
      vertex   -8.830910e-01 1.794478e+00 0.000000e+00
    endloop
  endfacet
  facet normal 0.000000e+00 0.000000e+00 -1.000000e+00
    outer loop
      vertex   -8.830910e-01 1.794478e+00 0.000000e+00
      vertex   -6.091888e-01 1.425268e+00 0.000000e+00
      vertex   -7.344964e-01 1.364923e+00 0.000000e+00
    endloop
  endfacet
  facet normal 0.000000e+00 -0.000000e+00 -1.000000e+00
    outer loop
      vertex   -8.830910e-01 1.794478e+00 0.000000e+00
      vertex   -7.344964e-01 1.364923e+00 0.000000e+00
      vertex   -1.022871e+00 1.718643e+00 0.000000e+00
    endloop
  endfacet
  facet normal 0.000000e+00 0.000000e+00 -1.000000e+00
    outer loop
      vertex   -1.022871e+00 1.718643e+00 0.000000e+00
      vertex   -7.344964e-01 1.364923e+00 0.000000e+00
      vertex   -8.538903e-01 1.293589e+00 0.000000e+00
    endloop
  endfacet
  facet normal 0.000000e+00 -0.000000e+00 -1.000000e+00
    outer loop
      vertex   -1.022871e+00 1.718643e+00 0.000000e+00
      vertex   -8.538903e-01 1.293589e+00 0.000000e+00
      vertex   -1.156184e+00 1.631943e+00 0.000000e+00
    endloop
  endfacet
  facet normal 0.000000e+00 0.000000e+00 -1.000000e+00
    outer loop
      vertex   -1.156184e+00 1.631943e+00 0.000000e+00
      vertex   -8.538903e-01 1.293589e+00 0.000000e+00
      vertex   -9.664092e-01 1.211839e+00 0.000000e+00
    endloop
  endfacet
  facet normal 0.000000e+00 -0.000000e+00 -1.000000e+00
    outer loop
      vertex   -1.156184e+00 1.631943e+00 0.000000e+00
      vertex   -9.664092e-01 1.211839e+00 0.000000e+00
      vertex   -1.282187e+00 1.534925e+00 0.000000e+00
    endloop
  endfacet
  facet normal 0.000000e+00 0.000000e+00 -1.000000e+00
    outer loop
      vertex   -1.282187e+00 1.534925e+00 0.000000e+00
      vertex   -9.664092e-01 1.211839e+00 0.000000e+00
      vertex   -1.071147e+00 1.120332e+00 0.000000e+00
    endloop
  endfacet
  facet normal 0.000000e+00 -0.000000e+00 -1.000000e+00
    outer loop
      vertex   -1.282187e+00 1.534925e+00 0.000000e+00
      vertex   -1.071147e+00 1.120332e+00 0.000000e+00
      vertex   -1.400084e+00 1.428203e+00 0.000000e+00
    endloop
  endfacet
  facet normal 0.000000e+00 0.000000e+00 -1.000000e+00
    outer loop
      vertex   -1.400084e+00 1.428203e+00 0.000000e+00
      vertex   -1.071147e+00 1.120332e+00 0.000000e+00
      vertex   -1.167261e+00 1.019805e+00 0.000000e+00
    endloop
  endfacet
  facet normal 0.000000e+00 -0.000000e+00 -1.000000e+00
    outer loop
      vertex   -1.400084e+00 1.428203e+00 0.000000e+00
      vertex   -1.167261e+00 1.019805e+00 0.000000e+00
      vertex   -1.509129e+00 1.312451e+00 0.000000e+00
    endloop
  endfacet
  facet normal 0.000000e+00 -0.000000e+00 -1.000000e+00
    outer loop
      vertex   -1.509129e+00 1.312451e+00 0.000000e+00
      vertex   -1.167261e+00 1.019805e+00 0.000000e+00
      vertex   -1.608633e+00 1.188402e+00 0.000000e+00
    endloop
  endfacet
  facet normal 0.000000e+00 0.000000e+00 -1.000000e+00
    outer loop
      vertex   -1.608633e+00 1.188402e+00 0.000000e+00
      vertex   -1.167261e+00 1.019805e+00 0.000000e+00
      vertex   -1.253976e+00 9.110671e-01 0.000000e+00
    endloop
  endfacet
  facet normal 0.000000e+00 -0.000000e+00 -1.000000e+00
    outer loop
      vertex   -1.608633e+00 1.188402e+00 0.000000e+00
      vertex   -1.253976e+00 9.110671e-01 0.000000e+00
      vertex   -1.697967e+00 1.056839e+00 0.000000e+00
    endloop
  endfacet
  facet normal 0.000000e+00 0.000000e+00 -1.000000e+00
    outer loop
      vertex   -1.697967e+00 1.056839e+00 0.000000e+00
      vertex   -1.253976e+00 9.110671e-01 0.000000e+00
      vertex   -1.330596e+00 7.949939e-01 0.000000e+00
    endloop
  endfacet
  facet normal 0.000000e+00 -0.000000e+00 -1.000000e+00
    outer loop
      vertex   -1.697967e+00 1.056839e+00 0.000000e+00
      vertex   -1.330596e+00 7.949939e-01 0.000000e+00
      vertex   -1.776565e+00 9.185946e-01 0.000000e+00
    endloop
  endfacet
  facet normal 0.000000e+00 0.000000e+00 -1.000000e+00
    outer loop
      vertex   -1.776565e+00 9.185946e-01 0.000000e+00
      vertex   -1.330596e+00 7.949939e-01 0.000000e+00
      vertex   -1.396502e+00 6.725198e-01 0.000000e+00
    endloop
  endfacet
  facet normal 0.000000e+00 -0.000000e+00 -1.000000e+00
    outer loop
      vertex   -1.776565e+00 9.185946e-01 0.000000e+00
      vertex   -1.396502e+00 6.725198e-01 0.000000e+00
      vertex   -1.843932e+00 7.745423e-01 0.000000e+00
    endloop
  endfacet
  facet normal 0.000000e+00 0.000000e+00 -1.000000e+00
    outer loop
      vertex   -1.843932e+00 7.745423e-01 0.000000e+00
      vertex   -1.396502e+00 6.725198e-01 0.000000e+00
      vertex   -1.451164e+00 5.446310e-01 0.000000e+00
    endloop
  endfacet
  facet normal 0.000000e+00 -0.000000e+00 -1.000000e+00
    outer loop
      vertex   -1.843932e+00 7.745423e-01 0.000000e+00
      vertex   -1.451164e+00 5.446310e-01 0.000000e+00
      vertex   -1.899640e+00 6.255932e-01 0.000000e+00
    endloop
  endfacet
  facet normal 0.000000e+00 0.000000e+00 -1.000000e+00
    outer loop
      vertex   -1.899640e+00 6.255932e-01 0.000000e+00
      vertex   -1.451164e+00 5.446310e-01 0.000000e+00
      vertex   -1.494142e+00 4.123571e-01 0.000000e+00
    endloop
  endfacet
  facet normal 0.000000e+00 -0.000000e+00 -1.000000e+00
    outer loop
      vertex   -1.899640e+00 6.255932e-01 0.000000e+00
      vertex   -1.494142e+00 4.123571e-01 0.000000e+00
      vertex   -1.943339e+00 4.726889e-01 0.000000e+00
    endloop
  endfacet
  facet normal 0.000000e+00 0.000000e+00 -1.000000e+00
    outer loop
      vertex   -1.943339e+00 4.726889e-01 0.000000e+00
      vertex   -1.494142e+00 4.123571e-01 0.000000e+00
      vertex   -1.525091e+00 2.767632e-01 0.000000e+00
    endloop
  endfacet
  facet normal 0.000000e+00 -0.000000e+00 -1.000000e+00
    outer loop
      vertex   -1.943339e+00 4.726889e-01 0.000000e+00
      vertex   -1.525091e+00 2.767632e-01 0.000000e+00
      vertex   -1.974751e+00 3.167960e-01 0.000000e+00
    endloop
  endfacet
  facet normal 0.000000e+00 0.000000e+00 -1.000000e+00
    outer loop
      vertex   -1.974751e+00 3.167960e-01 0.000000e+00
      vertex   -1.525091e+00 2.767632e-01 0.000000e+00
      vertex   -1.543760e+00 1.389409e-01 0.000000e+00
    endloop
  endfacet
  facet normal 0.000000e+00 -0.000000e+00 -1.000000e+00
    outer loop
      vertex   -1.974751e+00 3.167960e-01 0.000000e+00
      vertex   -1.543760e+00 1.389409e-01 0.000000e+00
      vertex   -1.993678e+00 1.589003e-01 0.000000e+00
    endloop
  endfacet
  facet normal 0.000000e+00 0.000000e+00 -1.000000e+00
    outer loop
      vertex   -1.993678e+00 1.589003e-01 0.000000e+00
      vertex   -1.543760e+00 1.389409e-01 0.000000e+00
      vertex   -1.550000e+00 -1.898203e-16 0.000000e+00
    endloop
  endfacet
endsolid
