ISO-10303-21;
HEADER;
/* Generated by software containing ST-Developer
 * from STEP Tools, Inc. (www.steptools.com) 
 */

FILE_DESCRIPTION(
/* description */ (''),
/* implementation_level */ '2;1');

FILE_NAME(
/* name */ 'Landing leg v2.step',
/* time_stamp */ '2026-07-11T22:20:42+01:00',
/* author */ (''),
/* organization */ (''),
/* preprocessor_version */ 'ST-DEVELOPER v20.1',
/* originating_system */ 'Autodesk Translation Framework v15.8.0.0',
/* authorisation */ '');

FILE_SCHEMA (('AUTOMOTIVE_DESIGN { 1 0 10303 214 3 1 1 }'));
ENDSEC;

DATA;
#10=MECHANICAL_DESIGN_GEOMETRIC_PRESENTATION_REPRESENTATION('',(#13),#10057);
#11=SHAPE_REPRESENTATION_RELATIONSHIP('SRR','None',#10064,#12);
#12=ADVANCED_BREP_SHAPE_REPRESENTATION('',(#14),#10056);
#13=STYLED_ITEM('',(#10073),#14);
#14=MANIFOLD_SOLID_BREP('Body1',#1433);
#15=SPHERICAL_SURFACE('',#1580,1.);
#16=SPHERICAL_SURFACE('',#1582,1.);
#17=B_SPLINE_SURFACE_WITH_KNOTS('',3,3,((#9935,#9936,#9937,#9938),(#9939,
#9940,#9941,#9942),(#9943,#9944,#9945,#9946),(#9947,#9948,#9949,#9950),
(#9951,#9952,#9953,#9954)),.UNSPECIFIED.,.F.,.F.,.F.,(4,1,4),(4,4),(0.,
0.571428571428571,1.),(0.,0.000367257792810342),.UNSPECIFIED.);
#18=B_SPLINE_SURFACE_WITH_KNOTS('',3,3,((#9969,#9970,#9971,#9972),(#9973,
#9974,#9975,#9976),(#9977,#9978,#9979,#9980),(#9981,#9982,#9983,#9984),
(#9985,#9986,#9987,#9988)),.UNSPECIFIED.,.F.,.F.,.F.,(4,1,4),(4,4),(0.,
0.571428571428571,1.),(5.3595174173366E-19,0.000367257792810342),
 .UNSPECIFIED.);
#19=FACE_BOUND('',#281,.T.);
#20=FACE_BOUND('',#303,.T.);
#21=TOROIDAL_SURFACE('',#1482,11.5,1.);
#22=TOROIDAL_SURFACE('',#1488,3.,1.);
#23=TOROIDAL_SURFACE('',#1493,11.5,1.);
#24=TOROIDAL_SURFACE('',#1499,6.,1.);
#25=TOROIDAL_SURFACE('',#1505,3.,1.);
#26=TOROIDAL_SURFACE('',#1509,19.5,1.);
#27=TOROIDAL_SURFACE('',#1515,3.,1.);
#28=TOROIDAL_SURFACE('',#1520,19.5,1.);
#29=TOROIDAL_SURFACE('',#1524,3.,1.);
#30=TOROIDAL_SURFACE('',#1530,6.,1.);
#31=TOROIDAL_SURFACE('',#1548,21.,1.);
#32=TOROIDAL_SURFACE('',#1554,3.,1.);
#33=TOROIDAL_SURFACE('',#1558,21.,1.);
#34=TOROIDAL_SURFACE('',#1566,10.,1.);
#35=TOROIDAL_SURFACE('',#1570,3.,1.);
#36=TOROIDAL_SURFACE('',#1574,10.,1.);
#37=PLANE('',#1471);
#38=PLANE('',#1473);
#39=PLANE('',#1475);
#40=PLANE('',#1477);
#41=PLANE('',#1535);
#42=PLANE('',#1541);
#43=PLANE('',#1544);
#44=PLANE('',#1584);
#45=PLANE('',#1590);
#46=PLANE('',#1592);
#47=PLANE('',#1594);
#48=PLANE('',#1596);
#49=PLANE('',#1600);
#50=(
BOUNDED_SURFACE()
B_SPLINE_SURFACE(1,2,((#2506,#2507,#2508,#2509,#2510,#2511,#2512,#2513,
#2514,#2515,#2516,#2517,#2518,#2519,#2520,#2521,#2522,#2523,#2524,#2525,
#2526,#2527,#2528,#2529,#2530,#2531,#2532,#2533,#2534,#2535,#2536,#2537,
#2538,#2539,#2540,#2541,#2542,#2543,#2544,#2545,#2546,#2547,#2548,#2549,
#2550,#2551,#2552,#2553,#2554,#2555,#2556,#2557,#2558,#2559,#2560,#2561,
#2562,#2563,#2564,#2565,#2566,#2567,#2568,#2569,#2570,#2571,#2572,#2573,
#2574,#2575,#2576,#2577,#2578,#2579,#2580,#2581,#2582,#2583,#2584,#2585,
#2586,#2587,#2588,#2589,#2590,#2591,#2592,#2593,#2594,#2595,#2596,#2597,
#2598,#2599,#2600,#2601,#2602,#2603,#2604,#2605,#2606,#2607,#2608,#2609,
#2610,#2611,#2612,#2613,#2614,#2615,#2616,#2617,#2618,#2619,#2620,#2621,
#2622,#2623,#2624,#2625,#2626,#2627,#2628,#2629,#2630,#2631,#2632,#2633,
#2634,#2635,#2636,#2637,#2638,#2639,#2640,#2641,#2642,#2643,#2644,#2645,
#2646,#2647,#2648,#2649,#2650,#2651,#2652,#2653,#2654,#2655,#2656,#2657,
#2658,#2659,#2660,#2661,#2662,#2663,#2664,#2665,#2666,#2667,#2668,#2669,
#2670,#2671,#2672,#2673,#2674,#2675,#2676,#2677,#2678,#2679,#2680,#2681,
#2682,#2683,#2684,#2685,#2686,#2687,#2688,#2689,#2690,#2691,#2692,#2693,
#2694,#2695,#2696,#2697,#2698,#2699,#2700,#2701,#2702,#2703,#2704,#2705,
#2706,#2707,#2708,#2709,#2710,#2711,#2712,#2713,#2714,#2715,#2716,#2717,
#2718,#2719,#2720,#2721,#2722,#2723,#2724,#2725,#2726,#2727,#2728,#2729,
#2730,#2731,#2732,#2733,#2734,#2735,#2736,#2737,#2738,#2739,#2740,#2741,
#2742,#2743,#2744,#2745,#2746,#2747,#2748,#2749,#2750,#2751,#2752,#2753,
#2754,#2755,#2756,#2757,#2758,#2759,#2760,#2761,#2762,#2763,#2764,#2765,
#2766,#2767,#2768,#2769,#2770,#2771,#2772,#2773,#2774,#2775,#2776,#2777,
#2778,#2779,#2780,#2781,#2782,#2783,#2784,#2785,#2786,#2787,#2788,#2789,
#2790,#2791,#2792,#2793,#2794,#2795,#2796,#2797,#2798,#2799,#2800,#2801,
#2802,#2803,#2804,#2805,#2806,#2807,#2808,#2809,#2810,#2811,#2812,#2813,
#2814,#2815,#2816,#2817,#2818,#2819,#2820,#2821,#2822,#2823,#2824,#2825,
#2826,#2827,#2828,#2829,#2830,#2831,#2832,#2833,#2834,#2835,#2836,#2837,
#2838,#2839,#2840,#2841,#2842,#2843,#2844,#2845,#2846,#2847,#2848,#2849,
#2850,#2851,#2852,#2853,#2854,#2855,#2856,#2857,#2858,#2859,#2860,#2861,
#2862,#2863,#2864,#2865,#2866,#2867,#2868,#2869,#2870,#2871,#2872,#2873,
#2874,#2875,#2876,#2877,#2878,#2879,#2880,#2881,#2882,#2883,#2884,#2885,
#2886,#2887,#2888,#2889,#2890,#2891,#2892,#2893,#2894,#2895,#2896,#2897,
#2898,#2899,#2900,#2901,#2902,#2903,#2904,#2905,#2906,#2907,#2908,#2909,
#2910,#2911,#2912,#2913,#2914,#2915,#2916,#2917,#2918,#2919,#2920,#2921,
#2922,#2923,#2924,#2925,#2926,#2927,#2928,#2929,#2930,#2931,#2932,#2933,
#2934,#2935,#2936,#2937,#2938,#2939,#2940,#2941,#2942,#2943,#2944,#2945,
#2946,#2947,#2948,#2949,#2950,#2951,#2952,#2953,#2954,#2955,#2956,#2957,
#2958,#2959,#2960,#2961,#2962,#2963,#2964,#2965,#2966,#2967,#2968,#2969,
#2970,#2971,#2972,#2973,#2974,#2975,#2976,#2977,#2978,#2979,#2980,#2981,
#2982,#2983,#2984,#2985,#2986,#2987,#2988,#2989,#2990,#2991,#2992,#2993,
#2994,#2995,#2996,#2997,#2998,#2999,#3000,#3001,#3002,#3003,#3004,#3005,
#3006,#3007,#3008,#3009,#3010,#3011,#3012,#3013,#3014,#3015,#3016,#3017,
#3018,#3019,#3020,#3021,#3022,#3023,#3024,#3025,#3026,#3027,#3028,#3029,
#3030,#3031,#3032,#3033,#3034,#3035,#3036,#3037,#3038,#3039,#3040,#3041,
#3042,#3043,#3044,#3045,#3046,#3047,#3048,#3049,#3050,#3051,#3052,#3053,
#3054,#3055,#3056,#3057,#3058,#3059,#3060,#3061,#3062,#3063,#3064,#3065,
#3066,#3067,#3068,#3069,#3070,#3071,#3072,#3073,#3074,#3075,#3076,#3077,
#3078,#3079,#3080,#3081,#3082,#3083,#3084,#3085,#3086,#3087,#3088,#3089,
#3090,#3091,#3092,#3093,#3094,#3095,#3096,#3097,#3098,#3099,#3100,#3101,
#3102,#3103,#3104,#3105,#3106,#3107,#3108,#3109,#3110,#3111,#3112,#3113,
#3114,#3115,#3116,#3117,#3118,#3119,#3120,#3121,#3122,#3123,#3124,#3125,
#3126,#3127,#3128,#3129,#3130,#3131,#3132,#3133,#3134,#3135,#3136,#3137,
#3138,#3139,#3140,#3141,#3142,#3143,#3144,#3145,#3146,#3147,#3148,#3149,
#3150,#3151,#3152,#3153,#3154,#3155,#3156,#3157,#3158,#3159,#3160,#3161,
#3162,#3163,#3164,#3165,#3166,#3167,#3168,#3169,#3170,#3171,#3172,#3173,
#3174,#3175,#3176,#3177,#3178,#3179,#3180,#3181,#3182,#3183,#3184,#3185,
#3186,#3187,#3188,#3189,#3190,#3191,#3192,#3193,#3194,#3195,#3196,#3197,
#3198,#3199,#3200,#3201,#3202,#3203,#3204,#3205,#3206,#3207,#3208,#3209,
#3210,#3211,#3212,#3213,#3214,#3215,#3216,#3217,#3218,#3219,#3220,#3221,
#3222,#3223,#3224,#3225,#3226,#3227,#3228,#3229,#3230,#3231,#3232,#3233,
#3234,#3235,#3236,#3237,#3238,#3239,#3240,#3241,#3242,#3243,#3244,#3245,
#3246,#3247,#3248,#3249,#3250,#3251,#3252,#3253,#3254,#3255,#3256,#3257,
#3258,#3259,#3260,#3261,#3262,#3263,#3264,#3265,#3266,#3267,#3268,#3269,
#3270,#3271,#3272,#3273,#3274,#3275,#3276,#3277,#3278,#3279,#3280,#3281,
#3282,#3283,#3284,#3285,#3286,#3287,#3288,#3289,#3290,#3291,#3292,#3293,
#3294,#3295,#3296,#3297,#3298,#3299,#3300,#3301,#3302,#3303,#3304,#3305,
#3306,#3307,#3308,#3309,#3310,#3311,#3312,#3313,#3314,#3315,#3316,#3317,
#3318,#3319,#3320,#3321,#3322,#3323,#3324,#3325,#3326,#3327,#3328,#3329,
#3330,#3331,#3332,#3333,#3334,#3335,#3336,#3337,#3338,#3339,#3340,#3341,
#3342,#3343,#3344,#3345,#3346,#3347,#3348,#3349,#3350,#3351,#3352,#3353,
#3354,#3355,#3356,#3357,#3358),(#3359,#3360,#3361,#3362,#3363,#3364,#3365,
#3366,#3367,#3368,#3369,#3370,#3371,#3372,#3373,#3374,#3375,#3376,#3377,
#3378,#3379,#3380,#3381,#3382,#3383,#3384,#3385,#3386,#3387,#3388,#3389,
#3390,#3391,#3392,#3393,#3394,#3395,#3396,#3397,#3398,#3399,#3400,#3401,
#3402,#3403,#3404,#3405,#3406,#3407,#3408,#3409,#3410,#3411,#3412,#3413,
#3414,#3415,#3416,#3417,#3418,#3419,#3420,#3421,#3422,#3423,#3424,#3425,
#3426,#3427,#3428,#3429,#3430,#3431,#3432,#3433,#3434,#3435,#3436,#3437,
#3438,#3439,#3440,#3441,#3442,#3443,#3444,#3445,#3446,#3447,#3448,#3449,
#3450,#3451,#3452,#3453,#3454,#3455,#3456,#3457,#3458,#3459,#3460,#3461,
#3462,#3463,#3464,#3465,#3466,#3467,#3468,#3469,#3470,#3471,#3472,#3473,
#3474,#3475,#3476,#3477,#3478,#3479,#3480,#3481,#3482,#3483,#3484,#3485,
#3486,#3487,#3488,#3489,#3490,#3491,#3492,#3493,#3494,#3495,#3496,#3497,
#3498,#3499,#3500,#3501,#3502,#3503,#3504,#3505,#3506,#3507,#3508,#3509,
#3510,#3511,#3512,#3513,#3514,#3515,#3516,#3517,#3518,#3519,#3520,#3521,
#3522,#3523,#3524,#3525,#3526,#3527,#3528,#3529,#3530,#3531,#3532,#3533,
#3534,#3535,#3536,#3537,#3538,#3539,#3540,#3541,#3542,#3543,#3544,#3545,
#3546,#3547,#3548,#3549,#3550,#3551,#3552,#3553,#3554,#3555,#3556,#3557,
#3558,#3559,#3560,#3561,#3562,#3563,#3564,#3565,#3566,#3567,#3568,#3569,
#3570,#3571,#3572,#3573,#3574,#3575,#3576,#3577,#3578,#3579,#3580,#3581,
#3582,#3583,#3584,#3585,#3586,#3587,#3588,#3589,#3590,#3591,#3592,#3593,
#3594,#3595,#3596,#3597,#3598,#3599,#3600,#3601,#3602,#3603,#3604,#3605,
#3606,#3607,#3608,#3609,#3610,#3611,#3612,#3613,#3614,#3615,#3616,#3617,
#3618,#3619,#3620,#3621,#3622,#3623,#3624,#3625,#3626,#3627,#3628,#3629,
#3630,#3631,#3632,#3633,#3634,#3635,#3636,#3637,#3638,#3639,#3640,#3641,
#3642,#3643,#3644,#3645,#3646,#3647,#3648,#3649,#3650,#3651,#3652,#3653,
#3654,#3655,#3656,#3657,#3658,#3659,#3660,#3661,#3662,#3663,#3664,#3665,
#3666,#3667,#3668,#3669,#3670,#3671,#3672,#3673,#3674,#3675,#3676,#3677,
#3678,#3679,#3680,#3681,#3682,#3683,#3684,#3685,#3686,#3687,#3688,#3689,
#3690,#3691,#3692,#3693,#3694,#3695,#3696,#3697,#3698,#3699,#3700,#3701,
#3702,#3703,#3704,#3705,#3706,#3707,#3708,#3709,#3710,#3711,#3712,#3713,
#3714,#3715,#3716,#3717,#3718,#3719,#3720,#3721,#3722,#3723,#3724,#3725,
#3726,#3727,#3728,#3729,#3730,#3731,#3732,#3733,#3734,#3735,#3736,#3737,
#3738,#3739,#3740,#3741,#3742,#3743,#3744,#3745,#3746,#3747,#3748,#3749,
#3750,#3751,#3752,#3753,#3754,#3755,#3756,#3757,#3758,#3759,#3760,#3761,
#3762,#3763,#3764,#3765,#3766,#3767,#3768,#3769,#3770,#3771,#3772,#3773,
#3774,#3775,#3776,#3777,#3778,#3779,#3780,#3781,#3782,#3783,#3784,#3785,
#3786,#3787,#3788,#3789,#3790,#3791,#3792,#3793,#3794,#3795,#3796,#3797,
#3798,#3799,#3800,#3801,#3802,#3803,#3804,#3805,#3806,#3807,#3808,#3809,
#3810,#3811,#3812,#3813,#3814,#3815,#3816,#3817,#3818,#3819,#3820,#3821,
#3822,#3823,#3824,#3825,#3826,#3827,#3828,#3829,#3830,#3831,#3832,#3833,
#3834,#3835,#3836,#3837,#3838,#3839,#3840,#3841,#3842,#3843,#3844,#3845,
#3846,#3847,#3848,#3849,#3850,#3851,#3852,#3853,#3854,#3855,#3856,#3857,
#3858,#3859,#3860,#3861,#3862,#3863,#3864,#3865,#3866,#3867,#3868,#3869,
#3870,#3871,#3872,#3873,#3874,#3875,#3876,#3877,#3878,#3879,#3880,#3881,
#3882,#3883,#3884,#3885,#3886,#3887,#3888,#3889,#3890,#3891,#3892,#3893,
#3894,#3895,#3896,#3897,#3898,#3899,#3900,#3901,#3902,#3903,#3904,#3905,
#3906,#3907,#3908,#3909,#3910,#3911,#3912,#3913,#3914,#3915,#3916,#3917,
#3918,#3919,#3920,#3921,#3922,#3923,#3924,#3925,#3926,#3927,#3928,#3929,
#3930,#3931,#3932,#3933,#3934,#3935,#3936,#3937,#3938,#3939,#3940,#3941,
#3942,#3943,#3944,#3945,#3946,#3947,#3948,#3949,#3950,#3951,#3952,#3953,
#3954,#3955,#3956,#3957,#3958,#3959,#3960,#3961,#3962,#3963,#3964,#3965,
#3966,#3967,#3968,#3969,#3970,#3971,#3972,#3973,#3974,#3975,#3976,#3977,
#3978,#3979,#3980,#3981,#3982,#3983,#3984,#3985,#3986,#3987,#3988,#3989,
#3990,#3991,#3992,#3993,#3994,#3995,#3996,#3997,#3998,#3999,#4000,#4001,
#4002,#4003,#4004,#4005,#4006,#4007,#4008,#4009,#4010,#4011,#4012,#4013,
#4014,#4015,#4016,#4017,#4018,#4019,#4020,#4021,#4022,#4023,#4024,#4025,
#4026,#4027,#4028,#4029,#4030,#4031,#4032,#4033,#4034,#4035,#4036,#4037,
#4038,#4039,#4040,#4041,#4042,#4043,#4044,#4045,#4046,#4047,#4048,#4049,
#4050,#4051,#4052,#4053,#4054,#4055,#4056,#4057,#4058,#4059,#4060,#4061,
#4062,#4063,#4064,#4065,#4066,#4067,#4068,#4069,#4070,#4071,#4072,#4073,
#4074,#4075,#4076,#4077,#4078,#4079,#4080,#4081,#4082,#4083,#4084,#4085,
#4086,#4087,#4088,#4089,#4090,#4091,#4092,#4093,#4094,#4095,#4096,#4097,
#4098,#4099,#4100,#4101,#4102,#4103,#4104,#4105,#4106,#4107,#4108,#4109,
#4110,#4111,#4112,#4113,#4114,#4115,#4116,#4117,#4118,#4119,#4120,#4121,
#4122,#4123,#4124,#4125,#4126,#4127,#4128,#4129,#4130,#4131,#4132,#4133,
#4134,#4135,#4136,#4137,#4138,#4139,#4140,#4141,#4142,#4143,#4144,#4145,
#4146,#4147,#4148,#4149,#4150,#4151,#4152,#4153,#4154,#4155,#4156,#4157,
#4158,#4159,#4160,#4161,#4162,#4163,#4164,#4165,#4166,#4167,#4168,#4169,
#4170,#4171,#4172,#4173,#4174,#4175,#4176,#4177,#4178,#4179,#4180,#4181,
#4182,#4183,#4184,#4185,#4186,#4187,#4188,#4189,#4190,#4191,#4192,#4193,
#4194,#4195,#4196,#4197,#4198,#4199,#4200,#4201,#4202,#4203,#4204,#4205,
#4206,#4207,#4208,#4209,#4210,#4211)),.UNSPECIFIED.,.F.,.F.,.F.)
B_SPLINE_SURFACE_WITH_KNOTS((2,2),(3,2,2,2,2,2,2,2,2,2,2,2,2,2,2,2,2,2,
2,2,2,2,2,2,2,2,2,2,2,2,2,2,2,2,2,2,2,2,2,2,2,2,2,2,2,2,2,2,2,2,2,2,2,2,
2,2,2,2,2,2,2,2,2,2,2,2,2,2,2,2,2,2,2,2,2,2,2,2,2,2,2,2,2,2,2,2,2,2,2,2,
2,2,2,2,2,2,2,2,2,2,2,2,2,2,2,2,2,2,2,2,2,2,2,2,2,2,2,2,2,2,2,2,2,2,2,2,
2,2,2,2,2,2,2,2,2,2,2,2,2,2,2,2,2,2,2,2,2,2,2,2,2,2,2,2,2,2,2,2,2,2,2,2,
2,2,2,2,2,2,2,2,2,2,2,2,2,2,2,2,2,2,2,2,2,2,2,2,2,2,2,2,2,2,2,2,2,2,2,2,
2,2,2,2,2,2,2,2,2,2,2,2,2,2,2,2,2,2,2,2,2,2,2,2,2,2,2,2,2,2,2,2,2,2,2,2,
2,2,2,2,2,2,2,2,2,2,2,2,2,2,2,2,2,2,2,2,2,2,2,2,2,2,2,2,2,2,2,2,2,2,2,2,
2,2,2,2,2,2,2,2,2,2,2,2,2,2,2,2,2,2,2,2,2,2,2,2,2,2,2,2,2,2,2,2,2,2,2,2,
2,2,2,2,2,2,2,2,2,2,2,2,2,2,2,2,2,2,2,2,2,2,2,2,2,2,2,2,2,2,2,2,2,2,2,2,
2,2,2,2,2,2,2,2,2,2,2,2,2,2,2,2,2,2,2,2,2,2,2,2,2,2,2,2,2,2,2,2,2,2,2,2,
2,2,2,2,2,2,2,2,2,2,2,2,2,2,2,2,2,2,2,2,2,2,2,2,2,2,2,2,2,2,2,2,2,2,2,2,
2,2,2,2,2,2,2,2,2,2,2,2,3),(0.,1.),(0.,0.00234741784037559,0.00469483568075117,
0.00704225352112676,0.00938967136150235,0.0117370892018779,0.0140845070422535,
0.0164319248826291,0.0187793427230047,0.0211267605633803,0.0234741784037559,
0.0258215962441315,0.028169014084507,0.0305164319248826,0.0328638497652582,
0.0352112676056338,0.0375586854460094,0.039906103286385,0.0422535211267606,
0.0446009389671361,0.0469483568075117,0.0492957746478873,0.0516431924882629,
0.0539906103286385,0.0563380281690141,0.0586854460093897,0.0610328638497653,
0.0633802816901408,0.0657276995305164,0.068075117370892,0.0704225352112676,
0.0727699530516432,0.0751173708920188,0.0774647887323944,0.07981220657277,
0.0821596244131455,0.0845070422535211,0.0868544600938967,0.0892018779342723,
0.0915492957746479,0.0938967136150235,0.0962441314553991,0.0985915492957746,
0.10093896713615,0.103286384976526,0.105633802816901,0.107981220657277,
0.110328638497653,0.112676056338028,0.115023474178404,0.117370892018779,
0.119718309859155,0.122065727699531,0.124413145539906,0.126760563380282,
0.129107981220657,0.131455399061033,0.133802816901408,0.136150234741784,
0.13849765258216,0.140845070422535,0.143192488262911,0.145539906103286,
0.147887323943662,0.150234741784038,0.152582159624413,0.154929577464789,
0.157276995305164,0.15962441314554,0.161971830985915,0.164319248826291,
0.166666666666667,0.169014084507042,0.171361502347418,0.173708920187793,
0.176056338028169,0.178403755868545,0.18075117370892,0.183098591549296,
0.185446009389671,0.187793427230047,0.190140845070423,0.192488262910798,
0.194835680751174,0.197183098591549,0.199530516431925,0.2018779342723,0.204225352112676,
0.206572769953052,0.208920187793427,0.211267605633803,0.213615023474178,
0.215962441314554,0.21830985915493,0.220657276995305,0.223004694835681,
0.225352112676056,0.227699530516432,0.230046948356808,0.232394366197183,
0.234741784037559,0.237089201877934,0.23943661971831,0.241784037558685,
0.244131455399061,0.246478873239437,0.248826291079812,0.251173708920188,
0.253521126760563,0.255868544600939,0.258215962441315,0.26056338028169,
0.262910798122066,0.265258215962441,0.267605633802817,0.269953051643192,
0.272300469483568,0.274647887323944,0.276995305164319,0.279342723004695,
0.28169014084507,0.284037558685446,0.286384976525822,0.288732394366197,
0.291079812206573,0.293427230046948,0.295774647887324,0.2981220657277,0.300469483568075,
0.302816901408451,0.305164319248826,0.307511737089202,0.309859154929577,
0.312206572769953,0.314553990610329,0.316901408450704,0.31924882629108,
0.321596244131455,0.323943661971831,0.326291079812207,0.328638497652582,
0.330985915492958,0.333333333333333,0.335680751173709,0.338028169014085,
0.34037558685446,0.342723004694836,0.345070422535211,0.347417840375587,
0.349765258215962,0.352112676056338,0.354460093896714,0.356807511737089,
0.359154929577465,0.36150234741784,0.363849765258216,0.366197183098592,
0.368544600938967,0.370892018779343,0.373239436619718,0.375586854460094,
0.377934272300469,0.380281690140845,0.382629107981221,0.384976525821596,
0.387323943661972,0.389671361502347,0.392018779342723,0.394366197183099,
0.396713615023474,0.39906103286385,0.401408450704225,0.403755868544601,
0.406103286384977,0.408450704225352,0.410798122065728,0.413145539906103,
0.415492957746479,0.417840375586854,0.42018779342723,0.422535211267606,
0.424882629107981,0.427230046948357,0.429577464788732,0.431924882629108,
0.434272300469484,0.436619718309859,0.438967136150235,0.44131455399061,
0.443661971830986,0.446009389671362,0.448356807511737,0.450704225352113,
0.453051643192488,0.455399061032864,0.457746478873239,0.460093896713615,
0.462441314553991,0.464788732394366,0.467136150234742,0.469483568075117,
0.471830985915493,0.474178403755869,0.476525821596244,0.47887323943662,
0.481220657276995,0.483568075117371,0.485915492957746,0.488262910798122,
0.490610328638498,0.492957746478873,0.495305164319249,0.497652582159624,
0.5,0.502347417840376,0.504694835680751,0.507042253521127,0.509389671361502,
0.511737089201878,0.514084507042254,0.516431924882629,0.518779342723005,
0.52112676056338,0.523474178403756,0.525821596244131,0.528169014084507,
0.530516431924883,0.532863849765258,0.535211267605634,0.537558685446009,
0.539906103286385,0.542253521126761,0.544600938967136,0.546948356807512,
0.549295774647887,0.551643192488263,0.553990610328638,0.556338028169014,
0.55868544600939,0.561032863849765,0.563380281690141,0.565727699530516,
0.568075117370892,0.570422535211268,0.572769953051643,0.575117370892019,
0.577464788732394,0.57981220657277,0.582159624413146,0.584507042253521,
0.586854460093897,0.589201877934272,0.591549295774648,0.593896713615023,
0.596244131455399,0.598591549295775,0.60093896713615,0.603286384976526,
0.605633802816901,0.607981220657277,0.610328638497653,0.612676056338028,
0.615023474178404,0.617370892018779,0.619718309859155,0.622065727699531,
0.624413145539906,0.626760563380282,0.629107981220657,0.631455399061033,
0.633802816901408,0.636150234741784,0.63849765258216,0.640845070422535,
0.643192488262911,0.645539906103286,0.647887323943662,0.650234741784038,
0.652582159624413,0.654929577464789,0.657276995305164,0.65962441314554,
0.661971830985915,0.664319248826291,0.666666666666667,0.669014084507042,
0.671361502347418,0.673708920187793,0.676056338028169,0.678403755868545,
0.68075117370892,0.683098591549296,0.685446009389671,0.687793427230047,
0.690140845070423,0.692488262910798,0.694835680751174,0.697183098591549,
0.699530516431925,0.7018779342723,0.704225352112676,0.706572769953052,0.708920187793427,
0.711267605633803,0.713615023474178,0.715962441314554,0.71830985915493,
0.720657276995305,0.723004694835681,0.725352112676056,0.727699530516432,
0.730046948356808,0.732394366197183,0.734741784037559,0.737089201877934,
0.73943661971831,0.741784037558685,0.744131455399061,0.746478873239437,
0.748826291079812,0.751173708920188,0.753521126760563,0.755868544600939,
0.758215962441315,0.76056338028169,0.762910798122066,0.765258215962441,
0.767605633802817,0.769953051643192,0.772300469483568,0.774647887323944,
0.776995305164319,0.779342723004695,0.78169014084507,0.784037558685446,
0.786384976525822,0.788732394366197,0.791079812206573,0.793427230046948,
0.795774647887324,0.7981220657277,0.800469483568075,0.802816901408451,0.805164319248826,
0.807511737089202,0.809859154929577,0.812206572769953,0.814553990610329,
0.816901408450704,0.81924882629108,0.821596244131455,0.823943661971831,
0.826291079812207,0.828638497652582,0.830985915492958,0.833333333333333,
0.835680751173709,0.838028169014085,0.84037558685446,0.842723004694836,
0.845070422535211,0.847417840375587,0.849765258215962,0.852112676056338,
0.854460093896714,0.856807511737089,0.859154929577465,0.86150234741784,
0.863849765258216,0.866197183098592,0.868544600938967,0.870892018779343,
0.873239436619718,0.875586854460094,0.877934272300469,0.880281690140845,
0.882629107981221,0.884976525821596,0.887323943661972,0.889671361502347,
0.892018779342723,0.894366197183099,0.896713615023474,0.89906103286385,
0.901408450704225,0.903755868544601,0.906103286384977,0.908450704225352,
0.910798122065728,0.913145539906103,0.915492957746479,0.917840375586854,
0.92018779342723,0.922535211267606,0.924882629107981,0.927230046948357,
0.929577464788732,0.931924882629108,0.934272300469484,0.936619718309859,
0.938967136150235,0.94131455399061,0.943661971830986,0.946009389671362,
0.948356807511737,0.950704225352113,0.953051643192488,0.955399061032864,
0.957746478873239,0.960093896713615,0.962441314553991,0.964788732394366,
0.967136150234742,0.969483568075117,0.971830985915493,0.974178403755869,
0.976525821596244,0.97887323943662,0.981220657276995,0.983568075117371,
0.985915492957746,0.988262910798122,0.990610328638498,0.992957746478873,
0.995305164319249,0.997652582159624,1.),.UNSPECIFIED.)
GEOMETRIC_REPRESENTATION_ITEM()
RATIONAL_B_SPLINE_SURFACE(((1.,0.866025403784439,1.,0.866025403784439,1.,
0.866025403784439,1.,0.866025403784439,1.,0.866025403784439,1.,0.866025403784439,
1.,0.866025403784439,1.,0.866025403784439,1.,0.866025403784439,1.,0.866025403784439,
1.,0.866025403784439,1.,0.866025403784439,1.,0.866025403784439,1.,0.866025403784439,
1.,0.866025403784439,1.,0.866025403784439,1.,0.866025403784439,1.,0.866025403784439,
1.,0.866025403784439,1.,0.866025403784439,1.,0.866025403784439,1.,0.866025403784439,
1.,0.866025403784439,1.,0.866025403784439,1.,0.866025403784439,1.,0.866025403784439,
1.,0.866025403784439,1.,0.866025403784439,1.,0.866025403784439,1.,0.866025403784439,
1.,0.866025403784439,1.,0.866025403784439,1.,0.866025403784439,1.,0.866025403784439,
1.,0.866025403784439,1.,0.866025403784439,1.,0.866025403784439,1.,0.866025403784439,
1.,0.866025403784439,1.,0.866025403784439,1.,0.866025403784439,1.,0.866025403784439,
1.,0.866025403784439,1.,0.866025403784439,1.,0.866025403784439,1.,0.866025403784439,
1.,0.866025403784439,1.,0.866025403784439,1.,0.866025403784439,1.,0.866025403784439,
1.,0.866025403784439,1.,0.866025403784439,1.,0.866025403784439,1.,0.866025403784439,
1.,0.866025403784439,1.,0.866025403784439,1.,0.866025403784439,1.,0.866025403784439,
1.,0.866025403784439,1.,0.866025403784439,1.,0.866025403784439,1.,0.866025403784439,
1.,0.866025403784439,1.,0.866025403784439,1.,0.866025403784439,1.,0.866025403784439,
1.,0.866025403784439,1.,0.866025403784439,1.,0.866025403784439,1.,0.866025403784439,
1.,0.866025403784439,1.,0.866025403784439,1.,0.866025403784439,1.,0.866025403784439,
1.,0.866025403784439,1.,0.866025403784439,1.,0.866025403784439,1.,0.866025403784439,
1.,0.866025403784439,1.,0.866025403784439,1.,0.866025403784439,1.,0.866025403784439,
1.,0.866025403784439,1.,0.866025403784439,1.,0.866025403784439,1.,0.866025403784439,
1.,0.866025403784439,1.,0.866025403784439,1.,0.866025403784439,1.,0.866025403784439,
1.,0.866025403784439,1.,0.866025403784439,1.,0.866025403784439,1.,0.866025403784439,
1.,0.866025403784439,1.,0.866025403784439,1.,0.866025403784439,1.,0.866025403784439,
1.,0.866025403784439,1.,0.866025403784439,1.,0.866025403784439,1.,0.866025403784439,
1.,0.866025403784439,1.,0.866025403784439,1.,0.866025403784439,1.,0.866025403784439,
1.,0.866025403784439,1.,0.866025403784439,1.,0.866025403784439,1.,0.866025403784439,
1.,0.866025403784439,1.,0.866025403784439,1.,0.866025403784439,1.,0.866025403784439,
1.,0.866025403784439,1.,0.866025403784439,1.,0.866025403784439,1.,0.866025403784439,
1.,0.866025403784439,1.,0.866025403784439,1.,0.866025403784439,1.,0.866025403784439,
1.,0.866025403784439,1.,0.866025403784439,1.,0.866025403784439,1.,0.866025403784439,
1.,0.866025403784439,1.,0.866025403784439,1.,0.866025403784439,1.,0.866025403784439,
1.,0.866025403784439,1.,0.866025403784439,1.,0.866025403784439,1.,0.866025403784439,
1.,0.866025403784439,1.,0.866025403784439,1.,0.866025403784439,1.,0.866025403784439,
1.,0.866025403784439,1.,0.866025403784439,1.,0.866025403784439,1.,0.866025403784439,
1.,0.866025403784439,1.,0.866025403784439,1.,0.866025403784439,1.,0.866025403784439,
1.,0.866025403784439,1.,0.866025403784439,1.,0.866025403784439,1.,0.866025403784439,
1.,0.866025403784439,1.,0.866025403784439,1.,0.866025403784439,1.,0.866025403784439,
1.,0.866025403784439,1.,0.866025403784439,1.,0.866025403784439,1.,0.866025403784439,
1.,0.866025403784439,1.,0.866025403784439,1.,0.866025403784439,1.,0.866025403784439,
1.,0.866025403784439,1.,0.866025403784439,1.,0.866025403784439,1.,0.866025403784439,
1.,0.866025403784439,1.,0.866025403784439,1.,0.866025403784439,1.,0.866025403784439,
1.,0.866025403784439,1.,0.866025403784439,1.,0.866025403784439,1.,0.866025403784439,
1.,0.866025403784439,1.,0.866025403784439,1.,0.866025403784439,1.,0.866025403784439,
1.,0.866025403784439,1.,0.866025403784439,1.,0.866025403784439,1.,0.866025403784439,
1.,0.866025403784439,1.,0.866025403784439,1.,0.866025403784439,1.,0.866025403784439,
1.,0.866025403784439,1.,0.866025403784439,1.,0.866025403784439,1.,0.866025403784439,
1.,0.866025403784439,1.,0.866025403784439,1.,0.866025403784439,1.,0.866025403784439,
1.,0.866025403784439,1.,0.866025403784439,1.,0.866025403784439,1.,0.866025403784439,
1.,0.866025403784439,1.,0.866025403784439,1.,0.866025403784439,1.,0.866025403784439,
1.,0.866025403784439,1.,0.866025403784439,1.,0.866025403784439,1.,0.866025403784439,
1.,0.866025403784439,1.,0.866025403784439,1.,0.866025403784439,1.,0.866025403784439,
1.,0.866025403784439,1.,0.866025403784439,1.,0.866025403784439,1.,0.866025403784439,
1.,0.866025403784439,1.,0.866025403784439,1.,0.866025403784439,1.,0.866025403784439,
1.,0.866025403784439,1.,0.866025403784439,1.,0.866025403784439,1.,0.866025403784439,
1.,0.866025403784439,1.,0.866025403784439,1.,0.866025403784439,1.,0.866025403784439,
1.,0.866025403784439,1.,0.866025403784439,1.,0.866025403784439,1.,0.866025403784439,
1.,0.866025403784439,1.,0.866025403784439,1.,0.866025403784439,1.,0.866025403784439,
1.,0.866025403784439,1.,0.866025403784439,1.,0.866025403784439,1.,0.866025403784439,
1.,0.866025403784439,1.,0.866025403784439,1.,0.866025403784439,1.,0.866025403784439,
1.,0.866025403784439,1.,0.866025403784439,1.,0.866025403784439,1.,0.866025403784439,
1.,0.866025403784439,1.,0.866025403784439,1.,0.866025403784439,1.,0.866025403784439,
1.,0.866025403784439,1.,0.866025403784439,1.,0.866025403784439,1.,0.866025403784439,
1.,0.866025403784439,1.,0.866025403784439,1.,0.866025403784439,1.,0.866025403784439,
1.,0.866025403784439,1.,0.866025403784439,1.,0.866025403784439,1.,0.866025403784439,
1.,0.866025403784439,1.,0.866025403784439,1.,0.866025403784439,1.,0.866025403784439,
1.,0.866025403784439,1.,0.866025403784439,1.,0.866025403784439,1.,0.866025403784439,
1.,0.866025403784439,1.,0.866025403784439,1.,0.866025403784439,1.,0.866025403784439,
1.,0.866025403784439,1.,0.866025403784439,1.,0.866025403784439,1.,0.866025403784439,
1.,0.866025403784439,1.,0.866025403784439,1.,0.866025403784439,1.,0.866025403784439,
1.,0.866025403784439,1.,0.866025403784439,1.,0.866025403784439,1.,0.866025403784439,
1.,0.866025403784439,1.,0.866025403784439,1.,0.866025403784439,1.,0.866025403784439,
1.,0.866025403784439,1.,0.866025403784439,1.,0.866025403784439,1.,0.866025403784439,
1.,0.866025403784439,1.,0.866025403784439,1.,0.866025403784439,1.,0.866025403784439,
1.,0.866025403784439,1.,0.866025403784439,1.,0.866025403784439,1.,0.866025403784439,
1.,0.866025403784439,1.,0.866025403784439,1.,0.866025403784439,1.,0.866025403784439,
1.,0.866025403784439,1.,0.866025403784439,1.,0.866025403784439,1.,0.866025403784439,
1.,0.866025403784439,1.,0.866025403784439,1.,0.866025403784439,1.,0.866025403784439,
1.,0.866025403784439,1.,0.866025403784439,1.,0.866025403784439,1.,0.866025403784439,
1.,0.866025403784439,1.,0.866025403784439,1.,0.866025403784439,1.,0.866025403784439,
1.,0.866025403784439,1.,0.866025403784439,1.,0.866025403784439,1.,0.866025403784439,
1.,0.866025403784439,1.,0.866025403784439,1.,0.866025403784439,1.,0.866025403784439,
1.,0.866025403784439,1.,0.866025403784439,1.,0.866025403784439,1.,0.866025403784439,
1.,0.866025403784439,1.,0.866025403784439,1.,0.866025403784439,1.,0.866025403784439,
1.,0.866025403784439,1.,0.866025403784439,1.,0.866025403784439,1.,0.866025403784439,
1.,0.866025403784439,1.,0.866025403784439,1.,0.866025403784439,1.,0.866025403784439,
1.,0.866025403784439,1.,0.866025403784439,1.,0.866025403784439,1.,0.866025403784439,
1.,0.866025403784439,1.,0.866025403784439,1.,0.866025403784439,1.,0.866025403784439,
1.,0.866025403784439,1.,0.866025403784439,1.,0.866025403784439,1.,0.866025403784439,
1.,0.866025403784439,1.,0.866025403784439,1.,0.866025403784439,1.,0.866025403784439,
1.,0.866025403784439,1.,0.866025403784439,1.,0.866025403784439,1.,0.866025403784439,
1.,0.866025403784439,1.,0.866025403784439,1.,0.866025403784439,1.,0.866025403784439,
1.,0.866025403784439,1.,0.866025403784439,1.,0.866025403784439,1.,0.866025403784439,
1.,0.866025403784439,1.,0.866025403784439,1.,0.866025403784439,1.,0.866025403784439,
1.,0.866025403784439,1.,0.866025403784439,1.,0.866025403784439,1.,0.866025403784439,
1.,0.866025403784439,1.,0.866025403784439,1.,0.866025403784439,1.,0.866025403784439,
1.,0.866025403784439,1.,0.866025403784439,1.,0.866025403784439,1.,0.866025403784439,
1.,0.866025403784439,1.,0.866025403784439,1.,0.866025403784439,1.,0.866025403784439,
1.,0.866025403784439,1.,0.866025403784439,1.,0.866025403784439,1.,0.866025403784439,
1.,0.866025403784439,1.,0.866025403784439,1.,0.866025403784439,1.,0.866025403784439,
1.,0.866025403784439,1.,0.866025403784439,1.,0.866025403784439,1.,0.866025403784439,
1.,0.866025403784439,1.,0.866025403784439,1.,0.866025403784439,1.,0.866025403784439,
1.,0.866025403784439,1.,0.866025403784439,1.,0.866025403784439,1.,0.866025403784439,
1.,0.866025403784439,1.,0.866025403784439,1.,0.866025403784439,1.,0.866025403784439,
1.,0.866025403784439,1.,0.866025403784439,1.,0.866025403784439,1.,0.866025403784439,
1.,0.866025403784439,1.,0.866025403784439,1.,0.866025403784439,1.,0.866025403784439,
1.),(1.,0.866025403784439,1.,0.866025403784439,1.,0.866025403784439,1.,
0.866025403784439,1.,0.866025403784439,1.,0.866025403784439,1.,0.866025403784439,
1.,0.866025403784439,1.,0.866025403784439,1.,0.866025403784439,1.,0.866025403784439,
1.,0.866025403784439,1.,0.866025403784439,1.,0.866025403784439,1.,0.866025403784439,
1.,0.866025403784439,1.,0.866025403784439,1.,0.866025403784439,1.,0.866025403784439,
1.,0.866025403784439,1.,0.866025403784439,1.,0.866025403784439,1.,0.866025403784439,
1.,0.866025403784439,1.,0.866025403784439,1.,0.866025403784439,1.,0.866025403784439,
1.,0.866025403784439,1.,0.866025403784439,1.,0.866025403784439,1.,0.866025403784439,
1.,0.866025403784439,1.,0.866025403784439,1.,0.866025403784439,1.,0.866025403784439,
1.,0.866025403784439,1.,0.866025403784439,1.,0.866025403784439,1.,0.866025403784439,
1.,0.866025403784439,1.,0.866025403784439,1.,0.866025403784439,1.,0.866025403784439,
1.,0.866025403784439,1.,0.866025403784439,1.,0.866025403784439,1.,0.866025403784439,
1.,0.866025403784439,1.,0.866025403784439,1.,0.866025403784439,1.,0.866025403784439,
1.,0.866025403784439,1.,0.866025403784439,1.,0.866025403784439,1.,0.866025403784439,
1.,0.866025403784439,1.,0.866025403784439,1.,0.866025403784439,1.,0.866025403784439,
1.,0.866025403784439,1.,0.866025403784439,1.,0.866025403784439,1.,0.866025403784439,
1.,0.866025403784439,1.,0.866025403784439,1.,0.866025403784439,1.,0.866025403784439,
1.,0.866025403784439,1.,0.866025403784439,1.,0.866025403784439,1.,0.866025403784439,
1.,0.866025403784439,1.,0.866025403784439,1.,0.866025403784439,1.,0.866025403784439,
1.,0.866025403784439,1.,0.866025403784439,1.,0.866025403784439,1.,0.866025403784439,
1.,0.866025403784439,1.,0.866025403784439,1.,0.866025403784439,1.,0.866025403784439,
1.,0.866025403784439,1.,0.866025403784439,1.,0.866025403784439,1.,0.866025403784439,
1.,0.866025403784439,1.,0.866025403784439,1.,0.866025403784439,1.,0.866025403784439,
1.,0.866025403784439,1.,0.866025403784439,1.,0.866025403784439,1.,0.866025403784439,
1.,0.866025403784439,1.,0.866025403784439,1.,0.866025403784439,1.,0.866025403784439,
1.,0.866025403784439,1.,0.866025403784439,1.,0.866025403784439,1.,0.866025403784439,
1.,0.866025403784439,1.,0.866025403784439,1.,0.866025403784439,1.,0.866025403784439,
1.,0.866025403784439,1.,0.866025403784439,1.,0.866025403784439,1.,0.866025403784439,
1.,0.866025403784439,1.,0.866025403784439,1.,0.866025403784439,1.,0.866025403784439,
1.,0.866025403784439,1.,0.866025403784439,1.,0.866025403784439,1.,0.866025403784439,
1.,0.866025403784439,1.,0.866025403784439,1.,0.866025403784439,1.,0.866025403784439,
1.,0.866025403784439,1.,0.866025403784439,1.,0.866025403784439,1.,0.866025403784439,
1.,0.866025403784439,1.,0.866025403784439,1.,0.866025403784439,1.,0.866025403784439,
1.,0.866025403784439,1.,0.866025403784439,1.,0.866025403784439,1.,0.866025403784439,
1.,0.866025403784439,1.,0.866025403784439,1.,0.866025403784439,1.,0.866025403784439,
1.,0.866025403784439,1.,0.866025403784439,1.,0.866025403784439,1.,0.866025403784439,
1.,0.866025403784439,1.,0.866025403784439,1.,0.866025403784439,1.,0.866025403784439,
1.,0.866025403784439,1.,0.866025403784439,1.,0.866025403784439,1.,0.866025403784439,
1.,0.866025403784439,1.,0.866025403784439,1.,0.866025403784439,1.,0.866025403784439,
1.,0.866025403784439,1.,0.866025403784439,1.,0.866025403784439,1.,0.866025403784439,
1.,0.866025403784439,1.,0.866025403784439,1.,0.866025403784439,1.,0.866025403784439,
1.,0.866025403784439,1.,0.866025403784439,1.,0.866025403784439,1.,0.866025403784439,
1.,0.866025403784439,1.,0.866025403784439,1.,0.866025403784439,1.,0.866025403784439,
1.,0.866025403784439,1.,0.866025403784439,1.,0.866025403784439,1.,0.866025403784439,
1.,0.866025403784439,1.,0.866025403784439,1.,0.866025403784439,1.,0.866025403784439,
1.,0.866025403784439,1.,0.866025403784439,1.,0.866025403784439,1.,0.866025403784439,
1.,0.866025403784439,1.,0.866025403784439,1.,0.866025403784439,1.,0.866025403784439,
1.,0.866025403784439,1.,0.866025403784439,1.,0.866025403784439,1.,0.866025403784439,
1.,0.866025403784439,1.,0.866025403784439,1.,0.866025403784439,1.,0.866025403784439,
1.,0.866025403784439,1.,0.866025403784439,1.,0.866025403784439,1.,0.866025403784439,
1.,0.866025403784439,1.,0.866025403784439,1.,0.866025403784439,1.,0.866025403784439,
1.,0.866025403784439,1.,0.866025403784439,1.,0.866025403784439,1.,0.866025403784439,
1.,0.866025403784439,1.,0.866025403784439,1.,0.866025403784439,1.,0.866025403784439,
1.,0.866025403784439,1.,0.866025403784439,1.,0.866025403784439,1.,0.866025403784439,
1.,0.866025403784439,1.,0.866025403784439,1.,0.866025403784439,1.,0.866025403784439,
1.,0.866025403784439,1.,0.866025403784439,1.,0.866025403784439,1.,0.866025403784439,
1.,0.866025403784439,1.,0.866025403784439,1.,0.866025403784439,1.,0.866025403784439,
1.,0.866025403784439,1.,0.866025403784439,1.,0.866025403784439,1.,0.866025403784439,
1.,0.866025403784439,1.,0.866025403784439,1.,0.866025403784439,1.,0.866025403784439,
1.,0.866025403784439,1.,0.866025403784439,1.,0.866025403784439,1.,0.866025403784439,
1.,0.866025403784439,1.,0.866025403784439,1.,0.866025403784439,1.,0.866025403784439,
1.,0.866025403784439,1.,0.866025403784439,1.,0.866025403784439,1.,0.866025403784439,
1.,0.866025403784439,1.,0.866025403784439,1.,0.866025403784439,1.,0.866025403784439,
1.,0.866025403784439,1.,0.866025403784439,1.,0.866025403784439,1.,0.866025403784439,
1.,0.866025403784439,1.,0.866025403784439,1.,0.866025403784439,1.,0.866025403784439,
1.,0.866025403784439,1.,0.866025403784439,1.,0.866025403784439,1.,0.866025403784439,
1.,0.866025403784439,1.,0.866025403784439,1.,0.866025403784439,1.,0.866025403784439,
1.,0.866025403784439,1.,0.866025403784439,1.,0.866025403784439,1.,0.866025403784439,
1.,0.866025403784439,1.,0.866025403784439,1.,0.866025403784439,1.,0.866025403784439,
1.,0.866025403784439,1.,0.866025403784439,1.,0.866025403784439,1.,0.866025403784439,
1.,0.866025403784439,1.,0.866025403784439,1.,0.866025403784439,1.,0.866025403784439,
1.,0.866025403784439,1.,0.866025403784439,1.,0.866025403784439,1.,0.866025403784439,
1.,0.866025403784439,1.,0.866025403784439,1.,0.866025403784439,1.,0.866025403784439,
1.,0.866025403784439,1.,0.866025403784439,1.,0.866025403784439,1.,0.866025403784439,
1.,0.866025403784439,1.,0.866025403784439,1.,0.866025403784439,1.,0.866025403784439,
1.,0.866025403784439,1.,0.866025403784439,1.,0.866025403784439,1.,0.866025403784439,
1.,0.866025403784439,1.,0.866025403784439,1.,0.866025403784439,1.,0.866025403784439,
1.,0.866025403784439,1.,0.866025403784439,1.,0.866025403784439,1.,0.866025403784439,
1.,0.866025403784439,1.,0.866025403784439,1.,0.866025403784439,1.,0.866025403784439,
1.,0.866025403784439,1.,0.866025403784439,1.,0.866025403784439,1.,0.866025403784439,
1.,0.866025403784439,1.,0.866025403784439,1.,0.866025403784439,1.,0.866025403784439,
1.,0.866025403784439,1.,0.866025403784439,1.,0.866025403784439,1.,0.866025403784439,
1.,0.866025403784439,1.,0.866025403784439,1.,0.866025403784439,1.,0.866025403784439,
1.,0.866025403784439,1.,0.866025403784439,1.,0.866025403784439,1.,0.866025403784439,
1.,0.866025403784439,1.,0.866025403784439,1.,0.866025403784439,1.,0.866025403784439,
1.,0.866025403784439,1.,0.866025403784439,1.,0.866025403784439,1.,0.866025403784439,
1.,0.866025403784439,1.,0.866025403784439,1.,0.866025403784439,1.,0.866025403784439,
1.,0.866025403784439,1.,0.866025403784439,1.,0.866025403784439,1.,0.866025403784439,
1.,0.866025403784439,1.,0.866025403784439,1.,0.866025403784439,1.,0.866025403784439,
1.,0.866025403784439,1.,0.866025403784439,1.,0.866025403784439,1.,0.866025403784439,
1.,0.866025403784439,1.,0.866025403784439,1.,0.866025403784439,1.,0.866025403784439,
1.,0.866025403784439,1.,0.866025403784439,1.,0.866025403784439,1.,0.866025403784439,
1.,0.866025403784439,1.,0.866025403784439,1.,0.866025403784439,1.,0.866025403784439,
1.,0.866025403784439,1.,0.866025403784439,1.,0.866025403784439,1.,0.866025403784439,
1.,0.866025403784439,1.,0.866025403784439,1.,0.866025403784439,1.,0.866025403784439,
1.,0.866025403784439,1.,0.866025403784439,1.,0.866025403784439,1.,0.866025403784439,
1.,0.866025403784439,1.,0.866025403784439,1.,0.866025403784439,1.,0.866025403784439,
1.,0.866025403784439,1.,0.866025403784439,1.,0.866025403784439,1.,0.866025403784439,
1.,0.866025403784439,1.,0.866025403784439,1.,0.866025403784439,1.,0.866025403784439,
1.,0.866025403784439,1.,0.866025403784439,1.,0.866025403784439,1.,0.866025403784439,
1.,0.866025403784439,1.,0.866025403784439,1.,0.866025403784439,1.,0.866025403784439,
1.,0.866025403784439,1.,0.866025403784439,1.,0.866025403784439,1.,0.866025403784439,
1.,0.866025403784439,1.,0.866025403784439,1.,0.866025403784439,1.,0.866025403784439,
1.,0.866025403784439,1.,0.866025403784439,1.,0.866025403784439,1.,0.866025403784439,
1.,0.866025403784439,1.,0.866025403784439,1.,0.866025403784439,1.,0.866025403784439,
1.,0.866025403784439,1.,0.866025403784439,1.,0.866025403784439,1.,0.866025403784439,
1.,0.866025403784439,1.,0.866025403784439,1.,0.866025403784439,1.)))
REPRESENTATION_ITEM('')
SURFACE()
);
#51=(
BOUNDED_SURFACE()
B_SPLINE_SURFACE(1,2,((#4378,#4379,#4380,#4381,#4382,#4383,#4384,#4385,
#4386,#4387,#4388,#4389,#4390,#4391,#4392,#4393,#4394,#4395,#4396,#4397,
#4398,#4399,#4400,#4401,#4402,#4403,#4404,#4405,#4406,#4407,#4408,#4409,
#4410,#4411,#4412,#4413,#4414,#4415,#4416,#4417,#4418,#4419,#4420,#4421,
#4422,#4423,#4424,#4425,#4426,#4427,#4428,#4429,#4430,#4431,#4432,#4433,
#4434,#4435,#4436,#4437,#4438,#4439,#4440,#4441,#4442,#4443,#4444,#4445,
#4446,#4447,#4448,#4449,#4450,#4451,#4452,#4453,#4454,#4455,#4456,#4457,
#4458,#4459,#4460,#4461,#4462,#4463,#4464,#4465,#4466,#4467,#4468,#4469,
#4470,#4471,#4472,#4473,#4474,#4475,#4476,#4477,#4478,#4479,#4480,#4481,
#4482,#4483,#4484,#4485,#4486,#4487,#4488,#4489,#4490,#4491,#4492,#4493,
#4494,#4495,#4496,#4497,#4498,#4499,#4500,#4501,#4502,#4503,#4504,#4505,
#4506,#4507,#4508,#4509,#4510,#4511,#4512,#4513,#4514,#4515,#4516,#4517,
#4518,#4519,#4520,#4521,#4522,#4523,#4524,#4525,#4526,#4527,#4528,#4529,
#4530,#4531,#4532,#4533,#4534,#4535,#4536,#4537,#4538,#4539,#4540,#4541,
#4542,#4543,#4544,#4545,#4546,#4547,#4548,#4549,#4550,#4551,#4552,#4553,
#4554,#4555,#4556,#4557,#4558,#4559,#4560,#4561,#4562,#4563,#4564,#4565,
#4566,#4567,#4568,#4569,#4570,#4571,#4572,#4573,#4574,#4575,#4576,#4577,
#4578,#4579,#4580,#4581,#4582,#4583,#4584,#4585,#4586,#4587,#4588,#4589,
#4590,#4591,#4592,#4593,#4594,#4595,#4596,#4597,#4598,#4599,#4600,#4601,
#4602,#4603,#4604,#4605,#4606,#4607,#4608,#4609,#4610,#4611,#4612,#4613,
#4614,#4615,#4616,#4617,#4618,#4619,#4620,#4621,#4622,#4623,#4624,#4625,
#4626,#4627,#4628,#4629,#4630,#4631,#4632,#4633,#4634,#4635,#4636,#4637,
#4638,#4639,#4640,#4641,#4642,#4643,#4644,#4645,#4646,#4647,#4648,#4649,
#4650,#4651,#4652,#4653,#4654,#4655,#4656,#4657,#4658,#4659,#4660,#4661,
#4662,#4663,#4664,#4665,#4666,#4667,#4668,#4669,#4670,#4671,#4672,#4673,
#4674,#4675,#4676,#4677,#4678,#4679,#4680,#4681,#4682,#4683,#4684,#4685,
#4686,#4687,#4688,#4689,#4690,#4691,#4692,#4693,#4694,#4695,#4696,#4697,
#4698,#4699,#4700,#4701,#4702,#4703,#4704,#4705,#4706,#4707,#4708,#4709,
#4710,#4711,#4712,#4713,#4714,#4715,#4716,#4717,#4718,#4719,#4720,#4721,
#4722,#4723,#4724,#4725,#4726,#4727,#4728,#4729,#4730,#4731,#4732,#4733,
#4734,#4735,#4736,#4737,#4738,#4739,#4740,#4741,#4742,#4743,#4744,#4745,
#4746,#4747,#4748,#4749,#4750,#4751,#4752,#4753,#4754,#4755,#4756,#4757,
#4758,#4759,#4760,#4761,#4762,#4763,#4764,#4765,#4766,#4767,#4768,#4769,
#4770,#4771,#4772,#4773,#4774,#4775,#4776,#4777,#4778,#4779,#4780,#4781,
#4782,#4783,#4784,#4785,#4786,#4787,#4788,#4789,#4790,#4791,#4792,#4793,
#4794,#4795,#4796,#4797,#4798,#4799,#4800,#4801,#4802,#4803,#4804,#4805,
#4806,#4807,#4808,#4809,#4810,#4811,#4812,#4813,#4814,#4815,#4816,#4817,
#4818,#4819,#4820,#4821,#4822,#4823,#4824,#4825,#4826,#4827,#4828,#4829,
#4830,#4831,#4832,#4833,#4834,#4835,#4836,#4837,#4838,#4839,#4840,#4841,
#4842,#4843,#4844,#4845,#4846,#4847,#4848,#4849,#4850,#4851,#4852,#4853,
#4854,#4855,#4856,#4857,#4858,#4859,#4860,#4861,#4862,#4863,#4864,#4865,
#4866,#4867,#4868,#4869,#4870,#4871,#4872,#4873,#4874,#4875,#4876,#4877,
#4878,#4879,#4880,#4881,#4882,#4883,#4884,#4885,#4886,#4887,#4888,#4889,
#4890,#4891,#4892,#4893,#4894,#4895,#4896,#4897,#4898,#4899,#4900,#4901,
#4902,#4903,#4904,#4905,#4906,#4907,#4908,#4909,#4910,#4911,#4912,#4913,
#4914,#4915,#4916,#4917,#4918,#4919,#4920,#4921,#4922,#4923,#4924,#4925,
#4926,#4927,#4928,#4929,#4930,#4931,#4932,#4933,#4934,#4935,#4936,#4937,
#4938,#4939,#4940,#4941,#4942,#4943,#4944,#4945,#4946,#4947,#4948,#4949,
#4950,#4951,#4952,#4953,#4954,#4955,#4956,#4957,#4958,#4959,#4960,#4961,
#4962,#4963,#4964,#4965,#4966,#4967,#4968,#4969,#4970,#4971,#4972,#4973,
#4974,#4975,#4976,#4977,#4978,#4979,#4980,#4981,#4982,#4983,#4984,#4985,
#4986,#4987,#4988,#4989,#4990,#4991,#4992,#4993,#4994,#4995,#4996,#4997,
#4998,#4999,#5000,#5001,#5002,#5003,#5004,#5005,#5006,#5007,#5008,#5009,
#5010,#5011,#5012,#5013,#5014,#5015,#5016,#5017,#5018,#5019,#5020,#5021,
#5022,#5023,#5024,#5025,#5026,#5027,#5028,#5029,#5030,#5031,#5032,#5033,
#5034,#5035,#5036,#5037,#5038,#5039,#5040,#5041,#5042,#5043,#5044,#5045,
#5046,#5047,#5048,#5049,#5050,#5051,#5052,#5053,#5054,#5055,#5056,#5057,
#5058,#5059,#5060,#5061,#5062,#5063,#5064,#5065,#5066,#5067,#5068,#5069,
#5070,#5071,#5072,#5073,#5074,#5075,#5076,#5077,#5078,#5079,#5080,#5081,
#5082,#5083,#5084,#5085,#5086,#5087,#5088,#5089,#5090,#5091,#5092,#5093,
#5094,#5095,#5096,#5097,#5098,#5099,#5100,#5101,#5102,#5103,#5104,#5105,
#5106,#5107,#5108,#5109,#5110,#5111,#5112,#5113,#5114,#5115,#5116,#5117,
#5118,#5119,#5120,#5121,#5122,#5123,#5124,#5125,#5126,#5127,#5128,#5129,
#5130,#5131,#5132,#5133,#5134,#5135,#5136,#5137,#5138,#5139,#5140,#5141,
#5142,#5143,#5144,#5145,#5146,#5147,#5148,#5149,#5150,#5151,#5152,#5153,
#5154,#5155,#5156,#5157,#5158,#5159,#5160,#5161,#5162,#5163,#5164,#5165,
#5166,#5167,#5168,#5169,#5170,#5171,#5172,#5173,#5174,#5175,#5176,#5177,
#5178,#5179,#5180,#5181,#5182,#5183,#5184,#5185,#5186,#5187,#5188,#5189,
#5190,#5191,#5192,#5193,#5194,#5195,#5196,#5197,#5198,#5199,#5200,#5201,
#5202,#5203,#5204,#5205,#5206,#5207,#5208,#5209,#5210,#5211,#5212,#5213,
#5214,#5215,#5216,#5217,#5218,#5219,#5220,#5221,#5222,#5223,#5224,#5225,
#5226,#5227,#5228,#5229,#5230),(#5231,#5232,#5233,#5234,#5235,#5236,#5237,
#5238,#5239,#5240,#5241,#5242,#5243,#5244,#5245,#5246,#5247,#5248,#5249,
#5250,#5251,#5252,#5253,#5254,#5255,#5256,#5257,#5258,#5259,#5260,#5261,
#5262,#5263,#5264,#5265,#5266,#5267,#5268,#5269,#5270,#5271,#5272,#5273,
#5274,#5275,#5276,#5277,#5278,#5279,#5280,#5281,#5282,#5283,#5284,#5285,
#5286,#5287,#5288,#5289,#5290,#5291,#5292,#5293,#5294,#5295,#5296,#5297,
#5298,#5299,#5300,#5301,#5302,#5303,#5304,#5305,#5306,#5307,#5308,#5309,
#5310,#5311,#5312,#5313,#5314,#5315,#5316,#5317,#5318,#5319,#5320,#5321,
#5322,#5323,#5324,#5325,#5326,#5327,#5328,#5329,#5330,#5331,#5332,#5333,
#5334,#5335,#5336,#5337,#5338,#5339,#5340,#5341,#5342,#5343,#5344,#5345,
#5346,#5347,#5348,#5349,#5350,#5351,#5352,#5353,#5354,#5355,#5356,#5357,
#5358,#5359,#5360,#5361,#5362,#5363,#5364,#5365,#5366,#5367,#5368,#5369,
#5370,#5371,#5372,#5373,#5374,#5375,#5376,#5377,#5378,#5379,#5380,#5381,
#5382,#5383,#5384,#5385,#5386,#5387,#5388,#5389,#5390,#5391,#5392,#5393,
#5394,#5395,#5396,#5397,#5398,#5399,#5400,#5401,#5402,#5403,#5404,#5405,
#5406,#5407,#5408,#5409,#5410,#5411,#5412,#5413,#5414,#5415,#5416,#5417,
#5418,#5419,#5420,#5421,#5422,#5423,#5424,#5425,#5426,#5427,#5428,#5429,
#5430,#5431,#5432,#5433,#5434,#5435,#5436,#5437,#5438,#5439,#5440,#5441,
#5442,#5443,#5444,#5445,#5446,#5447,#5448,#5449,#5450,#5451,#5452,#5453,
#5454,#5455,#5456,#5457,#5458,#5459,#5460,#5461,#5462,#5463,#5464,#5465,
#5466,#5467,#5468,#5469,#5470,#5471,#5472,#5473,#5474,#5475,#5476,#5477,
#5478,#5479,#5480,#5481,#5482,#5483,#5484,#5485,#5486,#5487,#5488,#5489,
#5490,#5491,#5492,#5493,#5494,#5495,#5496,#5497,#5498,#5499,#5500,#5501,
#5502,#5503,#5504,#5505,#5506,#5507,#5508,#5509,#5510,#5511,#5512,#5513,
#5514,#5515,#5516,#5517,#5518,#5519,#5520,#5521,#5522,#5523,#5524,#5525,
#5526,#5527,#5528,#5529,#5530,#5531,#5532,#5533,#5534,#5535,#5536,#5537,
#5538,#5539,#5540,#5541,#5542,#5543,#5544,#5545,#5546,#5547,#5548,#5549,
#5550,#5551,#5552,#5553,#5554,#5555,#5556,#5557,#5558,#5559,#5560,#5561,
#5562,#5563,#5564,#5565,#5566,#5567,#5568,#5569,#5570,#5571,#5572,#5573,
#5574,#5575,#5576,#5577,#5578,#5579,#5580,#5581,#5582,#5583,#5584,#5585,
#5586,#5587,#5588,#5589,#5590,#5591,#5592,#5593,#5594,#5595,#5596,#5597,
#5598,#5599,#5600,#5601,#5602,#5603,#5604,#5605,#5606,#5607,#5608,#5609,
#5610,#5611,#5612,#5613,#5614,#5615,#5616,#5617,#5618,#5619,#5620,#5621,
#5622,#5623,#5624,#5625,#5626,#5627,#5628,#5629,#5630,#5631,#5632,#5633,
#5634,#5635,#5636,#5637,#5638,#5639,#5640,#5641,#5642,#5643,#5644,#5645,
#5646,#5647,#5648,#5649,#5650,#5651,#5652,#5653,#5654,#5655,#5656,#5657,
#5658,#5659,#5660,#5661,#5662,#5663,#5664,#5665,#5666,#5667,#5668,#5669,
#5670,#5671,#5672,#5673,#5674,#5675,#5676,#5677,#5678,#5679,#5680,#5681,
#5682,#5683,#5684,#5685,#5686,#5687,#5688,#5689,#5690,#5691,#5692,#5693,
#5694,#5695,#5696,#5697,#5698,#5699,#5700,#5701,#5702,#5703,#5704,#5705,
#5706,#5707,#5708,#5709,#5710,#5711,#5712,#5713,#5714,#5715,#5716,#5717,
#5718,#5719,#5720,#5721,#5722,#5723,#5724,#5725,#5726,#5727,#5728,#5729,
#5730,#5731,#5732,#5733,#5734,#5735,#5736,#5737,#5738,#5739,#5740,#5741,
#5742,#5743,#5744,#5745,#5746,#5747,#5748,#5749,#5750,#5751,#5752,#5753,
#5754,#5755,#5756,#5757,#5758,#5759,#5760,#5761,#5762,#5763,#5764,#5765,
#5766,#5767,#5768,#5769,#5770,#5771,#5772,#5773,#5774,#5775,#5776,#5777,
#5778,#5779,#5780,#5781,#5782,#5783,#5784,#5785,#5786,#5787,#5788,#5789,
#5790,#5791,#5792,#5793,#5794,#5795,#5796,#5797,#5798,#5799,#5800,#5801,
#5802,#5803,#5804,#5805,#5806,#5807,#5808,#5809,#5810,#5811,#5812,#5813,
#5814,#5815,#5816,#5817,#5818,#5819,#5820,#5821,#5822,#5823,#5824,#5825,
#5826,#5827,#5828,#5829,#5830,#5831,#5832,#5833,#5834,#5835,#5836,#5837,
#5838,#5839,#5840,#5841,#5842,#5843,#5844,#5845,#5846,#5847,#5848,#5849,
#5850,#5851,#5852,#5853,#5854,#5855,#5856,#5857,#5858,#5859,#5860,#5861,
#5862,#5863,#5864,#5865,#5866,#5867,#5868,#5869,#5870,#5871,#5872,#5873,
#5874,#5875,#5876,#5877,#5878,#5879,#5880,#5881,#5882,#5883,#5884,#5885,
#5886,#5887,#5888,#5889,#5890,#5891,#5892,#5893,#5894,#5895,#5896,#5897,
#5898,#5899,#5900,#5901,#5902,#5903,#5904,#5905,#5906,#5907,#5908,#5909,
#5910,#5911,#5912,#5913,#5914,#5915,#5916,#5917,#5918,#5919,#5920,#5921,
#5922,#5923,#5924,#5925,#5926,#5927,#5928,#5929,#5930,#5931,#5932,#5933,
#5934,#5935,#5936,#5937,#5938,#5939,#5940,#5941,#5942,#5943,#5944,#5945,
#5946,#5947,#5948,#5949,#5950,#5951,#5952,#5953,#5954,#5955,#5956,#5957,
#5958,#5959,#5960,#5961,#5962,#5963,#5964,#5965,#5966,#5967,#5968,#5969,
#5970,#5971,#5972,#5973,#5974,#5975,#5976,#5977,#5978,#5979,#5980,#5981,
#5982,#5983,#5984,#5985,#5986,#5987,#5988,#5989,#5990,#5991,#5992,#5993,
#5994,#5995,#5996,#5997,#5998,#5999,#6000,#6001,#6002,#6003,#6004,#6005,
#6006,#6007,#6008,#6009,#6010,#6011,#6012,#6013,#6014,#6015,#6016,#6017,
#6018,#6019,#6020,#6021,#6022,#6023,#6024,#6025,#6026,#6027,#6028,#6029,
#6030,#6031,#6032,#6033,#6034,#6035,#6036,#6037,#6038,#6039,#6040,#6041,
#6042,#6043,#6044,#6045,#6046,#6047,#6048,#6049,#6050,#6051,#6052,#6053,
#6054,#6055,#6056,#6057,#6058,#6059,#6060,#6061,#6062,#6063,#6064,#6065,
#6066,#6067,#6068,#6069,#6070,#6071,#6072,#6073,#6074,#6075,#6076,#6077,
#6078,#6079,#6080,#6081,#6082,#6083)),.UNSPECIFIED.,.F.,.F.,.F.)
B_SPLINE_SURFACE_WITH_KNOTS((2,2),(3,2,2,2,2,2,2,2,2,2,2,2,2,2,2,2,2,2,
2,2,2,2,2,2,2,2,2,2,2,2,2,2,2,2,2,2,2,2,2,2,2,2,2,2,2,2,2,2,2,2,2,2,2,2,
2,2,2,2,2,2,2,2,2,2,2,2,2,2,2,2,2,2,2,2,2,2,2,2,2,2,2,2,2,2,2,2,2,2,2,2,
2,2,2,2,2,2,2,2,2,2,2,2,2,2,2,2,2,2,2,2,2,2,2,2,2,2,2,2,2,2,2,2,2,2,2,2,
2,2,2,2,2,2,2,2,2,2,2,2,2,2,2,2,2,2,2,2,2,2,2,2,2,2,2,2,2,2,2,2,2,2,2,2,
2,2,2,2,2,2,2,2,2,2,2,2,2,2,2,2,2,2,2,2,2,2,2,2,2,2,2,2,2,2,2,2,2,2,2,2,
2,2,2,2,2,2,2,2,2,2,2,2,2,2,2,2,2,2,2,2,2,2,2,2,2,2,2,2,2,2,2,2,2,2,2,2,
2,2,2,2,2,2,2,2,2,2,2,2,2,2,2,2,2,2,2,2,2,2,2,2,2,2,2,2,2,2,2,2,2,2,2,2,
2,2,2,2,2,2,2,2,2,2,2,2,2,2,2,2,2,2,2,2,2,2,2,2,2,2,2,2,2,2,2,2,2,2,2,2,
2,2,2,2,2,2,2,2,2,2,2,2,2,2,2,2,2,2,2,2,2,2,2,2,2,2,2,2,2,2,2,2,2,2,2,2,
2,2,2,2,2,2,2,2,2,2,2,2,2,2,2,2,2,2,2,2,2,2,2,2,2,2,2,2,2,2,2,2,2,2,2,2,
2,2,2,2,2,2,2,2,2,2,2,2,2,2,2,2,2,2,2,2,2,2,2,2,2,2,2,2,2,2,2,2,2,2,2,2,
2,2,2,2,2,2,2,2,2,2,2,2,3),(0.,1.),(0.,0.00234741784037559,0.00469483568075117,
0.00704225352112676,0.00938967136150235,0.0117370892018779,0.0140845070422535,
0.0164319248826291,0.0187793427230047,0.0211267605633803,0.0234741784037559,
0.0258215962441315,0.028169014084507,0.0305164319248826,0.0328638497652582,
0.0352112676056338,0.0375586854460094,0.039906103286385,0.0422535211267606,
0.0446009389671361,0.0469483568075117,0.0492957746478873,0.0516431924882629,
0.0539906103286385,0.0563380281690141,0.0586854460093897,0.0610328638497653,
0.0633802816901408,0.0657276995305164,0.068075117370892,0.0704225352112676,
0.0727699530516432,0.0751173708920188,0.0774647887323944,0.07981220657277,
0.0821596244131455,0.0845070422535211,0.0868544600938967,0.0892018779342723,
0.0915492957746479,0.0938967136150235,0.0962441314553991,0.0985915492957746,
0.10093896713615,0.103286384976526,0.105633802816901,0.107981220657277,
0.110328638497653,0.112676056338028,0.115023474178404,0.117370892018779,
0.119718309859155,0.122065727699531,0.124413145539906,0.126760563380282,
0.129107981220657,0.131455399061033,0.133802816901408,0.136150234741784,
0.13849765258216,0.140845070422535,0.143192488262911,0.145539906103286,
0.147887323943662,0.150234741784038,0.152582159624413,0.154929577464789,
0.157276995305164,0.15962441314554,0.161971830985915,0.164319248826291,
0.166666666666667,0.169014084507042,0.171361502347418,0.173708920187793,
0.176056338028169,0.178403755868545,0.18075117370892,0.183098591549296,
0.185446009389671,0.187793427230047,0.190140845070423,0.192488262910798,
0.194835680751174,0.197183098591549,0.199530516431925,0.2018779342723,0.204225352112676,
0.206572769953052,0.208920187793427,0.211267605633803,0.213615023474178,
0.215962441314554,0.21830985915493,0.220657276995305,0.223004694835681,
0.225352112676056,0.227699530516432,0.230046948356808,0.232394366197183,
0.234741784037559,0.237089201877934,0.23943661971831,0.241784037558685,
0.244131455399061,0.246478873239437,0.248826291079812,0.251173708920188,
0.253521126760563,0.255868544600939,0.258215962441315,0.26056338028169,
0.262910798122066,0.265258215962441,0.267605633802817,0.269953051643192,
0.272300469483568,0.274647887323944,0.276995305164319,0.279342723004695,
0.28169014084507,0.284037558685446,0.286384976525822,0.288732394366197,
0.291079812206573,0.293427230046948,0.295774647887324,0.2981220657277,0.300469483568075,
0.302816901408451,0.305164319248826,0.307511737089202,0.309859154929577,
0.312206572769953,0.314553990610329,0.316901408450704,0.31924882629108,
0.321596244131455,0.323943661971831,0.326291079812207,0.328638497652582,
0.330985915492958,0.333333333333333,0.335680751173709,0.338028169014085,
0.34037558685446,0.342723004694836,0.345070422535211,0.347417840375587,
0.349765258215962,0.352112676056338,0.354460093896714,0.356807511737089,
0.359154929577465,0.36150234741784,0.363849765258216,0.366197183098592,
0.368544600938967,0.370892018779343,0.373239436619718,0.375586854460094,
0.377934272300469,0.380281690140845,0.382629107981221,0.384976525821596,
0.387323943661972,0.389671361502347,0.392018779342723,0.394366197183099,
0.396713615023474,0.39906103286385,0.401408450704225,0.403755868544601,
0.406103286384977,0.408450704225352,0.410798122065728,0.413145539906103,
0.415492957746479,0.417840375586854,0.42018779342723,0.422535211267606,
0.424882629107981,0.427230046948357,0.429577464788732,0.431924882629108,
0.434272300469484,0.436619718309859,0.438967136150235,0.44131455399061,
0.443661971830986,0.446009389671362,0.448356807511737,0.450704225352113,
0.453051643192488,0.455399061032864,0.457746478873239,0.460093896713615,
0.462441314553991,0.464788732394366,0.467136150234742,0.469483568075117,
0.471830985915493,0.474178403755869,0.476525821596244,0.47887323943662,
0.481220657276995,0.483568075117371,0.485915492957746,0.488262910798122,
0.490610328638498,0.492957746478873,0.495305164319249,0.497652582159624,
0.5,0.502347417840376,0.504694835680751,0.507042253521127,0.509389671361502,
0.511737089201878,0.514084507042254,0.516431924882629,0.518779342723005,
0.52112676056338,0.523474178403756,0.525821596244131,0.528169014084507,
0.530516431924883,0.532863849765258,0.535211267605634,0.537558685446009,
0.539906103286385,0.542253521126761,0.544600938967136,0.546948356807512,
0.549295774647887,0.551643192488263,0.553990610328638,0.556338028169014,
0.55868544600939,0.561032863849765,0.563380281690141,0.565727699530516,
0.568075117370892,0.570422535211268,0.572769953051643,0.575117370892019,
0.577464788732394,0.57981220657277,0.582159624413146,0.584507042253521,
0.586854460093897,0.589201877934272,0.591549295774648,0.593896713615023,
0.596244131455399,0.598591549295775,0.60093896713615,0.603286384976526,
0.605633802816901,0.607981220657277,0.610328638497653,0.612676056338028,
0.615023474178404,0.617370892018779,0.619718309859155,0.622065727699531,
0.624413145539906,0.626760563380282,0.629107981220657,0.631455399061033,
0.633802816901408,0.636150234741784,0.63849765258216,0.640845070422535,
0.643192488262911,0.645539906103286,0.647887323943662,0.650234741784038,
0.652582159624413,0.654929577464789,0.657276995305164,0.65962441314554,
0.661971830985915,0.664319248826291,0.666666666666667,0.669014084507042,
0.671361502347418,0.673708920187793,0.676056338028169,0.678403755868545,
0.68075117370892,0.683098591549296,0.685446009389671,0.687793427230047,
0.690140845070423,0.692488262910798,0.694835680751174,0.697183098591549,
0.699530516431925,0.7018779342723,0.704225352112676,0.706572769953052,0.708920187793427,
0.711267605633803,0.713615023474178,0.715962441314554,0.71830985915493,
0.720657276995305,0.723004694835681,0.725352112676056,0.727699530516432,
0.730046948356808,0.732394366197183,0.734741784037559,0.737089201877934,
0.73943661971831,0.741784037558685,0.744131455399061,0.746478873239437,
0.748826291079812,0.751173708920188,0.753521126760563,0.755868544600939,
0.758215962441315,0.76056338028169,0.762910798122066,0.765258215962441,
0.767605633802817,0.769953051643192,0.772300469483568,0.774647887323944,
0.776995305164319,0.779342723004695,0.78169014084507,0.784037558685446,
0.786384976525822,0.788732394366197,0.791079812206573,0.793427230046948,
0.795774647887324,0.7981220657277,0.800469483568075,0.802816901408451,0.805164319248826,
0.807511737089202,0.809859154929577,0.812206572769953,0.814553990610329,
0.816901408450704,0.81924882629108,0.821596244131455,0.823943661971831,
0.826291079812207,0.828638497652582,0.830985915492958,0.833333333333333,
0.835680751173709,0.838028169014085,0.84037558685446,0.842723004694836,
0.845070422535211,0.847417840375587,0.849765258215962,0.852112676056338,
0.854460093896714,0.856807511737089,0.859154929577465,0.86150234741784,
0.863849765258216,0.866197183098592,0.868544600938967,0.870892018779343,
0.873239436619718,0.875586854460094,0.877934272300469,0.880281690140845,
0.882629107981221,0.884976525821596,0.887323943661972,0.889671361502347,
0.892018779342723,0.894366197183099,0.896713615023474,0.89906103286385,
0.901408450704225,0.903755868544601,0.906103286384977,0.908450704225352,
0.910798122065728,0.913145539906103,0.915492957746479,0.917840375586854,
0.92018779342723,0.922535211267606,0.924882629107981,0.927230046948357,
0.929577464788732,0.931924882629108,0.934272300469484,0.936619718309859,
0.938967136150235,0.94131455399061,0.943661971830986,0.946009389671362,
0.948356807511737,0.950704225352113,0.953051643192488,0.955399061032864,
0.957746478873239,0.960093896713615,0.962441314553991,0.964788732394366,
0.967136150234742,0.969483568075117,0.971830985915493,0.974178403755869,
0.976525821596244,0.97887323943662,0.981220657276995,0.983568075117371,
0.985915492957746,0.988262910798122,0.990610328638498,0.992957746478873,
0.995305164319249,0.997652582159624,1.),.UNSPECIFIED.)
GEOMETRIC_REPRESENTATION_ITEM()
RATIONAL_B_SPLINE_SURFACE(((1.,0.866025403784439,1.,0.866025403784439,1.,
0.866025403784439,1.,0.866025403784439,1.,0.866025403784439,1.,0.866025403784439,
1.,0.866025403784439,1.,0.866025403784439,1.,0.866025403784439,1.,0.866025403784439,
1.,0.866025403784439,1.,0.866025403784439,1.,0.866025403784439,1.,0.866025403784439,
1.,0.866025403784439,1.,0.866025403784439,1.,0.866025403784439,1.,0.866025403784439,
1.,0.866025403784439,1.,0.866025403784439,1.,0.866025403784439,1.,0.866025403784439,
1.,0.866025403784439,1.,0.866025403784439,1.,0.866025403784439,1.,0.866025403784439,
1.,0.866025403784439,1.,0.866025403784439,1.,0.866025403784439,1.,0.866025403784439,
1.,0.866025403784439,1.,0.866025403784439,1.,0.866025403784439,1.,0.866025403784439,
1.,0.866025403784439,1.,0.866025403784439,1.,0.866025403784439,1.,0.866025403784439,
1.,0.866025403784439,1.,0.866025403784439,1.,0.866025403784439,1.,0.866025403784439,
1.,0.866025403784439,1.,0.866025403784439,1.,0.866025403784439,1.,0.866025403784439,
1.,0.866025403784439,1.,0.866025403784439,1.,0.866025403784439,1.,0.866025403784439,
1.,0.866025403784439,1.,0.866025403784439,1.,0.866025403784439,1.,0.866025403784439,
1.,0.866025403784439,1.,0.866025403784439,1.,0.866025403784439,1.,0.866025403784439,
1.,0.866025403784439,1.,0.866025403784439,1.,0.866025403784439,1.,0.866025403784439,
1.,0.866025403784439,1.,0.866025403784439,1.,0.866025403784439,1.,0.866025403784439,
1.,0.866025403784439,1.,0.866025403784439,1.,0.866025403784439,1.,0.866025403784439,
1.,0.866025403784439,1.,0.866025403784439,1.,0.866025403784439,1.,0.866025403784439,
1.,0.866025403784439,1.,0.866025403784439,1.,0.866025403784439,1.,0.866025403784439,
1.,0.866025403784439,1.,0.866025403784439,1.,0.866025403784439,1.,0.866025403784439,
1.,0.866025403784439,1.,0.866025403784439,1.,0.866025403784439,1.,0.866025403784439,
1.,0.866025403784439,1.,0.866025403784439,1.,0.866025403784439,1.,0.866025403784439,
1.,0.866025403784439,1.,0.866025403784439,1.,0.866025403784439,1.,0.866025403784439,
1.,0.866025403784439,1.,0.866025403784439,1.,0.866025403784439,1.,0.866025403784439,
1.,0.866025403784439,1.,0.866025403784439,1.,0.866025403784439,1.,0.866025403784439,
1.,0.866025403784439,1.,0.866025403784439,1.,0.866025403784439,1.,0.866025403784439,
1.,0.866025403784439,1.,0.866025403784439,1.,0.866025403784439,1.,0.866025403784439,
1.,0.866025403784439,1.,0.866025403784439,1.,0.866025403784439,1.,0.866025403784439,
1.,0.866025403784439,1.,0.866025403784439,1.,0.866025403784439,1.,0.866025403784439,
1.,0.866025403784439,1.,0.866025403784439,1.,0.866025403784439,1.,0.866025403784439,
1.,0.866025403784439,1.,0.866025403784439,1.,0.866025403784439,1.,0.866025403784439,
1.,0.866025403784439,1.,0.866025403784439,1.,0.866025403784439,1.,0.866025403784439,
1.,0.866025403784439,1.,0.866025403784439,1.,0.866025403784439,1.,0.866025403784439,
1.,0.866025403784439,1.,0.866025403784439,1.,0.866025403784439,1.,0.866025403784439,
1.,0.866025403784439,1.,0.866025403784439,1.,0.866025403784439,1.,0.866025403784439,
1.,0.866025403784439,1.,0.866025403784439,1.,0.866025403784439,1.,0.866025403784439,
1.,0.866025403784439,1.,0.866025403784439,1.,0.866025403784439,1.,0.866025403784439,
1.,0.866025403784439,1.,0.866025403784439,1.,0.866025403784439,1.,0.866025403784439,
1.,0.866025403784439,1.,0.866025403784439,1.,0.866025403784439,1.,0.866025403784439,
1.,0.866025403784439,1.,0.866025403784439,1.,0.866025403784439,1.,0.866025403784439,
1.,0.866025403784439,1.,0.866025403784439,1.,0.866025403784439,1.,0.866025403784439,
1.,0.866025403784439,1.,0.866025403784439,1.,0.866025403784439,1.,0.866025403784439,
1.,0.866025403784439,1.,0.866025403784439,1.,0.866025403784439,1.,0.866025403784439,
1.,0.866025403784439,1.,0.866025403784439,1.,0.866025403784439,1.,0.866025403784439,
1.,0.866025403784439,1.,0.866025403784439,1.,0.866025403784439,1.,0.866025403784439,
1.,0.866025403784439,1.,0.866025403784439,1.,0.866025403784439,1.,0.866025403784439,
1.,0.866025403784439,1.,0.866025403784439,1.,0.866025403784439,1.,0.866025403784439,
1.,0.866025403784439,1.,0.866025403784439,1.,0.866025403784439,1.,0.866025403784439,
1.,0.866025403784439,1.,0.866025403784439,1.,0.866025403784439,1.,0.866025403784439,
1.,0.866025403784439,1.,0.866025403784439,1.,0.866025403784439,1.,0.866025403784439,
1.,0.866025403784439,1.,0.866025403784439,1.,0.866025403784439,1.,0.866025403784439,
1.,0.866025403784439,1.,0.866025403784439,1.,0.866025403784439,1.,0.866025403784439,
1.,0.866025403784439,1.,0.866025403784439,1.,0.866025403784439,1.,0.866025403784439,
1.,0.866025403784439,1.,0.866025403784439,1.,0.866025403784439,1.,0.866025403784439,
1.,0.866025403784439,1.,0.866025403784439,1.,0.866025403784439,1.,0.866025403784439,
1.,0.866025403784439,1.,0.866025403784439,1.,0.866025403784439,1.,0.866025403784439,
1.,0.866025403784439,1.,0.866025403784439,1.,0.866025403784439,1.,0.866025403784439,
1.,0.866025403784439,1.,0.866025403784439,1.,0.866025403784439,1.,0.866025403784439,
1.,0.866025403784439,1.,0.866025403784439,1.,0.866025403784439,1.,0.866025403784439,
1.,0.866025403784439,1.,0.866025403784439,1.,0.866025403784439,1.,0.866025403784439,
1.,0.866025403784439,1.,0.866025403784439,1.,0.866025403784439,1.,0.866025403784439,
1.,0.866025403784439,1.,0.866025403784439,1.,0.866025403784439,1.,0.866025403784439,
1.,0.866025403784439,1.,0.866025403784439,1.,0.866025403784439,1.,0.866025403784439,
1.,0.866025403784439,1.,0.866025403784439,1.,0.866025403784439,1.,0.866025403784439,
1.,0.866025403784439,1.,0.866025403784439,1.,0.866025403784439,1.,0.866025403784439,
1.,0.866025403784439,1.,0.866025403784439,1.,0.866025403784439,1.,0.866025403784439,
1.,0.866025403784439,1.,0.866025403784439,1.,0.866025403784439,1.,0.866025403784439,
1.,0.866025403784439,1.,0.866025403784439,1.,0.866025403784439,1.,0.866025403784439,
1.,0.866025403784439,1.,0.866025403784439,1.,0.866025403784439,1.,0.866025403784439,
1.,0.866025403784439,1.,0.866025403784439,1.,0.866025403784439,1.,0.866025403784439,
1.,0.866025403784439,1.,0.866025403784439,1.,0.866025403784439,1.,0.866025403784439,
1.,0.866025403784439,1.,0.866025403784439,1.,0.866025403784439,1.,0.866025403784439,
1.,0.866025403784439,1.,0.866025403784439,1.,0.866025403784439,1.,0.866025403784439,
1.,0.866025403784439,1.,0.866025403784439,1.,0.866025403784439,1.,0.866025403784439,
1.,0.866025403784439,1.,0.866025403784439,1.,0.866025403784439,1.,0.866025403784439,
1.,0.866025403784439,1.,0.866025403784439,1.,0.866025403784439,1.,0.866025403784439,
1.,0.866025403784439,1.,0.866025403784439,1.,0.866025403784439,1.,0.866025403784439,
1.,0.866025403784439,1.,0.866025403784439,1.,0.866025403784439,1.,0.866025403784439,
1.,0.866025403784439,1.,0.866025403784439,1.,0.866025403784439,1.,0.866025403784439,
1.,0.866025403784439,1.,0.866025403784439,1.,0.866025403784439,1.,0.866025403784439,
1.,0.866025403784439,1.,0.866025403784439,1.,0.866025403784439,1.,0.866025403784439,
1.,0.866025403784439,1.,0.866025403784439,1.,0.866025403784439,1.,0.866025403784439,
1.,0.866025403784439,1.,0.866025403784439,1.,0.866025403784439,1.,0.866025403784439,
1.,0.866025403784439,1.,0.866025403784439,1.,0.866025403784439,1.,0.866025403784439,
1.,0.866025403784439,1.,0.866025403784439,1.,0.866025403784439,1.,0.866025403784439,
1.,0.866025403784439,1.,0.866025403784439,1.,0.866025403784439,1.,0.866025403784439,
1.,0.866025403784439,1.,0.866025403784439,1.,0.866025403784439,1.,0.866025403784439,
1.,0.866025403784439,1.,0.866025403784439,1.,0.866025403784439,1.,0.866025403784439,
1.,0.866025403784439,1.,0.866025403784439,1.,0.866025403784439,1.,0.866025403784439,
1.,0.866025403784439,1.,0.866025403784439,1.,0.866025403784439,1.,0.866025403784439,
1.,0.866025403784439,1.,0.866025403784439,1.,0.866025403784439,1.,0.866025403784439,
1.,0.866025403784439,1.,0.866025403784439,1.,0.866025403784439,1.,0.866025403784439,
1.,0.866025403784439,1.,0.866025403784439,1.,0.866025403784439,1.,0.866025403784439,
1.,0.866025403784439,1.,0.866025403784439,1.,0.866025403784439,1.,0.866025403784439,
1.,0.866025403784439,1.,0.866025403784439,1.,0.866025403784439,1.,0.866025403784439,
1.,0.866025403784439,1.,0.866025403784439,1.,0.866025403784439,1.,0.866025403784439,
1.,0.866025403784439,1.,0.866025403784439,1.,0.866025403784439,1.,0.866025403784439,
1.,0.866025403784439,1.,0.866025403784439,1.,0.866025403784439,1.,0.866025403784439,
1.,0.866025403784439,1.,0.866025403784439,1.,0.866025403784439,1.,0.866025403784439,
1.,0.866025403784439,1.,0.866025403784439,1.,0.866025403784439,1.,0.866025403784439,
1.,0.866025403784439,1.,0.866025403784439,1.,0.866025403784439,1.,0.866025403784439,
1.,0.866025403784439,1.,0.866025403784439,1.,0.866025403784439,1.,0.866025403784439,
1.,0.866025403784439,1.,0.866025403784439,1.,0.866025403784439,1.,0.866025403784439,
1.,0.866025403784439,1.,0.866025403784439,1.,0.866025403784439,1.,0.866025403784439,
1.,0.866025403784439,1.,0.866025403784439,1.,0.866025403784439,1.,0.866025403784439,
1.,0.866025403784439,1.,0.866025403784439,1.,0.866025403784439,1.,0.866025403784439,
1.),(1.,0.866025403784439,1.,0.866025403784439,1.,0.866025403784439,1.,
0.866025403784439,1.,0.866025403784439,1.,0.866025403784439,1.,0.866025403784439,
1.,0.866025403784439,1.,0.866025403784439,1.,0.866025403784439,1.,0.866025403784439,
1.,0.866025403784439,1.,0.866025403784439,1.,0.866025403784439,1.,0.866025403784439,
1.,0.866025403784439,1.,0.866025403784439,1.,0.866025403784439,1.,0.866025403784439,
1.,0.866025403784439,1.,0.866025403784439,1.,0.866025403784439,1.,0.866025403784439,
1.,0.866025403784439,1.,0.866025403784439,1.,0.866025403784439,1.,0.866025403784439,
1.,0.866025403784439,1.,0.866025403784439,1.,0.866025403784439,1.,0.866025403784439,
1.,0.866025403784439,1.,0.866025403784439,1.,0.866025403784439,1.,0.866025403784439,
1.,0.866025403784439,1.,0.866025403784439,1.,0.866025403784439,1.,0.866025403784439,
1.,0.866025403784439,1.,0.866025403784439,1.,0.866025403784439,1.,0.866025403784439,
1.,0.866025403784439,1.,0.866025403784439,1.,0.866025403784439,1.,0.866025403784439,
1.,0.866025403784439,1.,0.866025403784439,1.,0.866025403784439,1.,0.866025403784439,
1.,0.866025403784439,1.,0.866025403784439,1.,0.866025403784439,1.,0.866025403784439,
1.,0.866025403784439,1.,0.866025403784439,1.,0.866025403784439,1.,0.866025403784439,
1.,0.866025403784439,1.,0.866025403784439,1.,0.866025403784439,1.,0.866025403784439,
1.,0.866025403784439,1.,0.866025403784439,1.,0.866025403784439,1.,0.866025403784439,
1.,0.866025403784439,1.,0.866025403784439,1.,0.866025403784439,1.,0.866025403784439,
1.,0.866025403784439,1.,0.866025403784439,1.,0.866025403784439,1.,0.866025403784439,
1.,0.866025403784439,1.,0.866025403784439,1.,0.866025403784439,1.,0.866025403784439,
1.,0.866025403784439,1.,0.866025403784439,1.,0.866025403784439,1.,0.866025403784439,
1.,0.866025403784439,1.,0.866025403784439,1.,0.866025403784439,1.,0.866025403784439,
1.,0.866025403784439,1.,0.866025403784439,1.,0.866025403784439,1.,0.866025403784439,
1.,0.866025403784439,1.,0.866025403784439,1.,0.866025403784439,1.,0.866025403784439,
1.,0.866025403784439,1.,0.866025403784439,1.,0.866025403784439,1.,0.866025403784439,
1.,0.866025403784439,1.,0.866025403784439,1.,0.866025403784439,1.,0.866025403784439,
1.,0.866025403784439,1.,0.866025403784439,1.,0.866025403784439,1.,0.866025403784439,
1.,0.866025403784439,1.,0.866025403784439,1.,0.866025403784439,1.,0.866025403784439,
1.,0.866025403784439,1.,0.866025403784439,1.,0.866025403784439,1.,0.866025403784439,
1.,0.866025403784439,1.,0.866025403784439,1.,0.866025403784439,1.,0.866025403784439,
1.,0.866025403784439,1.,0.866025403784439,1.,0.866025403784439,1.,0.866025403784439,
1.,0.866025403784439,1.,0.866025403784439,1.,0.866025403784439,1.,0.866025403784439,
1.,0.866025403784439,1.,0.866025403784439,1.,0.866025403784439,1.,0.866025403784439,
1.,0.866025403784439,1.,0.866025403784439,1.,0.866025403784439,1.,0.866025403784439,
1.,0.866025403784439,1.,0.866025403784439,1.,0.866025403784439,1.,0.866025403784439,
1.,0.866025403784439,1.,0.866025403784439,1.,0.866025403784439,1.,0.866025403784439,
1.,0.866025403784439,1.,0.866025403784439,1.,0.866025403784439,1.,0.866025403784439,
1.,0.866025403784439,1.,0.866025403784439,1.,0.866025403784439,1.,0.866025403784439,
1.,0.866025403784439,1.,0.866025403784439,1.,0.866025403784439,1.,0.866025403784439,
1.,0.866025403784439,1.,0.866025403784439,1.,0.866025403784439,1.,0.866025403784439,
1.,0.866025403784439,1.,0.866025403784439,1.,0.866025403784439,1.,0.866025403784439,
1.,0.866025403784439,1.,0.866025403784439,1.,0.866025403784439,1.,0.866025403784439,
1.,0.866025403784439,1.,0.866025403784439,1.,0.866025403784439,1.,0.866025403784439,
1.,0.866025403784439,1.,0.866025403784439,1.,0.866025403784439,1.,0.866025403784439,
1.,0.866025403784439,1.,0.866025403784439,1.,0.866025403784439,1.,0.866025403784439,
1.,0.866025403784439,1.,0.866025403784439,1.,0.866025403784439,1.,0.866025403784439,
1.,0.866025403784439,1.,0.866025403784439,1.,0.866025403784439,1.,0.866025403784439,
1.,0.866025403784439,1.,0.866025403784439,1.,0.866025403784439,1.,0.866025403784439,
1.,0.866025403784439,1.,0.866025403784439,1.,0.866025403784439,1.,0.866025403784439,
1.,0.866025403784439,1.,0.866025403784439,1.,0.866025403784439,1.,0.866025403784439,
1.,0.866025403784439,1.,0.866025403784439,1.,0.866025403784439,1.,0.866025403784439,
1.,0.866025403784439,1.,0.866025403784439,1.,0.866025403784439,1.,0.866025403784439,
1.,0.866025403784439,1.,0.866025403784439,1.,0.866025403784439,1.,0.866025403784439,
1.,0.866025403784439,1.,0.866025403784439,1.,0.866025403784439,1.,0.866025403784439,
1.,0.866025403784439,1.,0.866025403784439,1.,0.866025403784439,1.,0.866025403784439,
1.,0.866025403784439,1.,0.866025403784439,1.,0.866025403784439,1.,0.866025403784439,
1.,0.866025403784439,1.,0.866025403784439,1.,0.866025403784439,1.,0.866025403784439,
1.,0.866025403784439,1.,0.866025403784439,1.,0.866025403784439,1.,0.866025403784439,
1.,0.866025403784439,1.,0.866025403784439,1.,0.866025403784439,1.,0.866025403784439,
1.,0.866025403784439,1.,0.866025403784439,1.,0.866025403784439,1.,0.866025403784439,
1.,0.866025403784439,1.,0.866025403784439,1.,0.866025403784439,1.,0.866025403784439,
1.,0.866025403784439,1.,0.866025403784439,1.,0.866025403784439,1.,0.866025403784439,
1.,0.866025403784439,1.,0.866025403784439,1.,0.866025403784439,1.,0.866025403784439,
1.,0.866025403784439,1.,0.866025403784439,1.,0.866025403784439,1.,0.866025403784439,
1.,0.866025403784439,1.,0.866025403784439,1.,0.866025403784439,1.,0.866025403784439,
1.,0.866025403784439,1.,0.866025403784439,1.,0.866025403784439,1.,0.866025403784439,
1.,0.866025403784439,1.,0.866025403784439,1.,0.866025403784439,1.,0.866025403784439,
1.,0.866025403784439,1.,0.866025403784439,1.,0.866025403784439,1.,0.866025403784439,
1.,0.866025403784439,1.,0.866025403784439,1.,0.866025403784439,1.,0.866025403784439,
1.,0.866025403784439,1.,0.866025403784439,1.,0.866025403784439,1.,0.866025403784439,
1.,0.866025403784439,1.,0.866025403784439,1.,0.866025403784439,1.,0.866025403784439,
1.,0.866025403784439,1.,0.866025403784439,1.,0.866025403784439,1.,0.866025403784439,
1.,0.866025403784439,1.,0.866025403784439,1.,0.866025403784439,1.,0.866025403784439,
1.,0.866025403784439,1.,0.866025403784439,1.,0.866025403784439,1.,0.866025403784439,
1.,0.866025403784439,1.,0.866025403784439,1.,0.866025403784439,1.,0.866025403784439,
1.,0.866025403784439,1.,0.866025403784439,1.,0.866025403784439,1.,0.866025403784439,
1.,0.866025403784439,1.,0.866025403784439,1.,0.866025403784439,1.,0.866025403784439,
1.,0.866025403784439,1.,0.866025403784439,1.,0.866025403784439,1.,0.866025403784439,
1.,0.866025403784439,1.,0.866025403784439,1.,0.866025403784439,1.,0.866025403784439,
1.,0.866025403784439,1.,0.866025403784439,1.,0.866025403784439,1.,0.866025403784439,
1.,0.866025403784439,1.,0.866025403784439,1.,0.866025403784439,1.,0.866025403784439,
1.,0.866025403784439,1.,0.866025403784439,1.,0.866025403784439,1.,0.866025403784439,
1.,0.866025403784439,1.,0.866025403784439,1.,0.866025403784439,1.,0.866025403784439,
1.,0.866025403784439,1.,0.866025403784439,1.,0.866025403784439,1.,0.866025403784439,
1.,0.866025403784439,1.,0.866025403784439,1.,0.866025403784439,1.,0.866025403784439,
1.,0.866025403784439,1.,0.866025403784439,1.,0.866025403784439,1.,0.866025403784439,
1.,0.866025403784439,1.,0.866025403784439,1.,0.866025403784439,1.,0.866025403784439,
1.,0.866025403784439,1.,0.866025403784439,1.,0.866025403784439,1.,0.866025403784439,
1.,0.866025403784439,1.,0.866025403784439,1.,0.866025403784439,1.,0.866025403784439,
1.,0.866025403784439,1.,0.866025403784439,1.,0.866025403784439,1.,0.866025403784439,
1.,0.866025403784439,1.,0.866025403784439,1.,0.866025403784439,1.,0.866025403784439,
1.,0.866025403784439,1.,0.866025403784439,1.,0.866025403784439,1.,0.866025403784439,
1.,0.866025403784439,1.,0.866025403784439,1.,0.866025403784439,1.,0.866025403784439,
1.,0.866025403784439,1.,0.866025403784439,1.,0.866025403784439,1.,0.866025403784439,
1.,0.866025403784439,1.,0.866025403784439,1.,0.866025403784439,1.,0.866025403784439,
1.,0.866025403784439,1.,0.866025403784439,1.,0.866025403784439,1.,0.866025403784439,
1.,0.866025403784439,1.,0.866025403784439,1.,0.866025403784439,1.,0.866025403784439,
1.,0.866025403784439,1.,0.866025403784439,1.,0.866025403784439,1.,0.866025403784439,
1.,0.866025403784439,1.,0.866025403784439,1.,0.866025403784439,1.,0.866025403784439,
1.,0.866025403784439,1.,0.866025403784439,1.,0.866025403784439,1.,0.866025403784439,
1.,0.866025403784439,1.,0.866025403784439,1.,0.866025403784439,1.,0.866025403784439,
1.,0.866025403784439,1.,0.866025403784439,1.,0.866025403784439,1.,0.866025403784439,
1.,0.866025403784439,1.,0.866025403784439,1.,0.866025403784439,1.,0.866025403784439,
1.,0.866025403784439,1.,0.866025403784439,1.,0.866025403784439,1.,0.866025403784439,
1.,0.866025403784439,1.,0.866025403784439,1.,0.866025403784439,1.,0.866025403784439,
1.,0.866025403784439,1.,0.866025403784439,1.,0.866025403784439,1.,0.866025403784439,
1.,0.866025403784439,1.,0.866025403784439,1.,0.866025403784439,1.)))
REPRESENTATION_ITEM('')
SURFACE()
);
#52=(
BOUNDED_SURFACE()
B_SPLINE_SURFACE(1,2,((#6184,#6185,#6186,#6187,#6188,#6189,#6190,#6191,
#6192,#6193,#6194,#6195,#6196,#6197,#6198,#6199,#6200,#6201,#6202,#6203,
#6204,#6205,#6206,#6207,#6208,#6209,#6210,#6211,#6212,#6213,#6214,#6215,
#6216,#6217,#6218,#6219,#6220,#6221,#6222,#6223,#6224,#6225,#6226,#6227,
#6228,#6229,#6230,#6231,#6232,#6233,#6234,#6235,#6236,#6237,#6238,#6239,
#6240,#6241,#6242,#6243,#6244,#6245,#6246,#6247,#6248,#6249,#6250,#6251,
#6252,#6253,#6254,#6255,#6256,#6257,#6258,#6259,#6260,#6261,#6262,#6263,
#6264,#6265,#6266,#6267,#6268,#6269,#6270,#6271,#6272,#6273,#6274,#6275,
#6276,#6277,#6278,#6279,#6280,#6281,#6282,#6283,#6284,#6285,#6286,#6287,
#6288,#6289,#6290,#6291,#6292,#6293,#6294,#6295,#6296,#6297,#6298,#6299,
#6300,#6301,#6302,#6303,#6304,#6305,#6306,#6307,#6308,#6309,#6310,#6311,
#6312,#6313,#6314,#6315,#6316,#6317,#6318,#6319,#6320,#6321,#6322,#6323,
#6324,#6325,#6326,#6327,#6328,#6329,#6330,#6331,#6332,#6333,#6334,#6335,
#6336,#6337,#6338,#6339,#6340,#6341,#6342,#6343,#6344,#6345,#6346,#6347,
#6348,#6349,#6350,#6351,#6352,#6353,#6354,#6355,#6356,#6357,#6358,#6359,
#6360,#6361,#6362,#6363,#6364,#6365,#6366,#6367,#6368,#6369,#6370,#6371,
#6372,#6373,#6374,#6375,#6376,#6377,#6378,#6379,#6380,#6381,#6382,#6383,
#6384,#6385,#6386,#6387,#6388,#6389,#6390,#6391,#6392,#6393,#6394,#6395,
#6396,#6397,#6398,#6399,#6400,#6401,#6402,#6403,#6404,#6405,#6406,#6407,
#6408,#6409,#6410,#6411,#6412,#6413,#6414,#6415,#6416,#6417,#6418,#6419,
#6420,#6421,#6422,#6423,#6424,#6425,#6426,#6427,#6428,#6429,#6430,#6431,
#6432,#6433,#6434,#6435,#6436,#6437,#6438,#6439,#6440,#6441,#6442,#6443,
#6444,#6445,#6446,#6447,#6448,#6449,#6450,#6451,#6452,#6453,#6454,#6455,
#6456,#6457,#6458,#6459,#6460,#6461,#6462,#6463,#6464,#6465,#6466,#6467,
#6468,#6469,#6470,#6471,#6472,#6473,#6474,#6475,#6476,#6477,#6478,#6479,
#6480,#6481,#6482,#6483,#6484,#6485,#6486,#6487,#6488,#6489,#6490,#6491,
#6492,#6493,#6494,#6495,#6496,#6497,#6498,#6499,#6500,#6501,#6502,#6503,
#6504,#6505,#6506,#6507,#6508,#6509,#6510,#6511,#6512,#6513,#6514,#6515,
#6516,#6517,#6518,#6519,#6520,#6521,#6522,#6523,#6524,#6525,#6526,#6527,
#6528,#6529,#6530,#6531,#6532,#6533,#6534,#6535,#6536,#6537,#6538,#6539,
#6540,#6541,#6542,#6543,#6544,#6545,#6546,#6547,#6548,#6549,#6550,#6551,
#6552,#6553,#6554,#6555,#6556,#6557,#6558,#6559,#6560,#6561,#6562,#6563,
#6564,#6565,#6566,#6567,#6568,#6569,#6570,#6571,#6572,#6573,#6574,#6575,
#6576,#6577,#6578,#6579,#6580,#6581,#6582,#6583,#6584,#6585,#6586,#6587,
#6588,#6589,#6590,#6591,#6592,#6593,#6594,#6595,#6596,#6597,#6598,#6599,
#6600,#6601,#6602,#6603,#6604,#6605,#6606,#6607,#6608,#6609,#6610,#6611,
#6612,#6613,#6614,#6615,#6616,#6617,#6618,#6619,#6620,#6621,#6622,#6623,
#6624,#6625,#6626,#6627,#6628,#6629,#6630,#6631,#6632,#6633,#6634,#6635,
#6636,#6637,#6638,#6639,#6640,#6641,#6642,#6643,#6644,#6645,#6646,#6647,
#6648,#6649,#6650,#6651,#6652,#6653,#6654,#6655,#6656,#6657,#6658,#6659,
#6660,#6661,#6662,#6663,#6664,#6665,#6666,#6667,#6668,#6669,#6670,#6671,
#6672,#6673,#6674,#6675,#6676,#6677,#6678,#6679,#6680,#6681,#6682,#6683,
#6684,#6685,#6686,#6687,#6688,#6689,#6690,#6691,#6692,#6693,#6694,#6695,
#6696,#6697,#6698,#6699,#6700,#6701,#6702,#6703,#6704,#6705,#6706,#6707,
#6708,#6709,#6710,#6711,#6712,#6713,#6714,#6715,#6716,#6717,#6718,#6719,
#6720,#6721,#6722,#6723,#6724,#6725,#6726,#6727,#6728,#6729,#6730,#6731,
#6732,#6733,#6734,#6735,#6736,#6737,#6738,#6739,#6740,#6741,#6742,#6743,
#6744,#6745,#6746,#6747,#6748,#6749,#6750,#6751,#6752,#6753,#6754,#6755,
#6756,#6757,#6758,#6759,#6760,#6761,#6762,#6763,#6764,#6765,#6766,#6767,
#6768,#6769,#6770,#6771,#6772,#6773,#6774,#6775,#6776,#6777,#6778,#6779,
#6780,#6781,#6782,#6783,#6784,#6785,#6786,#6787,#6788,#6789,#6790,#6791,
#6792,#6793,#6794,#6795,#6796,#6797,#6798,#6799,#6800,#6801,#6802,#6803,
#6804,#6805,#6806,#6807,#6808,#6809,#6810,#6811,#6812,#6813,#6814,#6815,
#6816,#6817,#6818,#6819,#6820,#6821,#6822,#6823,#6824,#6825,#6826,#6827,
#6828,#6829,#6830,#6831,#6832,#6833,#6834,#6835,#6836,#6837,#6838,#6839,
#6840,#6841,#6842,#6843,#6844,#6845,#6846,#6847,#6848,#6849,#6850,#6851,
#6852,#6853,#6854,#6855,#6856,#6857,#6858,#6859,#6860,#6861,#6862,#6863,
#6864,#6865,#6866,#6867,#6868,#6869,#6870,#6871,#6872,#6873,#6874,#6875,
#6876,#6877,#6878,#6879,#6880,#6881,#6882,#6883,#6884,#6885,#6886,#6887,
#6888,#6889,#6890,#6891,#6892,#6893,#6894,#6895,#6896,#6897,#6898,#6899,
#6900,#6901,#6902,#6903,#6904,#6905,#6906,#6907,#6908,#6909,#6910,#6911,
#6912,#6913,#6914,#6915,#6916,#6917,#6918,#6919,#6920,#6921,#6922,#6923,
#6924,#6925,#6926,#6927,#6928,#6929,#6930,#6931,#6932,#6933,#6934,#6935,
#6936,#6937,#6938,#6939,#6940,#6941,#6942,#6943,#6944,#6945,#6946,#6947,
#6948,#6949,#6950,#6951,#6952,#6953,#6954,#6955,#6956,#6957,#6958,#6959,
#6960,#6961,#6962,#6963,#6964,#6965,#6966,#6967,#6968,#6969,#6970,#6971,
#6972,#6973,#6974,#6975,#6976,#6977,#6978,#6979,#6980,#6981,#6982,#6983,
#6984,#6985,#6986,#6987,#6988,#6989,#6990,#6991,#6992,#6993,#6994,#6995,
#6996,#6997,#6998,#6999,#7000,#7001,#7002,#7003,#7004,#7005,#7006,#7007,
#7008,#7009,#7010,#7011,#7012,#7013,#7014,#7015,#7016,#7017,#7018,#7019,
#7020,#7021,#7022,#7023,#7024,#7025,#7026,#7027,#7028,#7029,#7030,#7031,
#7032,#7033,#7034,#7035,#7036),(#7037,#7038,#7039,#7040,#7041,#7042,#7043,
#7044,#7045,#7046,#7047,#7048,#7049,#7050,#7051,#7052,#7053,#7054,#7055,
#7056,#7057,#7058,#7059,#7060,#7061,#7062,#7063,#7064,#7065,#7066,#7067,
#7068,#7069,#7070,#7071,#7072,#7073,#7074,#7075,#7076,#7077,#7078,#7079,
#7080,#7081,#7082,#7083,#7084,#7085,#7086,#7087,#7088,#7089,#7090,#7091,
#7092,#7093,#7094,#7095,#7096,#7097,#7098,#7099,#7100,#7101,#7102,#7103,
#7104,#7105,#7106,#7107,#7108,#7109,#7110,#7111,#7112,#7113,#7114,#7115,
#7116,#7117,#7118,#7119,#7120,#7121,#7122,#7123,#7124,#7125,#7126,#7127,
#7128,#7129,#7130,#7131,#7132,#7133,#7134,#7135,#7136,#7137,#7138,#7139,
#7140,#7141,#7142,#7143,#7144,#7145,#7146,#7147,#7148,#7149,#7150,#7151,
#7152,#7153,#7154,#7155,#7156,#7157,#7158,#7159,#7160,#7161,#7162,#7163,
#7164,#7165,#7166,#7167,#7168,#7169,#7170,#7171,#7172,#7173,#7174,#7175,
#7176,#7177,#7178,#7179,#7180,#7181,#7182,#7183,#7184,#7185,#7186,#7187,
#7188,#7189,#7190,#7191,#7192,#7193,#7194,#7195,#7196,#7197,#7198,#7199,
#7200,#7201,#7202,#7203,#7204,#7205,#7206,#7207,#7208,#7209,#7210,#7211,
#7212,#7213,#7214,#7215,#7216,#7217,#7218,#7219,#7220,#7221,#7222,#7223,
#7224,#7225,#7226,#7227,#7228,#7229,#7230,#7231,#7232,#7233,#7234,#7235,
#7236,#7237,#7238,#7239,#7240,#7241,#7242,#7243,#7244,#7245,#7246,#7247,
#7248,#7249,#7250,#7251,#7252,#7253,#7254,#7255,#7256,#7257,#7258,#7259,
#7260,#7261,#7262,#7263,#7264,#7265,#7266,#7267,#7268,#7269,#7270,#7271,
#7272,#7273,#7274,#7275,#7276,#7277,#7278,#7279,#7280,#7281,#7282,#7283,
#7284,#7285,#7286,#7287,#7288,#7289,#7290,#7291,#7292,#7293,#7294,#7295,
#7296,#7297,#7298,#7299,#7300,#7301,#7302,#7303,#7304,#7305,#7306,#7307,
#7308,#7309,#7310,#7311,#7312,#7313,#7314,#7315,#7316,#7317,#7318,#7319,
#7320,#7321,#7322,#7323,#7324,#7325,#7326,#7327,#7328,#7329,#7330,#7331,
#7332,#7333,#7334,#7335,#7336,#7337,#7338,#7339,#7340,#7341,#7342,#7343,
#7344,#7345,#7346,#7347,#7348,#7349,#7350,#7351,#7352,#7353,#7354,#7355,
#7356,#7357,#7358,#7359,#7360,#7361,#7362,#7363,#7364,#7365,#7366,#7367,
#7368,#7369,#7370,#7371,#7372,#7373,#7374,#7375,#7376,#7377,#7378,#7379,
#7380,#7381,#7382,#7383,#7384,#7385,#7386,#7387,#7388,#7389,#7390,#7391,
#7392,#7393,#7394,#7395,#7396,#7397,#7398,#7399,#7400,#7401,#7402,#7403,
#7404,#7405,#7406,#7407,#7408,#7409,#7410,#7411,#7412,#7413,#7414,#7415,
#7416,#7417,#7418,#7419,#7420,#7421,#7422,#7423,#7424,#7425,#7426,#7427,
#7428,#7429,#7430,#7431,#7432,#7433,#7434,#7435,#7436,#7437,#7438,#7439,
#7440,#7441,#7442,#7443,#7444,#7445,#7446,#7447,#7448,#7449,#7450,#7451,
#7452,#7453,#7454,#7455,#7456,#7457,#7458,#7459,#7460,#7461,#7462,#7463,
#7464,#7465,#7466,#7467,#7468,#7469,#7470,#7471,#7472,#7473,#7474,#7475,
#7476,#7477,#7478,#7479,#7480,#7481,#7482,#7483,#7484,#7485,#7486,#7487,
#7488,#7489,#7490,#7491,#7492,#7493,#7494,#7495,#7496,#7497,#7498,#7499,
#7500,#7501,#7502,#7503,#7504,#7505,#7506,#7507,#7508,#7509,#7510,#7511,
#7512,#7513,#7514,#7515,#7516,#7517,#7518,#7519,#7520,#7521,#7522,#7523,
#7524,#7525,#7526,#7527,#7528,#7529,#7530,#7531,#7532,#7533,#7534,#7535,
#7536,#7537,#7538,#7539,#7540,#7541,#7542,#7543,#7544,#7545,#7546,#7547,
#7548,#7549,#7550,#7551,#7552,#7553,#7554,#7555,#7556,#7557,#7558,#7559,
#7560,#7561,#7562,#7563,#7564,#7565,#7566,#7567,#7568,#7569,#7570,#7571,
#7572,#7573,#7574,#7575,#7576,#7577,#7578,#7579,#7580,#7581,#7582,#7583,
#7584,#7585,#7586,#7587,#7588,#7589,#7590,#7591,#7592,#7593,#7594,#7595,
#7596,#7597,#7598,#7599,#7600,#7601,#7602,#7603,#7604,#7605,#7606,#7607,
#7608,#7609,#7610,#7611,#7612,#7613,#7614,#7615,#7616,#7617,#7618,#7619,
#7620,#7621,#7622,#7623,#7624,#7625,#7626,#7627,#7628,#7629,#7630,#7631,
#7632,#7633,#7634,#7635,#7636,#7637,#7638,#7639,#7640,#7641,#7642,#7643,
#7644,#7645,#7646,#7647,#7648,#7649,#7650,#7651,#7652,#7653,#7654,#7655,
#7656,#7657,#7658,#7659,#7660,#7661,#7662,#7663,#7664,#7665,#7666,#7667,
#7668,#7669,#7670,#7671,#7672,#7673,#7674,#7675,#7676,#7677,#7678,#7679,
#7680,#7681,#7682,#7683,#7684,#7685,#7686,#7687,#7688,#7689,#7690,#7691,
#7692,#7693,#7694,#7695,#7696,#7697,#7698,#7699,#7700,#7701,#7702,#7703,
#7704,#7705,#7706,#7707,#7708,#7709,#7710,#7711,#7712,#7713,#7714,#7715,
#7716,#7717,#7718,#7719,#7720,#7721,#7722,#7723,#7724,#7725,#7726,#7727,
#7728,#7729,#7730,#7731,#7732,#7733,#7734,#7735,#7736,#7737,#7738,#7739,
#7740,#7741,#7742,#7743,#7744,#7745,#7746,#7747,#7748,#7749,#7750,#7751,
#7752,#7753,#7754,#7755,#7756,#7757,#7758,#7759,#7760,#7761,#7762,#7763,
#7764,#7765,#7766,#7767,#7768,#7769,#7770,#7771,#7772,#7773,#7774,#7775,
#7776,#7777,#7778,#7779,#7780,#7781,#7782,#7783,#7784,#7785,#7786,#7787,
#7788,#7789,#7790,#7791,#7792,#7793,#7794,#7795,#7796,#7797,#7798,#7799,
#7800,#7801,#7802,#7803,#7804,#7805,#7806,#7807,#7808,#7809,#7810,#7811,
#7812,#7813,#7814,#7815,#7816,#7817,#7818,#7819,#7820,#7821,#7822,#7823,
#7824,#7825,#7826,#7827,#7828,#7829,#7830,#7831,#7832,#7833,#7834,#7835,
#7836,#7837,#7838,#7839,#7840,#7841,#7842,#7843,#7844,#7845,#7846,#7847,
#7848,#7849,#7850,#7851,#7852,#7853,#7854,#7855,#7856,#7857,#7858,#7859,
#7860,#7861,#7862,#7863,#7864,#7865,#7866,#7867,#7868,#7869,#7870,#7871,
#7872,#7873,#7874,#7875,#7876,#7877,#7878,#7879,#7880,#7881,#7882,#7883,
#7884,#7885,#7886,#7887,#7888,#7889)),.UNSPECIFIED.,.F.,.F.,.F.)
B_SPLINE_SURFACE_WITH_KNOTS((2,2),(3,2,2,2,2,2,2,2,2,2,2,2,2,2,2,2,2,2,
2,2,2,2,2,2,2,2,2,2,2,2,2,2,2,2,2,2,2,2,2,2,2,2,2,2,2,2,2,2,2,2,2,2,2,2,
2,2,2,2,2,2,2,2,2,2,2,2,2,2,2,2,2,2,2,2,2,2,2,2,2,2,2,2,2,2,2,2,2,2,2,2,
2,2,2,2,2,2,2,2,2,2,2,2,2,2,2,2,2,2,2,2,2,2,2,2,2,2,2,2,2,2,2,2,2,2,2,2,
2,2,2,2,2,2,2,2,2,2,2,2,2,2,2,2,2,2,2,2,2,2,2,2,2,2,2,2,2,2,2,2,2,2,2,2,
2,2,2,2,2,2,2,2,2,2,2,2,2,2,2,2,2,2,2,2,2,2,2,2,2,2,2,2,2,2,2,2,2,2,2,2,
2,2,2,2,2,2,2,2,2,2,2,2,2,2,2,2,2,2,2,2,2,2,2,2,2,2,2,2,2,2,2,2,2,2,2,2,
2,2,2,2,2,2,2,2,2,2,2,2,2,2,2,2,2,2,2,2,2,2,2,2,2,2,2,2,2,2,2,2,2,2,2,2,
2,2,2,2,2,2,2,2,2,2,2,2,2,2,2,2,2,2,2,2,2,2,2,2,2,2,2,2,2,2,2,2,2,2,2,2,
2,2,2,2,2,2,2,2,2,2,2,2,2,2,2,2,2,2,2,2,2,2,2,2,2,2,2,2,2,2,2,2,2,2,2,2,
2,2,2,2,2,2,2,2,2,2,2,2,2,2,2,2,2,2,2,2,2,2,2,2,2,2,2,2,2,2,2,2,2,2,2,2,
2,2,2,2,2,2,2,2,2,2,2,2,2,2,2,2,2,2,2,2,2,2,2,2,2,2,2,2,2,2,2,2,2,2,2,2,
2,2,2,2,2,2,2,2,2,2,2,2,3),(-1.00569810180651E-5,1.),(0.,0.00234741784037559,
0.00469483568075117,0.00704225352112676,0.00938967136150235,0.0117370892018779,
0.0140845070422535,0.0164319248826291,0.0187793427230047,0.0211267605633803,
0.0234741784037559,0.0258215962441315,0.028169014084507,0.0305164319248826,
0.0328638497652582,0.0352112676056338,0.0375586854460094,0.039906103286385,
0.0422535211267606,0.0446009389671361,0.0469483568075117,0.0492957746478873,
0.0516431924882629,0.0539906103286385,0.0563380281690141,0.0586854460093897,
0.0610328638497653,0.0633802816901408,0.0657276995305164,0.068075117370892,
0.0704225352112676,0.0727699530516432,0.0751173708920188,0.0774647887323944,
0.07981220657277,0.0821596244131455,0.0845070422535211,0.0868544600938967,
0.0892018779342723,0.0915492957746479,0.0938967136150235,0.0962441314553991,
0.0985915492957746,0.10093896713615,0.103286384976526,0.105633802816901,
0.107981220657277,0.110328638497653,0.112676056338028,0.115023474178404,
0.117370892018779,0.119718309859155,0.122065727699531,0.124413145539906,
0.126760563380282,0.129107981220657,0.131455399061033,0.133802816901408,
0.136150234741784,0.13849765258216,0.140845070422535,0.143192488262911,
0.145539906103286,0.147887323943662,0.150234741784038,0.152582159624413,
0.154929577464789,0.157276995305164,0.15962441314554,0.161971830985915,
0.164319248826291,0.166666666666667,0.169014084507042,0.171361502347418,
0.173708920187793,0.176056338028169,0.178403755868545,0.18075117370892,
0.183098591549296,0.185446009389671,0.187793427230047,0.190140845070423,
0.192488262910798,0.194835680751174,0.197183098591549,0.199530516431925,
0.2018779342723,0.204225352112676,0.206572769953052,0.208920187793427,0.211267605633803,
0.213615023474178,0.215962441314554,0.21830985915493,0.220657276995305,
0.223004694835681,0.225352112676056,0.227699530516432,0.230046948356808,
0.232394366197183,0.234741784037559,0.237089201877934,0.23943661971831,
0.241784037558685,0.244131455399061,0.246478873239437,0.248826291079812,
0.251173708920188,0.253521126760563,0.255868544600939,0.258215962441315,
0.26056338028169,0.262910798122066,0.265258215962441,0.267605633802817,
0.269953051643192,0.272300469483568,0.274647887323944,0.276995305164319,
0.279342723004695,0.28169014084507,0.284037558685446,0.286384976525822,
0.288732394366197,0.291079812206573,0.293427230046948,0.295774647887324,
0.2981220657277,0.300469483568075,0.302816901408451,0.305164319248826,0.307511737089202,
0.309859154929577,0.312206572769953,0.314553990610329,0.316901408450704,
0.31924882629108,0.321596244131455,0.323943661971831,0.326291079812207,
0.328638497652582,0.330985915492958,0.333333333333333,0.335680751173709,
0.338028169014085,0.34037558685446,0.342723004694836,0.345070422535211,
0.347417840375587,0.349765258215962,0.352112676056338,0.354460093896714,
0.356807511737089,0.359154929577465,0.36150234741784,0.363849765258216,
0.366197183098592,0.368544600938967,0.370892018779343,0.373239436619718,
0.375586854460094,0.377934272300469,0.380281690140845,0.382629107981221,
0.384976525821596,0.387323943661972,0.389671361502347,0.392018779342723,
0.394366197183099,0.396713615023474,0.39906103286385,0.401408450704225,
0.403755868544601,0.406103286384977,0.408450704225352,0.410798122065728,
0.413145539906103,0.415492957746479,0.417840375586854,0.42018779342723,
0.422535211267606,0.424882629107981,0.427230046948357,0.429577464788732,
0.431924882629108,0.434272300469484,0.436619718309859,0.438967136150235,
0.44131455399061,0.443661971830986,0.446009389671362,0.448356807511737,
0.450704225352113,0.453051643192488,0.455399061032864,0.457746478873239,
0.460093896713615,0.462441314553991,0.464788732394366,0.467136150234742,
0.469483568075117,0.471830985915493,0.474178403755869,0.476525821596244,
0.47887323943662,0.481220657276995,0.483568075117371,0.485915492957746,
0.488262910798122,0.490610328638498,0.492957746478873,0.495305164319249,
0.497652582159624,0.5,0.502347417840376,0.504694835680751,0.507042253521127,
0.509389671361502,0.511737089201878,0.514084507042254,0.516431924882629,
0.518779342723005,0.52112676056338,0.523474178403756,0.525821596244131,
0.528169014084507,0.530516431924883,0.532863849765258,0.535211267605634,
0.537558685446009,0.539906103286385,0.542253521126761,0.544600938967136,
0.546948356807512,0.549295774647887,0.551643192488263,0.553990610328638,
0.556338028169014,0.55868544600939,0.561032863849765,0.563380281690141,
0.565727699530516,0.568075117370892,0.570422535211268,0.572769953051643,
0.575117370892019,0.577464788732394,0.57981220657277,0.582159624413146,
0.584507042253521,0.586854460093897,0.589201877934272,0.591549295774648,
0.593896713615023,0.596244131455399,0.598591549295775,0.60093896713615,
0.603286384976526,0.605633802816901,0.607981220657277,0.610328638497653,
0.612676056338028,0.615023474178404,0.617370892018779,0.619718309859155,
0.622065727699531,0.624413145539906,0.626760563380282,0.629107981220657,
0.631455399061033,0.633802816901408,0.636150234741784,0.63849765258216,
0.640845070422535,0.643192488262911,0.645539906103286,0.647887323943662,
0.650234741784038,0.652582159624413,0.654929577464789,0.657276995305164,
0.65962441314554,0.661971830985915,0.664319248826291,0.666666666666667,
0.669014084507042,0.671361502347418,0.673708920187793,0.676056338028169,
0.678403755868545,0.68075117370892,0.683098591549296,0.685446009389671,
0.687793427230047,0.690140845070423,0.692488262910798,0.694835680751174,
0.697183098591549,0.699530516431925,0.7018779342723,0.704225352112676,0.706572769953052,
0.708920187793427,0.711267605633803,0.713615023474178,0.715962441314554,
0.71830985915493,0.720657276995305,0.723004694835681,0.725352112676056,
0.727699530516432,0.730046948356808,0.732394366197183,0.734741784037559,
0.737089201877934,0.73943661971831,0.741784037558685,0.744131455399061,
0.746478873239437,0.748826291079812,0.751173708920188,0.753521126760563,
0.755868544600939,0.758215962441315,0.76056338028169,0.762910798122066,
0.765258215962441,0.767605633802817,0.769953051643192,0.772300469483568,
0.774647887323944,0.776995305164319,0.779342723004695,0.78169014084507,
0.784037558685446,0.786384976525822,0.788732394366197,0.791079812206573,
0.793427230046948,0.795774647887324,0.7981220657277,0.800469483568075,0.802816901408451,
0.805164319248826,0.807511737089202,0.809859154929577,0.812206572769953,
0.814553990610329,0.816901408450704,0.81924882629108,0.821596244131455,
0.823943661971831,0.826291079812207,0.828638497652582,0.830985915492958,
0.833333333333333,0.835680751173709,0.838028169014085,0.84037558685446,
0.842723004694836,0.845070422535211,0.847417840375587,0.849765258215962,
0.852112676056338,0.854460093896714,0.856807511737089,0.859154929577465,
0.86150234741784,0.863849765258216,0.866197183098592,0.868544600938967,
0.870892018779343,0.873239436619718,0.875586854460094,0.877934272300469,
0.880281690140845,0.882629107981221,0.884976525821596,0.887323943661972,
0.889671361502347,0.892018779342723,0.894366197183099,0.896713615023474,
0.89906103286385,0.901408450704225,0.903755868544601,0.906103286384977,
0.908450704225352,0.910798122065728,0.913145539906103,0.915492957746479,
0.917840375586854,0.92018779342723,0.922535211267606,0.924882629107981,
0.927230046948357,0.929577464788732,0.931924882629108,0.934272300469484,
0.936619718309859,0.938967136150235,0.94131455399061,0.943661971830986,
0.946009389671362,0.948356807511737,0.950704225352113,0.953051643192488,
0.955399061032864,0.957746478873239,0.960093896713615,0.962441314553991,
0.964788732394366,0.967136150234742,0.969483568075117,0.971830985915493,
0.974178403755869,0.976525821596244,0.97887323943662,0.981220657276995,
0.983568075117371,0.985915492957746,0.988262910798122,0.990610328638498,
0.992957746478873,0.995305164319249,0.997652582159624,1.),.UNSPECIFIED.)
GEOMETRIC_REPRESENTATION_ITEM()
RATIONAL_B_SPLINE_SURFACE(((1.,0.866025403784439,1.,0.866025403784439,1.,
0.866025403784439,1.,0.866025403784439,1.,0.866025403784439,1.,0.866025403784439,
1.,0.866025403784439,1.,0.866025403784439,1.,0.866025403784439,1.,0.866025403784439,
1.,0.866025403784439,1.,0.866025403784439,1.,0.866025403784439,1.,0.866025403784439,
1.,0.866025403784439,1.,0.866025403784439,1.,0.866025403784439,1.,0.866025403784439,
1.,0.866025403784439,1.,0.866025403784439,1.,0.866025403784439,1.,0.866025403784439,
1.,0.866025403784439,1.,0.866025403784439,1.,0.866025403784439,1.,0.866025403784439,
1.,0.866025403784439,1.,0.866025403784439,1.,0.866025403784439,1.,0.866025403784439,
1.,0.866025403784439,1.,0.866025403784439,1.,0.866025403784439,1.,0.866025403784439,
1.,0.866025403784439,1.,0.866025403784439,1.,0.866025403784439,1.,0.866025403784439,
1.,0.866025403784439,1.,0.866025403784439,1.,0.866025403784439,1.,0.866025403784439,
1.,0.866025403784439,1.,0.866025403784439,1.,0.866025403784439,1.,0.866025403784439,
1.,0.866025403784439,1.,0.866025403784439,1.,0.866025403784439,1.,0.866025403784439,
1.,0.866025403784439,1.,0.866025403784439,1.,0.866025403784439,1.,0.866025403784439,
1.,0.866025403784439,1.,0.866025403784439,1.,0.866025403784439,1.,0.866025403784439,
1.,0.866025403784439,1.,0.866025403784439,1.,0.866025403784439,1.,0.866025403784439,
1.,0.866025403784439,1.,0.866025403784439,1.,0.866025403784439,1.,0.866025403784439,
1.,0.866025403784439,1.,0.866025403784439,1.,0.866025403784439,1.,0.866025403784439,
1.,0.866025403784439,1.,0.866025403784439,1.,0.866025403784439,1.,0.866025403784439,
1.,0.866025403784439,1.,0.866025403784439,1.,0.866025403784439,1.,0.866025403784439,
1.,0.866025403784439,1.,0.866025403784439,1.,0.866025403784439,1.,0.866025403784439,
1.,0.866025403784439,1.,0.866025403784439,1.,0.866025403784439,1.,0.866025403784439,
1.,0.866025403784439,1.,0.866025403784439,1.,0.866025403784439,1.,0.866025403784439,
1.,0.866025403784439,1.,0.866025403784439,1.,0.866025403784439,1.,0.866025403784439,
1.,0.866025403784439,1.,0.866025403784439,1.,0.866025403784439,1.,0.866025403784439,
1.,0.866025403784439,1.,0.866025403784439,1.,0.866025403784439,1.,0.866025403784439,
1.,0.866025403784439,1.,0.866025403784439,1.,0.866025403784439,1.,0.866025403784439,
1.,0.866025403784439,1.,0.866025403784439,1.,0.866025403784439,1.,0.866025403784439,
1.,0.866025403784439,1.,0.866025403784439,1.,0.866025403784439,1.,0.866025403784439,
1.,0.866025403784439,1.,0.866025403784439,1.,0.866025403784439,1.,0.866025403784439,
1.,0.866025403784439,1.,0.866025403784439,1.,0.866025403784439,1.,0.866025403784439,
1.,0.866025403784439,1.,0.866025403784439,1.,0.866025403784439,1.,0.866025403784439,
1.,0.866025403784439,1.,0.866025403784439,1.,0.866025403784439,1.,0.866025403784439,
1.,0.866025403784439,1.,0.866025403784439,1.,0.866025403784439,1.,0.866025403784439,
1.,0.866025403784439,1.,0.866025403784439,1.,0.866025403784439,1.,0.866025403784439,
1.,0.866025403784439,1.,0.866025403784439,1.,0.866025403784439,1.,0.866025403784439,
1.,0.866025403784439,1.,0.866025403784439,1.,0.866025403784439,1.,0.866025403784439,
1.,0.866025403784439,1.,0.866025403784439,1.,0.866025403784439,1.,0.866025403784439,
1.,0.866025403784439,1.,0.866025403784439,1.,0.866025403784439,1.,0.866025403784439,
1.,0.866025403784439,1.,0.866025403784439,1.,0.866025403784439,1.,0.866025403784439,
1.,0.866025403784439,1.,0.866025403784439,1.,0.866025403784439,1.,0.866025403784439,
1.,0.866025403784439,1.,0.866025403784439,1.,0.866025403784439,1.,0.866025403784439,
1.,0.866025403784439,1.,0.866025403784439,1.,0.866025403784439,1.,0.866025403784439,
1.,0.866025403784439,1.,0.866025403784439,1.,0.866025403784439,1.,0.866025403784439,
1.,0.866025403784439,1.,0.866025403784439,1.,0.866025403784439,1.,0.866025403784439,
1.,0.866025403784439,1.,0.866025403784439,1.,0.866025403784439,1.,0.866025403784439,
1.,0.866025403784439,1.,0.866025403784439,1.,0.866025403784439,1.,0.866025403784439,
1.,0.866025403784439,1.,0.866025403784439,1.,0.866025403784439,1.,0.866025403784439,
1.,0.866025403784439,1.,0.866025403784439,1.,0.866025403784439,1.,0.866025403784439,
1.,0.866025403784439,1.,0.866025403784439,1.,0.866025403784439,1.,0.866025403784439,
1.,0.866025403784439,1.,0.866025403784439,1.,0.866025403784439,1.,0.866025403784439,
1.,0.866025403784439,1.,0.866025403784439,1.,0.866025403784439,1.,0.866025403784439,
1.,0.866025403784439,1.,0.866025403784439,1.,0.866025403784439,1.,0.866025403784439,
1.,0.866025403784439,1.,0.866025403784439,1.,0.866025403784439,1.,0.866025403784439,
1.,0.866025403784439,1.,0.866025403784439,1.,0.866025403784439,1.,0.866025403784439,
1.,0.866025403784439,1.,0.866025403784439,1.,0.866025403784439,1.,0.866025403784439,
1.,0.866025403784439,1.,0.866025403784439,1.,0.866025403784439,1.,0.866025403784439,
1.,0.866025403784439,1.,0.866025403784439,1.,0.866025403784439,1.,0.866025403784439,
1.,0.866025403784439,1.,0.866025403784439,1.,0.866025403784439,1.,0.866025403784439,
1.,0.866025403784439,1.,0.866025403784439,1.,0.866025403784439,1.,0.866025403784439,
1.,0.866025403784439,1.,0.866025403784439,1.,0.866025403784439,1.,0.866025403784439,
1.,0.866025403784439,1.,0.866025403784439,1.,0.866025403784439,1.,0.866025403784439,
1.,0.866025403784439,1.,0.866025403784439,1.,0.866025403784439,1.,0.866025403784439,
1.,0.866025403784439,1.,0.866025403784439,1.,0.866025403784439,1.,0.866025403784439,
1.,0.866025403784439,1.,0.866025403784439,1.,0.866025403784439,1.,0.866025403784439,
1.,0.866025403784439,1.,0.866025403784439,1.,0.866025403784439,1.,0.866025403784439,
1.,0.866025403784439,1.,0.866025403784439,1.,0.866025403784439,1.,0.866025403784439,
1.,0.866025403784439,1.,0.866025403784439,1.,0.866025403784439,1.,0.866025403784439,
1.,0.866025403784439,1.,0.866025403784439,1.,0.866025403784439,1.,0.866025403784439,
1.,0.866025403784439,1.,0.866025403784439,1.,0.866025403784439,1.,0.866025403784439,
1.,0.866025403784439,1.,0.866025403784439,1.,0.866025403784439,1.,0.866025403784439,
1.,0.866025403784439,1.,0.866025403784439,1.,0.866025403784439,1.,0.866025403784439,
1.,0.866025403784439,1.,0.866025403784439,1.,0.866025403784439,1.,0.866025403784439,
1.,0.866025403784439,1.,0.866025403784439,1.,0.866025403784439,1.,0.866025403784439,
1.,0.866025403784439,1.,0.866025403784439,1.,0.866025403784439,1.,0.866025403784439,
1.,0.866025403784439,1.,0.866025403784439,1.,0.866025403784439,1.,0.866025403784439,
1.,0.866025403784439,1.,0.866025403784439,1.,0.866025403784439,1.,0.866025403784439,
1.,0.866025403784439,1.,0.866025403784439,1.,0.866025403784439,1.,0.866025403784439,
1.,0.866025403784439,1.,0.866025403784439,1.,0.866025403784439,1.,0.866025403784439,
1.,0.866025403784439,1.,0.866025403784439,1.,0.866025403784439,1.,0.866025403784439,
1.,0.866025403784439,1.,0.866025403784439,1.,0.866025403784439,1.,0.866025403784439,
1.,0.866025403784439,1.,0.866025403784439,1.,0.866025403784439,1.,0.866025403784439,
1.,0.866025403784439,1.,0.866025403784439,1.,0.866025403784439,1.,0.866025403784439,
1.,0.866025403784439,1.,0.866025403784439,1.,0.866025403784439,1.,0.866025403784439,
1.,0.866025403784439,1.,0.866025403784439,1.,0.866025403784439,1.,0.866025403784439,
1.,0.866025403784439,1.,0.866025403784439,1.,0.866025403784439,1.,0.866025403784439,
1.,0.866025403784439,1.,0.866025403784439,1.,0.866025403784439,1.,0.866025403784439,
1.,0.866025403784439,1.,0.866025403784439,1.,0.866025403784439,1.,0.866025403784439,
1.,0.866025403784439,1.,0.866025403784439,1.,0.866025403784439,1.,0.866025403784439,
1.,0.866025403784439,1.,0.866025403784439,1.,0.866025403784439,1.,0.866025403784439,
1.,0.866025403784439,1.,0.866025403784439,1.,0.866025403784439,1.,0.866025403784439,
1.,0.866025403784439,1.,0.866025403784439,1.,0.866025403784439,1.,0.866025403784439,
1.,0.866025403784439,1.,0.866025403784439,1.,0.866025403784439,1.,0.866025403784439,
1.,0.866025403784439,1.,0.866025403784439,1.,0.866025403784439,1.,0.866025403784439,
1.,0.866025403784439,1.,0.866025403784439,1.,0.866025403784439,1.,0.866025403784439,
1.,0.866025403784439,1.,0.866025403784439,1.,0.866025403784439,1.,0.866025403784439,
1.,0.866025403784439,1.,0.866025403784439,1.,0.866025403784439,1.,0.866025403784439,
1.,0.866025403784439,1.,0.866025403784439,1.,0.866025403784439,1.,0.866025403784439,
1.,0.866025403784439,1.,0.866025403784439,1.,0.866025403784439,1.,0.866025403784439,
1.,0.866025403784439,1.,0.866025403784439,1.,0.866025403784439,1.,0.866025403784439,
1.,0.866025403784439,1.,0.866025403784439,1.,0.866025403784439,1.,0.866025403784439,
1.,0.866025403784439,1.,0.866025403784439,1.,0.866025403784439,1.,0.866025403784439,
1.,0.866025403784439,1.,0.866025403784439,1.,0.866025403784439,1.,0.866025403784439,
1.,0.866025403784439,1.,0.866025403784439,1.,0.866025403784439,1.,0.866025403784439,
1.,0.866025403784439,1.,0.866025403784439,1.,0.866025403784439,1.,0.866025403784439,
1.,0.866025403784439,1.,0.866025403784439,1.,0.866025403784439,1.,0.866025403784439,
1.,0.866025403784439,1.,0.866025403784439,1.,0.866025403784439,1.,0.866025403784439,
1.),(1.,0.866025403784439,1.,0.866025403784439,1.,0.866025403784439,1.,
0.866025403784439,1.,0.866025403784439,1.,0.866025403784439,1.,0.866025403784439,
1.,0.866025403784439,1.,0.866025403784439,1.,0.866025403784439,1.,0.866025403784439,
1.,0.866025403784439,1.,0.866025403784439,1.,0.866025403784439,1.,0.866025403784439,
1.,0.866025403784439,1.,0.866025403784439,1.,0.866025403784439,1.,0.866025403784439,
1.,0.866025403784439,1.,0.866025403784439,1.,0.866025403784439,1.,0.866025403784439,
1.,0.866025403784439,1.,0.866025403784439,1.,0.866025403784439,1.,0.866025403784439,
1.,0.866025403784439,1.,0.866025403784439,1.,0.866025403784439,1.,0.866025403784439,
1.,0.866025403784439,1.,0.866025403784439,1.,0.866025403784439,1.,0.866025403784439,
1.,0.866025403784439,1.,0.866025403784439,1.,0.866025403784439,1.,0.866025403784439,
1.,0.866025403784439,1.,0.866025403784439,1.,0.866025403784439,1.,0.866025403784439,
1.,0.866025403784439,1.,0.866025403784439,1.,0.866025403784439,1.,0.866025403784439,
1.,0.866025403784439,1.,0.866025403784439,1.,0.866025403784439,1.,0.866025403784439,
1.,0.866025403784439,1.,0.866025403784439,1.,0.866025403784439,1.,0.866025403784439,
1.,0.866025403784439,1.,0.866025403784439,1.,0.866025403784439,1.,0.866025403784439,
1.,0.866025403784439,1.,0.866025403784439,1.,0.866025403784439,1.,0.866025403784439,
1.,0.866025403784439,1.,0.866025403784439,1.,0.866025403784439,1.,0.866025403784439,
1.,0.866025403784439,1.,0.866025403784439,1.,0.866025403784439,1.,0.866025403784439,
1.,0.866025403784439,1.,0.866025403784439,1.,0.866025403784439,1.,0.866025403784439,
1.,0.866025403784439,1.,0.866025403784439,1.,0.866025403784439,1.,0.866025403784439,
1.,0.866025403784439,1.,0.866025403784439,1.,0.866025403784439,1.,0.866025403784439,
1.,0.866025403784439,1.,0.866025403784439,1.,0.866025403784439,1.,0.866025403784439,
1.,0.866025403784439,1.,0.866025403784439,1.,0.866025403784439,1.,0.866025403784439,
1.,0.866025403784439,1.,0.866025403784439,1.,0.866025403784439,1.,0.866025403784439,
1.,0.866025403784439,1.,0.866025403784439,1.,0.866025403784439,1.,0.866025403784439,
1.,0.866025403784439,1.,0.866025403784439,1.,0.866025403784439,1.,0.866025403784439,
1.,0.866025403784439,1.,0.866025403784439,1.,0.866025403784439,1.,0.866025403784439,
1.,0.866025403784439,1.,0.866025403784439,1.,0.866025403784439,1.,0.866025403784439,
1.,0.866025403784439,1.,0.866025403784439,1.,0.866025403784439,1.,0.866025403784439,
1.,0.866025403784439,1.,0.866025403784439,1.,0.866025403784439,1.,0.866025403784439,
1.,0.866025403784439,1.,0.866025403784439,1.,0.866025403784439,1.,0.866025403784439,
1.,0.866025403784439,1.,0.866025403784439,1.,0.866025403784439,1.,0.866025403784439,
1.,0.866025403784439,1.,0.866025403784439,1.,0.866025403784439,1.,0.866025403784439,
1.,0.866025403784439,1.,0.866025403784439,1.,0.866025403784439,1.,0.866025403784439,
1.,0.866025403784439,1.,0.866025403784439,1.,0.866025403784439,1.,0.866025403784439,
1.,0.866025403784439,1.,0.866025403784439,1.,0.866025403784439,1.,0.866025403784439,
1.,0.866025403784439,1.,0.866025403784439,1.,0.866025403784439,1.,0.866025403784439,
1.,0.866025403784439,1.,0.866025403784439,1.,0.866025403784439,1.,0.866025403784439,
1.,0.866025403784439,1.,0.866025403784439,1.,0.866025403784439,1.,0.866025403784439,
1.,0.866025403784439,1.,0.866025403784439,1.,0.866025403784439,1.,0.866025403784439,
1.,0.866025403784439,1.,0.866025403784439,1.,0.866025403784439,1.,0.866025403784439,
1.,0.866025403784439,1.,0.866025403784439,1.,0.866025403784439,1.,0.866025403784439,
1.,0.866025403784439,1.,0.866025403784439,1.,0.866025403784439,1.,0.866025403784439,
1.,0.866025403784439,1.,0.866025403784439,1.,0.866025403784439,1.,0.866025403784439,
1.,0.866025403784439,1.,0.866025403784439,1.,0.866025403784439,1.,0.866025403784439,
1.,0.866025403784439,1.,0.866025403784439,1.,0.866025403784439,1.,0.866025403784439,
1.,0.866025403784439,1.,0.866025403784439,1.,0.866025403784439,1.,0.866025403784439,
1.,0.866025403784439,1.,0.866025403784439,1.,0.866025403784439,1.,0.866025403784439,
1.,0.866025403784439,1.,0.866025403784439,1.,0.866025403784439,1.,0.866025403784439,
1.,0.866025403784439,1.,0.866025403784439,1.,0.866025403784439,1.,0.866025403784439,
1.,0.866025403784439,1.,0.866025403784439,1.,0.866025403784439,1.,0.866025403784439,
1.,0.866025403784439,1.,0.866025403784439,1.,0.866025403784439,1.,0.866025403784439,
1.,0.866025403784439,1.,0.866025403784439,1.,0.866025403784439,1.,0.866025403784439,
1.,0.866025403784439,1.,0.866025403784439,1.,0.866025403784439,1.,0.866025403784439,
1.,0.866025403784439,1.,0.866025403784439,1.,0.866025403784439,1.,0.866025403784439,
1.,0.866025403784439,1.,0.866025403784439,1.,0.866025403784439,1.,0.866025403784439,
1.,0.866025403784439,1.,0.866025403784439,1.,0.866025403784439,1.,0.866025403784439,
1.,0.866025403784439,1.,0.866025403784439,1.,0.866025403784439,1.,0.866025403784439,
1.,0.866025403784439,1.,0.866025403784439,1.,0.866025403784439,1.,0.866025403784439,
1.,0.866025403784439,1.,0.866025403784439,1.,0.866025403784439,1.,0.866025403784439,
1.,0.866025403784439,1.,0.866025403784439,1.,0.866025403784439,1.,0.866025403784439,
1.,0.866025403784439,1.,0.866025403784439,1.,0.866025403784439,1.,0.866025403784439,
1.,0.866025403784439,1.,0.866025403784439,1.,0.866025403784439,1.,0.866025403784439,
1.,0.866025403784439,1.,0.866025403784439,1.,0.866025403784439,1.,0.866025403784439,
1.,0.866025403784439,1.,0.866025403784439,1.,0.866025403784439,1.,0.866025403784439,
1.,0.866025403784439,1.,0.866025403784439,1.,0.866025403784439,1.,0.866025403784439,
1.,0.866025403784439,1.,0.866025403784439,1.,0.866025403784439,1.,0.866025403784439,
1.,0.866025403784439,1.,0.866025403784439,1.,0.866025403784439,1.,0.866025403784439,
1.,0.866025403784439,1.,0.866025403784439,1.,0.866025403784439,1.,0.866025403784439,
1.,0.866025403784439,1.,0.866025403784439,1.,0.866025403784439,1.,0.866025403784439,
1.,0.866025403784439,1.,0.866025403784439,1.,0.866025403784439,1.,0.866025403784439,
1.,0.866025403784439,1.,0.866025403784439,1.,0.866025403784439,1.,0.866025403784439,
1.,0.866025403784439,1.,0.866025403784439,1.,0.866025403784439,1.,0.866025403784439,
1.,0.866025403784439,1.,0.866025403784439,1.,0.866025403784439,1.,0.866025403784439,
1.,0.866025403784439,1.,0.866025403784439,1.,0.866025403784439,1.,0.866025403784439,
1.,0.866025403784439,1.,0.866025403784439,1.,0.866025403784439,1.,0.866025403784439,
1.,0.866025403784439,1.,0.866025403784439,1.,0.866025403784439,1.,0.866025403784439,
1.,0.866025403784439,1.,0.866025403784439,1.,0.866025403784439,1.,0.866025403784439,
1.,0.866025403784439,1.,0.866025403784439,1.,0.866025403784439,1.,0.866025403784439,
1.,0.866025403784439,1.,0.866025403784439,1.,0.866025403784439,1.,0.866025403784439,
1.,0.866025403784439,1.,0.866025403784439,1.,0.866025403784439,1.,0.866025403784439,
1.,0.866025403784439,1.,0.866025403784439,1.,0.866025403784439,1.,0.866025403784439,
1.,0.866025403784439,1.,0.866025403784439,1.,0.866025403784439,1.,0.866025403784439,
1.,0.866025403784439,1.,0.866025403784439,1.,0.866025403784439,1.,0.866025403784439,
1.,0.866025403784439,1.,0.866025403784439,1.,0.866025403784439,1.,0.866025403784439,
1.,0.866025403784439,1.,0.866025403784439,1.,0.866025403784439,1.,0.866025403784439,
1.,0.866025403784439,1.,0.866025403784439,1.,0.866025403784439,1.,0.866025403784439,
1.,0.866025403784439,1.,0.866025403784439,1.,0.866025403784439,1.,0.866025403784439,
1.,0.866025403784439,1.,0.866025403784439,1.,0.866025403784439,1.,0.866025403784439,
1.,0.866025403784439,1.,0.866025403784439,1.,0.866025403784439,1.,0.866025403784439,
1.,0.866025403784439,1.,0.866025403784439,1.,0.866025403784439,1.,0.866025403784439,
1.,0.866025403784439,1.,0.866025403784439,1.,0.866025403784439,1.,0.866025403784439,
1.,0.866025403784439,1.,0.866025403784439,1.,0.866025403784439,1.,0.866025403784439,
1.,0.866025403784439,1.,0.866025403784439,1.,0.866025403784439,1.,0.866025403784439,
1.,0.866025403784439,1.,0.866025403784439,1.,0.866025403784439,1.,0.866025403784439,
1.,0.866025403784439,1.,0.866025403784439,1.,0.866025403784439,1.,0.866025403784439,
1.,0.866025403784439,1.,0.866025403784439,1.,0.866025403784439,1.,0.866025403784439,
1.,0.866025403784439,1.,0.866025403784439,1.,0.866025403784439,1.,0.866025403784439,
1.,0.866025403784439,1.,0.866025403784439,1.,0.866025403784439,1.,0.866025403784439,
1.,0.866025403784439,1.,0.866025403784439,1.,0.866025403784439,1.,0.866025403784439,
1.,0.866025403784439,1.,0.866025403784439,1.,0.866025403784439,1.,0.866025403784439,
1.,0.866025403784439,1.,0.866025403784439,1.,0.866025403784439,1.,0.866025403784439,
1.,0.866025403784439,1.,0.866025403784439,1.,0.866025403784439,1.,0.866025403784439,
1.,0.866025403784439,1.,0.866025403784439,1.,0.866025403784439,1.,0.866025403784439,
1.,0.866025403784439,1.,0.866025403784439,1.,0.866025403784439,1.,0.866025403784439,
1.,0.866025403784439,1.,0.866025403784439,1.,0.866025403784439,1.,0.866025403784439,
1.,0.866025403784439,1.,0.866025403784439,1.,0.866025403784439,1.)))
REPRESENTATION_ITEM('')
SURFACE()
);
#53=(
BOUNDED_SURFACE()
B_SPLINE_SURFACE(1,2,((#7980,#7981,#7982,#7983,#7984,#7985,#7986,#7987,
#7988,#7989,#7990,#7991,#7992,#7993,#7994,#7995,#7996,#7997,#7998,#7999,
#8000,#8001,#8002,#8003,#8004,#8005,#8006,#8007,#8008,#8009,#8010,#8011,
#8012,#8013,#8014,#8015,#8016,#8017,#8018,#8019,#8020,#8021,#8022,#8023,
#8024,#8025,#8026,#8027,#8028,#8029,#8030,#8031,#8032,#8033,#8034,#8035,
#8036,#8037,#8038,#8039,#8040,#8041,#8042,#8043,#8044,#8045,#8046,#8047,
#8048,#8049,#8050,#8051,#8052,#8053,#8054,#8055,#8056,#8057,#8058,#8059,
#8060,#8061,#8062,#8063,#8064,#8065,#8066,#8067,#8068,#8069,#8070,#8071,
#8072,#8073,#8074,#8075,#8076,#8077,#8078,#8079,#8080,#8081,#8082,#8083,
#8084,#8085,#8086,#8087,#8088,#8089,#8090,#8091,#8092,#8093,#8094,#8095,
#8096,#8097,#8098,#8099,#8100,#8101,#8102,#8103,#8104,#8105,#8106,#8107,
#8108,#8109,#8110,#8111,#8112,#8113,#8114,#8115,#8116,#8117,#8118,#8119,
#8120,#8121,#8122,#8123,#8124,#8125,#8126,#8127,#8128,#8129,#8130,#8131,
#8132,#8133,#8134,#8135,#8136,#8137,#8138,#8139,#8140,#8141,#8142,#8143,
#8144,#8145,#8146,#8147,#8148,#8149,#8150,#8151,#8152,#8153,#8154,#8155,
#8156,#8157,#8158,#8159,#8160,#8161,#8162,#8163,#8164,#8165,#8166,#8167,
#8168,#8169,#8170,#8171,#8172,#8173,#8174,#8175,#8176,#8177,#8178,#8179,
#8180,#8181,#8182,#8183,#8184,#8185,#8186,#8187,#8188,#8189,#8190,#8191,
#8192,#8193,#8194,#8195,#8196,#8197,#8198,#8199,#8200,#8201,#8202,#8203,
#8204,#8205,#8206,#8207,#8208,#8209,#8210,#8211,#8212,#8213,#8214,#8215,
#8216,#8217,#8218,#8219,#8220,#8221,#8222,#8223,#8224,#8225,#8226,#8227,
#8228,#8229,#8230,#8231,#8232,#8233,#8234,#8235,#8236,#8237,#8238,#8239,
#8240,#8241,#8242,#8243,#8244,#8245,#8246,#8247,#8248,#8249,#8250,#8251,
#8252,#8253,#8254,#8255,#8256,#8257,#8258,#8259,#8260,#8261,#8262,#8263,
#8264,#8265,#8266,#8267,#8268,#8269,#8270,#8271,#8272,#8273,#8274,#8275,
#8276,#8277,#8278,#8279,#8280,#8281,#8282,#8283,#8284,#8285,#8286,#8287,
#8288,#8289,#8290,#8291,#8292,#8293,#8294,#8295,#8296,#8297,#8298,#8299,
#8300,#8301,#8302,#8303,#8304,#8305,#8306,#8307,#8308,#8309,#8310,#8311,
#8312,#8313,#8314,#8315,#8316,#8317,#8318,#8319,#8320,#8321,#8322,#8323,
#8324,#8325,#8326,#8327,#8328,#8329,#8330,#8331,#8332,#8333,#8334,#8335,
#8336,#8337,#8338,#8339,#8340,#8341,#8342,#8343,#8344,#8345,#8346,#8347,
#8348,#8349,#8350,#8351,#8352,#8353,#8354,#8355,#8356,#8357,#8358,#8359,
#8360,#8361,#8362,#8363,#8364,#8365,#8366,#8367,#8368,#8369,#8370,#8371,
#8372,#8373,#8374,#8375,#8376,#8377,#8378,#8379,#8380,#8381,#8382,#8383,
#8384,#8385,#8386,#8387,#8388,#8389,#8390,#8391,#8392,#8393,#8394,#8395,
#8396,#8397,#8398,#8399,#8400,#8401,#8402,#8403,#8404,#8405,#8406,#8407,
#8408,#8409,#8410,#8411,#8412,#8413,#8414,#8415,#8416,#8417,#8418,#8419,
#8420,#8421,#8422,#8423,#8424,#8425,#8426,#8427,#8428,#8429,#8430,#8431,
#8432,#8433,#8434,#8435,#8436,#8437,#8438,#8439,#8440,#8441,#8442,#8443,
#8444,#8445,#8446,#8447,#8448,#8449,#8450,#8451,#8452,#8453,#8454,#8455,
#8456,#8457,#8458,#8459,#8460,#8461,#8462,#8463,#8464,#8465,#8466,#8467,
#8468,#8469,#8470,#8471,#8472,#8473,#8474,#8475,#8476,#8477,#8478,#8479,
#8480,#8481,#8482,#8483,#8484,#8485,#8486,#8487,#8488,#8489,#8490,#8491,
#8492,#8493,#8494,#8495,#8496,#8497,#8498,#8499,#8500,#8501,#8502,#8503,
#8504,#8505,#8506,#8507,#8508,#8509,#8510,#8511,#8512,#8513,#8514,#8515,
#8516,#8517,#8518,#8519,#8520,#8521,#8522,#8523,#8524,#8525,#8526,#8527,
#8528,#8529,#8530,#8531,#8532,#8533,#8534,#8535,#8536,#8537,#8538,#8539,
#8540,#8541,#8542,#8543,#8544,#8545,#8546,#8547,#8548,#8549,#8550,#8551,
#8552,#8553,#8554,#8555,#8556,#8557,#8558,#8559,#8560,#8561,#8562,#8563,
#8564,#8565,#8566,#8567,#8568,#8569,#8570,#8571,#8572,#8573,#8574,#8575,
#8576,#8577,#8578,#8579,#8580,#8581,#8582,#8583,#8584,#8585,#8586,#8587,
#8588,#8589,#8590,#8591,#8592,#8593,#8594,#8595,#8596,#8597,#8598,#8599,
#8600,#8601,#8602,#8603,#8604,#8605,#8606,#8607,#8608,#8609,#8610,#8611,
#8612,#8613,#8614,#8615,#8616,#8617,#8618,#8619,#8620,#8621,#8622,#8623,
#8624,#8625,#8626,#8627,#8628,#8629,#8630,#8631,#8632,#8633,#8634,#8635,
#8636,#8637,#8638,#8639,#8640,#8641,#8642,#8643,#8644,#8645,#8646,#8647,
#8648,#8649,#8650,#8651,#8652,#8653,#8654,#8655,#8656,#8657,#8658,#8659,
#8660,#8661,#8662,#8663,#8664,#8665,#8666,#8667,#8668,#8669,#8670,#8671,
#8672,#8673,#8674,#8675,#8676,#8677,#8678,#8679,#8680,#8681,#8682,#8683,
#8684,#8685,#8686,#8687,#8688,#8689,#8690,#8691,#8692,#8693,#8694,#8695,
#8696,#8697,#8698,#8699,#8700,#8701,#8702,#8703,#8704,#8705,#8706,#8707,
#8708,#8709,#8710,#8711,#8712,#8713,#8714,#8715,#8716,#8717,#8718,#8719,
#8720,#8721,#8722,#8723,#8724,#8725,#8726,#8727,#8728,#8729,#8730,#8731,
#8732,#8733,#8734,#8735,#8736,#8737,#8738,#8739,#8740,#8741,#8742,#8743,
#8744,#8745,#8746,#8747,#8748,#8749,#8750,#8751,#8752,#8753,#8754,#8755,
#8756,#8757,#8758,#8759,#8760,#8761,#8762,#8763,#8764,#8765,#8766,#8767,
#8768,#8769,#8770,#8771,#8772,#8773,#8774,#8775,#8776,#8777,#8778,#8779,
#8780,#8781,#8782,#8783,#8784,#8785,#8786,#8787,#8788,#8789,#8790,#8791,
#8792,#8793,#8794,#8795,#8796,#8797,#8798,#8799,#8800,#8801,#8802,#8803,
#8804,#8805,#8806,#8807,#8808,#8809,#8810,#8811,#8812,#8813,#8814,#8815,
#8816,#8817,#8818,#8819,#8820,#8821,#8822,#8823,#8824,#8825,#8826,#8827,
#8828,#8829,#8830,#8831,#8832),(#8833,#8834,#8835,#8836,#8837,#8838,#8839,
#8840,#8841,#8842,#8843,#8844,#8845,#8846,#8847,#8848,#8849,#8850,#8851,
#8852,#8853,#8854,#8855,#8856,#8857,#8858,#8859,#8860,#8861,#8862,#8863,
#8864,#8865,#8866,#8867,#8868,#8869,#8870,#8871,#8872,#8873,#8874,#8875,
#8876,#8877,#8878,#8879,#8880,#8881,#8882,#8883,#8884,#8885,#8886,#8887,
#8888,#8889,#8890,#8891,#8892,#8893,#8894,#8895,#8896,#8897,#8898,#8899,
#8900,#8901,#8902,#8903,#8904,#8905,#8906,#8907,#8908,#8909,#8910,#8911,
#8912,#8913,#8914,#8915,#8916,#8917,#8918,#8919,#8920,#8921,#8922,#8923,
#8924,#8925,#8926,#8927,#8928,#8929,#8930,#8931,#8932,#8933,#8934,#8935,
#8936,#8937,#8938,#8939,#8940,#8941,#8942,#8943,#8944,#8945,#8946,#8947,
#8948,#8949,#8950,#8951,#8952,#8953,#8954,#8955,#8956,#8957,#8958,#8959,
#8960,#8961,#8962,#8963,#8964,#8965,#8966,#8967,#8968,#8969,#8970,#8971,
#8972,#8973,#8974,#8975,#8976,#8977,#8978,#8979,#8980,#8981,#8982,#8983,
#8984,#8985,#8986,#8987,#8988,#8989,#8990,#8991,#8992,#8993,#8994,#8995,
#8996,#8997,#8998,#8999,#9000,#9001,#9002,#9003,#9004,#9005,#9006,#9007,
#9008,#9009,#9010,#9011,#9012,#9013,#9014,#9015,#9016,#9017,#9018,#9019,
#9020,#9021,#9022,#9023,#9024,#9025,#9026,#9027,#9028,#9029,#9030,#9031,
#9032,#9033,#9034,#9035,#9036,#9037,#9038,#9039,#9040,#9041,#9042,#9043,
#9044,#9045,#9046,#9047,#9048,#9049,#9050,#9051,#9052,#9053,#9054,#9055,
#9056,#9057,#9058,#9059,#9060,#9061,#9062,#9063,#9064,#9065,#9066,#9067,
#9068,#9069,#9070,#9071,#9072,#9073,#9074,#9075,#9076,#9077,#9078,#9079,
#9080,#9081,#9082,#9083,#9084,#9085,#9086,#9087,#9088,#9089,#9090,#9091,
#9092,#9093,#9094,#9095,#9096,#9097,#9098,#9099,#9100,#9101,#9102,#9103,
#9104,#9105,#9106,#9107,#9108,#9109,#9110,#9111,#9112,#9113,#9114,#9115,
#9116,#9117,#9118,#9119,#9120,#9121,#9122,#9123,#9124,#9125,#9126,#9127,
#9128,#9129,#9130,#9131,#9132,#9133,#9134,#9135,#9136,#9137,#9138,#9139,
#9140,#9141,#9142,#9143,#9144,#9145,#9146,#9147,#9148,#9149,#9150,#9151,
#9152,#9153,#9154,#9155,#9156,#9157,#9158,#9159,#9160,#9161,#9162,#9163,
#9164,#9165,#9166,#9167,#9168,#9169,#9170,#9171,#9172,#9173,#9174,#9175,
#9176,#9177,#9178,#9179,#9180,#9181,#9182,#9183,#9184,#9185,#9186,#9187,
#9188,#9189,#9190,#9191,#9192,#9193,#9194,#9195,#9196,#9197,#9198,#9199,
#9200,#9201,#9202,#9203,#9204,#9205,#9206,#9207,#9208,#9209,#9210,#9211,
#9212,#9213,#9214,#9215,#9216,#9217,#9218,#9219,#9220,#9221,#9222,#9223,
#9224,#9225,#9226,#9227,#9228,#9229,#9230,#9231,#9232,#9233,#9234,#9235,
#9236,#9237,#9238,#9239,#9240,#9241,#9242,#9243,#9244,#9245,#9246,#9247,
#9248,#9249,#9250,#9251,#9252,#9253,#9254,#9255,#9256,#9257,#9258,#9259,
#9260,#9261,#9262,#9263,#9264,#9265,#9266,#9267,#9268,#9269,#9270,#9271,
#9272,#9273,#9274,#9275,#9276,#9277,#9278,#9279,#9280,#9281,#9282,#9283,
#9284,#9285,#9286,#9287,#9288,#9289,#9290,#9291,#9292,#9293,#9294,#9295,
#9296,#9297,#9298,#9299,#9300,#9301,#9302,#9303,#9304,#9305,#9306,#9307,
#9308,#9309,#9310,#9311,#9312,#9313,#9314,#9315,#9316,#9317,#9318,#9319,
#9320,#9321,#9322,#9323,#9324,#9325,#9326,#9327,#9328,#9329,#9330,#9331,
#9332,#9333,#9334,#9335,#9336,#9337,#9338,#9339,#9340,#9341,#9342,#9343,
#9344,#9345,#9346,#9347,#9348,#9349,#9350,#9351,#9352,#9353,#9354,#9355,
#9356,#9357,#9358,#9359,#9360,#9361,#9362,#9363,#9364,#9365,#9366,#9367,
#9368,#9369,#9370,#9371,#9372,#9373,#9374,#9375,#9376,#9377,#9378,#9379,
#9380,#9381,#9382,#9383,#9384,#9385,#9386,#9387,#9388,#9389,#9390,#9391,
#9392,#9393,#9394,#9395,#9396,#9397,#9398,#9399,#9400,#9401,#9402,#9403,
#9404,#9405,#9406,#9407,#9408,#9409,#9410,#9411,#9412,#9413,#9414,#9415,
#9416,#9417,#9418,#9419,#9420,#9421,#9422,#9423,#9424,#9425,#9426,#9427,
#9428,#9429,#9430,#9431,#9432,#9433,#9434,#9435,#9436,#9437,#9438,#9439,
#9440,#9441,#9442,#9443,#9444,#9445,#9446,#9447,#9448,#9449,#9450,#9451,
#9452,#9453,#9454,#9455,#9456,#9457,#9458,#9459,#9460,#9461,#9462,#9463,
#9464,#9465,#9466,#9467,#9468,#9469,#9470,#9471,#9472,#9473,#9474,#9475,
#9476,#9477,#9478,#9479,#9480,#9481,#9482,#9483,#9484,#9485,#9486,#9487,
#9488,#9489,#9490,#9491,#9492,#9493,#9494,#9495,#9496,#9497,#9498,#9499,
#9500,#9501,#9502,#9503,#9504,#9505,#9506,#9507,#9508,#9509,#9510,#9511,
#9512,#9513,#9514,#9515,#9516,#9517,#9518,#9519,#9520,#9521,#9522,#9523,
#9524,#9525,#9526,#9527,#9528,#9529,#9530,#9531,#9532,#9533,#9534,#9535,
#9536,#9537,#9538,#9539,#9540,#9541,#9542,#9543,#9544,#9545,#9546,#9547,
#9548,#9549,#9550,#9551,#9552,#9553,#9554,#9555,#9556,#9557,#9558,#9559,
#9560,#9561,#9562,#9563,#9564,#9565,#9566,#9567,#9568,#9569,#9570,#9571,
#9572,#9573,#9574,#9575,#9576,#9577,#9578,#9579,#9580,#9581,#9582,#9583,
#9584,#9585,#9586,#9587,#9588,#9589,#9590,#9591,#9592,#9593,#9594,#9595,
#9596,#9597,#9598,#9599,#9600,#9601,#9602,#9603,#9604,#9605,#9606,#9607,
#9608,#9609,#9610,#9611,#9612,#9613,#9614,#9615,#9616,#9617,#9618,#9619,
#9620,#9621,#9622,#9623,#9624,#9625,#9626,#9627,#9628,#9629,#9630,#9631,
#9632,#9633,#9634,#9635,#9636,#9637,#9638,#9639,#9640,#9641,#9642,#9643,
#9644,#9645,#9646,#9647,#9648,#9649,#9650,#9651,#9652,#9653,#9654,#9655,
#9656,#9657,#9658,#9659,#9660,#9661,#9662,#9663,#9664,#9665,#9666,#9667,
#9668,#9669,#9670,#9671,#9672,#9673,#9674,#9675,#9676,#9677,#9678,#9679,
#9680,#9681,#9682,#9683,#9684,#9685)),.UNSPECIFIED.,.F.,.F.,.F.)
B_SPLINE_SURFACE_WITH_KNOTS((2,2),(3,2,2,2,2,2,2,2,2,2,2,2,2,2,2,2,2,2,
2,2,2,2,2,2,2,2,2,2,2,2,2,2,2,2,2,2,2,2,2,2,2,2,2,2,2,2,2,2,2,2,2,2,2,2,
2,2,2,2,2,2,2,2,2,2,2,2,2,2,2,2,2,2,2,2,2,2,2,2,2,2,2,2,2,2,2,2,2,2,2,2,
2,2,2,2,2,2,2,2,2,2,2,2,2,2,2,2,2,2,2,2,2,2,2,2,2,2,2,2,2,2,2,2,2,2,2,2,
2,2,2,2,2,2,2,2,2,2,2,2,2,2,2,2,2,2,2,2,2,2,2,2,2,2,2,2,2,2,2,2,2,2,2,2,
2,2,2,2,2,2,2,2,2,2,2,2,2,2,2,2,2,2,2,2,2,2,2,2,2,2,2,2,2,2,2,2,2,2,2,2,
2,2,2,2,2,2,2,2,2,2,2,2,2,2,2,2,2,2,2,2,2,2,2,2,2,2,2,2,2,2,2,2,2,2,2,2,
2,2,2,2,2,2,2,2,2,2,2,2,2,2,2,2,2,2,2,2,2,2,2,2,2,2,2,2,2,2,2,2,2,2,2,2,
2,2,2,2,2,2,2,2,2,2,2,2,2,2,2,2,2,2,2,2,2,2,2,2,2,2,2,2,2,2,2,2,2,2,2,2,
2,2,2,2,2,2,2,2,2,2,2,2,2,2,2,2,2,2,2,2,2,2,2,2,2,2,2,2,2,2,2,2,2,2,2,2,
2,2,2,2,2,2,2,2,2,2,2,2,2,2,2,2,2,2,2,2,2,2,2,2,2,2,2,2,2,2,2,2,2,2,2,2,
2,2,2,2,2,2,2,2,2,2,2,2,2,2,2,2,2,2,2,2,2,2,2,2,2,2,2,2,2,2,2,2,2,2,2,2,
2,2,2,2,2,2,2,2,2,2,2,2,3),(-1.00569810180651E-5,1.),(0.,0.00234741784037559,
0.00469483568075117,0.00704225352112676,0.00938967136150235,0.0117370892018779,
0.0140845070422535,0.0164319248826291,0.0187793427230047,0.0211267605633803,
0.0234741784037559,0.0258215962441315,0.028169014084507,0.0305164319248826,
0.0328638497652582,0.0352112676056338,0.0375586854460094,0.039906103286385,
0.0422535211267606,0.0446009389671361,0.0469483568075117,0.0492957746478873,
0.0516431924882629,0.0539906103286385,0.0563380281690141,0.0586854460093897,
0.0610328638497653,0.0633802816901408,0.0657276995305164,0.068075117370892,
0.0704225352112676,0.0727699530516432,0.0751173708920188,0.0774647887323944,
0.07981220657277,0.0821596244131455,0.0845070422535211,0.0868544600938967,
0.0892018779342723,0.0915492957746479,0.0938967136150235,0.0962441314553991,
0.0985915492957746,0.10093896713615,0.103286384976526,0.105633802816901,
0.107981220657277,0.110328638497653,0.112676056338028,0.115023474178404,
0.117370892018779,0.119718309859155,0.122065727699531,0.124413145539906,
0.126760563380282,0.129107981220657,0.131455399061033,0.133802816901408,
0.136150234741784,0.13849765258216,0.140845070422535,0.143192488262911,
0.145539906103286,0.147887323943662,0.150234741784038,0.152582159624413,
0.154929577464789,0.157276995305164,0.15962441314554,0.161971830985915,
0.164319248826291,0.166666666666667,0.169014084507042,0.171361502347418,
0.173708920187793,0.176056338028169,0.178403755868545,0.18075117370892,
0.183098591549296,0.185446009389671,0.187793427230047,0.190140845070423,
0.192488262910798,0.194835680751174,0.197183098591549,0.199530516431925,
0.2018779342723,0.204225352112676,0.206572769953052,0.208920187793427,0.211267605633803,
0.213615023474178,0.215962441314554,0.21830985915493,0.220657276995305,
0.223004694835681,0.225352112676056,0.227699530516432,0.230046948356808,
0.232394366197183,0.234741784037559,0.237089201877934,0.23943661971831,
0.241784037558685,0.244131455399061,0.246478873239437,0.248826291079812,
0.251173708920188,0.253521126760563,0.255868544600939,0.258215962441315,
0.26056338028169,0.262910798122066,0.265258215962441,0.267605633802817,
0.269953051643192,0.272300469483568,0.274647887323944,0.276995305164319,
0.279342723004695,0.28169014084507,0.284037558685446,0.286384976525822,
0.288732394366197,0.291079812206573,0.293427230046948,0.295774647887324,
0.2981220657277,0.300469483568075,0.302816901408451,0.305164319248826,0.307511737089202,
0.309859154929577,0.312206572769953,0.314553990610329,0.316901408450704,
0.31924882629108,0.321596244131455,0.323943661971831,0.326291079812207,
0.328638497652582,0.330985915492958,0.333333333333333,0.335680751173709,
0.338028169014085,0.34037558685446,0.342723004694836,0.345070422535211,
0.347417840375587,0.349765258215962,0.352112676056338,0.354460093896714,
0.356807511737089,0.359154929577465,0.36150234741784,0.363849765258216,
0.366197183098592,0.368544600938967,0.370892018779343,0.373239436619718,
0.375586854460094,0.377934272300469,0.380281690140845,0.382629107981221,
0.384976525821596,0.387323943661972,0.389671361502347,0.392018779342723,
0.394366197183099,0.396713615023474,0.39906103286385,0.401408450704225,
0.403755868544601,0.406103286384977,0.408450704225352,0.410798122065728,
0.413145539906103,0.415492957746479,0.417840375586854,0.42018779342723,
0.422535211267606,0.424882629107981,0.427230046948357,0.429577464788732,
0.431924882629108,0.434272300469484,0.436619718309859,0.438967136150235,
0.44131455399061,0.443661971830986,0.446009389671362,0.448356807511737,
0.450704225352113,0.453051643192488,0.455399061032864,0.457746478873239,
0.460093896713615,0.462441314553991,0.464788732394366,0.467136150234742,
0.469483568075117,0.471830985915493,0.474178403755869,0.476525821596244,
0.47887323943662,0.481220657276995,0.483568075117371,0.485915492957746,
0.488262910798122,0.490610328638498,0.492957746478873,0.495305164319249,
0.497652582159624,0.5,0.502347417840376,0.504694835680751,0.507042253521127,
0.509389671361502,0.511737089201878,0.514084507042254,0.516431924882629,
0.518779342723005,0.52112676056338,0.523474178403756,0.525821596244131,
0.528169014084507,0.530516431924883,0.532863849765258,0.535211267605634,
0.537558685446009,0.539906103286385,0.542253521126761,0.544600938967136,
0.546948356807512,0.549295774647887,0.551643192488263,0.553990610328638,
0.556338028169014,0.55868544600939,0.561032863849765,0.563380281690141,
0.565727699530516,0.568075117370892,0.570422535211268,0.572769953051643,
0.575117370892019,0.577464788732394,0.57981220657277,0.582159624413146,
0.584507042253521,0.586854460093897,0.589201877934272,0.591549295774648,
0.593896713615023,0.596244131455399,0.598591549295775,0.60093896713615,
0.603286384976526,0.605633802816901,0.607981220657277,0.610328638497653,
0.612676056338028,0.615023474178404,0.617370892018779,0.619718309859155,
0.622065727699531,0.624413145539906,0.626760563380282,0.629107981220657,
0.631455399061033,0.633802816901408,0.636150234741784,0.63849765258216,
0.640845070422535,0.643192488262911,0.645539906103286,0.647887323943662,
0.650234741784038,0.652582159624413,0.654929577464789,0.657276995305164,
0.65962441314554,0.661971830985915,0.664319248826291,0.666666666666667,
0.669014084507042,0.671361502347418,0.673708920187793,0.676056338028169,
0.678403755868545,0.68075117370892,0.683098591549296,0.685446009389671,
0.687793427230047,0.690140845070423,0.692488262910798,0.694835680751174,
0.697183098591549,0.699530516431925,0.7018779342723,0.704225352112676,0.706572769953052,
0.708920187793427,0.711267605633803,0.713615023474178,0.715962441314554,
0.71830985915493,0.720657276995305,0.723004694835681,0.725352112676056,
0.727699530516432,0.730046948356808,0.732394366197183,0.734741784037559,
0.737089201877934,0.73943661971831,0.741784037558685,0.744131455399061,
0.746478873239437,0.748826291079812,0.751173708920188,0.753521126760563,
0.755868544600939,0.758215962441315,0.76056338028169,0.762910798122066,
0.765258215962441,0.767605633802817,0.769953051643192,0.772300469483568,
0.774647887323944,0.776995305164319,0.779342723004695,0.78169014084507,
0.784037558685446,0.786384976525822,0.788732394366197,0.791079812206573,
0.793427230046948,0.795774647887324,0.7981220657277,0.800469483568075,0.802816901408451,
0.805164319248826,0.807511737089202,0.809859154929577,0.812206572769953,
0.814553990610329,0.816901408450704,0.81924882629108,0.821596244131455,
0.823943661971831,0.826291079812207,0.828638497652582,0.830985915492958,
0.833333333333333,0.835680751173709,0.838028169014085,0.84037558685446,
0.842723004694836,0.845070422535211,0.847417840375587,0.849765258215962,
0.852112676056338,0.854460093896714,0.856807511737089,0.859154929577465,
0.86150234741784,0.863849765258216,0.866197183098592,0.868544600938967,
0.870892018779343,0.873239436619718,0.875586854460094,0.877934272300469,
0.880281690140845,0.882629107981221,0.884976525821596,0.887323943661972,
0.889671361502347,0.892018779342723,0.894366197183099,0.896713615023474,
0.89906103286385,0.901408450704225,0.903755868544601,0.906103286384977,
0.908450704225352,0.910798122065728,0.913145539906103,0.915492957746479,
0.917840375586854,0.92018779342723,0.922535211267606,0.924882629107981,
0.927230046948357,0.929577464788732,0.931924882629108,0.934272300469484,
0.936619718309859,0.938967136150235,0.94131455399061,0.943661971830986,
0.946009389671362,0.948356807511737,0.950704225352113,0.953051643192488,
0.955399061032864,0.957746478873239,0.960093896713615,0.962441314553991,
0.964788732394366,0.967136150234742,0.969483568075117,0.971830985915493,
0.974178403755869,0.976525821596244,0.97887323943662,0.981220657276995,
0.983568075117371,0.985915492957746,0.988262910798122,0.990610328638498,
0.992957746478873,0.995305164319249,0.997652582159624,1.),.UNSPECIFIED.)
GEOMETRIC_REPRESENTATION_ITEM()
RATIONAL_B_SPLINE_SURFACE(((1.,0.866025403784439,1.,0.866025403784439,1.,
0.866025403784439,1.,0.866025403784439,1.,0.866025403784439,1.,0.866025403784439,
1.,0.866025403784439,1.,0.866025403784439,1.,0.866025403784439,1.,0.866025403784439,
1.,0.866025403784439,1.,0.866025403784439,1.,0.866025403784439,1.,0.866025403784439,
1.,0.866025403784439,1.,0.866025403784439,1.,0.866025403784439,1.,0.866025403784439,
1.,0.866025403784439,1.,0.866025403784439,1.,0.866025403784439,1.,0.866025403784439,
1.,0.866025403784439,1.,0.866025403784439,1.,0.866025403784439,1.,0.866025403784439,
1.,0.866025403784439,1.,0.866025403784439,1.,0.866025403784439,1.,0.866025403784439,
1.,0.866025403784439,1.,0.866025403784439,1.,0.866025403784439,1.,0.866025403784439,
1.,0.866025403784439,1.,0.866025403784439,1.,0.866025403784439,1.,0.866025403784439,
1.,0.866025403784439,1.,0.866025403784439,1.,0.866025403784439,1.,0.866025403784439,
1.,0.866025403784439,1.,0.866025403784439,1.,0.866025403784439,1.,0.866025403784439,
1.,0.866025403784439,1.,0.866025403784439,1.,0.866025403784439,1.,0.866025403784439,
1.,0.866025403784439,1.,0.866025403784439,1.,0.866025403784439,1.,0.866025403784439,
1.,0.866025403784439,1.,0.866025403784439,1.,0.866025403784439,1.,0.866025403784439,
1.,0.866025403784439,1.,0.866025403784439,1.,0.866025403784439,1.,0.866025403784439,
1.,0.866025403784439,1.,0.866025403784439,1.,0.866025403784439,1.,0.866025403784439,
1.,0.866025403784439,1.,0.866025403784439,1.,0.866025403784439,1.,0.866025403784439,
1.,0.866025403784439,1.,0.866025403784439,1.,0.866025403784439,1.,0.866025403784439,
1.,0.866025403784439,1.,0.866025403784439,1.,0.866025403784439,1.,0.866025403784439,
1.,0.866025403784439,1.,0.866025403784439,1.,0.866025403784439,1.,0.866025403784439,
1.,0.866025403784439,1.,0.866025403784439,1.,0.866025403784439,1.,0.866025403784439,
1.,0.866025403784439,1.,0.866025403784439,1.,0.866025403784439,1.,0.866025403784439,
1.,0.866025403784439,1.,0.866025403784439,1.,0.866025403784439,1.,0.866025403784439,
1.,0.866025403784439,1.,0.866025403784439,1.,0.866025403784439,1.,0.866025403784439,
1.,0.866025403784439,1.,0.866025403784439,1.,0.866025403784439,1.,0.866025403784439,
1.,0.866025403784439,1.,0.866025403784439,1.,0.866025403784439,1.,0.866025403784439,
1.,0.866025403784439,1.,0.866025403784439,1.,0.866025403784439,1.,0.866025403784439,
1.,0.866025403784439,1.,0.866025403784439,1.,0.866025403784439,1.,0.866025403784439,
1.,0.866025403784439,1.,0.866025403784439,1.,0.866025403784439,1.,0.866025403784439,
1.,0.866025403784439,1.,0.866025403784439,1.,0.866025403784439,1.,0.866025403784439,
1.,0.866025403784439,1.,0.866025403784439,1.,0.866025403784439,1.,0.866025403784439,
1.,0.866025403784439,1.,0.866025403784439,1.,0.866025403784439,1.,0.866025403784439,
1.,0.866025403784439,1.,0.866025403784439,1.,0.866025403784439,1.,0.866025403784439,
1.,0.866025403784439,1.,0.866025403784439,1.,0.866025403784439,1.,0.866025403784439,
1.,0.866025403784439,1.,0.866025403784439,1.,0.866025403784439,1.,0.866025403784439,
1.,0.866025403784439,1.,0.866025403784439,1.,0.866025403784439,1.,0.866025403784439,
1.,0.866025403784439,1.,0.866025403784439,1.,0.866025403784439,1.,0.866025403784439,
1.,0.866025403784439,1.,0.866025403784439,1.,0.866025403784439,1.,0.866025403784439,
1.,0.866025403784439,1.,0.866025403784439,1.,0.866025403784439,1.,0.866025403784439,
1.,0.866025403784439,1.,0.866025403784439,1.,0.866025403784439,1.,0.866025403784439,
1.,0.866025403784439,1.,0.866025403784439,1.,0.866025403784439,1.,0.866025403784439,
1.,0.866025403784439,1.,0.866025403784439,1.,0.866025403784439,1.,0.866025403784439,
1.,0.866025403784439,1.,0.866025403784439,1.,0.866025403784439,1.,0.866025403784439,
1.,0.866025403784439,1.,0.866025403784439,1.,0.866025403784439,1.,0.866025403784439,
1.,0.866025403784439,1.,0.866025403784439,1.,0.866025403784439,1.,0.866025403784439,
1.,0.866025403784439,1.,0.866025403784439,1.,0.866025403784439,1.,0.866025403784439,
1.,0.866025403784439,1.,0.866025403784439,1.,0.866025403784439,1.,0.866025403784439,
1.,0.866025403784439,1.,0.866025403784439,1.,0.866025403784439,1.,0.866025403784439,
1.,0.866025403784439,1.,0.866025403784439,1.,0.866025403784439,1.,0.866025403784439,
1.,0.866025403784439,1.,0.866025403784439,1.,0.866025403784439,1.,0.866025403784439,
1.,0.866025403784439,1.,0.866025403784439,1.,0.866025403784439,1.,0.866025403784439,
1.,0.866025403784439,1.,0.866025403784439,1.,0.866025403784439,1.,0.866025403784439,
1.,0.866025403784439,1.,0.866025403784439,1.,0.866025403784439,1.,0.866025403784439,
1.,0.866025403784439,1.,0.866025403784439,1.,0.866025403784439,1.,0.866025403784439,
1.,0.866025403784439,1.,0.866025403784439,1.,0.866025403784439,1.,0.866025403784439,
1.,0.866025403784439,1.,0.866025403784439,1.,0.866025403784439,1.,0.866025403784439,
1.,0.866025403784439,1.,0.866025403784439,1.,0.866025403784439,1.,0.866025403784439,
1.,0.866025403784439,1.,0.866025403784439,1.,0.866025403784439,1.,0.866025403784439,
1.,0.866025403784439,1.,0.866025403784439,1.,0.866025403784439,1.,0.866025403784439,
1.,0.866025403784439,1.,0.866025403784439,1.,0.866025403784439,1.,0.866025403784439,
1.,0.866025403784439,1.,0.866025403784439,1.,0.866025403784439,1.,0.866025403784439,
1.,0.866025403784439,1.,0.866025403784439,1.,0.866025403784439,1.,0.866025403784439,
1.,0.866025403784439,1.,0.866025403784439,1.,0.866025403784439,1.,0.866025403784439,
1.,0.866025403784439,1.,0.866025403784439,1.,0.866025403784439,1.,0.866025403784439,
1.,0.866025403784439,1.,0.866025403784439,1.,0.866025403784439,1.,0.866025403784439,
1.,0.866025403784439,1.,0.866025403784439,1.,0.866025403784439,1.,0.866025403784439,
1.,0.866025403784439,1.,0.866025403784439,1.,0.866025403784439,1.,0.866025403784439,
1.,0.866025403784439,1.,0.866025403784439,1.,0.866025403784439,1.,0.866025403784439,
1.,0.866025403784439,1.,0.866025403784439,1.,0.866025403784439,1.,0.866025403784439,
1.,0.866025403784439,1.,0.866025403784439,1.,0.866025403784439,1.,0.866025403784439,
1.,0.866025403784439,1.,0.866025403784439,1.,0.866025403784439,1.,0.866025403784439,
1.,0.866025403784439,1.,0.866025403784439,1.,0.866025403784439,1.,0.866025403784439,
1.,0.866025403784439,1.,0.866025403784439,1.,0.866025403784439,1.,0.866025403784439,
1.,0.866025403784439,1.,0.866025403784439,1.,0.866025403784439,1.,0.866025403784439,
1.,0.866025403784439,1.,0.866025403784439,1.,0.866025403784439,1.,0.866025403784439,
1.,0.866025403784439,1.,0.866025403784439,1.,0.866025403784439,1.,0.866025403784439,
1.,0.866025403784439,1.,0.866025403784439,1.,0.866025403784439,1.,0.866025403784439,
1.,0.866025403784439,1.,0.866025403784439,1.,0.866025403784439,1.,0.866025403784439,
1.,0.866025403784439,1.,0.866025403784439,1.,0.866025403784439,1.,0.866025403784439,
1.,0.866025403784439,1.,0.866025403784439,1.,0.866025403784439,1.,0.866025403784439,
1.,0.866025403784439,1.,0.866025403784439,1.,0.866025403784439,1.,0.866025403784439,
1.,0.866025403784439,1.,0.866025403784439,1.,0.866025403784439,1.,0.866025403784439,
1.,0.866025403784439,1.,0.866025403784439,1.,0.866025403784439,1.,0.866025403784439,
1.,0.866025403784439,1.,0.866025403784439,1.,0.866025403784439,1.,0.866025403784439,
1.,0.866025403784439,1.,0.866025403784439,1.,0.866025403784439,1.,0.866025403784439,
1.,0.866025403784439,1.,0.866025403784439,1.,0.866025403784439,1.,0.866025403784439,
1.,0.866025403784439,1.,0.866025403784439,1.,0.866025403784439,1.,0.866025403784439,
1.,0.866025403784439,1.,0.866025403784439,1.,0.866025403784439,1.,0.866025403784439,
1.,0.866025403784439,1.,0.866025403784439,1.,0.866025403784439,1.,0.866025403784439,
1.,0.866025403784439,1.,0.866025403784439,1.,0.866025403784439,1.,0.866025403784439,
1.,0.866025403784439,1.,0.866025403784439,1.,0.866025403784439,1.,0.866025403784439,
1.,0.866025403784439,1.,0.866025403784439,1.,0.866025403784439,1.,0.866025403784439,
1.,0.866025403784439,1.,0.866025403784439,1.,0.866025403784439,1.,0.866025403784439,
1.,0.866025403784439,1.,0.866025403784439,1.,0.866025403784439,1.,0.866025403784439,
1.,0.866025403784439,1.,0.866025403784439,1.,0.866025403784439,1.,0.866025403784439,
1.,0.866025403784439,1.,0.866025403784439,1.,0.866025403784439,1.,0.866025403784439,
1.,0.866025403784439,1.,0.866025403784439,1.,0.866025403784439,1.,0.866025403784439,
1.,0.866025403784439,1.,0.866025403784439,1.,0.866025403784439,1.,0.866025403784439,
1.,0.866025403784439,1.,0.866025403784439,1.,0.866025403784439,1.,0.866025403784439,
1.,0.866025403784439,1.,0.866025403784439,1.,0.866025403784439,1.,0.866025403784439,
1.,0.866025403784439,1.,0.866025403784439,1.,0.866025403784439,1.,0.866025403784439,
1.,0.866025403784439,1.,0.866025403784439,1.,0.866025403784439,1.,0.866025403784439,
1.,0.866025403784439,1.,0.866025403784439,1.,0.866025403784439,1.,0.866025403784439,
1.,0.866025403784439,1.,0.866025403784439,1.,0.866025403784439,1.,0.866025403784439,
1.,0.866025403784439,1.,0.866025403784439,1.,0.866025403784439,1.,0.866025403784439,
1.,0.866025403784439,1.,0.866025403784439,1.,0.866025403784439,1.,0.866025403784439,
1.),(1.,0.866025403784439,1.,0.866025403784439,1.,0.866025403784439,1.,
0.866025403784439,1.,0.866025403784439,1.,0.866025403784439,1.,0.866025403784439,
1.,0.866025403784439,1.,0.866025403784439,1.,0.866025403784439,1.,0.866025403784439,
1.,0.866025403784439,1.,0.866025403784439,1.,0.866025403784439,1.,0.866025403784439,
1.,0.866025403784439,1.,0.866025403784439,1.,0.866025403784439,1.,0.866025403784439,
1.,0.866025403784439,1.,0.866025403784439,1.,0.866025403784439,1.,0.866025403784439,
1.,0.866025403784439,1.,0.866025403784439,1.,0.866025403784439,1.,0.866025403784439,
1.,0.866025403784439,1.,0.866025403784439,1.,0.866025403784439,1.,0.866025403784439,
1.,0.866025403784439,1.,0.866025403784439,1.,0.866025403784439,1.,0.866025403784439,
1.,0.866025403784439,1.,0.866025403784439,1.,0.866025403784439,1.,0.866025403784439,
1.,0.866025403784439,1.,0.866025403784439,1.,0.866025403784439,1.,0.866025403784439,
1.,0.866025403784439,1.,0.866025403784439,1.,0.866025403784439,1.,0.866025403784439,
1.,0.866025403784439,1.,0.866025403784439,1.,0.866025403784439,1.,0.866025403784439,
1.,0.866025403784439,1.,0.866025403784439,1.,0.866025403784439,1.,0.866025403784439,
1.,0.866025403784439,1.,0.866025403784439,1.,0.866025403784439,1.,0.866025403784439,
1.,0.866025403784439,1.,0.866025403784439,1.,0.866025403784439,1.,0.866025403784439,
1.,0.866025403784439,1.,0.866025403784439,1.,0.866025403784439,1.,0.866025403784439,
1.,0.866025403784439,1.,0.866025403784439,1.,0.866025403784439,1.,0.866025403784439,
1.,0.866025403784439,1.,0.866025403784439,1.,0.866025403784439,1.,0.866025403784439,
1.,0.866025403784439,1.,0.866025403784439,1.,0.866025403784439,1.,0.866025403784439,
1.,0.866025403784439,1.,0.866025403784439,1.,0.866025403784439,1.,0.866025403784439,
1.,0.866025403784439,1.,0.866025403784439,1.,0.866025403784439,1.,0.866025403784439,
1.,0.866025403784439,1.,0.866025403784439,1.,0.866025403784439,1.,0.866025403784439,
1.,0.866025403784439,1.,0.866025403784439,1.,0.866025403784439,1.,0.866025403784439,
1.,0.866025403784439,1.,0.866025403784439,1.,0.866025403784439,1.,0.866025403784439,
1.,0.866025403784439,1.,0.866025403784439,1.,0.866025403784439,1.,0.866025403784439,
1.,0.866025403784439,1.,0.866025403784439,1.,0.866025403784439,1.,0.866025403784439,
1.,0.866025403784439,1.,0.866025403784439,1.,0.866025403784439,1.,0.866025403784439,
1.,0.866025403784439,1.,0.866025403784439,1.,0.866025403784439,1.,0.866025403784439,
1.,0.866025403784439,1.,0.866025403784439,1.,0.866025403784439,1.,0.866025403784439,
1.,0.866025403784439,1.,0.866025403784439,1.,0.866025403784439,1.,0.866025403784439,
1.,0.866025403784439,1.,0.866025403784439,1.,0.866025403784439,1.,0.866025403784439,
1.,0.866025403784439,1.,0.866025403784439,1.,0.866025403784439,1.,0.866025403784439,
1.,0.866025403784439,1.,0.866025403784439,1.,0.866025403784439,1.,0.866025403784439,
1.,0.866025403784439,1.,0.866025403784439,1.,0.866025403784439,1.,0.866025403784439,
1.,0.866025403784439,1.,0.866025403784439,1.,0.866025403784439,1.,0.866025403784439,
1.,0.866025403784439,1.,0.866025403784439,1.,0.866025403784439,1.,0.866025403784439,
1.,0.866025403784439,1.,0.866025403784439,1.,0.866025403784439,1.,0.866025403784439,
1.,0.866025403784439,1.,0.866025403784439,1.,0.866025403784439,1.,0.866025403784439,
1.,0.866025403784439,1.,0.866025403784439,1.,0.866025403784439,1.,0.866025403784439,
1.,0.866025403784439,1.,0.866025403784439,1.,0.866025403784439,1.,0.866025403784439,
1.,0.866025403784439,1.,0.866025403784439,1.,0.866025403784439,1.,0.866025403784439,
1.,0.866025403784439,1.,0.866025403784439,1.,0.866025403784439,1.,0.866025403784439,
1.,0.866025403784439,1.,0.866025403784439,1.,0.866025403784439,1.,0.866025403784439,
1.,0.866025403784439,1.,0.866025403784439,1.,0.866025403784439,1.,0.866025403784439,
1.,0.866025403784439,1.,0.866025403784439,1.,0.866025403784439,1.,0.866025403784439,
1.,0.866025403784439,1.,0.866025403784439,1.,0.866025403784439,1.,0.866025403784439,
1.,0.866025403784439,1.,0.866025403784439,1.,0.866025403784439,1.,0.866025403784439,
1.,0.866025403784439,1.,0.866025403784439,1.,0.866025403784439,1.,0.866025403784439,
1.,0.866025403784439,1.,0.866025403784439,1.,0.866025403784439,1.,0.866025403784439,
1.,0.866025403784439,1.,0.866025403784439,1.,0.866025403784439,1.,0.866025403784439,
1.,0.866025403784439,1.,0.866025403784439,1.,0.866025403784439,1.,0.866025403784439,
1.,0.866025403784439,1.,0.866025403784439,1.,0.866025403784439,1.,0.866025403784439,
1.,0.866025403784439,1.,0.866025403784439,1.,0.866025403784439,1.,0.866025403784439,
1.,0.866025403784439,1.,0.866025403784439,1.,0.866025403784439,1.,0.866025403784439,
1.,0.866025403784439,1.,0.866025403784439,1.,0.866025403784439,1.,0.866025403784439,
1.,0.866025403784439,1.,0.866025403784439,1.,0.866025403784439,1.,0.866025403784439,
1.,0.866025403784439,1.,0.866025403784439,1.,0.866025403784439,1.,0.866025403784439,
1.,0.866025403784439,1.,0.866025403784439,1.,0.866025403784439,1.,0.866025403784439,
1.,0.866025403784439,1.,0.866025403784439,1.,0.866025403784439,1.,0.866025403784439,
1.,0.866025403784439,1.,0.866025403784439,1.,0.866025403784439,1.,0.866025403784439,
1.,0.866025403784439,1.,0.866025403784439,1.,0.866025403784439,1.,0.866025403784439,
1.,0.866025403784439,1.,0.866025403784439,1.,0.866025403784439,1.,0.866025403784439,
1.,0.866025403784439,1.,0.866025403784439,1.,0.866025403784439,1.,0.866025403784439,
1.,0.866025403784439,1.,0.866025403784439,1.,0.866025403784439,1.,0.866025403784439,
1.,0.866025403784439,1.,0.866025403784439,1.,0.866025403784439,1.,0.866025403784439,
1.,0.866025403784439,1.,0.866025403784439,1.,0.866025403784439,1.,0.866025403784439,
1.,0.866025403784439,1.,0.866025403784439,1.,0.866025403784439,1.,0.866025403784439,
1.,0.866025403784439,1.,0.866025403784439,1.,0.866025403784439,1.,0.866025403784439,
1.,0.866025403784439,1.,0.866025403784439,1.,0.866025403784439,1.,0.866025403784439,
1.,0.866025403784439,1.,0.866025403784439,1.,0.866025403784439,1.,0.866025403784439,
1.,0.866025403784439,1.,0.866025403784439,1.,0.866025403784439,1.,0.866025403784439,
1.,0.866025403784439,1.,0.866025403784439,1.,0.866025403784439,1.,0.866025403784439,
1.,0.866025403784439,1.,0.866025403784439,1.,0.866025403784439,1.,0.866025403784439,
1.,0.866025403784439,1.,0.866025403784439,1.,0.866025403784439,1.,0.866025403784439,
1.,0.866025403784439,1.,0.866025403784439,1.,0.866025403784439,1.,0.866025403784439,
1.,0.866025403784439,1.,0.866025403784439,1.,0.866025403784439,1.,0.866025403784439,
1.,0.866025403784439,1.,0.866025403784439,1.,0.866025403784439,1.,0.866025403784439,
1.,0.866025403784439,1.,0.866025403784439,1.,0.866025403784439,1.,0.866025403784439,
1.,0.866025403784439,1.,0.866025403784439,1.,0.866025403784439,1.,0.866025403784439,
1.,0.866025403784439,1.,0.866025403784439,1.,0.866025403784439,1.,0.866025403784439,
1.,0.866025403784439,1.,0.866025403784439,1.,0.866025403784439,1.,0.866025403784439,
1.,0.866025403784439,1.,0.866025403784439,1.,0.866025403784439,1.,0.866025403784439,
1.,0.866025403784439,1.,0.866025403784439,1.,0.866025403784439,1.,0.866025403784439,
1.,0.866025403784439,1.,0.866025403784439,1.,0.866025403784439,1.,0.866025403784439,
1.,0.866025403784439,1.,0.866025403784439,1.,0.866025403784439,1.,0.866025403784439,
1.,0.866025403784439,1.,0.866025403784439,1.,0.866025403784439,1.,0.866025403784439,
1.,0.866025403784439,1.,0.866025403784439,1.,0.866025403784439,1.,0.866025403784439,
1.,0.866025403784439,1.,0.866025403784439,1.,0.866025403784439,1.,0.866025403784439,
1.,0.866025403784439,1.,0.866025403784439,1.,0.866025403784439,1.,0.866025403784439,
1.,0.866025403784439,1.,0.866025403784439,1.,0.866025403784439,1.,0.866025403784439,
1.,0.866025403784439,1.,0.866025403784439,1.,0.866025403784439,1.,0.866025403784439,
1.,0.866025403784439,1.,0.866025403784439,1.,0.866025403784439,1.,0.866025403784439,
1.,0.866025403784439,1.,0.866025403784439,1.,0.866025403784439,1.,0.866025403784439,
1.,0.866025403784439,1.,0.866025403784439,1.,0.866025403784439,1.,0.866025403784439,
1.,0.866025403784439,1.,0.866025403784439,1.,0.866025403784439,1.,0.866025403784439,
1.,0.866025403784439,1.,0.866025403784439,1.,0.866025403784439,1.,0.866025403784439,
1.,0.866025403784439,1.,0.866025403784439,1.,0.866025403784439,1.,0.866025403784439,
1.,0.866025403784439,1.,0.866025403784439,1.,0.866025403784439,1.,0.866025403784439,
1.,0.866025403784439,1.,0.866025403784439,1.,0.866025403784439,1.,0.866025403784439,
1.,0.866025403784439,1.,0.866025403784439,1.,0.866025403784439,1.,0.866025403784439,
1.,0.866025403784439,1.,0.866025403784439,1.,0.866025403784439,1.,0.866025403784439,
1.,0.866025403784439,1.,0.866025403784439,1.,0.866025403784439,1.,0.866025403784439,
1.,0.866025403784439,1.,0.866025403784439,1.,0.866025403784439,1.,0.866025403784439,
1.,0.866025403784439,1.,0.866025403784439,1.,0.866025403784439,1.,0.866025403784439,
1.,0.866025403784439,1.,0.866025403784439,1.,0.866025403784439,1.,0.866025403784439,
1.,0.866025403784439,1.,0.866025403784439,1.,0.866025403784439,1.)))
REPRESENTATION_ITEM('')
SURFACE()
);
#54=CIRCLE('',#1452,2.25254424102209);
#55=CIRCLE('',#1456,2.25254424102209);
#56=CIRCLE('',#1458,2.25254424102209);
#57=CIRCLE('',#1462,2.25254424102209);
#58=CIRCLE('',#1472,3.);
#59=CIRCLE('',#1474,3.);
#60=CIRCLE('',#1476,3.);
#61=CIRCLE('',#1478,3.);
#62=CIRCLE('',#1480,1.);
#63=CIRCLE('',#1481,1.);
#64=CIRCLE('',#1483,1.);
#65=CIRCLE('',#1484,11.5);
#66=CIRCLE('',#1485,10.5);
#67=CIRCLE('',#1487,1.);
#68=CIRCLE('',#1489,1.);
#69=CIRCLE('',#1490,4.);
#70=CIRCLE('',#1492,1.);
#71=CIRCLE('',#1494,1.);
#72=CIRCLE('',#1495,11.5);
#73=CIRCLE('',#1496,10.5);
#74=CIRCLE('',#1498,1.);
#75=CIRCLE('',#1500,0.999999999999999);
#76=CIRCLE('',#1501,6.);
#77=CIRCLE('',#1502,5.);
#78=CIRCLE('',#1504,1.);
#79=CIRCLE('',#1506,1.);
#80=CIRCLE('',#1507,3.);
#81=CIRCLE('',#1508,2.);
#82=CIRCLE('',#1510,1.);
#83=CIRCLE('',#1511,19.5);
#84=CIRCLE('',#1512,20.5);
#85=CIRCLE('',#1514,1.);
#86=CIRCLE('',#1516,1.);
#87=CIRCLE('',#1517,4.);
#88=CIRCLE('',#1519,0.999999999999999);
#89=CIRCLE('',#1521,1.);
#90=CIRCLE('',#1522,19.5);
#91=CIRCLE('',#1523,20.5);
#92=CIRCLE('',#1525,0.999999999999999);
#93=CIRCLE('',#1526,3.);
#94=CIRCLE('',#1527,2.);
#95=CIRCLE('',#1529,1.);
#96=CIRCLE('',#1531,5.);
#97=CIRCLE('',#1532,6.);
#98=CIRCLE('',#1534,4.);
#99=CIRCLE('',#1536,10.);
#100=CIRCLE('',#1537,21.);
#101=CIRCLE('',#1538,1.);
#102=CIRCLE('',#1539,3.5);
#103=CIRCLE('',#1540,0.67);
#104=CIRCLE('',#1546,1.);
#105=CIRCLE('',#1547,1.);
#106=CIRCLE('',#1549,1.);
#107=CIRCLE('',#1550,20.);
#108=CIRCLE('',#1551,21.);
#109=CIRCLE('',#1553,1.);
#110=CIRCLE('',#1555,1.);
#111=CIRCLE('',#1557,1.);
#112=CIRCLE('',#1559,1.);
#113=CIRCLE('',#1560,20.);
#114=CIRCLE('',#1562,1.);
#115=CIRCLE('',#1564,1.);
#116=CIRCLE('',#1565,1.);
#117=CIRCLE('',#1567,1.);
#118=CIRCLE('',#1568,11.);
#119=CIRCLE('',#1569,1.);
#120=CIRCLE('',#1571,1.);
#121=CIRCLE('',#1572,4.);
#122=CIRCLE('',#1573,1.);
#123=CIRCLE('',#1575,1.);
#124=CIRCLE('',#1576,11.);
#125=CIRCLE('',#1577,10.);
#126=CIRCLE('',#1579,1.);
#127=CIRCLE('',#1581,1.);
#128=CIRCLE('',#1583,1.);
#129=CIRCLE('',#1585,0.67);
#130=CIRCLE('',#1586,3.5);
#131=CIRCLE('',#1587,1.);
#132=(
BOUNDED_CURVE()
B_SPLINE_CURVE(2,(#2153,#2154,#2155,#2156,#2157,#2158,#2159,#2160,#2161,
#2162,#2163,#2164,#2165),.UNSPECIFIED.,.F.,.F.)
B_SPLINE_CURVE_WITH_KNOTS((3,2,2,2,2,2,3),(0.105633802816901,0.107981220657277,
0.110328638497653,0.112676056338028,0.115023474178404,0.117370892018779,
0.117988224641594),.UNSPECIFIED.)
CURVE()
GEOMETRIC_REPRESENTATION_ITEM()
RATIONAL_B_SPLINE_CURVE((1.,0.866025403784439,1.,0.866025403784439,1.,0.866025403784439,
1.,0.866025403784439,1.,0.866025403784439,1.,0.964766865340386,0.948065210722632))
REPRESENTATION_ITEM('')
);
#133=(
BOUNDED_CURVE()
B_SPLINE_CURVE(2,(#2168,#2169,#2170,#2171,#2172,#2173,#2174,#2175,#2176,
#2177,#2178,#2179,#2180),.UNSPECIFIED.,.F.,.F.)
B_SPLINE_CURVE_WITH_KNOTS((3,2,2,2,2,2,3),(0.105633802816901,0.107981220657277,
0.110328638497653,0.112676056338028,0.115023474178404,0.117370892018779,
0.119718309859155),.UNSPECIFIED.)
CURVE()
GEOMETRIC_REPRESENTATION_ITEM()
RATIONAL_B_SPLINE_CURVE((1.,0.866025403784439,1.,0.866025403784439,1.,0.866025403784439,
1.,0.866025403784439,1.,0.866025403784439,1.,0.866025403784439,1.))
REPRESENTATION_ITEM('')
);
#134=(
BOUNDED_CURVE()
B_SPLINE_CURVE(2,(#2185,#2186,#2187,#2188,#2189,#2190,#2191,#2192,#2193,
#2194,#2195,#2196,#2197),.UNSPECIFIED.,.F.,.F.)
B_SPLINE_CURVE_WITH_KNOTS((3,2,2,2,2,2,3),(0.0915492957746479,0.0938967136150235,
0.0962441314553991,0.0985915492957746,0.10093896713615,0.103286384976526,
0.105633802816901),.UNSPECIFIED.)
CURVE()
GEOMETRIC_REPRESENTATION_ITEM()
RATIONAL_B_SPLINE_CURVE((1.,0.866025403784439,1.,0.866025403784439,1.,0.866025403784439,
1.,0.866025403784439,1.,0.866025403784439,1.,0.866025403784439,1.))
REPRESENTATION_ITEM('')
);
#135=(
BOUNDED_CURVE()
B_SPLINE_CURVE(2,(#2198,#2199,#2200,#2201,#2202,#2203,#2204,#2205,#2206,
#2207,#2208,#2209,#2210),.UNSPECIFIED.,.F.,.F.)
B_SPLINE_CURVE_WITH_KNOTS((3,2,2,2,2,2,3),(0.0915492957746479,0.0938967136150235,
0.0962441314553991,0.0985915492957746,0.10093896713615,0.103286384976526,
0.105633802816901),.UNSPECIFIED.)
CURVE()
GEOMETRIC_REPRESENTATION_ITEM()
RATIONAL_B_SPLINE_CURVE((1.,0.866025403784439,1.,0.866025403784439,1.,0.866025403784439,
1.,0.866025403784439,1.,0.866025403784439,1.,0.866025403784439,1.))
REPRESENTATION_ITEM('')
);
#136=(
BOUNDED_CURVE()
B_SPLINE_CURVE(2,(#2215,#2216,#2217,#2218,#2219,#2220,#2221,#2222,#2223,
#2224,#2225,#2226,#2227),.UNSPECIFIED.,.F.,.F.)
B_SPLINE_CURVE_WITH_KNOTS((3,2,2,2,2,2,3),(0.0774647887323944,0.07981220657277,
0.0821596244131455,0.0845070422535211,0.0868544600938967,0.0892018779342723,
0.0915492957746479),.UNSPECIFIED.)
CURVE()
GEOMETRIC_REPRESENTATION_ITEM()
RATIONAL_B_SPLINE_CURVE((1.,0.866025403784439,1.,0.866025403784439,1.,0.866025403784439,
1.,0.866025403784439,1.,0.866025403784439,1.,0.866025403784439,1.))
REPRESENTATION_ITEM('')
);
#137=(
BOUNDED_CURVE()
B_SPLINE_CURVE(2,(#2228,#2229,#2230,#2231,#2232,#2233,#2234,#2235,#2236,
#2237,#2238,#2239,#2240),.UNSPECIFIED.,.F.,.F.)
B_SPLINE_CURVE_WITH_KNOTS((3,2,2,2,2,2,3),(0.0774647887323944,0.07981220657277,
0.0821596244131455,0.0845070422535211,0.0868544600938967,0.0892018779342723,
0.0915492957746479),.UNSPECIFIED.)
CURVE()
GEOMETRIC_REPRESENTATION_ITEM()
RATIONAL_B_SPLINE_CURVE((1.,0.866025403784439,1.,0.866025403784439,1.,0.866025403784439,
1.,0.866025403784439,1.,0.866025403784439,1.,0.866025403784439,1.))
REPRESENTATION_ITEM('')
);
#138=(
BOUNDED_CURVE()
B_SPLINE_CURVE(2,(#2247,#2248,#2249),.UNSPECIFIED.,.F.,.F.)
B_SPLINE_CURVE_WITH_KNOTS((3,3),(0.0616501964725802,0.0633802816901408),
 .UNSPECIFIED.)
CURVE()
GEOMETRIC_REPRESENTATION_ITEM()
RATIONAL_B_SPLINE_CURVE((0.948065210722633,0.901258538444052,1.))
REPRESENTATION_ITEM('')
);
#139=(
BOUNDED_CURVE()
B_SPLINE_CURVE(2,(#2255,#2256,#2257,#2258,#2259,#2260,#2261,#2262,#2263,
#2264,#2265,#2266,#2267),.UNSPECIFIED.,.F.,.F.)
B_SPLINE_CURVE_WITH_KNOTS((3,2,2,2,2,2,3),(0.330985915492958,0.333333333333333,
0.335680751173709,0.338028169014085,0.34037558685446,0.342723004694836,
0.343340337317651),.UNSPECIFIED.)
CURVE()
GEOMETRIC_REPRESENTATION_ITEM()
RATIONAL_B_SPLINE_CURVE((1.,0.866025403784439,1.,0.866025403784439,1.,0.866025403784439,
1.,0.866025403784439,1.,0.866025403784439,1.,0.964766865340383,0.94806521072263))
REPRESENTATION_ITEM('')
);
#140=(
BOUNDED_CURVE()
B_SPLINE_CURVE(2,(#2270,#2271,#2272,#2273,#2274,#2275,#2276,#2277,#2278,
#2279,#2280,#2281,#2282),.UNSPECIFIED.,.F.,.F.)
B_SPLINE_CURVE_WITH_KNOTS((3,2,2,2,2,2,3),(0.330985915492958,0.333333333333333,
0.335680751173709,0.338028169014085,0.34037558685446,0.342723004694836,
0.345070422535211),.UNSPECIFIED.)
CURVE()
GEOMETRIC_REPRESENTATION_ITEM()
RATIONAL_B_SPLINE_CURVE((1.,0.866025403784439,1.,0.866025403784439,1.,0.866025403784439,
1.,0.866025403784439,1.,0.866025403784439,1.,0.866025403784439,1.))
REPRESENTATION_ITEM('')
);
#141=(
BOUNDED_CURVE()
B_SPLINE_CURVE(2,(#2287,#2288,#2289,#2290,#2291,#2292,#2293,#2294,#2295,
#2296,#2297,#2298,#2299),.UNSPECIFIED.,.F.,.F.)
B_SPLINE_CURVE_WITH_KNOTS((3,2,2,2,2,2,3),(0.316901408450704,0.31924882629108,
0.321596244131455,0.323943661971831,0.326291079812207,0.328638497652582,
0.330985915492958),.UNSPECIFIED.)
CURVE()
GEOMETRIC_REPRESENTATION_ITEM()
RATIONAL_B_SPLINE_CURVE((1.,0.866025403784439,1.,0.866025403784439,1.,0.866025403784439,
1.,0.866025403784439,1.,0.866025403784439,1.,0.866025403784439,1.))
REPRESENTATION_ITEM('')
);
#142=(
BOUNDED_CURVE()
B_SPLINE_CURVE(2,(#2300,#2301,#2302,#2303,#2304,#2305,#2306,#2307,#2308,
#2309,#2310,#2311,#2312),.UNSPECIFIED.,.F.,.F.)
B_SPLINE_CURVE_WITH_KNOTS((3,2,2,2,2,2,3),(0.316901408450704,0.31924882629108,
0.321596244131455,0.323943661971831,0.326291079812207,0.328638497652582,
0.330985915492958),.UNSPECIFIED.)
CURVE()
GEOMETRIC_REPRESENTATION_ITEM()
RATIONAL_B_SPLINE_CURVE((1.,0.866025403784439,1.,0.866025403784439,1.,0.866025403784439,
1.,0.866025403784439,1.,0.866025403784439,1.,0.866025403784439,1.))
REPRESENTATION_ITEM('')
);
#143=(
BOUNDED_CURVE()
B_SPLINE_CURVE(2,(#2317,#2318,#2319,#2320,#2321,#2322,#2323,#2324,#2325,
#2326,#2327,#2328,#2329),.UNSPECIFIED.,.F.,.F.)
B_SPLINE_CURVE_WITH_KNOTS((3,2,2,2,2,2,3),(0.302816901408451,0.305164319248826,
0.307511737089202,0.309859154929577,0.312206572769953,0.314553990610329,
0.316901408450704),.UNSPECIFIED.)
CURVE()
GEOMETRIC_REPRESENTATION_ITEM()
RATIONAL_B_SPLINE_CURVE((1.,0.866025403784439,1.,0.866025403784439,1.,0.866025403784439,
1.,0.866025403784439,1.,0.866025403784439,1.,0.866025403784439,1.))
REPRESENTATION_ITEM('')
);
#144=(
BOUNDED_CURVE()
B_SPLINE_CURVE(2,(#2330,#2331,#2332,#2333,#2334,#2335,#2336,#2337,#2338,
#2339,#2340,#2341,#2342),.UNSPECIFIED.,.F.,.F.)
B_SPLINE_CURVE_WITH_KNOTS((3,2,2,2,2,2,3),(0.302816901408451,0.305164319248826,
0.307511737089202,0.309859154929577,0.312206572769953,0.314553990610329,
0.316901408450704),.UNSPECIFIED.)
CURVE()
GEOMETRIC_REPRESENTATION_ITEM()
RATIONAL_B_SPLINE_CURVE((1.,0.866025403784439,1.,0.866025403784439,1.,0.866025403784439,
1.,0.866025403784439,1.,0.866025403784439,1.,0.866025403784439,1.))
REPRESENTATION_ITEM('')
);
#145=(
BOUNDED_CURVE()
B_SPLINE_CURVE(2,(#2349,#2350,#2351),.UNSPECIFIED.,.F.,.F.)
B_SPLINE_CURVE_WITH_KNOTS((3,3),(0.287002309148637,0.288732394366197),
 .UNSPECIFIED.)
CURVE()
GEOMETRIC_REPRESENTATION_ITEM()
RATIONAL_B_SPLINE_CURVE((0.94806521072263,0.901258538444056,1.))
REPRESENTATION_ITEM('')
);
#146=(
BOUNDED_CURVE()
B_SPLINE_CURVE(2,(#4217,#4218,#4219,#4220,#4221,#4222,#4223,#4224,#4225,
#4226,#4227,#4228,#4229),.UNSPECIFIED.,.F.,.F.)
B_SPLINE_CURVE_WITH_KNOTS((3,2,2,2,2,2,3),(0.288732394366197,0.291079812206573,
0.293427230046948,0.295774647887324,0.2981220657277,0.300469483568075,0.302816901408451),
 .UNSPECIFIED.)
CURVE()
GEOMETRIC_REPRESENTATION_ITEM()
RATIONAL_B_SPLINE_CURVE((1.,0.866025403784439,1.,0.866025403784439,1.,0.866025403784439,
1.,0.866025403784439,1.,0.866025403784439,1.,0.866025403784439,1.))
REPRESENTATION_ITEM('')
);
#147=(
BOUNDED_CURVE()
B_SPLINE_CURVE(2,(#6089,#6090,#6091,#6092,#6093,#6094,#6095,#6096,#6097,
#6098,#6099,#6100,#6101),.UNSPECIFIED.,.F.,.F.)
B_SPLINE_CURVE_WITH_KNOTS((3,2,2,2,2,2,3),(0.0633802816901408,0.0657276995305164,
0.068075117370892,0.0704225352112676,0.0727699530516432,0.0751173708920188,
0.0774647887323944),.UNSPECIFIED.)
CURVE()
GEOMETRIC_REPRESENTATION_ITEM()
RATIONAL_B_SPLINE_CURVE((1.,0.866025403784439,1.,0.866025403784439,1.,0.866025403784439,
1.,0.866025403784439,1.,0.866025403784439,1.,0.866025403784439,1.))
REPRESENTATION_ITEM('')
);
#148=(
BOUNDED_CURVE()
B_SPLINE_CURVE(2,(#7932,#7933,#7934,#7935,#7936,#7937,#7938,#7939,#7940,
#7941,#7942,#7943,#7944),.UNSPECIFIED.,.F.,.F.)
B_SPLINE_CURVE_WITH_KNOTS((3,2,2,2,2,2,3),(0.288732394366197,0.291079812206573,
0.293427230046948,0.295774647887324,0.2981220657277,0.300469483568075,0.302816901408451),
 .UNSPECIFIED.)
CURVE()
GEOMETRIC_REPRESENTATION_ITEM()
RATIONAL_B_SPLINE_CURVE((1.,0.866025403784439,1.,0.866025403784439,1.,0.866025403784439,
1.,0.866025403784439,1.,0.866025403784439,1.,0.866025403784439,1.))
REPRESENTATION_ITEM('')
);
#149=(
BOUNDED_CURVE()
B_SPLINE_CURVE(2,(#7947,#7948,#7949,#7950,#7951,#7952,#7953,#7954,#7955,
#7956,#7957,#7958,#7959),.UNSPECIFIED.,.F.,.F.)
B_SPLINE_CURVE_WITH_KNOTS((3,2,2,2,2,2,3),(0.0633802816901409,0.0657276995305165,
0.068075117370892,0.0704225352112676,0.0727699530516432,0.0751173708920188,
0.0774647887323944),.UNSPECIFIED.)
CURVE()
GEOMETRIC_REPRESENTATION_ITEM()
RATIONAL_B_SPLINE_CURVE((1.,0.866025403784439,1.,0.866025403784439,1.,0.866025403784439,
1.,0.866025403784439,1.,0.866025403784439,1.,0.866025403784439,1.))
REPRESENTATION_ITEM('')
);
#150=FACE_OUTER_BOUND('',#233,.T.);
#151=FACE_OUTER_BOUND('',#234,.T.);
#152=FACE_OUTER_BOUND('',#235,.T.);
#153=FACE_OUTER_BOUND('',#236,.T.);
#154=FACE_OUTER_BOUND('',#237,.T.);
#155=FACE_OUTER_BOUND('',#238,.T.);
#156=FACE_OUTER_BOUND('',#239,.T.);
#157=FACE_OUTER_BOUND('',#240,.T.);
#158=FACE_OUTER_BOUND('',#241,.T.);
#159=FACE_OUTER_BOUND('',#242,.T.);
#160=FACE_OUTER_BOUND('',#243,.T.);
#161=FACE_OUTER_BOUND('',#244,.T.);
#162=FACE_OUTER_BOUND('',#245,.T.);
#163=FACE_OUTER_BOUND('',#246,.T.);
#164=FACE_OUTER_BOUND('',#247,.T.);
#165=FACE_OUTER_BOUND('',#248,.T.);
#166=FACE_OUTER_BOUND('',#249,.T.);
#167=FACE_OUTER_BOUND('',#250,.T.);
#168=FACE_OUTER_BOUND('',#251,.T.);
#169=FACE_OUTER_BOUND('',#252,.T.);
#170=FACE_OUTER_BOUND('',#253,.T.);
#171=FACE_OUTER_BOUND('',#254,.T.);
#172=FACE_OUTER_BOUND('',#255,.T.);
#173=FACE_OUTER_BOUND('',#256,.T.);
#174=FACE_OUTER_BOUND('',#257,.T.);
#175=FACE_OUTER_BOUND('',#258,.T.);
#176=FACE_OUTER_BOUND('',#259,.T.);
#177=FACE_OUTER_BOUND('',#260,.T.);
#178=FACE_OUTER_BOUND('',#261,.T.);
#179=FACE_OUTER_BOUND('',#262,.T.);
#180=FACE_OUTER_BOUND('',#263,.T.);
#181=FACE_OUTER_BOUND('',#264,.T.);
#182=FACE_OUTER_BOUND('',#265,.T.);
#183=FACE_OUTER_BOUND('',#266,.T.);
#184=FACE_OUTER_BOUND('',#267,.T.);
#185=FACE_OUTER_BOUND('',#268,.T.);
#186=FACE_OUTER_BOUND('',#269,.T.);
#187=FACE_OUTER_BOUND('',#270,.T.);
#188=FACE_OUTER_BOUND('',#271,.T.);
#189=FACE_OUTER_BOUND('',#272,.T.);
#190=FACE_OUTER_BOUND('',#273,.T.);
#191=FACE_OUTER_BOUND('',#274,.T.);
#192=FACE_OUTER_BOUND('',#275,.T.);
#193=FACE_OUTER_BOUND('',#276,.T.);
#194=FACE_OUTER_BOUND('',#277,.T.);
#195=FACE_OUTER_BOUND('',#278,.T.);
#196=FACE_OUTER_BOUND('',#279,.T.);
#197=FACE_OUTER_BOUND('',#280,.T.);
#198=FACE_OUTER_BOUND('',#282,.T.);
#199=FACE_OUTER_BOUND('',#283,.T.);
#200=FACE_OUTER_BOUND('',#284,.T.);
#201=FACE_OUTER_BOUND('',#285,.T.);
#202=FACE_OUTER_BOUND('',#286,.T.);
#203=FACE_OUTER_BOUND('',#287,.T.);
#204=FACE_OUTER_BOUND('',#288,.T.);
#205=FACE_OUTER_BOUND('',#289,.T.);
#206=FACE_OUTER_BOUND('',#290,.T.);
#207=FACE_OUTER_BOUND('',#291,.T.);
#208=FACE_OUTER_BOUND('',#292,.T.);
#209=FACE_OUTER_BOUND('',#293,.T.);
#210=FACE_OUTER_BOUND('',#294,.T.);
#211=FACE_OUTER_BOUND('',#295,.T.);
#212=FACE_OUTER_BOUND('',#296,.T.);
#213=FACE_OUTER_BOUND('',#297,.T.);
#214=FACE_OUTER_BOUND('',#298,.T.);
#215=FACE_OUTER_BOUND('',#299,.T.);
#216=FACE_OUTER_BOUND('',#300,.T.);
#217=FACE_OUTER_BOUND('',#301,.T.);
#218=FACE_OUTER_BOUND('',#302,.T.);
#219=FACE_OUTER_BOUND('',#304,.T.);
#220=FACE_OUTER_BOUND('',#305,.T.);
#221=FACE_OUTER_BOUND('',#306,.T.);
#222=FACE_OUTER_BOUND('',#307,.T.);
#223=FACE_OUTER_BOUND('',#308,.T.);
#224=FACE_OUTER_BOUND('',#309,.T.);
#225=FACE_OUTER_BOUND('',#310,.T.);
#226=FACE_OUTER_BOUND('',#311,.T.);
#227=FACE_OUTER_BOUND('',#312,.T.);
#228=FACE_OUTER_BOUND('',#313,.T.);
#229=FACE_OUTER_BOUND('',#314,.T.);
#230=FACE_OUTER_BOUND('',#315,.T.);
#231=FACE_OUTER_BOUND('',#316,.T.);
#232=FACE_OUTER_BOUND('',#317,.T.);
#233=EDGE_LOOP('',(#868,#869,#870,#871));
#234=EDGE_LOOP('',(#872,#873,#874,#875));
#235=EDGE_LOOP('',(#876,#877,#878,#879));
#236=EDGE_LOOP('',(#880,#881,#882,#883,#884));
#237=EDGE_LOOP('',(#885,#886,#887,#888));
#238=EDGE_LOOP('',(#889,#890,#891,#892));
#239=EDGE_LOOP('',(#893,#894,#895,#896));
#240=EDGE_LOOP('',(#897,#898,#899));
#241=EDGE_LOOP('',(#900,#901,#902,#903));
#242=EDGE_LOOP('',(#904,#905,#906,#907));
#243=EDGE_LOOP('',(#908,#909,#910,#911));
#244=EDGE_LOOP('',(#912,#913,#914));
#245=EDGE_LOOP('',(#915,#916,#917,#918));
#246=EDGE_LOOP('',(#919,#920,#921,#922));
#247=EDGE_LOOP('',(#923,#924,#925,#926));
#248=EDGE_LOOP('',(#927,#928,#929,#930));
#249=EDGE_LOOP('',(#931,#932,#933,#934,#935,#936,#937,#938,#939,#940,#941,
#942,#943,#944));
#250=EDGE_LOOP('',(#945,#946,#947,#948,#949,#950,#951,#952,#953,#954,#955,
#956,#957,#958));
#251=EDGE_LOOP('',(#959,#960,#961,#962));
#252=EDGE_LOOP('',(#963,#964,#965,#966,#967,#968,#969,#970,#971,#972,#973,
#974,#975));
#253=EDGE_LOOP('',(#976,#977,#978,#979));
#254=EDGE_LOOP('',(#980,#981,#982,#983));
#255=EDGE_LOOP('',(#984,#985,#986,#987));
#256=EDGE_LOOP('',(#988,#989,#990,#991,#992,#993,#994,#995,#996,#997,#998,
#999,#1000,#1001));
#257=EDGE_LOOP('',(#1002,#1003,#1004,#1005,#1006,#1007,#1008,#1009));
#258=EDGE_LOOP('',(#1010,#1011,#1012,#1013,#1014,#1015));
#259=EDGE_LOOP('',(#1016,#1017,#1018,#1019,#1020,#1021,#1022,#1023));
#260=EDGE_LOOP('',(#1024,#1025,#1026,#1027,#1028,#1029,#1030,#1031));
#261=EDGE_LOOP('',(#1032,#1033,#1034,#1035));
#262=EDGE_LOOP('',(#1036,#1037,#1038,#1039));
#263=EDGE_LOOP('',(#1040,#1041,#1042,#1043));
#264=EDGE_LOOP('',(#1044,#1045,#1046,#1047));
#265=EDGE_LOOP('',(#1048,#1049,#1050,#1051));
#266=EDGE_LOOP('',(#1052,#1053,#1054,#1055));
#267=EDGE_LOOP('',(#1056,#1057,#1058,#1059));
#268=EDGE_LOOP('',(#1060,#1061,#1062,#1063));
#269=EDGE_LOOP('',(#1064,#1065,#1066,#1067));
#270=EDGE_LOOP('',(#1068,#1069,#1070,#1071));
#271=EDGE_LOOP('',(#1072,#1073,#1074,#1075));
#272=EDGE_LOOP('',(#1076,#1077,#1078,#1079));
#273=EDGE_LOOP('',(#1080,#1081,#1082,#1083));
#274=EDGE_LOOP('',(#1084,#1085,#1086,#1087));
#275=EDGE_LOOP('',(#1088,#1089,#1090,#1091));
#276=EDGE_LOOP('',(#1092,#1093,#1094,#1095));
#277=EDGE_LOOP('',(#1096,#1097,#1098,#1099));
#278=EDGE_LOOP('',(#1100,#1101,#1102,#1103));
#279=EDGE_LOOP('',(#1104,#1105,#1106,#1107));
#280=EDGE_LOOP('',(#1108,#1109,#1110,#1111,#1112,#1113,#1114,#1115,#1116,
#1117,#1118,#1119,#1120,#1121,#1122));
#281=EDGE_LOOP('',(#1123,#1124,#1125,#1126,#1127,#1128));
#282=EDGE_LOOP('',(#1129,#1130,#1131,#1132));
#283=EDGE_LOOP('',(#1133,#1134,#1135,#1136,#1137,#1138,#1139,#1140));
#284=EDGE_LOOP('',(#1141,#1142,#1143,#1144));
#285=EDGE_LOOP('',(#1145,#1146,#1147,#1148));
#286=EDGE_LOOP('',(#1149,#1150,#1151,#1152));
#287=EDGE_LOOP('',(#1153,#1154,#1155,#1156));
#288=EDGE_LOOP('',(#1157,#1158,#1159,#1160));
#289=EDGE_LOOP('',(#1161,#1162,#1163,#1164));
#290=EDGE_LOOP('',(#1165,#1166,#1167,#1168));
#291=EDGE_LOOP('',(#1169,#1170,#1171,#1172));
#292=EDGE_LOOP('',(#1173,#1174,#1175,#1176));
#293=EDGE_LOOP('',(#1177,#1178,#1179,#1180));
#294=EDGE_LOOP('',(#1181,#1182,#1183,#1184));
#295=EDGE_LOOP('',(#1185,#1186,#1187,#1188));
#296=EDGE_LOOP('',(#1189,#1190,#1191,#1192));
#297=EDGE_LOOP('',(#1193,#1194,#1195,#1196));
#298=EDGE_LOOP('',(#1197,#1198,#1199,#1200));
#299=EDGE_LOOP('',(#1201,#1202,#1203,#1204));
#300=EDGE_LOOP('',(#1205,#1206,#1207));
#301=EDGE_LOOP('',(#1208,#1209,#1210));
#302=EDGE_LOOP('',(#1211,#1212,#1213,#1214,#1215,#1216,#1217,#1218,#1219,
#1220,#1221,#1222,#1223,#1224,#1225));
#303=EDGE_LOOP('',(#1226,#1227,#1228,#1229,#1230,#1231));
#304=EDGE_LOOP('',(#1232,#1233,#1234,#1235,#1236,#1237,#1238,#1239));
#305=EDGE_LOOP('',(#1240,#1241,#1242,#1243));
#306=EDGE_LOOP('',(#1244,#1245,#1246,#1247));
#307=EDGE_LOOP('',(#1248,#1249,#1250,#1251));
#308=EDGE_LOOP('',(#1252,#1253,#1254,#1255));
#309=EDGE_LOOP('',(#1256,#1257,#1258,#1259));
#310=EDGE_LOOP('',(#1260,#1261,#1262,#1263));
#311=EDGE_LOOP('',(#1264,#1265,#1266,#1267));
#312=EDGE_LOOP('',(#1268,#1269,#1270,#1271));
#313=EDGE_LOOP('',(#1272,#1273,#1274,#1275,#1276,#1277,#1278,#1279));
#314=EDGE_LOOP('',(#1280,#1281,#1282,#1283,#1284,#1285,#1286,#1287,#1288,
#1289));
#315=EDGE_LOOP('',(#1290,#1291,#1292,#1293));
#316=EDGE_LOOP('',(#1294,#1295,#1296,#1297));
#317=EDGE_LOOP('',(#1298,#1299,#1300,#1301,#1302,#1303));
#318=B_SPLINE_CURVE_WITH_KNOTS('',3,(#1997,#1998,#1999,#2000,#2001,#2002,
#2003,#2004,#2005,#2006),.UNSPECIFIED.,.F.,.F.,(4,3,3,4),(-7.3354935700209,
-7.25897899070677,-6.94318498772783,-6.62735162233213),.UNSPECIFIED.);
#319=B_SPLINE_CURVE_WITH_KNOTS('',3,(#2008,#2009,#2010,#2011,#2012,#2013),
 .UNSPECIFIED.,.F.,.F.,(4,2,4),(1.14767350682202,1.19295568259907,1.26671936386015),
 .UNSPECIFIED.);
#320=B_SPLINE_CURVE_WITH_KNOTS('',3,(#2014,#2015,#2016,#2017,#2018,#2019,
#2020,#2021,#2022,#2023),.UNSPECIFIED.,.F.,.F.,(4,3,3,4),(-45.3314351099644,
-45.0169059083686,-44.7024282021287,-44.4950946153499),.UNSPECIFIED.);
#321=B_SPLINE_CURVE_WITH_KNOTS('',3,(#2028,#2029,#2030,#2031,#2032,#2033,
#2034,#2035,#2036,#2037,#2038,#2039,#2040,#2041,#2042,#2043,#2044,#2045,
#2046),.UNSPECIFIED.,.F.,.F.,(4,3,3,3,3,3,4),(-6.62735162233213,-6.31133953162529,
-5.9953384612175,-5.67933607170168,-5.36359399297543,-5.04792848433709,
-4.73225870239227),.UNSPECIFIED.);
#322=B_SPLINE_CURVE_WITH_KNOTS('',3,(#2047,#2048,#2049,#2050,#2051,#2052,
#2053,#2054,#2055,#2056,#2057,#2058,#2059,#2060,#2061,#2062,#2063,#2064,
#2065),.UNSPECIFIED.,.F.,.F.,(4,3,3,3,3,3,4),(-47.2191451522685,-46.9046888362512,
-46.5899671401293,-46.2752467887825,-45.9605154723889,-45.6459565542513,
-45.3314351099644),.UNSPECIFIED.);
#323=B_SPLINE_CURVE_WITH_KNOTS('',3,(#2070,#2071,#2072,#2073,#2074,#2075,
#2076,#2077,#2078,#2079,#2080,#2081,#2082,#2083,#2084,#2085,#2086,#2087,
#2088),.UNSPECIFIED.,.F.,.F.,(4,3,3,3,3,3,4),(-4.73225870239227,-4.41669784169081,
-4.1011773824445,-3.7856580955967,-3.47016390625989,-3.15462697991541,-2.83909736096876),
 .UNSPECIFIED.);
#324=B_SPLINE_CURVE_WITH_KNOTS('',3,(#2089,#2090,#2091,#2092,#2093,#2094,
#2095,#2096,#2097,#2098,#2099,#2100,#2101,#2102,#2103,#2104,#2105,#2106,
#2107),.UNSPECIFIED.,.F.,.F.,(4,3,3,3,3,3,4),(-49.1048311003147,-48.7906324077883,
-48.4764056117737,-48.1621779174681,-47.8479071930873,-47.533523959047,
-47.2191451522685),.UNSPECIFIED.);
#325=B_SPLINE_CURVE_WITH_KNOTS('',3,(#2113,#2114,#2115,#2116,#2117,#2118,
#2119,#2120,#2121,#2122,#2123,#2124,#2125),.UNSPECIFIED.,.F.,.F.,(4,3,3,
3,4),(-52.0349745574767,-51.932995023355,-51.6189497763531,-51.3049094637958,
-50.9907879288442),.UNSPECIFIED.);
#326=B_SPLINE_CURVE_WITH_KNOTS('',3,(#2127,#2128,#2129,#2130,#2131,#2132),
 .UNSPECIFIED.,.F.,.F.,(4,2,4),(0.470472186452377,0.542341285396213,0.59224409199847),
 .UNSPECIFIED.);
#327=B_SPLINE_CURVE_WITH_KNOTS('',3,(#2134,#2135,#2136,#2137),
 .UNSPECIFIED.,.F.,.F.,(4,4),(-6.58344928987012,-6.34645697472113),
 .UNSPECIFIED.);
#328=B_SPLINE_CURVE_WITH_KNOTS('',3,(#2138,#2139,#2140,#2141,#2142,#2143,
#2144,#2145,#2146,#2147),.UNSPECIFIED.,.F.,.F.,(4,3,3,4),(-0.945591269186445,
-0.630231631045929,-0.314993750072678,-9.99999999198039E-7),
 .UNSPECIFIED.);
#329=B_SPLINE_CURVE_WITH_KNOTS('',3,(#2357,#2358,#2359,#2360,#2361,#2362,
#2363,#2364,#2365,#2366),.UNSPECIFIED.,.F.,.F.,(4,3,3,4),(-37.6580923242896,
-37.5853465465758,-37.2700654235681,-36.9547769257805),.UNSPECIFIED.);
#330=B_SPLINE_CURVE_WITH_KNOTS('',3,(#2368,#2369,#2370,#2371,#2372,#2373),
 .UNSPECIFIED.,.F.,.F.,(4,2,4),(1.18073212266579,1.1973007333496,1.27480368208757),
 .UNSPECIFIED.);
#331=B_SPLINE_CURVE_WITH_KNOTS('',3,(#2374,#2375,#2376,#2377,#2378,#2379,
#2380,#2381,#2382,#2383),.UNSPECIFIED.,.F.,.F.,(4,3,3,4),(-15.11759456171,
-14.8030345672363,-14.4884806519462,-14.3126122481477),.UNSPECIFIED.);
#332=B_SPLINE_CURVE_WITH_KNOTS('',3,(#2388,#2389,#2390,#2391,#2392,#2393,
#2394,#2395,#2396,#2397,#2398,#2399,#2400,#2401,#2402,#2403,#2404,#2405,
#2406),.UNSPECIFIED.,.F.,.F.,(4,3,3,3,3,3,4),(-36.9547769257805,-36.6394856269466,
-36.3241719044976,-36.0087728421533,-35.6933768933582,-35.3779128287848,
-35.0622248624442),.UNSPECIFIED.);
#333=B_SPLINE_CURVE_WITH_KNOTS('',3,(#2407,#2408,#2409,#2410,#2411,#2412,
#2413,#2414,#2415,#2416,#2417,#2418,#2419,#2420,#2421,#2422,#2423,#2424,
#2425),.UNSPECIFIED.,.F.,.F.,(4,3,3,3,3,3,4),(-17.0054360911857,-16.6906808213862,
-16.3759205143449,-16.0612888486766,-15.7467106208772,-15.4321322605582,
-15.11759456171),.UNSPECIFIED.);
#334=B_SPLINE_CURVE_WITH_KNOTS('',3,(#2430,#2431,#2432,#2433,#2434,#2435,
#2436,#2437,#2438,#2439,#2440,#2441,#2442,#2443,#2444,#2445,#2446,#2447,
#2448),.UNSPECIFIED.,.F.,.F.,(4,3,3,3,3,3,4),(-35.0622248624442,-34.7465377603766,
-34.4308398431037,-34.1153561192171,-33.7999214999729,-33.4845071439857,
-33.1691113808654),.UNSPECIFIED.);
#335=B_SPLINE_CURVE_WITH_KNOTS('',3,(#2449,#2450,#2451,#2452,#2453,#2454,
#2455,#2456,#2457,#2458,#2459,#2460,#2461,#2462,#2463,#2464,#2465,#2466,
#2467),.UNSPECIFIED.,.F.,.F.,(4,3,3,3,3,3,4),(-18.8919999522347,-18.5777651757002,
-18.2634999258609,-17.9490833261588,-17.6346775389271,-17.3202062125026,
-17.0054360911857),.UNSPECIFIED.);
#336=B_SPLINE_CURVE_WITH_KNOTS('',3,(#2473,#2474,#2475,#2476,#2477,#2478,
#2479,#2480,#2481,#2482,#2483,#2484,#2485),.UNSPECIFIED.,.F.,.F.,(4,3,3,
3,4),(-21.8570417184213,-21.7211967229329,-21.4064580621987,-21.0919883611537,
-20.7775968801471),.UNSPECIFIED.);
#337=B_SPLINE_CURVE_WITH_KNOTS('',3,(#2487,#2488,#2489,#2490,#2491,#2492),
 .UNSPECIFIED.,.F.,.F.,(4,2,4),(0.469097781063817,0.544587523598282,0.563878424006605),
 .UNSPECIFIED.);
#338=B_SPLINE_CURVE_WITH_KNOTS('',3,(#2493,#2494,#2495,#2496,#2497,#2498,
#2499,#2500,#2501,#2502,#2503,#2504,#2505),.UNSPECIFIED.,.F.,.F.,(4,3,3,
3,4),(-31.2759758215385,-30.9600302135384,-30.6440996810075,-30.3281639615974,
-30.0874285761733),.UNSPECIFIED.);
#339=B_SPLINE_CURVE_WITH_KNOTS('',3,(#4213,#4214,#4215,#4216),
 .UNSPECIFIED.,.F.,.F.,(4,4),(0.,0.0319293027213286),.UNSPECIFIED.);
#340=B_SPLINE_CURVE_WITH_KNOTS('',3,(#4231,#4232,#4233,#4234),
 .UNSPECIFIED.,.F.,.F.,(4,4),(0.0467769959866519,0.0789837753535474),
 .UNSPECIFIED.);
#341=B_SPLINE_CURVE_WITH_KNOTS('',3,(#4235,#4236,#4237,#4238,#4239,#4240,
#4241,#4242,#4243,#4244,#4245,#4246,#4247,#4248,#4249,#4250,#4251,#4252,
#4253,#4254,#4255,#4256,#4257,#4258,#4259,#4260,#4261,#4262,#4263,#4264,
#4265,#4266,#4267,#4268,#4269,#4270,#4271,#4272,#4273,#4274,#4275,#4276,
#4277,#4278,#4279,#4280,#4281,#4282,#4283,#4284,#4285,#4286,#4287,#4288,
#4289,#4290,#4291,#4292,#4293,#4294,#4295,#4296,#4297,#4298,#4299,#4300),
 .UNSPECIFIED.,.F.,.F.,(4,2,2,2,2,2,2,2,2,2,2,2,2,2,2,2,2,2,2,2,2,2,2,2,
2,2,2,2,2,2,2,2,4),(0.0221873729645008,0.0693524322948912,0.138427065470398,
0.190885554455242,0.217253654275099,0.23370032826087,0.243614565522481,
0.249313483543737,0.252472873359202,0.256076602697127,0.294217327267355,
0.29605172386232,0.297880034197111,0.298210764662447,0.298411149739426,
0.298566354706043,0.298733884268487,0.298999001899556,0.299843381180262,
0.321428002241069,0.353642596579524,0.397700389883651,0.416410341190554,
0.41738864668623,0.418383100453888,0.418677546517776,0.418834369311425,
0.418972505936293,0.41915029454405,0.419460663914555,0.420776820587838,
0.436013965018418,0.457688286744565),.UNSPECIFIED.);
#342=B_SPLINE_CURVE_WITH_KNOTS('',3,(#4301,#4302,#4303,#4304,#4305,#4306,
#4307,#4308,#4309,#4310,#4311,#4312,#4313,#4314,#4315,#4316,#4317,#4318,
#4319),.UNSPECIFIED.,.F.,.F.,(4,3,3,3,3,3,4),(-20.7775968801471,-20.4632008752169,
-20.1489197389268,-19.8346832299461,-19.5204474636739,-19.2062416261073,
-18.8919999522347),.UNSPECIFIED.);
#343=B_SPLINE_CURVE_WITH_KNOTS('',3,(#4320,#4321,#4322,#4323,#4324,#4325,
#4326,#4327,#4328,#4329,#4330,#4331,#4332,#4333,#4334,#4335,#4336,#4337,
#4338,#4339,#4340,#4341,#4342,#4343,#4344,#4345,#4346,#4347,#4348,#4349,
#4350,#4351,#4352,#4353,#4354,#4355,#4356,#4357,#4358,#4359,#4360,#4361,
#4362,#4363,#4364,#4365,#4366,#4367,#4368,#4369,#4370,#4371,#4372,#4373,
#4374,#4375,#4376,#4377),.UNSPECIFIED.,.F.,.F.,(4,2,2,2,2,2,2,2,2,2,2,2,
2,2,2,2,2,2,2,2,2,2,2,2,2,2,2,2,4),(0.000117093609059164,0.0668648447140767,
0.0909543819204336,0.0931215130942868,0.0937768687168469,0.0941287769863577,
0.0944716833952773,0.0948876035630656,0.0956557859135799,0.0996602037847161,
0.10740896350065,0.143712123306172,0.217996731258262,0.332039030749738,
0.353091343023676,0.35447491443357,0.354957086889488,0.355288046386837,
0.355591355098964,0.355998840920407,0.356763114873735,0.361008178736345,
0.368657678192904,0.40271674266123,0.432172839802733,0.5289312878247,0.649455149351259,
0.743776934391452,0.837303703521084),.UNSPECIFIED.);
#344=B_SPLINE_CURVE_WITH_KNOTS('',3,(#6085,#6086,#6087,#6088),
 .UNSPECIFIED.,.F.,.F.,(4,4),(0.,0.0329910053820963),.UNSPECIFIED.);
#345=B_SPLINE_CURVE_WITH_KNOTS('',3,(#6103,#6104,#6105,#6106),
 .UNSPECIFIED.,.F.,.F.,(4,4),(0.0344622210516907,0.0583688823495459),
 .UNSPECIFIED.);
#346=B_SPLINE_CURVE_WITH_KNOTS('',3,(#6107,#6108,#6109,#6110,#6111,#6112,
#6113,#6114,#6115,#6116,#6117,#6118,#6119,#6120,#6121,#6122,#6123,#6124),
 .UNSPECIFIED.,.F.,.F.,(4,2,2,2,2,2,2,2,4),(0.0292308912681379,0.102446767952161,
0.216793819395668,0.327093460132664,0.415798343856478,0.544449605436427,
0.629568972498229,0.710618202557791,0.778021168398206),.UNSPECIFIED.);
#347=B_SPLINE_CURVE_WITH_KNOTS('',3,(#6125,#6126,#6127,#6128,#6129,#6130,
#6131,#6132,#6133,#6134,#6135,#6136,#6137,#6138,#6139,#6140,#6141,#6142,
#6143),.UNSPECIFIED.,.F.,.F.,(4,3,3,3,3,3,4),(-50.9907879288442,-50.6763811942782,
-50.3619758165384,-50.0475595930844,-49.7332980203733,-49.4190680793165,
-49.1048311003147),.UNSPECIFIED.);
#348=B_SPLINE_CURVE_WITH_KNOTS('',3,(#6144,#6145,#6146,#6147,#6148,#6149,
#6150,#6151,#6152,#6153,#6154,#6155,#6156,#6157,#6158,#6159,#6160,#6161,
#6162,#6163),.UNSPECIFIED.,.F.,.F.,(4,2,2,2,2,2,2,2,2,4),(0.,0.0693367761455068,
0.144429229671941,0.259402718560076,0.391622166539452,0.577417166655283,
0.819661207803592,1.10540002736072,1.32515191803934,1.45293870860303),
 .UNSPECIFIED.);
#349=B_SPLINE_CURVE_WITH_KNOTS('',3,(#6165,#6166,#6167,#6168,#6169,#6170,
#6171,#6172,#6173,#6174,#6175,#6176,#6177,#6178,#6179,#6180,#6181,#6182,
#6183),.UNSPECIFIED.,.F.,.F.,(4,3,3,3,3,3,4),(-33.1691113808654,-32.8536832040106,
-32.538261741763,-32.2228114197628,-31.9072139881079,-31.5916273536963,
-31.2759758215385),.UNSPECIFIED.);
#350=B_SPLINE_CURVE_WITH_KNOTS('',3,(#7891,#7892,#7893,#7894,#7895,#7896,
#7897,#7898,#7899,#7900,#7901,#7902,#7903,#7904,#7905,#7906),
 .UNSPECIFIED.,.F.,.F.,(4,2,2,2,2,2,2,4),(0.0498189072411319,0.112529131467087,
0.208854283828317,0.311171742010346,0.390403915877501,0.44902664419157,
0.488426298285895,0.541672900904591),.UNSPECIFIED.);
#351=B_SPLINE_CURVE_WITH_KNOTS('',3,(#7907,#7908,#7909,#7910),
 .UNSPECIFIED.,.F.,.F.,(4,4),(0.0316875026050269,0.0639498962527013),
 .UNSPECIFIED.);
#352=B_SPLINE_CURVE_WITH_KNOTS('',3,(#7912,#7913,#7914,#7915),
 .UNSPECIFIED.,.F.,.F.,(4,4),(0.,0.0273791074039802),.UNSPECIFIED.);
#353=B_SPLINE_CURVE_WITH_KNOTS('',3,(#7916,#7917,#7918,#7919,#7920,#7921,
#7922,#7923,#7924,#7925,#7926,#7927,#7928,#7929,#7930,#7931),
 .UNSPECIFIED.,.F.,.F.,(4,2,2,2,2,2,2,4),(6.41150721383823E-6,0.0509045923169971,
0.0977447871284549,0.134930507056505,0.165538123033569,0.198124346580346,
0.222429740978974,0.230707191357743),.UNSPECIFIED.);
#354=B_SPLINE_CURVE_WITH_KNOTS('',3,(#7961,#7962,#7963,#7964,#7965,#7966,
#7967,#7968,#7969,#7970,#7971,#7972,#7973,#7974,#7975,#7976,#7977,#7978,
#7979),.UNSPECIFIED.,.F.,.F.,(4,3,3,3,3,3,4),(-2.83909736096876,-2.52353401028377,
-2.2078096055928,-1.89209613995787,-1.57638130148482,-1.26094611530654,
-0.945591269186445),.UNSPECIFIED.);
#355=B_SPLINE_CURVE_WITH_KNOTS('',3,(#9687,#9688,#9689,#9690,#9691,#9692,
#9693,#9694,#9695,#9696,#9697,#9698,#9699,#9700,#9701,#9702),
 .UNSPECIFIED.,.F.,.F.,(4,2,2,2,2,2,2,4),(0.0498736535842648,0.112926935910866,
0.209507611295514,0.312068247501252,0.391125712841964,0.449230732939817,
0.488990281702449,0.542711738442431),.UNSPECIFIED.);
#356=B_SPLINE_CURVE_WITH_KNOTS('',3,(#9703,#9704,#9705,#9706),
 .UNSPECIFIED.,.F.,.F.,(4,4),(0.0384128155814459,0.0721003474881458),
 .UNSPECIFIED.);
#357=B_SPLINE_CURVE_WITH_KNOTS('',3,(#9708,#9709,#9710,#9711),
 .UNSPECIFIED.,.F.,.F.,(4,4),(0.,0.0258917975454549),.UNSPECIFIED.);
#358=B_SPLINE_CURVE_WITH_KNOTS('',3,(#9712,#9713,#9714,#9715,#9716,#9717,
#9718,#9719,#9720,#9721,#9722,#9723,#9724,#9725,#9726,#9727),
 .UNSPECIFIED.,.F.,.F.,(4,2,2,2,2,2,2,4),(6.41150720988298E-6,0.0509045923170023,
0.0977447871284662,0.134930507056518,0.165538123033579,0.198124346580351,
0.223264252209237,0.232281471676965),.UNSPECIFIED.);
#359=B_SPLINE_CURVE_WITH_KNOTS('',3,(#9957,#9958,#9959,#9960),
 .UNSPECIFIED.,.F.,.F.,(4,4),(-0.000367257792810342,0.),.UNSPECIFIED.);
#360=B_SPLINE_CURVE_WITH_KNOTS('',3,(#9961,#9962,#9963,#9964),
 .UNSPECIFIED.,.F.,.F.,(4,4),(0.,0.000367257792810342),.UNSPECIFIED.);
#361=B_SPLINE_CURVE_WITH_KNOTS('',3,(#9992,#9993,#9994,#9995),
 .UNSPECIFIED.,.F.,.F.,(4,4),(-0.000367257792810342,-5.3595174173366E-19),
 .UNSPECIFIED.);
#362=B_SPLINE_CURVE_WITH_KNOTS('',3,(#9996,#9997,#9998,#9999),
 .UNSPECIFIED.,.F.,.F.,(4,4),(5.3595174173366E-19,0.000367257792810342),
 .UNSPECIFIED.);
#363=LINE('',#1995,#440);
#364=LINE('',#2027,#441);
#365=LINE('',#2069,#442);
#366=LINE('',#2111,#443);
#367=LINE('',#2151,#444);
#368=LINE('',#2184,#445);
#369=LINE('',#2214,#446);
#370=LINE('',#2244,#447);
#371=LINE('',#2253,#448);
#372=LINE('',#2286,#449);
#373=LINE('',#2316,#450);
#374=LINE('',#2346,#451);
#375=LINE('',#2355,#452);
#376=LINE('',#2387,#453);
#377=LINE('',#2429,#454);
#378=LINE('',#2471,#455);
#379=LINE('',#9730,#456);
#380=LINE('',#9732,#457);
#381=LINE('',#9736,#458);
#382=LINE('',#9737,#459);
#383=LINE('',#9740,#460);
#384=LINE('',#9743,#461);
#385=LINE('',#9746,#462);
#386=LINE('',#9748,#463);
#387=LINE('',#9752,#464);
#388=LINE('',#9753,#465);
#389=LINE('',#9756,#466);
#390=LINE('',#9758,#467);
#391=LINE('',#9762,#468);
#392=LINE('',#9763,#469);
#393=LINE('',#9769,#470);
#394=LINE('',#9772,#471);
#395=LINE('',#9781,#472);
#396=LINE('',#9789,#473);
#397=LINE('',#9800,#474);
#398=LINE('',#9801,#475);
#399=LINE('',#9812,#476);
#400=LINE('',#9813,#477);
#401=LINE('',#9828,#478);
#402=LINE('',#9836,#479);
#403=LINE('',#9853,#480);
#404=LINE('',#9854,#481);
#405=LINE('',#9860,#482);
#406=LINE('',#9863,#483);
#407=LINE('',#9866,#484);
#408=LINE('',#9870,#485);
#409=LINE('',#9872,#486);
#410=LINE('',#9875,#487);
#411=LINE('',#9880,#488);
#412=LINE('',#9884,#489);
#413=LINE('',#9887,#490);
#414=LINE('',#9889,#491);
#415=LINE('',#9890,#492);
#416=LINE('',#9892,#493);
#417=LINE('',#9894,#494);
#418=LINE('',#9901,#495);
#419=LINE('',#9904,#496);
#420=LINE('',#9912,#497);
#421=LINE('',#9924,#498);
#422=LINE('',#9929,#499);
#423=LINE('',#10009,#500);
#424=LINE('',#10010,#501);
#425=LINE('',#10016,#502);
#426=LINE('',#10019,#503);
#427=LINE('',#10023,#504);
#428=LINE('',#10027,#505);
#429=LINE('',#10030,#506);
#430=LINE('',#10032,#507);
#431=LINE('',#10033,#508);
#432=LINE('',#10035,#509);
#433=LINE('',#10037,#510);
#434=LINE('',#10039,#511);
#435=LINE('',#10041,#512);
#436=LINE('',#10044,#513);
#437=LINE('',#10046,#514);
#438=LINE('',#10049,#515);
#439=LINE('',#10051,#516);
#440=VECTOR('',#1606,2.87499999999);
#441=VECTOR('',#1609,2.87499999999);
#442=VECTOR('',#1612,2.87499999999);
#443=VECTOR('',#1615,2.87499999999);
#444=VECTOR('',#1618,2.25254424102209);
#445=VECTOR('',#1623,2.25254424102209);
#446=VECTOR('',#1626,2.25254424102209);
#447=VECTOR('',#1629,2.25254424102209);
#448=VECTOR('',#1634,2.25254424102209);
#449=VECTOR('',#1639,2.25254424102209);
#450=VECTOR('',#1642,2.25254424102209);
#451=VECTOR('',#1645,2.25254424102209);
#452=VECTOR('',#1650,2.87499999999);
#453=VECTOR('',#1653,2.87499999999);
#454=VECTOR('',#1656,2.87499999999);
#455=VECTOR('',#1659,2.87499999999);
#456=VECTOR('',#1670,10.);
#457=VECTOR('',#1671,10.);
#458=VECTOR('',#1674,10.);
#459=VECTOR('',#1675,10.);
#460=VECTOR('',#1678,10.);
#461=VECTOR('',#1681,10.);
#462=VECTOR('',#1684,10.);
#463=VECTOR('',#1685,10.);
#464=VECTOR('',#1688,10.);
#465=VECTOR('',#1689,10.);
#466=VECTOR('',#1692,10.);
#467=VECTOR('',#1693,10.);
#468=VECTOR('',#1696,10.);
#469=VECTOR('',#1697,10.);
#470=VECTOR('',#1702,10.);
#471=VECTOR('',#1705,10.);
#472=VECTOR('',#1718,10.);
#473=VECTOR('',#1729,10.);
#474=VECTOR('',#1742,10.);
#475=VECTOR('',#1743,10.);
#476=VECTOR('',#1756,10.);
#477=VECTOR('',#1757,10.);
#478=VECTOR('',#1778,10.);
#479=VECTOR('',#1789,10.);
#480=VECTOR('',#1810,10.);
#481=VECTOR('',#1811,10.);
#482=VECTOR('',#1820,10.);
#483=VECTOR('',#1823,10.);
#484=VECTOR('',#1826,10.);
#485=VECTOR('',#1829,10.);
#486=VECTOR('',#1830,10.);
#487=VECTOR('',#1833,10.);
#488=VECTOR('',#1836,10.);
#489=VECTOR('',#1839,10.);
#490=VECTOR('',#1842,10.);
#491=VECTOR('',#1845,10.);
#492=VECTOR('',#1846,2.);
#493=VECTOR('',#1849,10.);
#494=VECTOR('',#1852,10.);
#495=VECTOR('',#1859,10.);
#496=VECTOR('',#1862,10.);
#497=VECTOR('',#1875,10.);
#498=VECTOR('',#1894,10.);
#499=VECTOR('',#1899,10.);
#500=VECTOR('',#1930,10.);
#501=VECTOR('',#1931,10.);
#502=VECTOR('',#1942,10.);
#503=VECTOR('',#1943,10.);
#504=VECTOR('',#1946,10.);
#505=VECTOR('',#1949,10.);
#506=VECTOR('',#1954,10.);
#507=VECTOR('',#1957,10.);
#508=VECTOR('',#1958,10.);
#509=VECTOR('',#1961,10.);
#510=VECTOR('',#1964,10.);
#511=VECTOR('',#1967,10.);
#512=VECTOR('',#1970,10.);
#513=VECTOR('',#1975,2.);
#514=VECTOR('',#1978,10.);
#515=VECTOR('',#1983,10.);
#516=VECTOR('',#1986,10.);
#517=VERTEX_POINT('',#1993);
#518=VERTEX_POINT('',#1994);
#519=VERTEX_POINT('',#1996);
#520=VERTEX_POINT('',#2007);
#521=VERTEX_POINT('',#2025);
#522=VERTEX_POINT('',#2026);
#523=VERTEX_POINT('',#2067);
#524=VERTEX_POINT('',#2068);
#525=VERTEX_POINT('',#2109);
#526=VERTEX_POINT('',#2110);
#527=VERTEX_POINT('',#2112);
#528=VERTEX_POINT('',#2126);
#529=VERTEX_POINT('',#2133);
#530=VERTEX_POINT('',#2149);
#531=VERTEX_POINT('',#2150);
#532=VERTEX_POINT('',#2152);
#533=VERTEX_POINT('',#2166);
#534=VERTEX_POINT('',#2182);
#535=VERTEX_POINT('',#2183);
#536=VERTEX_POINT('',#2212);
#537=VERTEX_POINT('',#2213);
#538=VERTEX_POINT('',#2242);
#539=VERTEX_POINT('',#2243);
#540=VERTEX_POINT('',#2245);
#541=VERTEX_POINT('',#2251);
#542=VERTEX_POINT('',#2252);
#543=VERTEX_POINT('',#2254);
#544=VERTEX_POINT('',#2268);
#545=VERTEX_POINT('',#2284);
#546=VERTEX_POINT('',#2285);
#547=VERTEX_POINT('',#2314);
#548=VERTEX_POINT('',#2315);
#549=VERTEX_POINT('',#2344);
#550=VERTEX_POINT('',#2345);
#551=VERTEX_POINT('',#2347);
#552=VERTEX_POINT('',#2353);
#553=VERTEX_POINT('',#2354);
#554=VERTEX_POINT('',#2356);
#555=VERTEX_POINT('',#2367);
#556=VERTEX_POINT('',#2385);
#557=VERTEX_POINT('',#2386);
#558=VERTEX_POINT('',#2427);
#559=VERTEX_POINT('',#2428);
#560=VERTEX_POINT('',#2469);
#561=VERTEX_POINT('',#2470);
#562=VERTEX_POINT('',#2472);
#563=VERTEX_POINT('',#2486);
#564=VERTEX_POINT('',#4212);
#565=VERTEX_POINT('',#4230);
#566=VERTEX_POINT('',#6084);
#567=VERTEX_POINT('',#6102);
#568=VERTEX_POINT('',#7890);
#569=VERTEX_POINT('',#7911);
#570=VERTEX_POINT('',#9686);
#571=VERTEX_POINT('',#9707);
#572=VERTEX_POINT('',#9729);
#573=VERTEX_POINT('',#9731);
#574=VERTEX_POINT('',#9733);
#575=VERTEX_POINT('',#9735);
#576=VERTEX_POINT('',#9739);
#577=VERTEX_POINT('',#9741);
#578=VERTEX_POINT('',#9745);
#579=VERTEX_POINT('',#9747);
#580=VERTEX_POINT('',#9749);
#581=VERTEX_POINT('',#9751);
#582=VERTEX_POINT('',#9755);
#583=VERTEX_POINT('',#9757);
#584=VERTEX_POINT('',#9759);
#585=VERTEX_POINT('',#9761);
#586=VERTEX_POINT('',#9765);
#587=VERTEX_POINT('',#9766);
#588=VERTEX_POINT('',#9768);
#589=VERTEX_POINT('',#9770);
#590=VERTEX_POINT('',#9774);
#591=VERTEX_POINT('',#9779);
#592=VERTEX_POINT('',#9783);
#593=VERTEX_POINT('',#9787);
#594=VERTEX_POINT('',#9791);
#595=VERTEX_POINT('',#9792);
#596=VERTEX_POINT('',#9797);
#597=VERTEX_POINT('',#9798);
#598=VERTEX_POINT('',#9803);
#599=VERTEX_POINT('',#9804);
#600=VERTEX_POINT('',#9809);
#601=VERTEX_POINT('',#9810);
#602=VERTEX_POINT('',#9815);
#603=VERTEX_POINT('',#9816);
#604=VERTEX_POINT('',#9821);
#605=VERTEX_POINT('',#9826);
#606=VERTEX_POINT('',#9830);
#607=VERTEX_POINT('',#9834);
#608=VERTEX_POINT('',#9838);
#609=VERTEX_POINT('',#9839);
#610=VERTEX_POINT('',#9844);
#611=VERTEX_POINT('',#9845);
#612=VERTEX_POINT('',#9850);
#613=VERTEX_POINT('',#9851);
#614=VERTEX_POINT('',#9859);
#615=VERTEX_POINT('',#9861);
#616=VERTEX_POINT('',#9865);
#617=VERTEX_POINT('',#9867);
#618=VERTEX_POINT('',#9869);
#619=VERTEX_POINT('',#9871);
#620=VERTEX_POINT('',#9873);
#621=VERTEX_POINT('',#9876);
#622=VERTEX_POINT('',#9877);
#623=VERTEX_POINT('',#9879);
#624=VERTEX_POINT('',#9881);
#625=VERTEX_POINT('',#9883);
#626=VERTEX_POINT('',#9885);
#627=VERTEX_POINT('',#9897);
#628=VERTEX_POINT('',#9898);
#629=VERTEX_POINT('',#9900);
#630=VERTEX_POINT('',#9902);
#631=VERTEX_POINT('',#9906);
#632=VERTEX_POINT('',#9918);
#633=VERTEX_POINT('',#9922);
#634=VERTEX_POINT('',#9926);
#635=VERTEX_POINT('',#9928);
#636=VERTEX_POINT('',#9932);
#637=VERTEX_POINT('',#9955);
#638=VERTEX_POINT('',#9966);
#639=VERTEX_POINT('',#9989);
#640=VERTEX_POINT('',#9990);
#641=VERTEX_POINT('',#10001);
#642=VERTEX_POINT('',#10002);
#643=VERTEX_POINT('',#10007);
#644=VERTEX_POINT('',#10017);
#645=VERTEX_POINT('',#10018);
#646=VERTEX_POINT('',#10020);
#647=VERTEX_POINT('',#10022);
#648=VERTEX_POINT('',#10024);
#649=VERTEX_POINT('',#10026);
#650=EDGE_CURVE('',#517,#518,#363,.T.);
#651=EDGE_CURVE('',#518,#519,#318,.F.);
#652=EDGE_CURVE('',#520,#519,#319,.T.);
#653=EDGE_CURVE('',#520,#517,#320,.F.);
#654=EDGE_CURVE('',#521,#522,#364,.T.);
#655=EDGE_CURVE('',#522,#518,#321,.F.);
#656=EDGE_CURVE('',#517,#521,#322,.F.);
#657=EDGE_CURVE('',#523,#524,#365,.T.);
#658=EDGE_CURVE('',#524,#522,#323,.F.);
#659=EDGE_CURVE('',#521,#523,#324,.F.);
#660=EDGE_CURVE('',#525,#526,#366,.T.);
#661=EDGE_CURVE('',#525,#527,#325,.F.);
#662=EDGE_CURVE('',#528,#527,#326,.T.);
#663=EDGE_CURVE('',#528,#529,#327,.F.);
#664=EDGE_CURVE('',#529,#526,#328,.F.);
#665=EDGE_CURVE('',#530,#531,#367,.T.);
#666=EDGE_CURVE('',#531,#532,#132,.T.);
#667=EDGE_CURVE('',#533,#532,#54,.T.);
#668=EDGE_CURVE('',#530,#533,#133,.T.);
#669=EDGE_CURVE('',#534,#535,#368,.T.);
#670=EDGE_CURVE('',#535,#531,#134,.T.);
#671=EDGE_CURVE('',#534,#530,#135,.T.);
#672=EDGE_CURVE('',#536,#537,#369,.T.);
#673=EDGE_CURVE('',#537,#535,#136,.T.);
#674=EDGE_CURVE('',#536,#534,#137,.T.);
#675=EDGE_CURVE('',#538,#539,#370,.T.);
#676=EDGE_CURVE('',#540,#538,#55,.T.);
#677=EDGE_CURVE('',#540,#539,#138,.T.);
#678=EDGE_CURVE('',#541,#542,#371,.T.);
#679=EDGE_CURVE('',#542,#543,#139,.T.);
#680=EDGE_CURVE('',#544,#543,#56,.T.);
#681=EDGE_CURVE('',#541,#544,#140,.T.);
#682=EDGE_CURVE('',#545,#546,#372,.T.);
#683=EDGE_CURVE('',#546,#542,#141,.T.);
#684=EDGE_CURVE('',#545,#541,#142,.T.);
#685=EDGE_CURVE('',#547,#548,#373,.T.);
#686=EDGE_CURVE('',#548,#546,#143,.T.);
#687=EDGE_CURVE('',#547,#545,#144,.T.);
#688=EDGE_CURVE('',#549,#550,#374,.T.);
#689=EDGE_CURVE('',#551,#549,#57,.T.);
#690=EDGE_CURVE('',#551,#550,#145,.T.);
#691=EDGE_CURVE('',#552,#553,#375,.T.);
#692=EDGE_CURVE('',#553,#554,#329,.F.);
#693=EDGE_CURVE('',#555,#554,#330,.T.);
#694=EDGE_CURVE('',#555,#552,#331,.F.);
#695=EDGE_CURVE('',#556,#557,#376,.T.);
#696=EDGE_CURVE('',#557,#553,#332,.F.);
#697=EDGE_CURVE('',#552,#556,#333,.F.);
#698=EDGE_CURVE('',#558,#559,#377,.T.);
#699=EDGE_CURVE('',#559,#557,#334,.F.);
#700=EDGE_CURVE('',#556,#558,#335,.F.);
#701=EDGE_CURVE('',#560,#561,#378,.T.);
#702=EDGE_CURVE('',#560,#562,#336,.F.);
#703=EDGE_CURVE('',#563,#562,#337,.T.);
#704=EDGE_CURVE('',#563,#561,#338,.F.);
#705=EDGE_CURVE('',#543,#564,#339,.T.);
#706=EDGE_CURVE('',#550,#548,#146,.T.);
#707=EDGE_CURVE('',#565,#551,#340,.T.);
#708=EDGE_CURVE('',#562,#565,#341,.T.);
#709=EDGE_CURVE('',#558,#560,#342,.F.);
#710=EDGE_CURVE('',#564,#555,#343,.T.);
#711=EDGE_CURVE('',#532,#566,#344,.T.);
#712=EDGE_CURVE('',#539,#537,#147,.T.);
#713=EDGE_CURVE('',#567,#540,#345,.T.);
#714=EDGE_CURVE('',#527,#567,#346,.T.);
#715=EDGE_CURVE('',#523,#525,#347,.F.);
#716=EDGE_CURVE('',#566,#520,#348,.T.);
#717=EDGE_CURVE('',#561,#559,#349,.F.);
#718=EDGE_CURVE('',#568,#544,#350,.T.);
#719=EDGE_CURVE('',#554,#568,#351,.T.);
#720=EDGE_CURVE('',#569,#563,#352,.T.);
#721=EDGE_CURVE('',#549,#569,#353,.T.);
#722=EDGE_CURVE('',#549,#547,#148,.T.);
#723=EDGE_CURVE('',#538,#536,#149,.T.);
#724=EDGE_CURVE('',#526,#524,#354,.F.);
#725=EDGE_CURVE('',#570,#533,#355,.T.);
#726=EDGE_CURVE('',#519,#570,#356,.T.);
#727=EDGE_CURVE('',#571,#528,#357,.T.);
#728=EDGE_CURVE('',#538,#571,#358,.T.);
#729=EDGE_CURVE('',#572,#566,#379,.T.);
#730=EDGE_CURVE('',#573,#572,#380,.T.);
#731=EDGE_CURVE('',#574,#573,#58,.T.);
#732=EDGE_CURVE('',#575,#574,#381,.T.);
#733=EDGE_CURVE('',#570,#575,#382,.T.);
#734=EDGE_CURVE('',#576,#564,#383,.T.);
#735=EDGE_CURVE('',#577,#576,#59,.T.);
#736=EDGE_CURVE('',#568,#577,#384,.T.);
#737=EDGE_CURVE('',#578,#569,#385,.T.);
#738=EDGE_CURVE('',#579,#578,#386,.T.);
#739=EDGE_CURVE('',#580,#579,#60,.T.);
#740=EDGE_CURVE('',#581,#580,#387,.T.);
#741=EDGE_CURVE('',#565,#581,#388,.T.);
#742=EDGE_CURVE('',#582,#571,#389,.T.);
#743=EDGE_CURVE('',#583,#582,#390,.T.);
#744=EDGE_CURVE('',#584,#583,#61,.T.);
#745=EDGE_CURVE('',#585,#584,#391,.T.);
#746=EDGE_CURVE('',#567,#585,#392,.T.);
#747=EDGE_CURVE('',#586,#587,#62,.T.);
#748=EDGE_CURVE('',#587,#588,#393,.T.);
#749=EDGE_CURVE('',#588,#589,#63,.T.);
#750=EDGE_CURVE('',#589,#586,#394,.T.);
#751=EDGE_CURVE('',#581,#590,#64,.T.);
#752=EDGE_CURVE('',#590,#589,#65,.T.);
#753=EDGE_CURVE('',#588,#581,#66,.T.);
#754=EDGE_CURVE('',#580,#591,#67,.T.);
#755=EDGE_CURVE('',#591,#590,#395,.T.);
#756=EDGE_CURVE('',#579,#592,#68,.T.);
#757=EDGE_CURVE('',#592,#591,#69,.T.);
#758=EDGE_CURVE('',#578,#593,#70,.T.);
#759=EDGE_CURVE('',#593,#592,#396,.T.);
#760=EDGE_CURVE('',#594,#595,#71,.T.);
#761=EDGE_CURVE('',#595,#593,#72,.T.);
#762=EDGE_CURVE('',#578,#594,#73,.T.);
#763=EDGE_CURVE('',#596,#597,#74,.T.);
#764=EDGE_CURVE('',#597,#595,#397,.T.);
#765=EDGE_CURVE('',#594,#596,#398,.T.);
#766=EDGE_CURVE('',#598,#599,#75,.T.);
#767=EDGE_CURVE('',#599,#597,#76,.T.);
#768=EDGE_CURVE('',#596,#598,#77,.T.);
#769=EDGE_CURVE('',#600,#601,#78,.T.);
#770=EDGE_CURVE('',#601,#599,#399,.T.);
#771=EDGE_CURVE('',#598,#600,#400,.T.);
#772=EDGE_CURVE('',#602,#603,#79,.T.);
#773=EDGE_CURVE('',#603,#601,#80,.T.);
#774=EDGE_CURVE('',#600,#602,#81,.T.);
#775=EDGE_CURVE('',#575,#604,#82,.T.);
#776=EDGE_CURVE('',#604,#603,#83,.T.);
#777=EDGE_CURVE('',#602,#575,#84,.T.);
#778=EDGE_CURVE('',#574,#605,#85,.T.);
#779=EDGE_CURVE('',#605,#604,#401,.T.);
#780=EDGE_CURVE('',#573,#606,#86,.T.);
#781=EDGE_CURVE('',#606,#605,#87,.T.);
#782=EDGE_CURVE('',#572,#607,#88,.T.);
#783=EDGE_CURVE('',#607,#606,#402,.T.);
#784=EDGE_CURVE('',#608,#609,#89,.T.);
#785=EDGE_CURVE('',#609,#607,#90,.T.);
#786=EDGE_CURVE('',#572,#608,#91,.T.);
#787=EDGE_CURVE('',#610,#611,#92,.T.);
#788=EDGE_CURVE('',#611,#609,#93,.T.);
#789=EDGE_CURVE('',#608,#610,#94,.T.);
#790=EDGE_CURVE('',#612,#613,#95,.T.);
#791=EDGE_CURVE('',#613,#611,#403,.T.);
#792=EDGE_CURVE('',#610,#612,#404,.T.);
#793=EDGE_CURVE('',#612,#587,#96,.T.);
#794=EDGE_CURVE('',#586,#613,#97,.T.);
#795=EDGE_CURVE('',#614,#606,#405,.T.);
#796=EDGE_CURVE('',#615,#614,#98,.T.);
#797=EDGE_CURVE('',#615,#605,#406,.T.);
#798=EDGE_CURVE('',#616,#591,#407,.T.);
#799=EDGE_CURVE('',#617,#616,#99,.T.);
#800=EDGE_CURVE('',#618,#617,#408,.T.);
#801=EDGE_CURVE('',#619,#618,#409,.T.);
#802=EDGE_CURVE('',#620,#619,#100,.T.);
#803=EDGE_CURVE('',#614,#620,#410,.T.);
#804=EDGE_CURVE('',#621,#622,#101,.T.);
#805=EDGE_CURVE('',#623,#621,#411,.T.);
#806=EDGE_CURVE('',#624,#623,#102,.T.);
#807=EDGE_CURVE('',#625,#624,#412,.T.);
#808=EDGE_CURVE('',#626,#625,#103,.T.);
#809=EDGE_CURVE('',#622,#626,#413,.T.);
#810=EDGE_CURVE('',#612,#598,#414,.T.);
#811=EDGE_CURVE('',#600,#610,#415,.T.);
#812=EDGE_CURVE('',#588,#594,#416,.T.);
#813=EDGE_CURVE('',#596,#587,#417,.T.);
#814=EDGE_CURVE('',#627,#628,#104,.T.);
#815=EDGE_CURVE('',#628,#629,#418,.T.);
#816=EDGE_CURVE('',#629,#630,#105,.T.);
#817=EDGE_CURVE('',#630,#627,#419,.T.);
#818=EDGE_CURVE('',#631,#582,#106,.T.);
#819=EDGE_CURVE('',#582,#628,#107,.T.);
#820=EDGE_CURVE('',#627,#631,#108,.T.);
#821=EDGE_CURVE('',#615,#583,#109,.T.);
#822=EDGE_CURVE('',#631,#615,#420,.T.);
#823=EDGE_CURVE('',#614,#584,#110,.T.);
#824=EDGE_CURVE('',#620,#585,#111,.T.);
#825=EDGE_CURVE('',#619,#632,#112,.T.);
#826=EDGE_CURVE('',#632,#585,#113,.T.);
#827=EDGE_CURVE('',#618,#633,#114,.T.);
#828=EDGE_CURVE('',#633,#632,#421,.T.);
#829=EDGE_CURVE('',#617,#634,#115,.T.);
#830=EDGE_CURVE('',#634,#635,#422,.T.);
#831=EDGE_CURVE('',#635,#618,#116,.T.);
#832=EDGE_CURVE('',#616,#636,#117,.T.);
#833=EDGE_CURVE('',#636,#634,#118,.T.);
#834=EDGE_CURVE('',#637,#576,#119,.T.);
#835=EDGE_CURVE('',#576,#636,#359,.T.);
#836=EDGE_CURVE('',#616,#637,#360,.T.);
#837=EDGE_CURVE('',#638,#577,#120,.T.);
#838=EDGE_CURVE('',#637,#638,#121,.T.);
#839=EDGE_CURVE('',#639,#640,#122,.T.);
#840=EDGE_CURVE('',#640,#577,#361,.T.);
#841=EDGE_CURVE('',#638,#639,#362,.T.);
#842=EDGE_CURVE('',#641,#642,#123,.T.);
#843=EDGE_CURVE('',#642,#640,#124,.T.);
#844=EDGE_CURVE('',#639,#641,#125,.T.);
#845=EDGE_CURVE('',#630,#643,#126,.T.);
#846=EDGE_CURVE('',#643,#642,#423,.T.);
#847=EDGE_CURVE('',#641,#630,#424,.T.);
#848=EDGE_CURVE('',#635,#633,#127,.T.);
#849=EDGE_CURVE('',#629,#643,#128,.T.);
#850=EDGE_CURVE('',#639,#592,#425,.T.);
#851=EDGE_CURVE('',#644,#645,#426,.T.);
#852=EDGE_CURVE('',#646,#645,#129,.T.);
#853=EDGE_CURVE('',#646,#647,#427,.T.);
#854=EDGE_CURVE('',#648,#647,#130,.T.);
#855=EDGE_CURVE('',#648,#649,#428,.T.);
#856=EDGE_CURVE('',#644,#649,#131,.T.);
#857=EDGE_CURVE('',#632,#628,#429,.T.);
#858=EDGE_CURVE('',#625,#646,#430,.T.);
#859=EDGE_CURVE('',#645,#626,#431,.T.);
#860=EDGE_CURVE('',#647,#624,#432,.T.);
#861=EDGE_CURVE('',#623,#648,#433,.T.);
#862=EDGE_CURVE('',#649,#621,#434,.T.);
#863=EDGE_CURVE('',#622,#644,#435,.T.);
#864=EDGE_CURVE('',#608,#602,#436,.T.);
#865=EDGE_CURVE('',#629,#633,#437,.T.);
#866=EDGE_CURVE('',#642,#634,#438,.T.);
#867=EDGE_CURVE('',#635,#643,#439,.T.);
#868=ORIENTED_EDGE('',*,*,#650,.T.);
#869=ORIENTED_EDGE('',*,*,#651,.T.);
#870=ORIENTED_EDGE('',*,*,#652,.F.);
#871=ORIENTED_EDGE('',*,*,#653,.T.);
#872=ORIENTED_EDGE('',*,*,#654,.T.);
#873=ORIENTED_EDGE('',*,*,#655,.T.);
#874=ORIENTED_EDGE('',*,*,#650,.F.);
#875=ORIENTED_EDGE('',*,*,#656,.T.);
#876=ORIENTED_EDGE('',*,*,#657,.T.);
#877=ORIENTED_EDGE('',*,*,#658,.T.);
#878=ORIENTED_EDGE('',*,*,#654,.F.);
#879=ORIENTED_EDGE('',*,*,#659,.T.);
#880=ORIENTED_EDGE('',*,*,#660,.F.);
#881=ORIENTED_EDGE('',*,*,#661,.T.);
#882=ORIENTED_EDGE('',*,*,#662,.F.);
#883=ORIENTED_EDGE('',*,*,#663,.T.);
#884=ORIENTED_EDGE('',*,*,#664,.T.);
#885=ORIENTED_EDGE('',*,*,#665,.T.);
#886=ORIENTED_EDGE('',*,*,#666,.T.);
#887=ORIENTED_EDGE('',*,*,#667,.F.);
#888=ORIENTED_EDGE('',*,*,#668,.F.);
#889=ORIENTED_EDGE('',*,*,#669,.T.);
#890=ORIENTED_EDGE('',*,*,#670,.T.);
#891=ORIENTED_EDGE('',*,*,#665,.F.);
#892=ORIENTED_EDGE('',*,*,#671,.F.);
#893=ORIENTED_EDGE('',*,*,#672,.T.);
#894=ORIENTED_EDGE('',*,*,#673,.T.);
#895=ORIENTED_EDGE('',*,*,#669,.F.);
#896=ORIENTED_EDGE('',*,*,#674,.F.);
#897=ORIENTED_EDGE('',*,*,#675,.F.);
#898=ORIENTED_EDGE('',*,*,#676,.F.);
#899=ORIENTED_EDGE('',*,*,#677,.T.);
#900=ORIENTED_EDGE('',*,*,#678,.T.);
#901=ORIENTED_EDGE('',*,*,#679,.T.);
#902=ORIENTED_EDGE('',*,*,#680,.F.);
#903=ORIENTED_EDGE('',*,*,#681,.F.);
#904=ORIENTED_EDGE('',*,*,#682,.T.);
#905=ORIENTED_EDGE('',*,*,#683,.T.);
#906=ORIENTED_EDGE('',*,*,#678,.F.);
#907=ORIENTED_EDGE('',*,*,#684,.F.);
#908=ORIENTED_EDGE('',*,*,#685,.T.);
#909=ORIENTED_EDGE('',*,*,#686,.T.);
#910=ORIENTED_EDGE('',*,*,#682,.F.);
#911=ORIENTED_EDGE('',*,*,#687,.F.);
#912=ORIENTED_EDGE('',*,*,#688,.F.);
#913=ORIENTED_EDGE('',*,*,#689,.F.);
#914=ORIENTED_EDGE('',*,*,#690,.T.);
#915=ORIENTED_EDGE('',*,*,#691,.T.);
#916=ORIENTED_EDGE('',*,*,#692,.T.);
#917=ORIENTED_EDGE('',*,*,#693,.F.);
#918=ORIENTED_EDGE('',*,*,#694,.T.);
#919=ORIENTED_EDGE('',*,*,#695,.T.);
#920=ORIENTED_EDGE('',*,*,#696,.T.);
#921=ORIENTED_EDGE('',*,*,#691,.F.);
#922=ORIENTED_EDGE('',*,*,#697,.T.);
#923=ORIENTED_EDGE('',*,*,#698,.T.);
#924=ORIENTED_EDGE('',*,*,#699,.T.);
#925=ORIENTED_EDGE('',*,*,#695,.F.);
#926=ORIENTED_EDGE('',*,*,#700,.T.);
#927=ORIENTED_EDGE('',*,*,#701,.F.);
#928=ORIENTED_EDGE('',*,*,#702,.T.);
#929=ORIENTED_EDGE('',*,*,#703,.F.);
#930=ORIENTED_EDGE('',*,*,#704,.T.);
#931=ORIENTED_EDGE('',*,*,#705,.F.);
#932=ORIENTED_EDGE('',*,*,#679,.F.);
#933=ORIENTED_EDGE('',*,*,#683,.F.);
#934=ORIENTED_EDGE('',*,*,#686,.F.);
#935=ORIENTED_EDGE('',*,*,#706,.F.);
#936=ORIENTED_EDGE('',*,*,#690,.F.);
#937=ORIENTED_EDGE('',*,*,#707,.F.);
#938=ORIENTED_EDGE('',*,*,#708,.F.);
#939=ORIENTED_EDGE('',*,*,#702,.F.);
#940=ORIENTED_EDGE('',*,*,#709,.F.);
#941=ORIENTED_EDGE('',*,*,#700,.F.);
#942=ORIENTED_EDGE('',*,*,#697,.F.);
#943=ORIENTED_EDGE('',*,*,#694,.F.);
#944=ORIENTED_EDGE('',*,*,#710,.F.);
#945=ORIENTED_EDGE('',*,*,#711,.F.);
#946=ORIENTED_EDGE('',*,*,#666,.F.);
#947=ORIENTED_EDGE('',*,*,#670,.F.);
#948=ORIENTED_EDGE('',*,*,#673,.F.);
#949=ORIENTED_EDGE('',*,*,#712,.F.);
#950=ORIENTED_EDGE('',*,*,#677,.F.);
#951=ORIENTED_EDGE('',*,*,#713,.F.);
#952=ORIENTED_EDGE('',*,*,#714,.F.);
#953=ORIENTED_EDGE('',*,*,#661,.F.);
#954=ORIENTED_EDGE('',*,*,#715,.F.);
#955=ORIENTED_EDGE('',*,*,#659,.F.);
#956=ORIENTED_EDGE('',*,*,#656,.F.);
#957=ORIENTED_EDGE('',*,*,#653,.F.);
#958=ORIENTED_EDGE('',*,*,#716,.F.);
#959=ORIENTED_EDGE('',*,*,#701,.T.);
#960=ORIENTED_EDGE('',*,*,#717,.T.);
#961=ORIENTED_EDGE('',*,*,#698,.F.);
#962=ORIENTED_EDGE('',*,*,#709,.T.);
#963=ORIENTED_EDGE('',*,*,#718,.F.);
#964=ORIENTED_EDGE('',*,*,#719,.F.);
#965=ORIENTED_EDGE('',*,*,#692,.F.);
#966=ORIENTED_EDGE('',*,*,#696,.F.);
#967=ORIENTED_EDGE('',*,*,#699,.F.);
#968=ORIENTED_EDGE('',*,*,#717,.F.);
#969=ORIENTED_EDGE('',*,*,#704,.F.);
#970=ORIENTED_EDGE('',*,*,#720,.F.);
#971=ORIENTED_EDGE('',*,*,#721,.F.);
#972=ORIENTED_EDGE('',*,*,#722,.T.);
#973=ORIENTED_EDGE('',*,*,#687,.T.);
#974=ORIENTED_EDGE('',*,*,#684,.T.);
#975=ORIENTED_EDGE('',*,*,#681,.T.);
#976=ORIENTED_EDGE('',*,*,#688,.T.);
#977=ORIENTED_EDGE('',*,*,#706,.T.);
#978=ORIENTED_EDGE('',*,*,#685,.F.);
#979=ORIENTED_EDGE('',*,*,#722,.F.);
#980=ORIENTED_EDGE('',*,*,#675,.T.);
#981=ORIENTED_EDGE('',*,*,#712,.T.);
#982=ORIENTED_EDGE('',*,*,#672,.F.);
#983=ORIENTED_EDGE('',*,*,#723,.F.);
#984=ORIENTED_EDGE('',*,*,#660,.T.);
#985=ORIENTED_EDGE('',*,*,#724,.T.);
#986=ORIENTED_EDGE('',*,*,#657,.F.);
#987=ORIENTED_EDGE('',*,*,#715,.T.);
#988=ORIENTED_EDGE('',*,*,#725,.F.);
#989=ORIENTED_EDGE('',*,*,#726,.F.);
#990=ORIENTED_EDGE('',*,*,#651,.F.);
#991=ORIENTED_EDGE('',*,*,#655,.F.);
#992=ORIENTED_EDGE('',*,*,#658,.F.);
#993=ORIENTED_EDGE('',*,*,#724,.F.);
#994=ORIENTED_EDGE('',*,*,#664,.F.);
#995=ORIENTED_EDGE('',*,*,#663,.F.);
#996=ORIENTED_EDGE('',*,*,#727,.F.);
#997=ORIENTED_EDGE('',*,*,#728,.F.);
#998=ORIENTED_EDGE('',*,*,#723,.T.);
#999=ORIENTED_EDGE('',*,*,#674,.T.);
#1000=ORIENTED_EDGE('',*,*,#671,.T.);
#1001=ORIENTED_EDGE('',*,*,#668,.T.);
#1002=ORIENTED_EDGE('',*,*,#725,.T.);
#1003=ORIENTED_EDGE('',*,*,#667,.T.);
#1004=ORIENTED_EDGE('',*,*,#711,.T.);
#1005=ORIENTED_EDGE('',*,*,#729,.F.);
#1006=ORIENTED_EDGE('',*,*,#730,.F.);
#1007=ORIENTED_EDGE('',*,*,#731,.F.);
#1008=ORIENTED_EDGE('',*,*,#732,.F.);
#1009=ORIENTED_EDGE('',*,*,#733,.F.);
#1010=ORIENTED_EDGE('',*,*,#718,.T.);
#1011=ORIENTED_EDGE('',*,*,#680,.T.);
#1012=ORIENTED_EDGE('',*,*,#705,.T.);
#1013=ORIENTED_EDGE('',*,*,#734,.F.);
#1014=ORIENTED_EDGE('',*,*,#735,.F.);
#1015=ORIENTED_EDGE('',*,*,#736,.F.);
#1016=ORIENTED_EDGE('',*,*,#707,.T.);
#1017=ORIENTED_EDGE('',*,*,#689,.T.);
#1018=ORIENTED_EDGE('',*,*,#721,.T.);
#1019=ORIENTED_EDGE('',*,*,#737,.F.);
#1020=ORIENTED_EDGE('',*,*,#738,.F.);
#1021=ORIENTED_EDGE('',*,*,#739,.F.);
#1022=ORIENTED_EDGE('',*,*,#740,.F.);
#1023=ORIENTED_EDGE('',*,*,#741,.F.);
#1024=ORIENTED_EDGE('',*,*,#713,.T.);
#1025=ORIENTED_EDGE('',*,*,#676,.T.);
#1026=ORIENTED_EDGE('',*,*,#728,.T.);
#1027=ORIENTED_EDGE('',*,*,#742,.F.);
#1028=ORIENTED_EDGE('',*,*,#743,.F.);
#1029=ORIENTED_EDGE('',*,*,#744,.F.);
#1030=ORIENTED_EDGE('',*,*,#745,.F.);
#1031=ORIENTED_EDGE('',*,*,#746,.F.);
#1032=ORIENTED_EDGE('',*,*,#747,.T.);
#1033=ORIENTED_EDGE('',*,*,#748,.T.);
#1034=ORIENTED_EDGE('',*,*,#749,.T.);
#1035=ORIENTED_EDGE('',*,*,#750,.T.);
#1036=ORIENTED_EDGE('',*,*,#751,.T.);
#1037=ORIENTED_EDGE('',*,*,#752,.T.);
#1038=ORIENTED_EDGE('',*,*,#749,.F.);
#1039=ORIENTED_EDGE('',*,*,#753,.T.);
#1040=ORIENTED_EDGE('',*,*,#754,.T.);
#1041=ORIENTED_EDGE('',*,*,#755,.T.);
#1042=ORIENTED_EDGE('',*,*,#751,.F.);
#1043=ORIENTED_EDGE('',*,*,#740,.T.);
#1044=ORIENTED_EDGE('',*,*,#756,.T.);
#1045=ORIENTED_EDGE('',*,*,#757,.T.);
#1046=ORIENTED_EDGE('',*,*,#754,.F.);
#1047=ORIENTED_EDGE('',*,*,#739,.T.);
#1048=ORIENTED_EDGE('',*,*,#758,.T.);
#1049=ORIENTED_EDGE('',*,*,#759,.T.);
#1050=ORIENTED_EDGE('',*,*,#756,.F.);
#1051=ORIENTED_EDGE('',*,*,#738,.T.);
#1052=ORIENTED_EDGE('',*,*,#760,.T.);
#1053=ORIENTED_EDGE('',*,*,#761,.T.);
#1054=ORIENTED_EDGE('',*,*,#758,.F.);
#1055=ORIENTED_EDGE('',*,*,#762,.T.);
#1056=ORIENTED_EDGE('',*,*,#763,.T.);
#1057=ORIENTED_EDGE('',*,*,#764,.T.);
#1058=ORIENTED_EDGE('',*,*,#760,.F.);
#1059=ORIENTED_EDGE('',*,*,#765,.T.);
#1060=ORIENTED_EDGE('',*,*,#766,.T.);
#1061=ORIENTED_EDGE('',*,*,#767,.T.);
#1062=ORIENTED_EDGE('',*,*,#763,.F.);
#1063=ORIENTED_EDGE('',*,*,#768,.T.);
#1064=ORIENTED_EDGE('',*,*,#769,.T.);
#1065=ORIENTED_EDGE('',*,*,#770,.T.);
#1066=ORIENTED_EDGE('',*,*,#766,.F.);
#1067=ORIENTED_EDGE('',*,*,#771,.T.);
#1068=ORIENTED_EDGE('',*,*,#772,.T.);
#1069=ORIENTED_EDGE('',*,*,#773,.T.);
#1070=ORIENTED_EDGE('',*,*,#769,.F.);
#1071=ORIENTED_EDGE('',*,*,#774,.T.);
#1072=ORIENTED_EDGE('',*,*,#775,.T.);
#1073=ORIENTED_EDGE('',*,*,#776,.T.);
#1074=ORIENTED_EDGE('',*,*,#772,.F.);
#1075=ORIENTED_EDGE('',*,*,#777,.T.);
#1076=ORIENTED_EDGE('',*,*,#778,.T.);
#1077=ORIENTED_EDGE('',*,*,#779,.T.);
#1078=ORIENTED_EDGE('',*,*,#775,.F.);
#1079=ORIENTED_EDGE('',*,*,#732,.T.);
#1080=ORIENTED_EDGE('',*,*,#780,.T.);
#1081=ORIENTED_EDGE('',*,*,#781,.T.);
#1082=ORIENTED_EDGE('',*,*,#778,.F.);
#1083=ORIENTED_EDGE('',*,*,#731,.T.);
#1084=ORIENTED_EDGE('',*,*,#782,.T.);
#1085=ORIENTED_EDGE('',*,*,#783,.T.);
#1086=ORIENTED_EDGE('',*,*,#780,.F.);
#1087=ORIENTED_EDGE('',*,*,#730,.T.);
#1088=ORIENTED_EDGE('',*,*,#784,.T.);
#1089=ORIENTED_EDGE('',*,*,#785,.T.);
#1090=ORIENTED_EDGE('',*,*,#782,.F.);
#1091=ORIENTED_EDGE('',*,*,#786,.T.);
#1092=ORIENTED_EDGE('',*,*,#787,.T.);
#1093=ORIENTED_EDGE('',*,*,#788,.T.);
#1094=ORIENTED_EDGE('',*,*,#784,.F.);
#1095=ORIENTED_EDGE('',*,*,#789,.T.);
#1096=ORIENTED_EDGE('',*,*,#790,.T.);
#1097=ORIENTED_EDGE('',*,*,#791,.T.);
#1098=ORIENTED_EDGE('',*,*,#787,.F.);
#1099=ORIENTED_EDGE('',*,*,#792,.T.);
#1100=ORIENTED_EDGE('',*,*,#790,.F.);
#1101=ORIENTED_EDGE('',*,*,#793,.T.);
#1102=ORIENTED_EDGE('',*,*,#747,.F.);
#1103=ORIENTED_EDGE('',*,*,#794,.T.);
#1104=ORIENTED_EDGE('',*,*,#781,.F.);
#1105=ORIENTED_EDGE('',*,*,#795,.F.);
#1106=ORIENTED_EDGE('',*,*,#796,.F.);
#1107=ORIENTED_EDGE('',*,*,#797,.T.);
#1108=ORIENTED_EDGE('',*,*,#783,.F.);
#1109=ORIENTED_EDGE('',*,*,#785,.F.);
#1110=ORIENTED_EDGE('',*,*,#788,.F.);
#1111=ORIENTED_EDGE('',*,*,#791,.F.);
#1112=ORIENTED_EDGE('',*,*,#794,.F.);
#1113=ORIENTED_EDGE('',*,*,#750,.F.);
#1114=ORIENTED_EDGE('',*,*,#752,.F.);
#1115=ORIENTED_EDGE('',*,*,#755,.F.);
#1116=ORIENTED_EDGE('',*,*,#798,.F.);
#1117=ORIENTED_EDGE('',*,*,#799,.F.);
#1118=ORIENTED_EDGE('',*,*,#800,.F.);
#1119=ORIENTED_EDGE('',*,*,#801,.F.);
#1120=ORIENTED_EDGE('',*,*,#802,.F.);
#1121=ORIENTED_EDGE('',*,*,#803,.F.);
#1122=ORIENTED_EDGE('',*,*,#795,.T.);
#1123=ORIENTED_EDGE('',*,*,#804,.F.);
#1124=ORIENTED_EDGE('',*,*,#805,.F.);
#1125=ORIENTED_EDGE('',*,*,#806,.F.);
#1126=ORIENTED_EDGE('',*,*,#807,.F.);
#1127=ORIENTED_EDGE('',*,*,#808,.F.);
#1128=ORIENTED_EDGE('',*,*,#809,.F.);
#1129=ORIENTED_EDGE('',*,*,#771,.F.);
#1130=ORIENTED_EDGE('',*,*,#810,.F.);
#1131=ORIENTED_EDGE('',*,*,#792,.F.);
#1132=ORIENTED_EDGE('',*,*,#811,.F.);
#1133=ORIENTED_EDGE('',*,*,#708,.T.);
#1134=ORIENTED_EDGE('',*,*,#741,.T.);
#1135=ORIENTED_EDGE('',*,*,#753,.F.);
#1136=ORIENTED_EDGE('',*,*,#812,.T.);
#1137=ORIENTED_EDGE('',*,*,#762,.F.);
#1138=ORIENTED_EDGE('',*,*,#737,.T.);
#1139=ORIENTED_EDGE('',*,*,#720,.T.);
#1140=ORIENTED_EDGE('',*,*,#703,.T.);
#1141=ORIENTED_EDGE('',*,*,#768,.F.);
#1142=ORIENTED_EDGE('',*,*,#813,.T.);
#1143=ORIENTED_EDGE('',*,*,#793,.F.);
#1144=ORIENTED_EDGE('',*,*,#810,.T.);
#1145=ORIENTED_EDGE('',*,*,#765,.F.);
#1146=ORIENTED_EDGE('',*,*,#812,.F.);
#1147=ORIENTED_EDGE('',*,*,#748,.F.);
#1148=ORIENTED_EDGE('',*,*,#813,.F.);
#1149=ORIENTED_EDGE('',*,*,#814,.T.);
#1150=ORIENTED_EDGE('',*,*,#815,.T.);
#1151=ORIENTED_EDGE('',*,*,#816,.T.);
#1152=ORIENTED_EDGE('',*,*,#817,.T.);
#1153=ORIENTED_EDGE('',*,*,#818,.T.);
#1154=ORIENTED_EDGE('',*,*,#819,.T.);
#1155=ORIENTED_EDGE('',*,*,#814,.F.);
#1156=ORIENTED_EDGE('',*,*,#820,.T.);
#1157=ORIENTED_EDGE('',*,*,#821,.T.);
#1158=ORIENTED_EDGE('',*,*,#743,.T.);
#1159=ORIENTED_EDGE('',*,*,#818,.F.);
#1160=ORIENTED_EDGE('',*,*,#822,.T.);
#1161=ORIENTED_EDGE('',*,*,#823,.T.);
#1162=ORIENTED_EDGE('',*,*,#744,.T.);
#1163=ORIENTED_EDGE('',*,*,#821,.F.);
#1164=ORIENTED_EDGE('',*,*,#796,.T.);
#1165=ORIENTED_EDGE('',*,*,#824,.T.);
#1166=ORIENTED_EDGE('',*,*,#745,.T.);
#1167=ORIENTED_EDGE('',*,*,#823,.F.);
#1168=ORIENTED_EDGE('',*,*,#803,.T.);
#1169=ORIENTED_EDGE('',*,*,#825,.T.);
#1170=ORIENTED_EDGE('',*,*,#826,.T.);
#1171=ORIENTED_EDGE('',*,*,#824,.F.);
#1172=ORIENTED_EDGE('',*,*,#802,.T.);
#1173=ORIENTED_EDGE('',*,*,#827,.T.);
#1174=ORIENTED_EDGE('',*,*,#828,.T.);
#1175=ORIENTED_EDGE('',*,*,#825,.F.);
#1176=ORIENTED_EDGE('',*,*,#801,.T.);
#1177=ORIENTED_EDGE('',*,*,#829,.T.);
#1178=ORIENTED_EDGE('',*,*,#830,.T.);
#1179=ORIENTED_EDGE('',*,*,#831,.T.);
#1180=ORIENTED_EDGE('',*,*,#800,.T.);
#1181=ORIENTED_EDGE('',*,*,#832,.T.);
#1182=ORIENTED_EDGE('',*,*,#833,.T.);
#1183=ORIENTED_EDGE('',*,*,#829,.F.);
#1184=ORIENTED_EDGE('',*,*,#799,.T.);
#1185=ORIENTED_EDGE('',*,*,#834,.T.);
#1186=ORIENTED_EDGE('',*,*,#835,.T.);
#1187=ORIENTED_EDGE('',*,*,#832,.F.);
#1188=ORIENTED_EDGE('',*,*,#836,.T.);
#1189=ORIENTED_EDGE('',*,*,#837,.T.);
#1190=ORIENTED_EDGE('',*,*,#735,.T.);
#1191=ORIENTED_EDGE('',*,*,#834,.F.);
#1192=ORIENTED_EDGE('',*,*,#838,.T.);
#1193=ORIENTED_EDGE('',*,*,#839,.T.);
#1194=ORIENTED_EDGE('',*,*,#840,.T.);
#1195=ORIENTED_EDGE('',*,*,#837,.F.);
#1196=ORIENTED_EDGE('',*,*,#841,.T.);
#1197=ORIENTED_EDGE('',*,*,#842,.T.);
#1198=ORIENTED_EDGE('',*,*,#843,.T.);
#1199=ORIENTED_EDGE('',*,*,#839,.F.);
#1200=ORIENTED_EDGE('',*,*,#844,.T.);
#1201=ORIENTED_EDGE('',*,*,#845,.T.);
#1202=ORIENTED_EDGE('',*,*,#846,.T.);
#1203=ORIENTED_EDGE('',*,*,#842,.F.);
#1204=ORIENTED_EDGE('',*,*,#847,.T.);
#1205=ORIENTED_EDGE('',*,*,#831,.F.);
#1206=ORIENTED_EDGE('',*,*,#848,.T.);
#1207=ORIENTED_EDGE('',*,*,#827,.F.);
#1208=ORIENTED_EDGE('',*,*,#816,.F.);
#1209=ORIENTED_EDGE('',*,*,#849,.T.);
#1210=ORIENTED_EDGE('',*,*,#845,.F.);
#1211=ORIENTED_EDGE('',*,*,#779,.F.);
#1212=ORIENTED_EDGE('',*,*,#797,.F.);
#1213=ORIENTED_EDGE('',*,*,#822,.F.);
#1214=ORIENTED_EDGE('',*,*,#820,.F.);
#1215=ORIENTED_EDGE('',*,*,#817,.F.);
#1216=ORIENTED_EDGE('',*,*,#847,.F.);
#1217=ORIENTED_EDGE('',*,*,#844,.F.);
#1218=ORIENTED_EDGE('',*,*,#850,.T.);
#1219=ORIENTED_EDGE('',*,*,#759,.F.);
#1220=ORIENTED_EDGE('',*,*,#761,.F.);
#1221=ORIENTED_EDGE('',*,*,#764,.F.);
#1222=ORIENTED_EDGE('',*,*,#767,.F.);
#1223=ORIENTED_EDGE('',*,*,#770,.F.);
#1224=ORIENTED_EDGE('',*,*,#773,.F.);
#1225=ORIENTED_EDGE('',*,*,#776,.F.);
#1226=ORIENTED_EDGE('',*,*,#851,.T.);
#1227=ORIENTED_EDGE('',*,*,#852,.F.);
#1228=ORIENTED_EDGE('',*,*,#853,.T.);
#1229=ORIENTED_EDGE('',*,*,#854,.F.);
#1230=ORIENTED_EDGE('',*,*,#855,.T.);
#1231=ORIENTED_EDGE('',*,*,#856,.F.);
#1232=ORIENTED_EDGE('',*,*,#714,.T.);
#1233=ORIENTED_EDGE('',*,*,#746,.T.);
#1234=ORIENTED_EDGE('',*,*,#826,.F.);
#1235=ORIENTED_EDGE('',*,*,#857,.T.);
#1236=ORIENTED_EDGE('',*,*,#819,.F.);
#1237=ORIENTED_EDGE('',*,*,#742,.T.);
#1238=ORIENTED_EDGE('',*,*,#727,.T.);
#1239=ORIENTED_EDGE('',*,*,#662,.T.);
#1240=ORIENTED_EDGE('',*,*,#808,.T.);
#1241=ORIENTED_EDGE('',*,*,#858,.T.);
#1242=ORIENTED_EDGE('',*,*,#852,.T.);
#1243=ORIENTED_EDGE('',*,*,#859,.T.);
#1244=ORIENTED_EDGE('',*,*,#858,.F.);
#1245=ORIENTED_EDGE('',*,*,#807,.T.);
#1246=ORIENTED_EDGE('',*,*,#860,.F.);
#1247=ORIENTED_EDGE('',*,*,#853,.F.);
#1248=ORIENTED_EDGE('',*,*,#806,.T.);
#1249=ORIENTED_EDGE('',*,*,#861,.T.);
#1250=ORIENTED_EDGE('',*,*,#854,.T.);
#1251=ORIENTED_EDGE('',*,*,#860,.T.);
#1252=ORIENTED_EDGE('',*,*,#861,.F.);
#1253=ORIENTED_EDGE('',*,*,#805,.T.);
#1254=ORIENTED_EDGE('',*,*,#862,.F.);
#1255=ORIENTED_EDGE('',*,*,#855,.F.);
#1256=ORIENTED_EDGE('',*,*,#804,.T.);
#1257=ORIENTED_EDGE('',*,*,#863,.T.);
#1258=ORIENTED_EDGE('',*,*,#856,.T.);
#1259=ORIENTED_EDGE('',*,*,#862,.T.);
#1260=ORIENTED_EDGE('',*,*,#859,.F.);
#1261=ORIENTED_EDGE('',*,*,#851,.F.);
#1262=ORIENTED_EDGE('',*,*,#863,.F.);
#1263=ORIENTED_EDGE('',*,*,#809,.T.);
#1264=ORIENTED_EDGE('',*,*,#774,.F.);
#1265=ORIENTED_EDGE('',*,*,#811,.T.);
#1266=ORIENTED_EDGE('',*,*,#789,.F.);
#1267=ORIENTED_EDGE('',*,*,#864,.T.);
#1268=ORIENTED_EDGE('',*,*,#815,.F.);
#1269=ORIENTED_EDGE('',*,*,#857,.F.);
#1270=ORIENTED_EDGE('',*,*,#828,.F.);
#1271=ORIENTED_EDGE('',*,*,#865,.F.);
#1272=ORIENTED_EDGE('',*,*,#726,.T.);
#1273=ORIENTED_EDGE('',*,*,#733,.T.);
#1274=ORIENTED_EDGE('',*,*,#777,.F.);
#1275=ORIENTED_EDGE('',*,*,#864,.F.);
#1276=ORIENTED_EDGE('',*,*,#786,.F.);
#1277=ORIENTED_EDGE('',*,*,#729,.T.);
#1278=ORIENTED_EDGE('',*,*,#716,.T.);
#1279=ORIENTED_EDGE('',*,*,#652,.T.);
#1280=ORIENTED_EDGE('',*,*,#719,.T.);
#1281=ORIENTED_EDGE('',*,*,#736,.T.);
#1282=ORIENTED_EDGE('',*,*,#840,.F.);
#1283=ORIENTED_EDGE('',*,*,#843,.F.);
#1284=ORIENTED_EDGE('',*,*,#866,.T.);
#1285=ORIENTED_EDGE('',*,*,#833,.F.);
#1286=ORIENTED_EDGE('',*,*,#835,.F.);
#1287=ORIENTED_EDGE('',*,*,#734,.T.);
#1288=ORIENTED_EDGE('',*,*,#710,.T.);
#1289=ORIENTED_EDGE('',*,*,#693,.T.);
#1290=ORIENTED_EDGE('',*,*,#849,.F.);
#1291=ORIENTED_EDGE('',*,*,#865,.T.);
#1292=ORIENTED_EDGE('',*,*,#848,.F.);
#1293=ORIENTED_EDGE('',*,*,#867,.T.);
#1294=ORIENTED_EDGE('',*,*,#846,.F.);
#1295=ORIENTED_EDGE('',*,*,#867,.F.);
#1296=ORIENTED_EDGE('',*,*,#830,.F.);
#1297=ORIENTED_EDGE('',*,*,#866,.F.);
#1298=ORIENTED_EDGE('',*,*,#757,.F.);
#1299=ORIENTED_EDGE('',*,*,#850,.F.);
#1300=ORIENTED_EDGE('',*,*,#841,.F.);
#1301=ORIENTED_EDGE('',*,*,#838,.F.);
#1302=ORIENTED_EDGE('',*,*,#836,.F.);
#1303=ORIENTED_EDGE('',*,*,#798,.T.);
#1304=CYLINDRICAL_SURFACE('',#1447,2.87499999999);
#1305=CYLINDRICAL_SURFACE('',#1448,2.87499999999);
#1306=CYLINDRICAL_SURFACE('',#1449,2.87499999999);
#1307=CYLINDRICAL_SURFACE('',#1450,2.87499999999);
#1308=CYLINDRICAL_SURFACE('',#1451,2.25254424102209);
#1309=CYLINDRICAL_SURFACE('',#1453,2.25254424102209);
#1310=CYLINDRICAL_SURFACE('',#1454,2.25254424102209);
#1311=CYLINDRICAL_SURFACE('',#1455,2.25254424102209);
#1312=CYLINDRICAL_SURFACE('',#1457,2.25254424102209);
#1313=CYLINDRICAL_SURFACE('',#1459,2.25254424102209);
#1314=CYLINDRICAL_SURFACE('',#1460,2.25254424102209);
#1315=CYLINDRICAL_SURFACE('',#1461,2.25254424102209);
#1316=CYLINDRICAL_SURFACE('',#1463,2.87499999999);
#1317=CYLINDRICAL_SURFACE('',#1464,2.87499999999);
#1318=CYLINDRICAL_SURFACE('',#1465,2.87499999999);
#1319=CYLINDRICAL_SURFACE('',#1466,2.87499999999);
#1320=CYLINDRICAL_SURFACE('',#1467,2.87499999999);
#1321=CYLINDRICAL_SURFACE('',#1468,2.25254424102209);
#1322=CYLINDRICAL_SURFACE('',#1469,2.25254424102209);
#1323=CYLINDRICAL_SURFACE('',#1470,2.87499999999);
#1324=CYLINDRICAL_SURFACE('',#1479,1.);
#1325=CYLINDRICAL_SURFACE('',#1486,1.);
#1326=CYLINDRICAL_SURFACE('',#1491,1.);
#1327=CYLINDRICAL_SURFACE('',#1497,1.);
#1328=CYLINDRICAL_SURFACE('',#1503,1.);
#1329=CYLINDRICAL_SURFACE('',#1513,1.);
#1330=CYLINDRICAL_SURFACE('',#1518,1.);
#1331=CYLINDRICAL_SURFACE('',#1528,1.);
#1332=CYLINDRICAL_SURFACE('',#1533,4.);
#1333=CYLINDRICAL_SURFACE('',#1542,10.5);
#1334=CYLINDRICAL_SURFACE('',#1543,5.);
#1335=CYLINDRICAL_SURFACE('',#1545,1.);
#1336=CYLINDRICAL_SURFACE('',#1552,1.);
#1337=CYLINDRICAL_SURFACE('',#1556,1.);
#1338=CYLINDRICAL_SURFACE('',#1561,1.);
#1339=CYLINDRICAL_SURFACE('',#1563,1.);
#1340=CYLINDRICAL_SURFACE('',#1578,1.);
#1341=CYLINDRICAL_SURFACE('',#1588,20.);
#1342=CYLINDRICAL_SURFACE('',#1589,0.67);
#1343=CYLINDRICAL_SURFACE('',#1591,3.5);
#1344=CYLINDRICAL_SURFACE('',#1593,1.);
#1345=CYLINDRICAL_SURFACE('',#1595,2.);
#1346=CYLINDRICAL_SURFACE('',#1597,20.5);
#1347=CYLINDRICAL_SURFACE('',#1598,11.);
#1348=CYLINDRICAL_SURFACE('',#1599,1.);
#1349=CYLINDRICAL_SURFACE('',#1601,4.);
#1350=ADVANCED_FACE('',(#150),#1304,.F.);
#1351=ADVANCED_FACE('',(#151),#1305,.F.);
#1352=ADVANCED_FACE('',(#152),#1306,.F.);
#1353=ADVANCED_FACE('',(#153),#1307,.F.);
#1354=ADVANCED_FACE('',(#154),#1308,.F.);
#1355=ADVANCED_FACE('',(#155),#1309,.F.);
#1356=ADVANCED_FACE('',(#156),#1310,.F.);
#1357=ADVANCED_FACE('',(#157),#1311,.F.);
#1358=ADVANCED_FACE('',(#158),#1312,.F.);
#1359=ADVANCED_FACE('',(#159),#1313,.F.);
#1360=ADVANCED_FACE('',(#160),#1314,.F.);
#1361=ADVANCED_FACE('',(#161),#1315,.F.);
#1362=ADVANCED_FACE('',(#162),#1316,.F.);
#1363=ADVANCED_FACE('',(#163),#1317,.F.);
#1364=ADVANCED_FACE('',(#164),#1318,.F.);
#1365=ADVANCED_FACE('',(#165),#1319,.F.);
#1366=ADVANCED_FACE('',(#166),#50,.F.);
#1367=ADVANCED_FACE('',(#167),#51,.F.);
#1368=ADVANCED_FACE('',(#168),#1320,.F.);
#1369=ADVANCED_FACE('',(#169),#52,.F.);
#1370=ADVANCED_FACE('',(#170),#1321,.F.);
#1371=ADVANCED_FACE('',(#171),#1322,.F.);
#1372=ADVANCED_FACE('',(#172),#1323,.F.);
#1373=ADVANCED_FACE('',(#173),#53,.F.);
#1374=ADVANCED_FACE('',(#174),#37,.T.);
#1375=ADVANCED_FACE('',(#175),#38,.T.);
#1376=ADVANCED_FACE('',(#176),#39,.F.);
#1377=ADVANCED_FACE('',(#177),#40,.F.);
#1378=ADVANCED_FACE('',(#178),#1324,.T.);
#1379=ADVANCED_FACE('',(#179),#21,.T.);
#1380=ADVANCED_FACE('',(#180),#1325,.T.);
#1381=ADVANCED_FACE('',(#181),#22,.T.);
#1382=ADVANCED_FACE('',(#182),#1326,.T.);
#1383=ADVANCED_FACE('',(#183),#23,.T.);
#1384=ADVANCED_FACE('',(#184),#1327,.T.);
#1385=ADVANCED_FACE('',(#185),#24,.T.);
#1386=ADVANCED_FACE('',(#186),#1328,.T.);
#1387=ADVANCED_FACE('',(#187),#25,.T.);
#1388=ADVANCED_FACE('',(#188),#26,.T.);
#1389=ADVANCED_FACE('',(#189),#1329,.T.);
#1390=ADVANCED_FACE('',(#190),#27,.T.);
#1391=ADVANCED_FACE('',(#191),#1330,.T.);
#1392=ADVANCED_FACE('',(#192),#28,.T.);
#1393=ADVANCED_FACE('',(#193),#29,.T.);
#1394=ADVANCED_FACE('',(#194),#1331,.T.);
#1395=ADVANCED_FACE('',(#195),#30,.T.);
#1396=ADVANCED_FACE('',(#196),#1332,.T.);
#1397=ADVANCED_FACE('',(#197,#19),#41,.F.);
#1398=ADVANCED_FACE('',(#198),#42,.T.);
#1399=ADVANCED_FACE('',(#199),#1333,.F.);
#1400=ADVANCED_FACE('',(#200),#1334,.F.);
#1401=ADVANCED_FACE('',(#201),#43,.T.);
#1402=ADVANCED_FACE('',(#202),#1335,.T.);
#1403=ADVANCED_FACE('',(#203),#31,.T.);
#1404=ADVANCED_FACE('',(#204),#1336,.T.);
#1405=ADVANCED_FACE('',(#205),#32,.T.);
#1406=ADVANCED_FACE('',(#206),#1337,.T.);
#1407=ADVANCED_FACE('',(#207),#33,.T.);
#1408=ADVANCED_FACE('',(#208),#1338,.T.);
#1409=ADVANCED_FACE('',(#209),#1339,.T.);
#1410=ADVANCED_FACE('',(#210),#34,.T.);
#1411=ADVANCED_FACE('',(#211),#17,.F.);
#1412=ADVANCED_FACE('',(#212),#35,.T.);
#1413=ADVANCED_FACE('',(#213),#18,.F.);
#1414=ADVANCED_FACE('',(#214),#36,.T.);
#1415=ADVANCED_FACE('',(#215),#1340,.T.);
#1416=ADVANCED_FACE('',(#216),#15,.T.);
#1417=ADVANCED_FACE('',(#217),#16,.T.);
#1418=ADVANCED_FACE('',(#218,#20),#44,.T.);
#1419=ADVANCED_FACE('',(#219),#1341,.F.);
#1420=ADVANCED_FACE('',(#220),#1342,.F.);
#1421=ADVANCED_FACE('',(#221),#45,.T.);
#1422=ADVANCED_FACE('',(#222),#1343,.F.);
#1423=ADVANCED_FACE('',(#223),#46,.T.);
#1424=ADVANCED_FACE('',(#224),#1344,.F.);
#1425=ADVANCED_FACE('',(#225),#47,.T.);
#1426=ADVANCED_FACE('',(#226),#1345,.F.);
#1427=ADVANCED_FACE('',(#227),#48,.T.);
#1428=ADVANCED_FACE('',(#228),#1346,.T.);
#1429=ADVANCED_FACE('',(#229),#1347,.T.);
#1430=ADVANCED_FACE('',(#230),#1348,.T.);
#1431=ADVANCED_FACE('',(#231),#49,.T.);
#1432=ADVANCED_FACE('',(#232),#1349,.T.);
#1433=CLOSED_SHELL('',(#1350,#1351,#1352,#1353,#1354,#1355,#1356,#1357,
#1358,#1359,#1360,#1361,#1362,#1363,#1364,#1365,#1366,#1367,#1368,#1369,
#1370,#1371,#1372,#1373,#1374,#1375,#1376,#1377,#1378,#1379,#1380,#1381,
#1382,#1383,#1384,#1385,#1386,#1387,#1388,#1389,#1390,#1391,#1392,#1393,
#1394,#1395,#1396,#1397,#1398,#1399,#1400,#1401,#1402,#1403,#1404,#1405,
#1406,#1407,#1408,#1409,#1410,#1411,#1412,#1413,#1414,#1415,#1416,#1417,
#1418,#1419,#1420,#1421,#1422,#1423,#1424,#1425,#1426,#1427,#1428,#1429,
#1430,#1431,#1432));
#1434=DERIVED_UNIT_ELEMENT(#1436,1.);
#1435=DERIVED_UNIT_ELEMENT(#10059,-3.);
#1436=(
MASS_UNIT()
NAMED_UNIT(*)
SI_UNIT(.KILO.,.GRAM.)
);
#1437=DERIVED_UNIT((#1434,#1435));
#1438=MEASURE_REPRESENTATION_ITEM('density measure',
POSITIVE_RATIO_MEASURE(7850.),#1437);
#1439=PROPERTY_DEFINITION_REPRESENTATION(#1444,#1441);
#1440=PROPERTY_DEFINITION_REPRESENTATION(#1445,#1442);
#1441=REPRESENTATION('material name',(#1443),#10056);
#1442=REPRESENTATION('density',(#1438),#10056);
#1443=DESCRIPTIVE_REPRESENTATION_ITEM('Steel','Steel');
#1444=PROPERTY_DEFINITION('material property','material name',#10066);
#1445=PROPERTY_DEFINITION('material property','density of part',#10066);
#1446=AXIS2_PLACEMENT_3D('',#1991,#1602,#1603);
#1447=AXIS2_PLACEMENT_3D('',#1992,#1604,#1605);
#1448=AXIS2_PLACEMENT_3D('',#2024,#1607,#1608);
#1449=AXIS2_PLACEMENT_3D('',#2066,#1610,#1611);
#1450=AXIS2_PLACEMENT_3D('',#2108,#1613,#1614);
#1451=AXIS2_PLACEMENT_3D('',#2148,#1616,#1617);
#1452=AXIS2_PLACEMENT_3D('',#2167,#1619,#1620);
#1453=AXIS2_PLACEMENT_3D('',#2181,#1621,#1622);
#1454=AXIS2_PLACEMENT_3D('',#2211,#1624,#1625);
#1455=AXIS2_PLACEMENT_3D('',#2241,#1627,#1628);
#1456=AXIS2_PLACEMENT_3D('',#2246,#1630,#1631);
#1457=AXIS2_PLACEMENT_3D('',#2250,#1632,#1633);
#1458=AXIS2_PLACEMENT_3D('',#2269,#1635,#1636);
#1459=AXIS2_PLACEMENT_3D('',#2283,#1637,#1638);
#1460=AXIS2_PLACEMENT_3D('',#2313,#1640,#1641);
#1461=AXIS2_PLACEMENT_3D('',#2343,#1643,#1644);
#1462=AXIS2_PLACEMENT_3D('',#2348,#1646,#1647);
#1463=AXIS2_PLACEMENT_3D('',#2352,#1648,#1649);
#1464=AXIS2_PLACEMENT_3D('',#2384,#1651,#1652);
#1465=AXIS2_PLACEMENT_3D('',#2426,#1654,#1655);
#1466=AXIS2_PLACEMENT_3D('',#2468,#1657,#1658);
#1467=AXIS2_PLACEMENT_3D('',#6164,#1660,#1661);
#1468=AXIS2_PLACEMENT_3D('',#7945,#1662,#1663);
#1469=AXIS2_PLACEMENT_3D('',#7946,#1664,#1665);
#1470=AXIS2_PLACEMENT_3D('',#7960,#1666,#1667);
#1471=AXIS2_PLACEMENT_3D('',#9728,#1668,#1669);
#1472=AXIS2_PLACEMENT_3D('',#9734,#1672,#1673);
#1473=AXIS2_PLACEMENT_3D('',#9738,#1676,#1677);
#1474=AXIS2_PLACEMENT_3D('',#9742,#1679,#1680);
#1475=AXIS2_PLACEMENT_3D('',#9744,#1682,#1683);
#1476=AXIS2_PLACEMENT_3D('',#9750,#1686,#1687);
#1477=AXIS2_PLACEMENT_3D('',#9754,#1690,#1691);
#1478=AXIS2_PLACEMENT_3D('',#9760,#1694,#1695);
#1479=AXIS2_PLACEMENT_3D('',#9764,#1698,#1699);
#1480=AXIS2_PLACEMENT_3D('',#9767,#1700,#1701);
#1481=AXIS2_PLACEMENT_3D('',#9771,#1703,#1704);
#1482=AXIS2_PLACEMENT_3D('',#9773,#1706,#1707);
#1483=AXIS2_PLACEMENT_3D('',#9775,#1708,#1709);
#1484=AXIS2_PLACEMENT_3D('',#9776,#1710,#1711);
#1485=AXIS2_PLACEMENT_3D('',#9777,#1712,#1713);
#1486=AXIS2_PLACEMENT_3D('',#9778,#1714,#1715);
#1487=AXIS2_PLACEMENT_3D('',#9780,#1716,#1717);
#1488=AXIS2_PLACEMENT_3D('',#9782,#1719,#1720);
#1489=AXIS2_PLACEMENT_3D('',#9784,#1721,#1722);
#1490=AXIS2_PLACEMENT_3D('',#9785,#1723,#1724);
#1491=AXIS2_PLACEMENT_3D('',#9786,#1725,#1726);
#1492=AXIS2_PLACEMENT_3D('',#9788,#1727,#1728);
#1493=AXIS2_PLACEMENT_3D('',#9790,#1730,#1731);
#1494=AXIS2_PLACEMENT_3D('',#9793,#1732,#1733);
#1495=AXIS2_PLACEMENT_3D('',#9794,#1734,#1735);
#1496=AXIS2_PLACEMENT_3D('',#9795,#1736,#1737);
#1497=AXIS2_PLACEMENT_3D('',#9796,#1738,#1739);
#1498=AXIS2_PLACEMENT_3D('',#9799,#1740,#1741);
#1499=AXIS2_PLACEMENT_3D('',#9802,#1744,#1745);
#1500=AXIS2_PLACEMENT_3D('',#9805,#1746,#1747);
#1501=AXIS2_PLACEMENT_3D('',#9806,#1748,#1749);
#1502=AXIS2_PLACEMENT_3D('',#9807,#1750,#1751);
#1503=AXIS2_PLACEMENT_3D('',#9808,#1752,#1753);
#1504=AXIS2_PLACEMENT_3D('',#9811,#1754,#1755);
#1505=AXIS2_PLACEMENT_3D('',#9814,#1758,#1759);
#1506=AXIS2_PLACEMENT_3D('',#9817,#1760,#1761);
#1507=AXIS2_PLACEMENT_3D('',#9818,#1762,#1763);
#1508=AXIS2_PLACEMENT_3D('',#9819,#1764,#1765);
#1509=AXIS2_PLACEMENT_3D('',#9820,#1766,#1767);
#1510=AXIS2_PLACEMENT_3D('',#9822,#1768,#1769);
#1511=AXIS2_PLACEMENT_3D('',#9823,#1770,#1771);
#1512=AXIS2_PLACEMENT_3D('',#9824,#1772,#1773);
#1513=AXIS2_PLACEMENT_3D('',#9825,#1774,#1775);
#1514=AXIS2_PLACEMENT_3D('',#9827,#1776,#1777);
#1515=AXIS2_PLACEMENT_3D('',#9829,#1779,#1780);
#1516=AXIS2_PLACEMENT_3D('',#9831,#1781,#1782);
#1517=AXIS2_PLACEMENT_3D('',#9832,#1783,#1784);
#1518=AXIS2_PLACEMENT_3D('',#9833,#1785,#1786);
#1519=AXIS2_PLACEMENT_3D('',#9835,#1787,#1788);
#1520=AXIS2_PLACEMENT_3D('',#9837,#1790,#1791);
#1521=AXIS2_PLACEMENT_3D('',#9840,#1792,#1793);
#1522=AXIS2_PLACEMENT_3D('',#9841,#1794,#1795);
#1523=AXIS2_PLACEMENT_3D('',#9842,#1796,#1797);
#1524=AXIS2_PLACEMENT_3D('',#9843,#1798,#1799);
#1525=AXIS2_PLACEMENT_3D('',#9846,#1800,#1801);
#1526=AXIS2_PLACEMENT_3D('',#9847,#1802,#1803);
#1527=AXIS2_PLACEMENT_3D('',#9848,#1804,#1805);
#1528=AXIS2_PLACEMENT_3D('',#9849,#1806,#1807);
#1529=AXIS2_PLACEMENT_3D('',#9852,#1808,#1809);
#1530=AXIS2_PLACEMENT_3D('',#9855,#1812,#1813);
#1531=AXIS2_PLACEMENT_3D('',#9856,#1814,#1815);
#1532=AXIS2_PLACEMENT_3D('',#9857,#1816,#1817);
#1533=AXIS2_PLACEMENT_3D('',#9858,#1818,#1819);
#1534=AXIS2_PLACEMENT_3D('',#9862,#1821,#1822);
#1535=AXIS2_PLACEMENT_3D('',#9864,#1824,#1825);
#1536=AXIS2_PLACEMENT_3D('',#9868,#1827,#1828);
#1537=AXIS2_PLACEMENT_3D('',#9874,#1831,#1832);
#1538=AXIS2_PLACEMENT_3D('',#9878,#1834,#1835);
#1539=AXIS2_PLACEMENT_3D('',#9882,#1837,#1838);
#1540=AXIS2_PLACEMENT_3D('',#9886,#1840,#1841);
#1541=AXIS2_PLACEMENT_3D('',#9888,#1843,#1844);
#1542=AXIS2_PLACEMENT_3D('',#9891,#1847,#1848);
#1543=AXIS2_PLACEMENT_3D('',#9893,#1850,#1851);
#1544=AXIS2_PLACEMENT_3D('',#9895,#1853,#1854);
#1545=AXIS2_PLACEMENT_3D('',#9896,#1855,#1856);
#1546=AXIS2_PLACEMENT_3D('',#9899,#1857,#1858);
#1547=AXIS2_PLACEMENT_3D('',#9903,#1860,#1861);
#1548=AXIS2_PLACEMENT_3D('',#9905,#1863,#1864);
#1549=AXIS2_PLACEMENT_3D('',#9907,#1865,#1866);
#1550=AXIS2_PLACEMENT_3D('',#9908,#1867,#1868);
#1551=AXIS2_PLACEMENT_3D('',#9909,#1869,#1870);
#1552=AXIS2_PLACEMENT_3D('',#9910,#1871,#1872);
#1553=AXIS2_PLACEMENT_3D('',#9911,#1873,#1874);
#1554=AXIS2_PLACEMENT_3D('',#9913,#1876,#1877);
#1555=AXIS2_PLACEMENT_3D('',#9914,#1878,#1879);
#1556=AXIS2_PLACEMENT_3D('',#9915,#1880,#1881);
#1557=AXIS2_PLACEMENT_3D('',#9916,#1882,#1883);
#1558=AXIS2_PLACEMENT_3D('',#9917,#1884,#1885);
#1559=AXIS2_PLACEMENT_3D('',#9919,#1886,#1887);
#1560=AXIS2_PLACEMENT_3D('',#9920,#1888,#1889);
#1561=AXIS2_PLACEMENT_3D('',#9921,#1890,#1891);
#1562=AXIS2_PLACEMENT_3D('',#9923,#1892,#1893);
#1563=AXIS2_PLACEMENT_3D('',#9925,#1895,#1896);
#1564=AXIS2_PLACEMENT_3D('',#9927,#1897,#1898);
#1565=AXIS2_PLACEMENT_3D('',#9930,#1900,#1901);
#1566=AXIS2_PLACEMENT_3D('',#9931,#1902,#1903);
#1567=AXIS2_PLACEMENT_3D('',#9933,#1904,#1905);
#1568=AXIS2_PLACEMENT_3D('',#9934,#1906,#1907);
#1569=AXIS2_PLACEMENT_3D('',#9956,#1908,#1909);
#1570=AXIS2_PLACEMENT_3D('',#9965,#1910,#1911);
#1571=AXIS2_PLACEMENT_3D('',#9967,#1912,#1913);
#1572=AXIS2_PLACEMENT_3D('',#9968,#1914,#1915);
#1573=AXIS2_PLACEMENT_3D('',#9991,#1916,#1917);
#1574=AXIS2_PLACEMENT_3D('',#10000,#1918,#1919);
#1575=AXIS2_PLACEMENT_3D('',#10003,#1920,#1921);
#1576=AXIS2_PLACEMENT_3D('',#10004,#1922,#1923);
#1577=AXIS2_PLACEMENT_3D('',#10005,#1924,#1925);
#1578=AXIS2_PLACEMENT_3D('',#10006,#1926,#1927);
#1579=AXIS2_PLACEMENT_3D('',#10008,#1928,#1929);
#1580=AXIS2_PLACEMENT_3D('',#10011,#1932,#1933);
#1581=AXIS2_PLACEMENT_3D('',#10012,#1934,#1935);
#1582=AXIS2_PLACEMENT_3D('',#10013,#1936,#1937);
#1583=AXIS2_PLACEMENT_3D('',#10014,#1938,#1939);
#1584=AXIS2_PLACEMENT_3D('',#10015,#1940,#1941);
#1585=AXIS2_PLACEMENT_3D('',#10021,#1944,#1945);
#1586=AXIS2_PLACEMENT_3D('',#10025,#1947,#1948);
#1587=AXIS2_PLACEMENT_3D('',#10028,#1950,#1951);
#1588=AXIS2_PLACEMENT_3D('',#10029,#1952,#1953);
#1589=AXIS2_PLACEMENT_3D('',#10031,#1955,#1956);
#1590=AXIS2_PLACEMENT_3D('',#10034,#1959,#1960);
#1591=AXIS2_PLACEMENT_3D('',#10036,#1962,#1963);
#1592=AXIS2_PLACEMENT_3D('',#10038,#1965,#1966);
#1593=AXIS2_PLACEMENT_3D('',#10040,#1968,#1969);
#1594=AXIS2_PLACEMENT_3D('',#10042,#1971,#1972);
#1595=AXIS2_PLACEMENT_3D('',#10043,#1973,#1974);
#1596=AXIS2_PLACEMENT_3D('',#10045,#1976,#1977);
#1597=AXIS2_PLACEMENT_3D('',#10047,#1979,#1980);
#1598=AXIS2_PLACEMENT_3D('',#10048,#1981,#1982);
#1599=AXIS2_PLACEMENT_3D('',#10050,#1984,#1985);
#1600=AXIS2_PLACEMENT_3D('',#10052,#1987,#1988);
#1601=AXIS2_PLACEMENT_3D('',#10053,#1989,#1990);
#1602=DIRECTION('axis',(0.,0.,1.));
#1603=DIRECTION('refdir',(1.,0.,0.));
#1604=DIRECTION('center_axis',(1.2020266113353E-14,-3.76742200478138E-16,
1.));
#1605=DIRECTION('ref_axis',(0.608761429008723,0.793353340291234,-7.01858469305192E-15));
#1606=DIRECTION('',(1.2020266113353E-14,-3.76742200478138E-16,1.));
#1607=DIRECTION('center_axis',(1.2020266113353E-14,-3.76742200478138E-16,
1.));
#1608=DIRECTION('ref_axis',(0.608761429008723,0.793353340291234,-7.01858469305192E-15));
#1609=DIRECTION('',(1.2020266113353E-14,-3.76742200478138E-16,1.));
#1610=DIRECTION('center_axis',(1.2020266113353E-14,-3.76742200478138E-16,
1.));
#1611=DIRECTION('ref_axis',(0.608761429008723,0.793353340291234,-7.01858469305192E-15));
#1612=DIRECTION('',(1.2020266113353E-14,-3.76742200478138E-16,1.));
#1613=DIRECTION('center_axis',(1.2020266113353E-14,-3.76742200478138E-16,
1.));
#1614=DIRECTION('ref_axis',(0.608761429008723,0.793353340291234,-7.01858469305192E-15));
#1615=DIRECTION('',(1.2020266113353E-14,-3.76742200478138E-16,1.));
#1616=DIRECTION('center_axis',(1.2020266113353E-14,-3.76742200478138E-16,
1.));
#1617=DIRECTION('ref_axis',(0.608761429008723,0.793353340291234,-7.01858469305192E-15));
#1618=DIRECTION('',(1.2020266113353E-14,-3.76742200478138E-16,1.));
#1619=DIRECTION('center_axis',(0.,0.,-1.));
#1620=DIRECTION('ref_axis',(0.608761429008723,0.793353340291234,-7.01858469305192E-15));
#1621=DIRECTION('center_axis',(1.2020266113353E-14,-3.76742200478138E-16,
1.));
#1622=DIRECTION('ref_axis',(0.608761429008723,0.793353340291234,-7.01858469305192E-15));
#1623=DIRECTION('',(1.2020266113353E-14,-3.76742200478138E-16,1.));
#1624=DIRECTION('center_axis',(1.2020266113353E-14,-3.76742200478138E-16,
1.));
#1625=DIRECTION('ref_axis',(0.608761429008723,0.793353340291234,-7.01858469305192E-15));
#1626=DIRECTION('',(1.2020266113353E-14,-3.76742200478138E-16,1.));
#1627=DIRECTION('center_axis',(1.2020266113353E-14,-3.76742200478138E-16,
1.));
#1628=DIRECTION('ref_axis',(0.608761429008723,0.793353340291234,-7.01858469305192E-15));
#1629=DIRECTION('',(1.2020266113353E-14,-3.76742200478138E-16,1.));
#1630=DIRECTION('center_axis',(0.,0.,1.));
#1631=DIRECTION('ref_axis',(0.608761429008723,0.793353340291234,-7.01858469305192E-15));
#1632=DIRECTION('center_axis',(1.2020266113353E-14,-3.76742200478138E-16,
1.));
#1633=DIRECTION('ref_axis',(0.608761429008723,0.793353340291234,-7.01858469305192E-15));
#1634=DIRECTION('',(1.2020266113353E-14,-3.76742200478138E-16,1.));
#1635=DIRECTION('center_axis',(0.,0.,-1.));
#1636=DIRECTION('ref_axis',(0.608761429008723,0.793353340291234,-7.01858469305192E-15));
#1637=DIRECTION('center_axis',(1.2020266113353E-14,-3.76742200478138E-16,
1.));
#1638=DIRECTION('ref_axis',(0.608761429008723,0.793353340291234,-7.01858469305192E-15));
#1639=DIRECTION('',(1.2020266113353E-14,-3.76742200478138E-16,1.));
#1640=DIRECTION('center_axis',(1.2020266113353E-14,-3.76742200478138E-16,
1.));
#1641=DIRECTION('ref_axis',(0.608761429008723,0.793353340291234,-7.01858469305192E-15));
#1642=DIRECTION('',(1.2020266113353E-14,-3.76742200478138E-16,1.));
#1643=DIRECTION('center_axis',(1.2020266113353E-14,-3.76742200478138E-16,
1.));
#1644=DIRECTION('ref_axis',(0.608761429008723,0.793353340291234,-7.01858469305192E-15));
#1645=DIRECTION('',(1.2020266113353E-14,-3.76742200478138E-16,1.));
#1646=DIRECTION('center_axis',(0.,0.,1.));
#1647=DIRECTION('ref_axis',(0.608761429008723,0.793353340291234,-7.01858469305192E-15));
#1648=DIRECTION('center_axis',(1.2020266113353E-14,-3.76742200478138E-16,
1.));
#1649=DIRECTION('ref_axis',(0.608761429008723,0.793353340291234,-7.01858469305192E-15));
#1650=DIRECTION('',(1.2020266113353E-14,-3.76742200478138E-16,1.));
#1651=DIRECTION('center_axis',(1.2020266113353E-14,-3.76742200478138E-16,
1.));
#1652=DIRECTION('ref_axis',(0.608761429008723,0.793353340291234,-7.01858469305192E-15));
#1653=DIRECTION('',(1.2020266113353E-14,-3.76742200478138E-16,1.));
#1654=DIRECTION('center_axis',(1.2020266113353E-14,-3.76742200478138E-16,
1.));
#1655=DIRECTION('ref_axis',(0.608761429008723,0.793353340291234,-7.01858469305192E-15));
#1656=DIRECTION('',(1.2020266113353E-14,-3.76742200478138E-16,1.));
#1657=DIRECTION('center_axis',(1.2020266113353E-14,-3.76742200478138E-16,
1.));
#1658=DIRECTION('ref_axis',(0.608761429008723,0.793353340291234,-7.01858469305192E-15));
#1659=DIRECTION('',(1.2020266113353E-14,-3.76742200478138E-16,1.));
#1660=DIRECTION('center_axis',(1.2020266113353E-14,-3.76742200478138E-16,
1.));
#1661=DIRECTION('ref_axis',(0.608761429008723,0.793353340291234,-7.01858469305192E-15));
#1662=DIRECTION('center_axis',(1.2020266113353E-14,-3.76742200478138E-16,
1.));
#1663=DIRECTION('ref_axis',(0.608761429008723,0.793353340291234,-7.01858469305192E-15));
#1664=DIRECTION('center_axis',(1.2020266113353E-14,-3.76742200478138E-16,
1.));
#1665=DIRECTION('ref_axis',(0.608761429008723,0.793353340291234,-7.01858469305192E-15));
#1666=DIRECTION('center_axis',(1.2020266113353E-14,-3.76742200478138E-16,
1.));
#1667=DIRECTION('ref_axis',(0.608761429008723,0.793353340291234,-7.01858469305192E-15));
#1668=DIRECTION('center_axis',(0.,0.,1.));
#1669=DIRECTION('ref_axis',(1.,0.,0.));
#1670=DIRECTION('',(1.,0.,0.));
#1671=DIRECTION('',(0.,1.,0.));
#1672=DIRECTION('center_axis',(0.,0.,-1.));
#1673=DIRECTION('ref_axis',(-1.83697019872103E-16,-1.,0.));
#1674=DIRECTION('',(0.,-1.,0.));
#1675=DIRECTION('',(1.,0.,0.));
#1676=DIRECTION('center_axis',(0.,0.,1.));
#1677=DIRECTION('ref_axis',(1.,0.,0.));
#1678=DIRECTION('',(1.,0.,0.));
#1679=DIRECTION('center_axis',(0.,0.,-1.));
#1680=DIRECTION('ref_axis',(-1.83697019872103E-16,-1.,0.));
#1681=DIRECTION('',(1.,0.,0.));
#1682=DIRECTION('center_axis',(0.,0.,1.));
#1683=DIRECTION('ref_axis',(1.,0.,0.));
#1684=DIRECTION('',(-1.,0.,0.));
#1685=DIRECTION('',(0.,1.,0.));
#1686=DIRECTION('center_axis',(0.,0.,1.));
#1687=DIRECTION('ref_axis',(-1.83697019872103E-16,-1.,0.));
#1688=DIRECTION('',(0.,-1.,0.));
#1689=DIRECTION('',(-1.,0.,0.));
#1690=DIRECTION('center_axis',(0.,0.,1.));
#1691=DIRECTION('ref_axis',(1.,0.,0.));
#1692=DIRECTION('',(-1.,0.,0.));
#1693=DIRECTION('',(0.,1.,0.));
#1694=DIRECTION('center_axis',(0.,0.,1.));
#1695=DIRECTION('ref_axis',(-1.83697019872103E-16,-1.,0.));
#1696=DIRECTION('',(0.,-1.,0.));
#1697=DIRECTION('',(-1.,0.,0.));
#1698=DIRECTION('center_axis',(0.,-0.753707209621134,0.657210348492112));
#1699=DIRECTION('ref_axis',(-0.707106781186548,-0.464717894084745,-0.532951478952296));
#1700=DIRECTION('center_axis',(0.,-0.753707209621134,0.657210348492112));
#1701=DIRECTION('ref_axis',(-1.,0.,0.));
#1702=DIRECTION('',(0.,-0.753707209621134,0.657210348492112));
#1703=DIRECTION('center_axis',(0.,0.753707209621135,-0.657210348492112));
#1704=DIRECTION('ref_axis',(0.,-0.657210348492112,-0.753707209621135));
#1705=DIRECTION('',(0.,0.753707209621134,-0.657210348492113));
#1706=DIRECTION('center_axis',(-1.,0.,0.));
#1707=DIRECTION('ref_axis',(0.,0.,1.));
#1708=DIRECTION('center_axis',(0.,1.,0.));
#1709=DIRECTION('ref_axis',(0.,0.,-1.));
#1710=DIRECTION('center_axis',(-1.,0.,0.));
#1711=DIRECTION('ref_axis',(0.,0.350922206748779,0.936404615970344));
#1712=DIRECTION('center_axis',(1.,0.,0.));
#1713=DIRECTION('ref_axis',(0.,0.350922206748779,0.936404615970344));
#1714=DIRECTION('center_axis',(0.,-1.,0.));
#1715=DIRECTION('ref_axis',(-0.707106781186547,0.,-0.707106781186548));
#1716=DIRECTION('center_axis',(0.,1.,0.));
#1717=DIRECTION('ref_axis',(0.,0.,-1.));
#1718=DIRECTION('',(0.,1.,0.));
#1719=DIRECTION('center_axis',(0.,0.,-1.));
#1720=DIRECTION('ref_axis',(-1.,0.,0.));
#1721=DIRECTION('center_axis',(6.8654264713318E-17,-1.,0.));
#1722=DIRECTION('ref_axis',(0.,0.,-1.));
#1723=DIRECTION('center_axis',(0.,0.,-1.));
#1724=DIRECTION('ref_axis',(-1.83697019872103E-16,-1.,0.));
#1725=DIRECTION('center_axis',(0.,1.,0.));
#1726=DIRECTION('ref_axis',(0.707106781186547,0.,-0.707106781186548));
#1727=DIRECTION('center_axis',(0.,-1.,0.));
#1728=DIRECTION('ref_axis',(-5.55111512312578E-16,0.,-1.));
#1729=DIRECTION('',(0.,-1.,0.));
#1730=DIRECTION('center_axis',(1.,0.,0.));
#1731=DIRECTION('ref_axis',(0.,0.,-1.));
#1732=DIRECTION('center_axis',(0.,-0.753707209621134,0.657210348492113));
#1733=DIRECTION('ref_axis',(0.,-0.657210348492113,-0.753707209621134));
#1734=DIRECTION('center_axis',(1.,0.,0.));
#1735=DIRECTION('ref_axis',(0.,0.350922206748779,0.936404615970344));
#1736=DIRECTION('center_axis',(-1.,0.,0.));
#1737=DIRECTION('ref_axis',(0.,0.350922206748779,0.936404615970344));
#1738=DIRECTION('center_axis',(0.,0.753707209621134,-0.657210348492112));
#1739=DIRECTION('ref_axis',(0.707106781186548,-0.464717894084745,-0.532951478952296));
#1740=DIRECTION('center_axis',(0.,-0.753707209621134,0.657210348492112));
#1741=DIRECTION('ref_axis',(0.,-0.657210348492112,-0.753707209621134));
#1742=DIRECTION('',(0.,-0.753707209621134,0.657210348492112));
#1743=DIRECTION('',(0.,0.753707209621134,-0.657210348492112));
#1744=DIRECTION('center_axis',(1.,0.,0.));
#1745=DIRECTION('ref_axis',(0.,0.,-1.));
#1746=DIRECTION('center_axis',(0.,0.,1.));
#1747=DIRECTION('ref_axis',(0.,-1.,0.));
#1748=DIRECTION('center_axis',(1.,0.,0.));
#1749=DIRECTION('ref_axis',(0.,0.910277525948025,0.413998581826005));
#1750=DIRECTION('center_axis',(-1.,0.,0.));
#1751=DIRECTION('ref_axis',(0.,0.910277525948025,0.413998581826005));
#1752=DIRECTION('center_axis',(0.,0.,-1.));
#1753=DIRECTION('ref_axis',(0.707106781186547,-0.707106781186548,0.));
#1754=DIRECTION('center_axis',(0.,0.,1.));
#1755=DIRECTION('ref_axis',(-5.55111512312578E-16,-1.,0.));
#1756=DIRECTION('',(0.,0.,1.));
#1757=DIRECTION('',(0.,0.,-1.));
#1758=DIRECTION('center_axis',(1.,0.,0.));
#1759=DIRECTION('ref_axis',(0.,0.,-1.));
#1760=DIRECTION('center_axis',(0.,0.927813310524777,-0.373044850940276));
#1761=DIRECTION('ref_axis',(0.,0.373044850940276,0.927813310524777));
#1762=DIRECTION('center_axis',(1.,0.,0.));
#1763=DIRECTION('ref_axis',(0.,0.559890680874277,-0.828566488261587));
#1764=DIRECTION('center_axis',(-1.,0.,0.));
#1765=DIRECTION('ref_axis',(0.,0.559890680874277,-0.828566488261587));
#1766=DIRECTION('center_axis',(-1.,0.,0.));
#1767=DIRECTION('ref_axis',(0.,0.,1.));
#1768=DIRECTION('center_axis',(0.,1.,1.38777878078144E-16));
#1769=DIRECTION('ref_axis',(0.,-1.38777878078144E-16,1.));
#1770=DIRECTION('center_axis',(-1.,0.,0.));
#1771=DIRECTION('ref_axis',(0.,0.189982485344338,0.981787479683047));
#1772=DIRECTION('center_axis',(1.,0.,0.));
#1773=DIRECTION('ref_axis',(0.,0.189982485344338,0.981787479683046));
#1774=DIRECTION('center_axis',(0.,-1.,0.));
#1775=DIRECTION('ref_axis',(0.707106781186548,0.,0.707106781186548));
#1776=DIRECTION('center_axis',(0.,1.,0.));
#1777=DIRECTION('ref_axis',(0.,0.,1.));
#1778=DIRECTION('',(0.,1.,0.));
#1779=DIRECTION('center_axis',(0.,0.,1.));
#1780=DIRECTION('ref_axis',(1.,0.,0.));
#1781=DIRECTION('center_axis',(-2.98739775030888E-16,-1.,0.));
#1782=DIRECTION('ref_axis',(0.,0.,1.));
#1783=DIRECTION('center_axis',(0.,0.,1.));
#1784=DIRECTION('ref_axis',(-1.83697019872103E-16,-1.,0.));
#1785=DIRECTION('center_axis',(0.,-1.,0.));
#1786=DIRECTION('ref_axis',(-0.707106781186548,0.,0.707106781186548));
#1787=DIRECTION('center_axis',(0.,-1.,9.71445146547013E-16));
#1788=DIRECTION('ref_axis',(0.,9.71445146547013E-16,1.));
#1789=DIRECTION('',(0.,-1.,0.));
#1790=DIRECTION('center_axis',(1.,0.,0.));
#1791=DIRECTION('ref_axis',(0.,0.,-1.));
#1792=DIRECTION('center_axis',(0.,-0.927813310524776,0.373044850940279));
#1793=DIRECTION('ref_axis',(0.,0.373044850940279,0.927813310524776));
#1794=DIRECTION('center_axis',(1.,0.,0.));
#1795=DIRECTION('ref_axis',(0.,0.189982485344338,0.981787479683047));
#1796=DIRECTION('center_axis',(-1.,0.,0.));
#1797=DIRECTION('ref_axis',(0.,0.189982485344338,0.981787479683046));
#1798=DIRECTION('center_axis',(1.,0.,0.));
#1799=DIRECTION('ref_axis',(0.,0.,-1.));
#1800=DIRECTION('center_axis',(0.,0.,-1.));
#1801=DIRECTION('ref_axis',(0.,-1.,0.));
#1802=DIRECTION('center_axis',(-1.,0.,0.));
#1803=DIRECTION('ref_axis',(0.,0.559890680874277,-0.828566488261587));
#1804=DIRECTION('center_axis',(1.,0.,0.));
#1805=DIRECTION('ref_axis',(0.,0.559890680874277,-0.828566488261587));
#1806=DIRECTION('center_axis',(0.,0.,1.));
#1807=DIRECTION('ref_axis',(-0.707106781186547,-0.707106781186548,0.));
#1808=DIRECTION('center_axis',(0.,0.,-1.));
#1809=DIRECTION('ref_axis',(0.,-1.,0.));
#1810=DIRECTION('',(0.,0.,-1.));
#1811=DIRECTION('',(0.,0.,1.));
#1812=DIRECTION('center_axis',(-1.,0.,0.));
#1813=DIRECTION('ref_axis',(0.,0.,1.));
#1814=DIRECTION('center_axis',(1.,0.,0.));
#1815=DIRECTION('ref_axis',(0.,0.910277525948025,0.413998581826005));
#1816=DIRECTION('center_axis',(-1.,0.,0.));
#1817=DIRECTION('ref_axis',(0.,0.910277525948025,0.413998581826005));
#1818=DIRECTION('center_axis',(0.,0.,1.));
#1819=DIRECTION('ref_axis',(1.,0.,0.));
#1820=DIRECTION('',(0.,0.,1.));
#1821=DIRECTION('center_axis',(0.,0.,-1.));
#1822=DIRECTION('ref_axis',(-1.83697019872103E-16,-1.,0.));
#1823=DIRECTION('',(0.,0.,1.));
#1824=DIRECTION('center_axis',(1.,0.,0.));
#1825=DIRECTION('ref_axis',(0.,1.,0.));
#1826=DIRECTION('',(0.,0.,-1.));
#1827=DIRECTION('center_axis',(1.,0.,0.));
#1828=DIRECTION('ref_axis',(0.,0.342177006437084,0.939635512454567));
#1829=DIRECTION('',(0.,-0.766044443118978,0.642787609686539));
#1830=DIRECTION('',(0.,0.927203935241309,-0.374556888166579));
#1831=DIRECTION('center_axis',(-1.,0.,0.));
#1832=DIRECTION('ref_axis',(0.,0.190782683646461,0.981632297563937));
#1833=DIRECTION('',(0.,1.,0.));
#1834=DIRECTION('center_axis',(-1.,0.,0.));
#1835=DIRECTION('ref_axis',(0.,-0.413998581826005,0.910277525948025));
#1836=DIRECTION('',(0.,0.,1.));
#1837=DIRECTION('center_axis',(-1.,0.,0.));
#1838=DIRECTION('ref_axis',(0.,-0.829013275556714,-0.559228923564159));
#1839=DIRECTION('',(0.,-0.927216403419957,0.374526022098545));
#1840=DIRECTION('center_axis',(-1.,0.,0.));
#1841=DIRECTION('ref_axis',(0.,0.852263841375971,-0.523112172180187));
#1842=DIRECTION('',(0.,0.753707209621134,-0.657210348492112));
#1843=DIRECTION('center_axis',(0.,-1.,0.));
#1844=DIRECTION('ref_axis',(0.,0.,-1.));
#1845=DIRECTION('',(1.,0.,0.));
#1846=DIRECTION('',(-1.,0.,0.));
#1847=DIRECTION('center_axis',(1.,0.,0.));
#1848=DIRECTION('ref_axis',(0.,0.350922206748779,0.936404615970344));
#1849=DIRECTION('',(1.,0.,0.));
#1850=DIRECTION('center_axis',(1.,0.,0.));
#1851=DIRECTION('ref_axis',(0.,0.910277525948024,0.413998581826006));
#1852=DIRECTION('',(-1.,0.,0.));
#1853=DIRECTION('center_axis',(0.,-0.657210348492112,-0.753707209621134));
#1854=DIRECTION('ref_axis',(0.,0.753707209621134,-0.657210348492112));
#1855=DIRECTION('center_axis',(0.,0.927203935241309,-0.374556888166579));
#1856=DIRECTION('ref_axis',(0.707106781186547,-0.26485171556272,-0.655632190151982));
#1857=DIRECTION('center_axis',(0.,0.927203935241309,-0.374556888166579));
#1858=DIRECTION('ref_axis',(1.,0.,0.));
#1859=DIRECTION('',(0.,0.927203935241309,-0.374556888166579));
#1860=DIRECTION('center_axis',(0.,-0.927203935241307,0.374556888166584));
#1861=DIRECTION('ref_axis',(0.,-0.374556888166584,-0.927203935241307));
#1862=DIRECTION('',(0.,-0.927203935241309,0.374556888166579));
#1863=DIRECTION('center_axis',(1.,0.,0.));
#1864=DIRECTION('ref_axis',(0.,0.,-1.));
#1865=DIRECTION('center_axis',(0.,1.,0.));
#1866=DIRECTION('ref_axis',(1.,0.,0.));
#1867=DIRECTION('center_axis',(-1.,0.,0.));
#1868=DIRECTION('ref_axis',(0.,0.190782683646461,0.981632297563937));
#1869=DIRECTION('center_axis',(1.,0.,0.));
#1870=DIRECTION('ref_axis',(0.,0.190782683646461,0.981632297563937));
#1871=DIRECTION('center_axis',(0.,1.,0.));
#1872=DIRECTION('ref_axis',(0.707106781186547,0.,-0.707106781186548));
#1873=DIRECTION('center_axis',(0.,1.,0.));
#1874=DIRECTION('ref_axis',(1.,0.,0.));
#1875=DIRECTION('',(0.,-1.,0.));
#1876=DIRECTION('center_axis',(0.,0.,1.));
#1877=DIRECTION('ref_axis',(1.,0.,0.));
#1878=DIRECTION('center_axis',(-2.98739775030888E-16,-1.,0.));
#1879=DIRECTION('ref_axis',(-1.,2.98739775030888E-16,0.));
#1880=DIRECTION('center_axis',(0.,1.,0.));
#1881=DIRECTION('ref_axis',(-0.707106781186547,0.,-0.707106781186548));
#1882=DIRECTION('center_axis',(0.,-1.,-1.11022302462516E-15));
#1883=DIRECTION('ref_axis',(-1.,0.,0.));
#1884=DIRECTION('center_axis',(-1.,0.,0.));
#1885=DIRECTION('ref_axis',(0.,0.,1.));
#1886=DIRECTION('center_axis',(0.,-0.927203935241309,0.374556888166579));
#1887=DIRECTION('ref_axis',(-1.,0.,0.));
#1888=DIRECTION('center_axis',(1.,0.,0.));
#1889=DIRECTION('ref_axis',(0.,0.190782683646461,0.981632297563937));
#1890=DIRECTION('center_axis',(0.,-0.927203935241309,0.374556888166579));
#1891=DIRECTION('ref_axis',(-0.707106781186547,-0.26485171556272,-0.655632190151982));
#1892=DIRECTION('center_axis',(0.,-0.927203935241307,0.374556888166584));
#1893=DIRECTION('ref_axis',(-1.,0.,0.));
#1894=DIRECTION('',(0.,-0.927203935241309,0.374556888166579));
#1895=DIRECTION('center_axis',(0.,0.766044443118978,-0.642787609686539));
#1896=DIRECTION('ref_axis',(-0.707106781186546,0.454519477672045,0.541675220419703));
#1897=DIRECTION('center_axis',(0.,0.766044443118978,-0.64278760968654));
#1898=DIRECTION('ref_axis',(-1.,0.,0.));
#1899=DIRECTION('',(0.,0.766044443118978,-0.642787609686539));
#1900=DIRECTION('center_axis',(0.,-0.766044443118978,0.642787609686539));
#1901=DIRECTION('ref_axis',(0.,0.642787609686539,0.766044443118978));
#1902=DIRECTION('center_axis',(1.,0.,0.));
#1903=DIRECTION('ref_axis',(0.,0.,-1.));
#1904=DIRECTION('center_axis',(0.,0.999999932560891,-0.000367257692823198));
#1905=DIRECTION('ref_axis',(-1.,0.,0.));
#1906=DIRECTION('center_axis',(-1.,0.,0.));
#1907=DIRECTION('ref_axis',(0.,0.342177006437084,0.939635512454566));
#1908=DIRECTION('center_axis',(-0.00122419230940987,0.999999250676314,-2.78639749537254E-16));
#1909=DIRECTION('ref_axis',(-0.999999250676314,-0.00122419230940987,0.));
#1910=DIRECTION('center_axis',(0.,0.,1.));
#1911=DIRECTION('ref_axis',(1.,0.,0.));
#1912=DIRECTION('center_axis',(-0.00122419230940953,-0.999999250676314,
-5.3530504759119E-17));
#1913=DIRECTION('ref_axis',(0.999999250676314,-0.00122419230940953,0.));
#1914=DIRECTION('center_axis',(0.,0.,1.));
#1915=DIRECTION('ref_axis',(-1.83697019872103E-16,-1.,0.));
#1916=DIRECTION('center_axis',(6.73392600319076E-17,-0.999999932560891,
0.000367257692822844));
#1917=DIRECTION('ref_axis',(1.,6.73392645732076E-17,0.));
#1918=DIRECTION('center_axis',(-1.,0.,0.));
#1919=DIRECTION('ref_axis',(0.,0.,1.));
#1920=DIRECTION('center_axis',(0.,-0.766044443118977,0.64278760968654));
#1921=DIRECTION('ref_axis',(1.,0.,0.));
#1922=DIRECTION('center_axis',(1.,0.,0.));
#1923=DIRECTION('ref_axis',(0.,0.342177006437084,0.939635512454566));
#1924=DIRECTION('center_axis',(-1.,0.,0.));
#1925=DIRECTION('ref_axis',(0.,0.342177006437084,0.939635512454566));
#1926=DIRECTION('center_axis',(0.,-0.766044443118978,0.642787609686539));
#1927=DIRECTION('ref_axis',(0.707106781186546,0.454519477672045,0.541675220419703));
#1928=DIRECTION('center_axis',(0.,-0.766044443118978,0.642787609686539));
#1929=DIRECTION('ref_axis',(1.,0.,0.));
#1930=DIRECTION('',(0.,-0.766044443118978,0.642787609686539));
#1931=DIRECTION('',(0.,0.766044443118978,-0.642787609686539));
#1932=DIRECTION('center_axis',(0.148553784196081,-0.0398466887194359,-0.988101216778484));
#1933=DIRECTION('ref_axis',(-0.95436528095579,0.255990087904387,-0.153805023978022));
#1934=DIRECTION('center_axis',(-1.,0.,0.));
#1935=DIRECTION('ref_axis',(0.,0.857181105541132,-0.515015099102233));
#1936=DIRECTION('center_axis',(-0.148553784196086,-0.039846688719436,-0.988101216778483));
#1937=DIRECTION('ref_axis',(0.954365280955792,0.255990087904379,-0.153805023978025));
#1938=DIRECTION('center_axis',(1.,0.,0.));
#1939=DIRECTION('ref_axis',(0.,0.857181105541132,-0.515015099102233));
#1940=DIRECTION('center_axis',(1.,0.,0.));
#1941=DIRECTION('ref_axis',(0.,0.,-1.));
#1942=DIRECTION('',(0.,0.,-1.));
#1943=DIRECTION('',(0.,0.753707209621134,-0.657210348492112));
#1944=DIRECTION('center_axis',(1.,0.,0.));
#1945=DIRECTION('ref_axis',(0.,0.852263841375971,-0.523112172180187));
#1946=DIRECTION('',(0.,-0.927216403419957,0.374526022098545));
#1947=DIRECTION('center_axis',(1.,0.,0.));
#1948=DIRECTION('ref_axis',(0.,-0.829013275556714,-0.559228923564159));
#1949=DIRECTION('',(0.,0.,1.));
#1950=DIRECTION('center_axis',(1.,0.,0.));
#1951=DIRECTION('ref_axis',(0.,-0.413998581826005,0.910277525948025));
#1952=DIRECTION('center_axis',(1.,0.,0.));
#1953=DIRECTION('ref_axis',(0.,0.190782683646461,0.981632297563937));
#1954=DIRECTION('',(1.,0.,0.));
#1955=DIRECTION('center_axis',(1.,0.,0.));
#1956=DIRECTION('ref_axis',(0.,0.852263841375971,-0.523112172180187));
#1957=DIRECTION('',(1.,0.,0.));
#1958=DIRECTION('',(-1.,0.,0.));
#1959=DIRECTION('center_axis',(0.,0.374526022098545,0.927216403419957));
#1960=DIRECTION('ref_axis',(0.,-0.927216403419957,0.374526022098545));
#1961=DIRECTION('',(-1.,0.,0.));
#1962=DIRECTION('center_axis',(1.,0.,0.));
#1963=DIRECTION('ref_axis',(0.,-0.829013275556714,-0.559228923564159));
#1964=DIRECTION('',(1.,0.,0.));
#1965=DIRECTION('center_axis',(0.,1.,0.));
#1966=DIRECTION('ref_axis',(0.,0.,1.));
#1967=DIRECTION('',(-1.,0.,0.));
#1968=DIRECTION('center_axis',(1.,0.,0.));
#1969=DIRECTION('ref_axis',(0.,-0.413998581826005,0.910277525948025));
#1970=DIRECTION('',(1.,0.,0.));
#1971=DIRECTION('center_axis',(0.,-0.657210348492112,-0.753707209621134));
#1972=DIRECTION('ref_axis',(0.,0.753707209621134,-0.657210348492112));
#1973=DIRECTION('center_axis',(-1.,0.,0.));
#1974=DIRECTION('ref_axis',(0.,-1.,0.));
#1975=DIRECTION('',(1.,0.,0.));
#1976=DIRECTION('center_axis',(0.,-0.374556888166579,-0.927203935241309));
#1977=DIRECTION('ref_axis',(0.,0.927203935241309,-0.374556888166579));
#1978=DIRECTION('',(-1.,0.,0.));
#1979=DIRECTION('center_axis',(1.,0.,0.));
#1980=DIRECTION('ref_axis',(0.,0.190766344751954,0.981635472927694));
#1981=DIRECTION('center_axis',(1.,0.,0.));
#1982=DIRECTION('ref_axis',(0.,0.342020143325669,0.939692620785908));
#1983=DIRECTION('',(-1.,0.,0.));
#1984=DIRECTION('center_axis',(1.,0.,0.));
#1985=DIRECTION('ref_axis',(0.,0.857181105541132,-0.515015099102234));
#1986=DIRECTION('',(1.,0.,0.));
#1987=DIRECTION('center_axis',(0.,0.642787609686539,0.766044443118978));
#1988=DIRECTION('ref_axis',(0.,-0.766044443118978,0.642787609686539));
#1989=DIRECTION('center_axis',(0.,0.,-1.));
#1990=DIRECTION('ref_axis',(1.,0.,0.));
#1991=CARTESIAN_POINT('',(0.,0.,0.));
#1992=CARTESIAN_POINT('Origin',(-5.32907051820075E-14,5.77315972805081E-14,
-3.99999999999999));
#1993=CARTESIAN_POINT('',(-1.75018910839395,-2.28089085332931,3.50000000000005));
#1994=CARTESIAN_POINT('',(-1.75018910839395,-2.2808908533293,3.625));
#1995=CARTESIAN_POINT('',(-1.75018910839404,-2.2808908533293,-3.99999999999997));
#1996=CARTESIAN_POINT('',(2.85331932419458,0.352411455716951,3.99724160570083));
#1997=CARTESIAN_POINT('Ctrl Pts',(2.85331932419458,0.352411455716948,3.99724160570083));
#1998=CARTESIAN_POINT('Ctrl Pts',(2.88304272420722,0.111754262935593,3.98369303135292));
#1999=CARTESIAN_POINT('Ctrl Pts',(2.88209671876143,-0.134532524798463,3.97052333270334));
#2000=CARTESIAN_POINT('Ctrl Pts',(2.85040397643983,-0.375262802631302,3.95833333333328));
#2001=CARTESIAN_POINT('Ctrl Pts',(2.71960043477715,-1.36881434217471,3.90802228500903));
#2002=CARTESIAN_POINT('Ctrl Pts',(2.02714848259787,-2.2722051813937,3.84203699922265));
#2003=CARTESIAN_POINT('Ctrl Pts',(1.10021486804584,-2.65615365596066,3.79166666666664));
#2004=CARTESIAN_POINT('Ctrl Pts',(0.173165715051344,-3.04014998811746,3.74129005565694));
#2005=CARTESIAN_POINT('Ctrl Pts',(-0.952519352657679,-2.89296438440033,
3.67547751929102));
#2006=CARTESIAN_POINT('Ctrl Pts',(-1.75018910839394,-2.28089085332931,3.625));
#2007=CARTESIAN_POINT('',(2.43667577548179,1.52585587953879,3.94433226477376));
#2008=CARTESIAN_POINT('Ctrl Pts',(2.43667577548179,1.52585587953879,3.94433226477376));
#2009=CARTESIAN_POINT('Ctrl Pts',(2.52083319468753,1.39146288249657,3.954256621843));
#2010=CARTESIAN_POINT('Ctrl Pts',(2.59459780308782,1.2487211638295,3.96344635682202));
#2011=CARTESIAN_POINT('Ctrl Pts',(2.75571807694023,0.860011762002988,3.98404338983703));
#2012=CARTESIAN_POINT('Ctrl Pts',(2.82213836664495,0.604869845703896,3.99309970311986));
#2013=CARTESIAN_POINT('Ctrl Pts',(2.85331932419458,0.352411455716951,3.99724160570083));
#2014=CARTESIAN_POINT('Ctrl Pts',(-1.75018910839394,-2.28089085332931,3.50000000000005));
#2015=CARTESIAN_POINT('Ctrl Pts',(-0.955136330357413,-2.89095630678439,
3.55031191373644));
#2016=CARTESIAN_POINT('Ctrl Pts',(0.17195116497545,-3.04065307123108,3.61622405601012));
#2017=CARTESIAN_POINT('Ctrl Pts',(1.10021486804581,-2.65615365596068,3.66666666666668));
#2018=CARTESIAN_POINT('Ctrl Pts',(2.02832659390843,-2.2717171917109,3.71710101875718));
#2019=CARTESIAN_POINT('Ctrl Pts',(2.71933528029152,-1.37082839044927,3.78292029847287));
#2020=CARTESIAN_POINT('Ctrl Pts',(2.85040397643983,-0.375262802631284,3.83333333333333));
#2021=CARTESIAN_POINT('Ctrl Pts',(2.93681691556919,0.281108635153238,3.86657039634489));
#2022=CARTESIAN_POINT('Ctrl Pts',(2.7872808263809,0.965966282006392,3.90656755266297));
#2023=CARTESIAN_POINT('Ctrl Pts',(2.43667577548179,1.52585587953879,3.94433226477376));
#2024=CARTESIAN_POINT('Origin',(-5.32907051820075E-14,5.77315972805081E-14,
-3.99999999999999));
#2025=CARTESIAN_POINT('',(-1.75018910839396,-2.2808908533293,2.50000000000005));
#2026=CARTESIAN_POINT('',(-1.75018910839397,-2.2808908533293,2.625));
#2027=CARTESIAN_POINT('',(-1.75018910839404,-2.2808908533293,-3.99999999999997));
#2028=CARTESIAN_POINT('Ctrl Pts',(-1.75018910839392,-2.28089085332933,3.625));
#2029=CARTESIAN_POINT('Ctrl Pts',(-2.54831025334641,-1.66847095913061,3.57449391624642));
#2030=CARTESIAN_POINT('Ctrl Pts',(-2.98125327543022,-0.61863629832267,3.5086619813273));
#2031=CARTESIAN_POINT('Ctrl Pts',(-2.85040397643975,0.375262802631413,3.45833333333335));
#2032=CARTESIAN_POINT('Ctrl Pts',(-2.71955924056077,1.36912724331256,3.40800644045184));
#2033=CARTESIAN_POINT('Ctrl Pts',(-2.02655381884429,2.27245149918556,3.3420046847068));
#2034=CARTESIAN_POINT('Ctrl Pts',(-1.10021486804577,2.65615365596077,3.29166666666667));
#2035=CARTESIAN_POINT('Ctrl Pts',(-0.173872050357979,3.03985741445394,3.2413284384966));
#2036=CARTESIAN_POINT('Ctrl Pts',(0.951427420571829,2.89380225335902,3.17554661809103));
#2037=CARTESIAN_POINT('Ctrl Pts',(1.75018910839403,2.28089085332941,3.12499999999996));
#2038=CARTESIAN_POINT('Ctrl Pts',(2.54829280661699,1.66848434647712,3.07449502029677));
#2039=CARTESIAN_POINT('Ctrl Pts',(2.98134790550654,0.619355085113709,3.00869837895285));
#2040=CARTESIAN_POINT('Ctrl Pts',(2.85040397643982,-0.375262802631302,2.95833333333328));
#2041=CARTESIAN_POINT('Ctrl Pts',(2.71949180236816,-1.36963948724177,2.9079805016574));
#2042=CARTESIAN_POINT('Ctrl Pts',(2.02612950525991,-2.27262725562683,2.8419816271587));
#2043=CARTESIAN_POINT('Ctrl Pts',(1.10021486804584,-2.65615365596066,2.79166666666664));
#2044=CARTESIAN_POINT('Ctrl Pts',(0.174287696307398,-3.03968524826448,2.74135102503824));
#2045=CARTESIAN_POINT('Ctrl Pts',(-0.952591894462196,-2.89290872111599,
2.67547292875677));
#2046=CARTESIAN_POINT('Ctrl Pts',(-1.75018910839398,-2.28089085332929,2.625));
#2047=CARTESIAN_POINT('Ctrl Pts',(-1.75018910839396,-2.2808908533293,2.50000000000005));
#2048=CARTESIAN_POINT('Ctrl Pts',(-0.954313391658003,-2.8915877698579,2.55036399030543));
#2049=CARTESIAN_POINT('Ctrl Pts',(0.170769261683876,-3.04114263160385,2.61615983041628));
#2050=CARTESIAN_POINT('Ctrl Pts',(1.10021486804581,-2.65615365596066,2.66666666666668));
#2051=CARTESIAN_POINT('Ctrl Pts',(2.03044486435196,-2.2708397753644,2.71721612730973));
#2052=CARTESIAN_POINT('Ctrl Pts',(2.71952698612711,-1.3693722400602,2.78299403440872));
#2053=CARTESIAN_POINT('Ctrl Pts',(2.85040397643983,-0.375262802631271,2.83333333333333));
#2054=CARTESIAN_POINT('Ctrl Pts',(2.98128040752792,0.618842387065093,2.88367241716303));
#2055=CARTESIAN_POINT('Ctrl Pts',(2.5454646936243,1.67065443390147,2.94967398675145));
#2056=CARTESIAN_POINT('Ctrl Pts',(1.750189108394,2.28089085332943,3.00000000000001));
#2057=CARTESIAN_POINT('Ctrl Pts',(0.954885815282718,2.89114853376225,3.05032776663723));
#2058=CARTESIAN_POINT('Ctrl Pts',(-0.170831679022596,3.04111677749569,3.11616322222565));
#2059=CARTESIAN_POINT('Ctrl Pts',(-1.10021486804572,2.65615365596077,3.16666666666671));
#2060=CARTESIAN_POINT('Ctrl Pts',(-2.02908897509132,2.27140140308533,3.21714244717574));
#2061=CARTESIAN_POINT('Ctrl Pts',(-2.7194266217375,1.37013458328498,3.28295543119065));
#2062=CARTESIAN_POINT('Ctrl Pts',(-2.85040397643975,0.375262802631373,3.3333333333334));
#2063=CARTESIAN_POINT('Ctrl Pts',(-2.9813657276237,-0.619490457533911,3.3837052338851));
#2064=CARTESIAN_POINT('Ctrl Pts',(-2.54522227785364,-1.67084044606443,3.44968932711842));
#2065=CARTESIAN_POINT('Ctrl Pts',(-1.75018910839394,-2.28089085332931,3.50000000000005));
#2066=CARTESIAN_POINT('Origin',(-5.32907051820075E-14,5.77315972805081E-14,
-3.99999999999999));
#2067=CARTESIAN_POINT('',(-1.75018910839398,-2.2808908533293,1.50000000000004));
#2068=CARTESIAN_POINT('',(-1.75018910839397,-2.2808908533293,1.62499999999999));
#2069=CARTESIAN_POINT('',(-1.75018910839404,-2.2808908533293,-3.99999999999997));
#2070=CARTESIAN_POINT('Ctrl Pts',(-1.75018910839397,-2.2808908533293,2.625));
#2071=CARTESIAN_POINT('Ctrl Pts',(-2.54751111296077,-1.6690841611157,2.57454448682898));
#2072=CARTESIAN_POINT('Ctrl Pts',(-2.98142649070948,-0.61995199899239,2.50872860522886));
#2073=CARTESIAN_POINT('Ctrl Pts',(-2.85040397643976,0.375262802631404,2.45833333333334));
#2074=CARTESIAN_POINT('Ctrl Pts',(-2.71939823706481,1.37035018627919,2.40794451357614));
#2075=CARTESIAN_POINT('Ctrl Pts',(-2.02599672333328,2.27268225570175,2.34197441168001));
#2076=CARTESIAN_POINT('Ctrl Pts',(-1.10021486804579,2.65615365596076,2.29166666666667));
#2077=CARTESIAN_POINT('Ctrl Pts',(-0.174436452742084,3.03962363133184,2.24135910858487));
#2078=CARTESIAN_POINT('Ctrl Pts',(0.953422873119223,2.89227108876616,2.17542034340939));
#2079=CARTESIAN_POINT('Ctrl Pts',(1.75018910839401,2.28089085332941,2.12499999999996));
#2080=CARTESIAN_POINT('Ctrl Pts',(2.5468919660872,1.66955924922147,2.07458366720154));
#2081=CARTESIAN_POINT('Ctrl Pts',(2.98151922333379,0.62065637320452,2.00876427303626));
#2082=CARTESIAN_POINT('Ctrl Pts',(2.85040397643981,-0.375262802631315,1.95833333333328));
#2083=CARTESIAN_POINT('Ctrl Pts',(2.71927096860599,-1.3713168861989,1.90789556222887));
#2084=CARTESIAN_POINT('Ctrl Pts',(2.02605854187613,-2.27265664962281,1.84197777095024));
#2085=CARTESIAN_POINT('Ctrl Pts',(1.10021486804582,-2.65615365596066,1.79166666666663));
#2086=CARTESIAN_POINT('Ctrl Pts',(0.174392635471659,-3.0396417810394,1.74135672751846));
#2087=CARTESIAN_POINT('Ctrl Pts',(-0.954134209982747,-2.89172526079309,
1.6753753291413));
#2088=CARTESIAN_POINT('Ctrl Pts',(-1.75018910839397,-2.2808908533293,1.625));
#2089=CARTESIAN_POINT('Ctrl Pts',(-1.75018910839398,-2.2808908533293,1.50000000000004));
#2090=CARTESIAN_POINT('Ctrl Pts',(-0.953281712294792,-2.89237940527625,
1.55042927623935));
#2091=CARTESIAN_POINT('Ctrl Pts',(0.172404699243311,-3.04046521118634,1.61624870143407));
#2092=CARTESIAN_POINT('Ctrl Pts',(1.10021486804585,-2.65615365596064,1.66666666666669));
#2093=CARTESIAN_POINT('Ctrl Pts',(2.02810802478801,-2.27180772600486,1.71708914153198));
#2094=CARTESIAN_POINT('Ctrl Pts',(2.71960917153068,-1.36874797994298,1.78302564543209));
#2095=CARTESIAN_POINT('Ctrl Pts',(2.85040397643981,-0.375262802631262,1.83333333333334));
#2096=CARTESIAN_POINT('Ctrl Pts',(2.98119915525654,0.618225214790642,1.88364116505089));
#2097=CARTESIAN_POINT('Ctrl Pts',(2.546428599721,1.66991480273957,1.94961298959286));
#2098=CARTESIAN_POINT('Ctrl Pts',(1.75018910839401,2.28089085332941,2.00000000000001));
#2099=CARTESIAN_POINT('Ctrl Pts',(0.953840580703069,2.89195057046399,2.05039391036185));
#2100=CARTESIAN_POINT('Ctrl Pts',(-0.171682386542047,3.04076440290353,2.1162094503697));
#2101=CARTESIAN_POINT('Ctrl Pts',(-1.10021486804574,2.65615365596078,2.16666666666671));
#2102=CARTESIAN_POINT('Ctrl Pts',(-2.02907976636487,2.27140521746471,2.217141946766));
#2103=CARTESIAN_POINT('Ctrl Pts',(-2.71958704641326,1.36891603689434,2.28301713543438));
#2104=CARTESIAN_POINT('Ctrl Pts',(-2.85040397643976,0.375262802631382,2.3333333333334));
#2105=CARTESIAN_POINT('Ctrl Pts',(-2.98121906425347,-0.618376438636248,
2.38364882266096));
#2106=CARTESIAN_POINT('Ctrl Pts',(-2.54586865250463,-1.67034446535039,2.4496484237387));
#2107=CARTESIAN_POINT('Ctrl Pts',(-1.75018910839396,-2.28089085332931,2.50000000000005));
#2108=CARTESIAN_POINT('Origin',(-5.32907051820075E-14,5.77315972805081E-14,
-3.99999999999999));
#2109=CARTESIAN_POINT('',(-1.75018910839399,-2.2808908533293,0.500000000000043));
#2110=CARTESIAN_POINT('',(-1.75018910839398,-2.28089085332931,0.624999999999996));
#2111=CARTESIAN_POINT('',(-1.75018910839404,-2.2808908533293,-3.99999999999997));
#2112=CARTESIAN_POINT('',(2.41062930190266,1.56668164243759,-0.0529033502609289));
#2113=CARTESIAN_POINT('Ctrl Pts',(2.41062930190266,1.56668164243759,-0.0529033502609283));
#2114=CARTESIAN_POINT('Ctrl Pts',(2.2332390256447,1.83962937236359,-0.034349429048651));
#2115=CARTESIAN_POINT('Ctrl Pts',(2.00924339944383,2.08211150445512,-0.0163932728799832));
#2116=CARTESIAN_POINT('Ctrl Pts',(1.75018910839398,2.28089085332942,4.44089209850063E-15));
#2117=CARTESIAN_POINT('Ctrl Pts',(0.952433269241846,2.89303043852866,0.0504829667550677));
#2118=CARTESIAN_POINT('Ctrl Pts',(-0.174242288240678,3.03970405690164,0.116348557526731));
#2119=CARTESIAN_POINT('Ctrl Pts',(-1.10021486804579,2.65615365596077,0.166666666666715));
#2120=CARTESIAN_POINT('Ctrl Pts',(-2.02617289848154,2.27260928156602,0.21698398518204));
#2121=CARTESIAN_POINT('Ctrl Pts',(-2.71950528303777,1.3695370913901,0.282985686735939));
#2122=CARTESIAN_POINT('Ctrl Pts',(-2.85040397643979,0.375262802631378,0.333333333333399));
#2123=CARTESIAN_POINT('Ctrl Pts',(-2.9813365250663,-0.619268642088091,0.383694001687109));
#2124=CARTESIAN_POINT('Ctrl Pts',(-2.54841683977391,-1.66838917248827,0.449487171326768));
#2125=CARTESIAN_POINT('Ctrl Pts',(-1.75018910839398,-2.28089085332931,0.500000000000049));
#2126=CARTESIAN_POINT('',(2.85087610597691,0.371659021567356,-0.0016733269789677));
#2127=CARTESIAN_POINT('Ctrl Pts',(2.85087610597691,0.371659021567356,-0.00167332697896912));
#2128=CARTESIAN_POINT('Ctrl Pts',(2.81879056700258,0.617776809919682,-0.00485723610391236));
#2129=CARTESIAN_POINT('Ctrl Pts',(2.75321044112767,0.866027591264174,-0.0128017443531291));
#2130=CARTESIAN_POINT('Ctrl Pts',(2.58840023519001,1.26369661041045,-0.0324662071494066));
#2131=CARTESIAN_POINT('Ctrl Pts',(2.50566781824832,1.42044731753942,-0.0422458873326612));
#2132=CARTESIAN_POINT('Ctrl Pts',(2.41062930190266,1.56668164243758,-0.0529033502609291));
#2133=CARTESIAN_POINT('',(1.75018910839399,2.28089085332941,0.124999999999966));
#2134=CARTESIAN_POINT('Ctrl Pts',(1.75018910839374,2.28089085332961,0.124999999999973));
#2135=CARTESIAN_POINT('Ctrl Pts',(2.34909848173265,1.8213315278132,0.0871002811891532));
#2136=CARTESIAN_POINT('Ctrl Pts',(2.75371850768935,1.11692352316368,0.040397120703795));
#2137=CARTESIAN_POINT('Ctrl Pts',(2.85087610597691,0.371659021567357,-0.00167332697896514));
#2138=CARTESIAN_POINT('Ctrl Pts',(-1.75018910839398,-2.28089085332931,0.624999999999996));
#2139=CARTESIAN_POINT('Ctrl Pts',(-2.54532948284002,-1.67075818478515,0.574682543055514));
#2140=CARTESIAN_POINT('Ctrl Pts',(-2.98164782983198,-0.621633236542305,
0.508813739034468));
#2141=CARTESIAN_POINT('Ctrl Pts',(-2.85040397643978,0.375262802631404,0.458333333333356));
#2142=CARTESIAN_POINT('Ctrl Pts',(-2.7192107949722,1.37177395032534,0.407872417606407));
#2143=CARTESIAN_POINT('Ctrl Pts',(-2.02752889418838,2.27204760975371,0.342057671100404));
#2144=CARTESIAN_POINT('Ctrl Pts',(-1.10021486804579,2.65615365596076,0.291666666666663));
#2145=CARTESIAN_POINT('Ctrl Pts',(-0.173621926950602,3.03996101896156,0.241314846585579));
#2146=CARTESIAN_POINT('Ctrl Pts',(0.952818112598014,2.89273513783554,0.175458613396009));
#2147=CARTESIAN_POINT('Ctrl Pts',(1.75018910839437,2.28089085332913,0.124999999999933));
#2148=CARTESIAN_POINT('Origin',(-5.32907051820075E-14,6.21724893790088E-14,
-4.4375));
#2149=CARTESIAN_POINT('',(-1.37126205106995,-1.78706349776861,3.00000000000002));
#2150=CARTESIAN_POINT('',(-1.37126205106994,-1.78706349776861,3.12500000000002));
#2151=CARTESIAN_POINT('',(-1.37126205107003,-1.7870634977686,-4.43749999999999));
#2152=CARTESIAN_POINT('',(-2.23049942154564,-0.314369031945161,4.));
#2153=CARTESIAN_POINT('Ctrl Pts',(-1.37126205106994,-1.78706349776861,3.12500000000002));
#2154=CARTESIAN_POINT('Ctrl Pts',(-0.339500459574258,-2.57876201208338,
3.20833333333334));
#2155=CARTESIAN_POINT('Ctrl Pts',(0.862011361708581,-2.08107952035643,3.29166666666666));
#2156=CARTESIAN_POINT('Ctrl Pts',(2.06352318299142,-1.58339702862949,3.37499999999998));
#2157=CARTESIAN_POINT('Ctrl Pts',(2.23327341277857,-0.294016022587771,3.45833333333331));
#2158=CARTESIAN_POINT('Ctrl Pts',(2.40302364256571,0.995364983453944,3.54166666666664));
#2159=CARTESIAN_POINT('Ctrl Pts',(1.37126205107002,1.78706349776871,3.62499999999998));
#2160=CARTESIAN_POINT('Ctrl Pts',(0.339500459574333,2.57876201208348,3.70833333333333));
#2161=CARTESIAN_POINT('Ctrl Pts',(-0.862011361708497,2.08107952035653,3.79166666666668));
#2162=CARTESIAN_POINT('Ctrl Pts',(-2.06352318299134,1.5833970286296,3.87500000000002));
#2163=CARTESIAN_POINT('Ctrl Pts',(-2.23327341277848,0.294016022587877,3.95833333333336));
#2164=CARTESIAN_POINT('Ctrl Pts',(-2.27334600620443,-0.0103655437348512,
3.97800566479166));
#2165=CARTESIAN_POINT('Ctrl Pts',(-2.23049942154564,-0.314369031945161,
4.));
#2166=CARTESIAN_POINT('',(-1.37126205106993,-1.78706349776861,4.00000000000001));
#2167=CARTESIAN_POINT('Origin',(4.81302901494088E-14,5.89937270624745E-14,
4.));
#2168=CARTESIAN_POINT('Ctrl Pts',(-1.37126205106995,-1.78706349776861,3.00000000000002));
#2169=CARTESIAN_POINT('Ctrl Pts',(-0.339500459574258,-2.57876201208338,
3.08333333333334));
#2170=CARTESIAN_POINT('Ctrl Pts',(0.862011361708581,-2.08107952035643,3.16666666666666));
#2171=CARTESIAN_POINT('Ctrl Pts',(2.06352318299142,-1.58339702862949,3.24999999999997));
#2172=CARTESIAN_POINT('Ctrl Pts',(2.23327341277857,-0.294016022587771,3.3333333333333));
#2173=CARTESIAN_POINT('Ctrl Pts',(2.40302364256571,0.995364983453944,3.41666666666664));
#2174=CARTESIAN_POINT('Ctrl Pts',(1.37126205107002,1.78706349776871,3.49999999999998));
#2175=CARTESIAN_POINT('Ctrl Pts',(0.339500459574333,2.57876201208348,3.58333333333333));
#2176=CARTESIAN_POINT('Ctrl Pts',(-0.862011361708497,2.08107952035653,3.66666666666668));
#2177=CARTESIAN_POINT('Ctrl Pts',(-2.06352318299134,1.5833970286296,3.75000000000003));
#2178=CARTESIAN_POINT('Ctrl Pts',(-2.23327341277848,0.294016022587877,3.83333333333336));
#2179=CARTESIAN_POINT('Ctrl Pts',(-2.40302364256562,-0.995364983453841,
3.9166666666667));
#2180=CARTESIAN_POINT('Ctrl Pts',(-1.37126205106993,-1.78706349776861,4.00000000000002));
#2181=CARTESIAN_POINT('Origin',(-5.32907051820075E-14,6.21724893790088E-14,
-4.4375));
#2182=CARTESIAN_POINT('',(-1.37126205106996,-1.78706349776861,2.00000000000002));
#2183=CARTESIAN_POINT('',(-1.37126205106996,-1.78706349776861,2.12500000000002));
#2184=CARTESIAN_POINT('',(-1.37126205107003,-1.7870634977686,-4.43749999999999));
#2185=CARTESIAN_POINT('Ctrl Pts',(-1.37126205106996,-1.78706349776861,2.12500000000002));
#2186=CARTESIAN_POINT('Ctrl Pts',(-0.339500459574271,-2.57876201208338,
2.20833333333334));
#2187=CARTESIAN_POINT('Ctrl Pts',(0.862011361708568,-2.08107952035643,2.29166666666666));
#2188=CARTESIAN_POINT('Ctrl Pts',(2.06352318299141,-1.58339702862949,2.37499999999998));
#2189=CARTESIAN_POINT('Ctrl Pts',(2.23327341277856,-0.294016022587771,2.4583333333333));
#2190=CARTESIAN_POINT('Ctrl Pts',(2.4030236425657,0.995364983453944,2.54166666666664));
#2191=CARTESIAN_POINT('Ctrl Pts',(1.37126205107001,1.78706349776871,2.62499999999998));
#2192=CARTESIAN_POINT('Ctrl Pts',(0.339500459574325,2.57876201208348,2.70833333333333));
#2193=CARTESIAN_POINT('Ctrl Pts',(-0.862011361708506,2.08107952035653,2.79166666666668));
#2194=CARTESIAN_POINT('Ctrl Pts',(-2.06352318299135,1.5833970286296,2.87500000000002));
#2195=CARTESIAN_POINT('Ctrl Pts',(-2.23327341277849,0.294016022587877,2.95833333333336));
#2196=CARTESIAN_POINT('Ctrl Pts',(-2.40302364256563,-0.995364983453841,
3.0416666666667));
#2197=CARTESIAN_POINT('Ctrl Pts',(-1.37126205106994,-1.78706349776861,3.12500000000002));
#2198=CARTESIAN_POINT('Ctrl Pts',(-1.37126205106996,-1.78706349776861,2.00000000000002));
#2199=CARTESIAN_POINT('Ctrl Pts',(-0.339500459574271,-2.57876201208338,
2.08333333333333));
#2200=CARTESIAN_POINT('Ctrl Pts',(0.862011361708568,-2.08107952035643,2.16666666666666));
#2201=CARTESIAN_POINT('Ctrl Pts',(2.0635231829914,-1.58339702862949,2.24999999999997));
#2202=CARTESIAN_POINT('Ctrl Pts',(2.23327341277856,-0.294016022587771,2.3333333333333));
#2203=CARTESIAN_POINT('Ctrl Pts',(2.4030236425657,0.995364983453944,2.41666666666664));
#2204=CARTESIAN_POINT('Ctrl Pts',(1.37126205107001,1.78706349776871,2.49999999999999));
#2205=CARTESIAN_POINT('Ctrl Pts',(0.33950045957432,2.57876201208348,2.58333333333333));
#2206=CARTESIAN_POINT('Ctrl Pts',(-0.86201136170851,2.08107952035653,2.66666666666668));
#2207=CARTESIAN_POINT('Ctrl Pts',(-2.06352318299135,1.5833970286296,2.75000000000003));
#2208=CARTESIAN_POINT('Ctrl Pts',(-2.23327341277849,0.294016022587877,2.83333333333336));
#2209=CARTESIAN_POINT('Ctrl Pts',(-2.40302364256563,-0.995364983453841,
2.9166666666667));
#2210=CARTESIAN_POINT('Ctrl Pts',(-1.37126205106995,-1.78706349776861,3.00000000000002));
#2211=CARTESIAN_POINT('Origin',(-5.32907051820075E-14,6.21724893790088E-14,
-4.4375));
#2212=CARTESIAN_POINT('',(-1.37126205106997,-1.78706349776861,1.00000000000001));
#2213=CARTESIAN_POINT('',(-1.37126205106997,-1.78706349776861,1.12500000000002));
#2214=CARTESIAN_POINT('',(-1.37126205107003,-1.7870634977686,-4.43749999999999));
#2215=CARTESIAN_POINT('Ctrl Pts',(-1.37126205106997,-1.78706349776861,1.12500000000002));
#2216=CARTESIAN_POINT('Ctrl Pts',(-0.339500459574285,-2.57876201208338,
1.20833333333334));
#2217=CARTESIAN_POINT('Ctrl Pts',(0.862011361708559,-2.08107952035643,1.29166666666666));
#2218=CARTESIAN_POINT('Ctrl Pts',(2.06352318299139,-1.58339702862949,1.37499999999998));
#2219=CARTESIAN_POINT('Ctrl Pts',(2.23327341277855,-0.294016022587771,1.4583333333333));
#2220=CARTESIAN_POINT('Ctrl Pts',(2.40302364256569,0.995364983453944,1.54166666666664));
#2221=CARTESIAN_POINT('Ctrl Pts',(1.37126205107,1.78706349776871,1.62499999999998));
#2222=CARTESIAN_POINT('Ctrl Pts',(0.339500459574311,2.57876201208348,1.70833333333333));
#2223=CARTESIAN_POINT('Ctrl Pts',(-0.862011361708519,2.08107952035653,1.79166666666668));
#2224=CARTESIAN_POINT('Ctrl Pts',(-2.06352318299137,1.5833970286296,1.87500000000003));
#2225=CARTESIAN_POINT('Ctrl Pts',(-2.2332734127785,0.294016022587877,1.95833333333336));
#2226=CARTESIAN_POINT('Ctrl Pts',(-2.40302364256564,-0.995364983453841,
2.0416666666667));
#2227=CARTESIAN_POINT('Ctrl Pts',(-1.37126205106996,-1.78706349776861,2.12500000000002));
#2228=CARTESIAN_POINT('Ctrl Pts',(-1.37126205106997,-1.78706349776861,1.00000000000001));
#2229=CARTESIAN_POINT('Ctrl Pts',(-0.339500459574285,-2.57876201208338,
1.08333333333334));
#2230=CARTESIAN_POINT('Ctrl Pts',(0.862011361708555,-2.08107952035643,1.16666666666666));
#2231=CARTESIAN_POINT('Ctrl Pts',(2.06352318299139,-1.58339702862949,1.24999999999998));
#2232=CARTESIAN_POINT('Ctrl Pts',(2.23327341277855,-0.294016022587771,1.3333333333333));
#2233=CARTESIAN_POINT('Ctrl Pts',(2.40302364256569,0.995364983453944,1.41666666666664));
#2234=CARTESIAN_POINT('Ctrl Pts',(1.37126205106999,1.78706349776871,1.49999999999999));
#2235=CARTESIAN_POINT('Ctrl Pts',(0.339500459574307,2.57876201208348,1.58333333333333));
#2236=CARTESIAN_POINT('Ctrl Pts',(-0.862011361708519,2.08107952035653,1.66666666666668));
#2237=CARTESIAN_POINT('Ctrl Pts',(-2.06352318299137,1.5833970286296,1.75000000000002));
#2238=CARTESIAN_POINT('Ctrl Pts',(-2.23327341277851,0.294016022587877,1.83333333333335));
#2239=CARTESIAN_POINT('Ctrl Pts',(-2.40302364256565,-0.995364983453841,
1.9166666666667));
#2240=CARTESIAN_POINT('Ctrl Pts',(-1.37126205106996,-1.78706349776861,2.00000000000002));
#2241=CARTESIAN_POINT('Origin',(-5.32907051820075E-14,6.21724893790088E-14,
-4.4375));
#2242=CARTESIAN_POINT('',(-1.37126205106998,-1.78706349776861,8.88178419700125E-15));
#2243=CARTESIAN_POINT('',(-1.37126205106998,-1.78706349776861,0.125000000000015));
#2244=CARTESIAN_POINT('',(-1.37126205107003,-1.7870634977686,-4.43749999999999));
#2245=CARTESIAN_POINT('',(-2.23049942154569,-0.314369031945139,7.20464542882273E-17));
#2246=CARTESIAN_POINT('Origin',(4.92256959966218E-17,6.0500695864387E-14,
5.55111512312578E-16));
#2247=CARTESIAN_POINT('Ctrl Pts',(-2.23049942154569,-0.314369031945139,
1.44092908576455E-16));
#2248=CARTESIAN_POINT('Ctrl Pts',(-2.10195966756921,-1.22637949657684,0.0659830056250628));
#2249=CARTESIAN_POINT('Ctrl Pts',(-1.37126205106998,-1.78706349776861,0.125000000000015));
#2250=CARTESIAN_POINT('Origin',(-5.32907051820075E-14,6.21724893790088E-14,
-4.4375));
#2251=CARTESIAN_POINT('',(-1.37126205106975,-1.78706349776861,19.));
#2252=CARTESIAN_POINT('',(-1.37126205106975,-1.78706349776861,19.125));
#2253=CARTESIAN_POINT('',(-1.37126205107003,-1.7870634977686,-4.43749999999999));
#2254=CARTESIAN_POINT('',(-2.23049942154544,-0.314369031945211,20.));
#2255=CARTESIAN_POINT('Ctrl Pts',(-1.37126205106975,-1.78706349776861,19.125));
#2256=CARTESIAN_POINT('Ctrl Pts',(-0.339500459574067,-2.57876201208338,
19.2083333333333));
#2257=CARTESIAN_POINT('Ctrl Pts',(0.862011361708772,-2.08107952035643,19.2916666666667));
#2258=CARTESIAN_POINT('Ctrl Pts',(2.06352318299161,-1.58339702862949,19.375));
#2259=CARTESIAN_POINT('Ctrl Pts',(2.23327341277876,-0.294016022587775,19.4583333333333));
#2260=CARTESIAN_POINT('Ctrl Pts',(2.4030236425659,0.995364983453939,19.5416666666666));
#2261=CARTESIAN_POINT('Ctrl Pts',(1.37126205107021,1.78706349776871,19.625));
#2262=CARTESIAN_POINT('Ctrl Pts',(0.339500459574529,2.57876201208348,19.7083333333333));
#2263=CARTESIAN_POINT('Ctrl Pts',(-0.862011361708301,2.08107952035653,19.7916666666667));
#2264=CARTESIAN_POINT('Ctrl Pts',(-2.06352318299115,1.5833970286296,19.875));
#2265=CARTESIAN_POINT('Ctrl Pts',(-2.23327341277829,0.294016022587873,19.9583333333334));
#2266=CARTESIAN_POINT('Ctrl Pts',(-2.27334600620424,-0.0103655437348788,
19.9780056647917));
#2267=CARTESIAN_POINT('Ctrl Pts',(-2.23049942154544,-0.314369031945211,
20.));
#2268=CARTESIAN_POINT('',(-1.37126205106974,-1.78706349776861,20.));
#2269=CARTESIAN_POINT('Origin',(2.40454547963057E-13,5.29658518548243E-14,
20.));
#2270=CARTESIAN_POINT('Ctrl Pts',(-1.37126205106975,-1.78706349776861,19.));
#2271=CARTESIAN_POINT('Ctrl Pts',(-0.339500459574067,-2.57876201208338,
19.0833333333333));
#2272=CARTESIAN_POINT('Ctrl Pts',(0.862011361708772,-2.08107952035643,19.1666666666667));
#2273=CARTESIAN_POINT('Ctrl Pts',(2.06352318299161,-1.58339702862949,19.25));
#2274=CARTESIAN_POINT('Ctrl Pts',(2.23327341277876,-0.294016022587775,19.3333333333333));
#2275=CARTESIAN_POINT('Ctrl Pts',(2.4030236425659,0.995364983453939,19.4166666666666));
#2276=CARTESIAN_POINT('Ctrl Pts',(1.37126205107021,1.78706349776871,19.5));
#2277=CARTESIAN_POINT('Ctrl Pts',(0.339500459574524,2.57876201208348,19.5833333333333));
#2278=CARTESIAN_POINT('Ctrl Pts',(-0.862011361708306,2.08107952035653,19.6666666666667));
#2279=CARTESIAN_POINT('Ctrl Pts',(-2.06352318299115,1.5833970286296,19.75));
#2280=CARTESIAN_POINT('Ctrl Pts',(-2.23327341277829,0.294016022587873,19.8333333333334));
#2281=CARTESIAN_POINT('Ctrl Pts',(-2.40302364256543,-0.995364983453846,
19.9166666666667));
#2282=CARTESIAN_POINT('Ctrl Pts',(-1.37126205106974,-1.78706349776861,20.));
#2283=CARTESIAN_POINT('Origin',(-5.32907051820075E-14,6.21724893790088E-14,
-4.4375));
#2284=CARTESIAN_POINT('',(-1.37126205106977,-1.78706349776861,18.));
#2285=CARTESIAN_POINT('',(-1.37126205106977,-1.78706349776861,18.125));
#2286=CARTESIAN_POINT('',(-1.37126205107003,-1.7870634977686,-4.43749999999999));
#2287=CARTESIAN_POINT('Ctrl Pts',(-1.37126205106977,-1.78706349776861,18.125));
#2288=CARTESIAN_POINT('Ctrl Pts',(-0.33950045957408,-2.57876201208338,18.2083333333333));
#2289=CARTESIAN_POINT('Ctrl Pts',(0.862011361708763,-2.08107952035643,18.2916666666667));
#2290=CARTESIAN_POINT('Ctrl Pts',(2.0635231829916,-1.58339702862949,18.375));
#2291=CARTESIAN_POINT('Ctrl Pts',(2.23327341277875,-0.294016022587775,18.4583333333333));
#2292=CARTESIAN_POINT('Ctrl Pts',(2.40302364256589,0.995364983453939,18.5416666666666));
#2293=CARTESIAN_POINT('Ctrl Pts',(1.3712620510702,1.78706349776871,18.625));
#2294=CARTESIAN_POINT('Ctrl Pts',(0.339500459574515,2.57876201208348,18.7083333333333));
#2295=CARTESIAN_POINT('Ctrl Pts',(-0.862011361708315,2.08107952035653,18.7916666666667));
#2296=CARTESIAN_POINT('Ctrl Pts',(-2.06352318299116,1.5833970286296,18.875));
#2297=CARTESIAN_POINT('Ctrl Pts',(-2.2332734127783,0.294016022587873,18.9583333333334));
#2298=CARTESIAN_POINT('Ctrl Pts',(-2.40302364256544,-0.995364983453846,
19.0416666666667));
#2299=CARTESIAN_POINT('Ctrl Pts',(-1.37126205106975,-1.78706349776861,19.125));
#2300=CARTESIAN_POINT('Ctrl Pts',(-1.37126205106977,-1.78706349776861,18.));
#2301=CARTESIAN_POINT('Ctrl Pts',(-0.33950045957408,-2.57876201208338,18.0833333333333));
#2302=CARTESIAN_POINT('Ctrl Pts',(0.862011361708759,-2.08107952035643,18.1666666666667));
#2303=CARTESIAN_POINT('Ctrl Pts',(2.0635231829916,-1.58339702862949,18.25));
#2304=CARTESIAN_POINT('Ctrl Pts',(2.23327341277875,-0.294016022587775,18.3333333333333));
#2305=CARTESIAN_POINT('Ctrl Pts',(2.40302364256589,0.995364983453939,18.4166666666666));
#2306=CARTESIAN_POINT('Ctrl Pts',(1.3712620510702,1.78706349776871,18.5));
#2307=CARTESIAN_POINT('Ctrl Pts',(0.339500459574515,2.57876201208348,18.5833333333333));
#2308=CARTESIAN_POINT('Ctrl Pts',(-0.862011361708315,2.08107952035653,18.6666666666667));
#2309=CARTESIAN_POINT('Ctrl Pts',(-2.06352318299116,1.5833970286296,18.75));
#2310=CARTESIAN_POINT('Ctrl Pts',(-2.2332734127783,0.294016022587873,18.8333333333334));
#2311=CARTESIAN_POINT('Ctrl Pts',(-2.40302364256544,-0.995364983453846,
18.9166666666667));
#2312=CARTESIAN_POINT('Ctrl Pts',(-1.37126205106975,-1.78706349776861,19.));
#2313=CARTESIAN_POINT('Origin',(-5.32907051820075E-14,6.21724893790088E-14,
-4.4375));
#2314=CARTESIAN_POINT('',(-1.37126205106978,-1.78706349776861,17.));
#2315=CARTESIAN_POINT('',(-1.37126205106978,-1.78706349776861,17.125));
#2316=CARTESIAN_POINT('',(-1.37126205107003,-1.7870634977686,-4.43749999999999));
#2317=CARTESIAN_POINT('Ctrl Pts',(-1.37126205106977,-1.78706349776861,17.125));
#2318=CARTESIAN_POINT('Ctrl Pts',(-0.339500459574089,-2.57876201208338,
17.2083333333333));
#2319=CARTESIAN_POINT('Ctrl Pts',(0.86201136170875,-2.08107952035643,17.2916666666667));
#2320=CARTESIAN_POINT('Ctrl Pts',(2.06352318299158,-1.58339702862949,17.375));
#2321=CARTESIAN_POINT('Ctrl Pts',(2.23327341277874,-0.294016022587775,17.4583333333333));
#2322=CARTESIAN_POINT('Ctrl Pts',(2.40302364256588,0.995364983453939,17.5416666666666));
#2323=CARTESIAN_POINT('Ctrl Pts',(1.37126205107019,1.78706349776871,17.625));
#2324=CARTESIAN_POINT('Ctrl Pts',(0.339500459574502,2.57876201208348,17.7083333333333));
#2325=CARTESIAN_POINT('Ctrl Pts',(-0.862011361708328,2.08107952035653,17.7916666666667));
#2326=CARTESIAN_POINT('Ctrl Pts',(-2.06352318299117,1.5833970286296,17.875));
#2327=CARTESIAN_POINT('Ctrl Pts',(-2.23327341277831,0.294016022587873,17.9583333333334));
#2328=CARTESIAN_POINT('Ctrl Pts',(-2.40302364256545,-0.995364983453846,
18.0416666666667));
#2329=CARTESIAN_POINT('Ctrl Pts',(-1.37126205106977,-1.78706349776861,18.125));
#2330=CARTESIAN_POINT('Ctrl Pts',(-1.37126205106978,-1.78706349776861,17.));
#2331=CARTESIAN_POINT('Ctrl Pts',(-0.339500459574094,-2.57876201208338,
17.0833333333333));
#2332=CARTESIAN_POINT('Ctrl Pts',(0.86201136170875,-2.08107952035643,17.1666666666667));
#2333=CARTESIAN_POINT('Ctrl Pts',(2.06352318299158,-1.58339702862949,17.25));
#2334=CARTESIAN_POINT('Ctrl Pts',(2.23327341277874,-0.294016022587775,17.3333333333333));
#2335=CARTESIAN_POINT('Ctrl Pts',(2.40302364256588,0.995364983453939,17.4166666666666));
#2336=CARTESIAN_POINT('Ctrl Pts',(1.37126205107019,1.78706349776871,17.5));
#2337=CARTESIAN_POINT('Ctrl Pts',(0.339500459574502,2.57876201208348,17.5833333333333));
#2338=CARTESIAN_POINT('Ctrl Pts',(-0.862011361708328,2.08107952035653,17.6666666666667));
#2339=CARTESIAN_POINT('Ctrl Pts',(-2.06352318299118,1.5833970286296,17.75));
#2340=CARTESIAN_POINT('Ctrl Pts',(-2.23327341277832,0.294016022587873,17.8333333333334));
#2341=CARTESIAN_POINT('Ctrl Pts',(-2.40302364256545,-0.995364983453846,
17.9166666666667));
#2342=CARTESIAN_POINT('Ctrl Pts',(-1.37126205106977,-1.78706349776861,18.));
#2343=CARTESIAN_POINT('Origin',(-5.32907051820075E-14,6.21724893790088E-14,
-4.4375));
#2344=CARTESIAN_POINT('',(-1.37126205106979,-1.78706349776861,16.));
#2345=CARTESIAN_POINT('',(-1.37126205106979,-1.78706349776861,16.125));
#2346=CARTESIAN_POINT('',(-1.37126205107003,-1.7870634977686,-4.43749999999999));
#2347=CARTESIAN_POINT('',(-2.23049942154549,-0.314369031945211,16.));
#2348=CARTESIAN_POINT('Origin',(1.92373483509645E-13,5.44728206567368E-14,
16.));
#2349=CARTESIAN_POINT('Ctrl Pts',(-2.23049942154549,-0.314369031945211,
16.));
#2350=CARTESIAN_POINT('Ctrl Pts',(-2.10195966756899,-1.22637949657687,16.0659830056251));
#2351=CARTESIAN_POINT('Ctrl Pts',(-1.37126205106979,-1.78706349776861,16.125));
#2352=CARTESIAN_POINT('Origin',(-5.32907051820075E-14,5.77315972805081E-14,
-3.99999999999999));
#2353=CARTESIAN_POINT('',(-1.75018910839377,-2.2808908533293,19.5));
#2354=CARTESIAN_POINT('',(-1.75018910839375,-2.28089085332931,19.625));
#2355=CARTESIAN_POINT('',(-1.75018910839404,-2.2808908533293,-3.99999999999997));
#2356=CARTESIAN_POINT('',(2.85737645368639,0.317843989816448,19.9953002277022));
#2357=CARTESIAN_POINT('Ctrl Pts',(2.85737645368639,0.317843989816449,19.9953002277022));
#2358=CARTESIAN_POINT('Ctrl Pts',(2.88292779982926,0.0881406851517867,19.9824308793791));
#2359=CARTESIAN_POINT('Ctrl Pts',(2.88066268924717,-0.145425060380549,19.9699717610312));
#2360=CARTESIAN_POINT('Ctrl Pts',(2.85040397644001,-0.375262802631298,19.9583333333333));
#2361=CARTESIAN_POINT('Ctrl Pts',(2.71926233146166,-1.37138249182525,19.9078922401185));
#2362=CARTESIAN_POINT('Ctrl Pts',(2.02781800633228,-2.27192785558266,19.8420733816913));
#2363=CARTESIAN_POINT('Ctrl Pts',(1.10021486804604,-2.65615365596066,19.7916666666666));
#2364=CARTESIAN_POINT('Ctrl Pts',(0.172590032079856,-3.04038844381196,19.7412587725723));
#2365=CARTESIAN_POINT('Ctrl Pts',(-0.955210267028566,-2.89089957318107,
19.6753072349332));
#2366=CARTESIAN_POINT('Ctrl Pts',(-1.75018910839374,-2.28089085332932,19.625));
#2367=CARTESIAN_POINT('',(2.5832310524499,1.26195971790006,19.9269471900567));
#2368=CARTESIAN_POINT('Ctrl Pts',(2.5832310524499,1.26195971790006,19.9269471900567));
#2369=CARTESIAN_POINT('Ctrl Pts',(2.6087947952831,1.20963074624838,19.9330082824483));
#2370=CARTESIAN_POINT('Ctrl Pts',(2.63280447456934,1.15644678304241,19.9387867576159));
#2371=CARTESIAN_POINT('Ctrl Pts',(2.75983469637071,0.850535459534098,19.9697081854891));
#2372=CARTESIAN_POINT('Ctrl Pts',(2.82794202921945,0.582455667539934,19.9875626456099));
#2373=CARTESIAN_POINT('Ctrl Pts',(2.85737645368639,0.317843989816449,19.9953002277022));
#2374=CARTESIAN_POINT('Ctrl Pts',(-1.75018910839376,-2.28089085332931,19.5));
#2375=CARTESIAN_POINT('Ctrl Pts',(-0.953325847711507,-2.89234553897972,
19.5504264832961));
#2376=CARTESIAN_POINT('Ctrl Pts',(0.174399821147317,-3.03963880463519,19.616357117994));
#2377=CARTESIAN_POINT('Ctrl Pts',(1.10021486804605,-2.65615365596065,19.6666666666667));
#2378=CARTESIAN_POINT('Ctrl Pts',(2.02601202265114,-2.2726759185168,19.7169752430575));
#2379=CARTESIAN_POINT('Ctrl Pts',(2.71941098108386,-1.37025338584601,19.7829494153161));
#2380=CARTESIAN_POINT('Ctrl Pts',(2.85040397644002,-0.375262802631307,19.8333333333333));
#2381=CARTESIAN_POINT('Ctrl Pts',(2.92364270558071,0.181040575449888,19.8615031916886));
#2382=CARTESIAN_POINT('Ctrl Pts',(2.82925344795942,0.758351969836748,19.8945169532101));
#2383=CARTESIAN_POINT('Ctrl Pts',(2.5832310524499,1.26195971790007,19.9269471900567));
#2384=CARTESIAN_POINT('Origin',(-5.32907051820075E-14,5.77315972805081E-14,
-3.99999999999999));
#2385=CARTESIAN_POINT('',(-1.75018910839377,-2.28089085332931,18.5));
#2386=CARTESIAN_POINT('',(-1.75018910839376,-2.28089085332931,18.625));
#2387=CARTESIAN_POINT('',(-1.75018910839404,-2.2808908533293,-3.99999999999997));
#2388=CARTESIAN_POINT('Ctrl Pts',(-1.75018910839375,-2.28089085332931,19.625));
#2389=CARTESIAN_POINT('Ctrl Pts',(-2.54517501240972,-1.670876714115,19.5746923181336));
#2390=CARTESIAN_POINT('Ctrl Pts',(-2.98143914640582,-0.620048128551525,
19.5087334729974));
#2391=CARTESIAN_POINT('Ctrl Pts',(-2.85040397643955,0.3752628026314,19.4583333333333));
#2392=CARTESIAN_POINT('Ctrl Pts',(-2.71935948721129,1.37064452063682,19.4079296091957));
#2393=CARTESIAN_POINT('Ctrl Pts',(-2.02852871149639,2.27163347186472,19.3421120019926));
#2394=CARTESIAN_POINT('Ctrl Pts',(-1.10021486804558,2.65615365596075,19.2916666666667));
#2395=CARTESIAN_POINT('Ctrl Pts',(-0.171649775757072,3.04077791073289,19.2412076782729));
#2396=CARTESIAN_POINT('Ctrl Pts',(0.955124864410011,2.89096510491558,19.1753126393156));
#2397=CARTESIAN_POINT('Ctrl Pts',(1.7501891083942,2.28089085332943,19.125));
#2398=CARTESIAN_POINT('Ctrl Pts',(2.54524550368127,1.67082262426039,19.0746878573595));
#2399=CARTESIAN_POINT('Ctrl Pts',(2.98133692733866,0.619271697648234,19.0086941564132));
#2400=CARTESIAN_POINT('Ctrl Pts',(2.85040397644002,-0.375262802631275,18.9583333333333));
#2401=CARTESIAN_POINT('Ctrl Pts',(2.71944274807019,-1.37001209162892,18.9079616338719));
#2402=CARTESIAN_POINT('Ctrl Pts',(2.02941937546021,-2.2712645467715,18.8421604014026));
#2403=CARTESIAN_POINT('Ctrl Pts',(1.10021486804604,-2.65615365596066,18.7916666666666));
#2404=CARTESIAN_POINT('Ctrl Pts',(0.17035085435301,-3.04131594159498,18.7411370938188));
#2405=CARTESIAN_POINT('Ctrl Pts',(-0.954817834983469,-2.89120069688023,
18.6753320685138));
#2406=CARTESIAN_POINT('Ctrl Pts',(-1.75018910839377,-2.28089085332931,18.625));
#2407=CARTESIAN_POINT('Ctrl Pts',(-1.75018910839377,-2.28089085332931,18.5));
#2408=CARTESIAN_POINT('Ctrl Pts',(-0.954583311700151,-2.89138065292483,
18.5503469094345));
#2409=CARTESIAN_POINT('Ctrl Pts',(0.174249944790761,-3.03970088545477,18.6163489735899));
#2410=CARTESIAN_POINT('Ctrl Pts',(1.10021486804605,-2.65615365596065,18.6666666666667));
#2411=CARTESIAN_POINT('Ctrl Pts',(2.02619461014516,-2.27260028830043,18.7169851650116));
#2412=CARTESIAN_POINT('Ctrl Pts',(2.71914956198991,-1.37223906100394,18.7828488655259));
#2413=CARTESIAN_POINT('Ctrl Pts',(2.85040397644001,-0.375262802631307,18.8333333333333));
#2414=CARTESIAN_POINT('Ctrl Pts',(2.98160474769654,0.621305995233135,18.8837971683256));
#2415=CARTESIAN_POINT('Ctrl Pts',(2.54645626108147,1.66989357743132,18.9496112391481));
#2416=CARTESIAN_POINT('Ctrl Pts',(1.75018910839423,2.2808908533294,19.));
#2417=CARTESIAN_POINT('Ctrl Pts',(0.954057195812674,2.89178435584454,19.0503802026924));
#2418=CARTESIAN_POINT('Ctrl Pts',(-0.174421500064965,3.03962982493337,19.1163582960442));
#2419=CARTESIAN_POINT('Ctrl Pts',(-1.10021486804555,2.65615365596077,19.1666666666667));
#2420=CARTESIAN_POINT('Ctrl Pts',(-2.02600862602669,2.27267732544465,19.2169750584822));
#2421=CARTESIAN_POINT('Ctrl Pts',(-2.71928886421005,1.37118095558901,19.2829024454265));
#2422=CARTESIAN_POINT('Ctrl Pts',(-2.85040397643954,0.375262802631395,19.3333333333334));
#2423=CARTESIAN_POINT('Ctrl Pts',(-2.98150214111648,-0.620526620884041,
19.3837577026925));
#2424=CARTESIAN_POINT('Ctrl Pts',(-2.54699588838803,-1.66947950683509,19.4495770908711));
#2425=CARTESIAN_POINT('Ctrl Pts',(-1.75018910839378,-2.28089085332929,19.5));
#2426=CARTESIAN_POINT('Origin',(-5.32907051820075E-14,5.77315972805081E-14,
-3.99999999999999));
#2427=CARTESIAN_POINT('',(-1.75018910839379,-2.2808908533293,17.5));
#2428=CARTESIAN_POINT('',(-1.75018910839377,-2.28089085332931,17.625));
#2429=CARTESIAN_POINT('',(-1.75018910839404,-2.2808908533293,-3.99999999999997));
#2430=CARTESIAN_POINT('Ctrl Pts',(-1.75018910839376,-2.28089085332931,18.625));
#2431=CARTESIAN_POINT('Ctrl Pts',(-2.5455582042807,-1.67058268065084,18.5746680692825));
#2432=CARTESIAN_POINT('Ctrl Pts',(-2.98126381985753,-0.618716391201124,
18.5086660370371));
#2433=CARTESIAN_POINT('Ctrl Pts',(-2.85040397643957,0.375262802631395,18.4583333333333));
#2434=CARTESIAN_POINT('Ctrl Pts',(-2.71953964986072,1.36927604945164,18.4079989052686));
#2435=CARTESIAN_POINT('Ctrl Pts',(-2.02994923103229,2.27104507340736,18.3421891941888));
#2436=CARTESIAN_POINT('Ctrl Pts',(-1.10021486804558,2.65615365596076,18.2916666666667));
#2437=CARTESIAN_POINT('Ctrl Pts',(-0.171111307292962,3.04100095167363,18.2411784174551));
#2438=CARTESIAN_POINT('Ctrl Pts',(0.954234913480785,2.89164798828155,18.1753689565006));
#2439=CARTESIAN_POINT('Ctrl Pts',(1.75018910839419,2.28089085332942,18.125));
#2440=CARTESIAN_POINT('Ctrl Pts',(2.54601941404418,1.67022878195264,18.0746388833637));
#2441=CARTESIAN_POINT('Ctrl Pts',(2.98121473509598,0.618343555418615,18.0086471575342));
#2442=CARTESIAN_POINT('Ctrl Pts',(2.85040397643999,-0.375262802631311,17.9583333333333));
#2443=CARTESIAN_POINT('Ctrl Pts',(2.71960162095808,-1.36880533223728,17.9080227412505));
#2444=CARTESIAN_POINT('Ctrl Pts',(2.02812284568813,-2.27180158698711,17.8420899469118));
#2445=CARTESIAN_POINT('Ctrl Pts',(1.10021486804601,-2.65615365596066,17.7916666666666));
#2446=CARTESIAN_POINT('Ctrl Pts',(0.17236158819808,-3.04048306836602,17.7412463587445));
#2447=CARTESIAN_POINT('Ctrl Pts',(-0.953318977487243,-2.89235081068822,
17.6754269180523));
#2448=CARTESIAN_POINT('Ctrl Pts',(-1.75018910839377,-2.28089085332932,17.625));
#2449=CARTESIAN_POINT('Ctrl Pts',(-1.75018910839382,-2.28089085332928,17.5));
#2450=CARTESIAN_POINT('Ctrl Pts',(-0.955175474521189,-2.89092627041101,
17.5503094366458));
#2451=CARTESIAN_POINT('Ctrl Pts',(0.173139176507928,-3.04016098074214,17.6162886135308));
#2452=CARTESIAN_POINT('Ctrl Pts',(1.10021486804601,-2.65615365596066,17.6666666666667));
#2453=CARTESIAN_POINT('Ctrl Pts',(2.02738046389196,-2.27210909159552,17.7170496052764));
#2454=CARTESIAN_POINT('Ctrl Pts',(2.71918932747697,-1.37193701214193,17.7828641605501));
#2455=CARTESIAN_POINT('Ctrl Pts',(2.85040397644,-0.375262802631302,17.8333333333333));
#2456=CARTESIAN_POINT('Ctrl Pts',(2.98168181826042,0.621891404285853,17.8838268120249));
#2457=CARTESIAN_POINT('Ctrl Pts',(2.54544178381421,1.67067201321716,17.9496754365123));
#2458=CARTESIAN_POINT('Ctrl Pts',(1.75018910839421,2.2808908533294,18.));
#2459=CARTESIAN_POINT('Ctrl Pts',(0.954963780913411,2.89108870862984,18.0503228328766));
#2460=CARTESIAN_POINT('Ctrl Pts',(-0.173777912799644,3.03989640750727,18.1163233229845));
#2461=CARTESIAN_POINT('Ctrl Pts',(-1.10021486804558,2.65615365596076,18.1666666666667));
#2462=CARTESIAN_POINT('Ctrl Pts',(-2.02684494292481,2.27233091164299,18.2170205046281));
#2463=CARTESIAN_POINT('Ctrl Pts',(-2.71907754936043,1.37278605122727,18.2828211672633));
#2464=CARTESIAN_POINT('Ctrl Pts',(-2.85040397643958,0.375262802631355,18.3333333333334));
#2465=CARTESIAN_POINT('Ctrl Pts',(-2.98185518330732,-0.623208242557012,
18.383893493532));
#2466=CARTESIAN_POINT('Ctrl Pts',(-2.545832445216,-1.67037224817997,18.4496507149803));
#2467=CARTESIAN_POINT('Ctrl Pts',(-1.75018910839378,-2.2808908533293,18.5));
#2468=CARTESIAN_POINT('Origin',(-5.32907051820075E-14,5.77315972805081E-14,
-3.99999999999999));
#2469=CARTESIAN_POINT('',(-1.75018910839379,-2.28089085332931,16.5));
#2470=CARTESIAN_POINT('',(-1.7501891083938,-2.2808908533293,16.625));
#2471=CARTESIAN_POINT('',(-1.75018910839404,-2.2808908533293,-3.99999999999997));
#2472=CARTESIAN_POINT('',(2.57058737572336,1.28751914304808,15.9285966019619));
#2473=CARTESIAN_POINT('Ctrl Pts',(2.57058737572336,1.28751914304808,15.9285966019619));
#2474=CARTESIAN_POINT('Ctrl Pts',(2.37667532448553,1.67467289808467,15.9536337242552));
#2475=CARTESIAN_POINT('Ctrl Pts',(2.09353451257459,2.01743265850323,15.9782726822242));
#2476=CARTESIAN_POINT('Ctrl Pts',(1.7501891083942,2.28089085332939,16.));
#2477=CARTESIAN_POINT('Ctrl Pts',(0.954693681474343,2.89129596321887,16.0503399251));
#2478=CARTESIAN_POINT('Ctrl Pts',(-0.169954546264686,3.04148009777997,16.1161155581125));
#2479=CARTESIAN_POINT('Ctrl Pts',(-1.1002148680456,2.65615365596076,16.1666666666667));
#2480=CARTESIAN_POINT('Ctrl Pts',(-2.0296802365582,2.27115649456674,16.2171745768086));
#2481=CARTESIAN_POINT('Ctrl Pts',(-2.71946436350705,1.36984790608239,16.2829699478312));
#2482=CARTESIAN_POINT('Ctrl Pts',(-2.85040397643959,0.375262802631395,16.3333333333334));
#2483=CARTESIAN_POINT('Ctrl Pts',(-2.98131101993373,-0.619074911373998,
16.383684191632));
#2484=CARTESIAN_POINT('Ctrl Pts',(-2.54530335299621,-1.67077823491937,16.4496841965841));
#2485=CARTESIAN_POINT('Ctrl Pts',(-1.75018910839378,-2.28089085332932,16.5));
#2486=CARTESIAN_POINT('',(2.8550317573178,0.338258280978337,15.9964455971068));
#2487=CARTESIAN_POINT('Ctrl Pts',(2.8550317573178,0.338258280978337,15.9964455971068));
#2488=CARTESIAN_POINT('Ctrl Pts',(2.82447413970784,0.596176486120537,15.989732916927));
#2489=CARTESIAN_POINT('Ctrl Pts',(2.75717412713037,0.856897253004988,15.9730071114574));
#2490=CARTESIAN_POINT('Ctrl Pts',(2.62920408980585,1.16512871219549,15.9424064943329));
#2491=CARTESIAN_POINT('Ctrl Pts',(2.60093890273142,1.22692101323998,15.9356999459462));
#2492=CARTESIAN_POINT('Ctrl Pts',(2.57058737572336,1.28751914304807,15.9285966019619));
#2493=CARTESIAN_POINT('Ctrl Pts',(-1.7501891083938,-2.28089085332931,16.625));
#2494=CARTESIAN_POINT('Ctrl Pts',(-2.54912535084215,-1.66784551282418,16.5744423358784));
#2495=CARTESIAN_POINT('Ctrl Pts',(-2.98130420721569,-0.619023163642747,
16.508681571252));
#2496=CARTESIAN_POINT('Ctrl Pts',(-2.8504039764396,0.375262802631386,16.4583333333333));
#2497=CARTESIAN_POINT('Ctrl Pts',(-2.71950999161964,1.36950132615849,16.4079874978008));
#2498=CARTESIAN_POINT('Ctrl Pts',(-2.0261901829369,2.27260212211009,16.3419849244335));
#2499=CARTESIAN_POINT('Ctrl Pts',(-1.10021486804559,2.65615365596076,16.2916666666667));
#2500=CARTESIAN_POINT('Ctrl Pts',(-0.174224350691206,3.03971148687783,16.2413475827855));
#2501=CARTESIAN_POINT('Ctrl Pts',(0.952374426527491,2.89307559013158,16.1754866903941));
#2502=CARTESIAN_POINT('Ctrl Pts',(1.75018910839418,2.28089085332941,16.125));
#2503=CARTESIAN_POINT('Ctrl Pts',(2.35810462138104,1.81442087380352,16.0865303616397));
#2504=CARTESIAN_POINT('Ctrl Pts',(2.76525351730072,1.09602162567328,16.0390217530312));
#2505=CARTESIAN_POINT('Ctrl Pts',(2.8550317573178,0.338258280978332,15.9964455971068));
#2506=CARTESIAN_POINT('Ctrl Pts',(1.78176636317094,2.32204313295948,-3.96874999999998));
#2507=CARTESIAN_POINT('Ctrl Pts',(0.441134135286902,3.35074642236927,-3.88541666666665));
#2508=CARTESIAN_POINT('Ctrl Pts',(-1.12006516024061,2.70407650059445,-3.80208333333329));
#2509=CARTESIAN_POINT('Ctrl Pts',(-2.68126445576813,2.05740657881964,-3.71874999999994));
#2510=CARTESIAN_POINT('Ctrl Pts',(-2.9018315234116,0.382033367635035,-3.6354166666666));
#2511=CARTESIAN_POINT('Ctrl Pts',(-3.12239859105507,-1.29333984354957,-3.55208333333326));
#2512=CARTESIAN_POINT('Ctrl Pts',(-1.78176636317103,-2.32204313295936,-3.46874999999994));
#2513=CARTESIAN_POINT('Ctrl Pts',(-0.441134135286991,-3.35074642236915,
-3.38541666666663));
#2514=CARTESIAN_POINT('Ctrl Pts',(1.12006516024052,-2.70407650059434,-3.30208333333331));
#2515=CARTESIAN_POINT('Ctrl Pts',(2.68126445576804,-2.05740657881952,-3.21875));
#2516=CARTESIAN_POINT('Ctrl Pts',(2.90183152341152,-0.38203336763492,-3.13541666666667));
#2517=CARTESIAN_POINT('Ctrl Pts',(3.12239859105499,1.29333984354969,-3.05208333333334));
#2518=CARTESIAN_POINT('Ctrl Pts',(1.78176636317095,2.32204313295948,-2.96874999999998));
#2519=CARTESIAN_POINT('Ctrl Pts',(0.441134135286911,3.35074642236927,-2.88541666666664));
#2520=CARTESIAN_POINT('Ctrl Pts',(-1.1200651602406,2.70407650059445,-2.80208333333329));
#2521=CARTESIAN_POINT('Ctrl Pts',(-2.68126445576812,2.05740657881964,-2.71874999999994));
#2522=CARTESIAN_POINT('Ctrl Pts',(-2.90183152341159,0.382033367635035,-2.6354166666666));
#2523=CARTESIAN_POINT('Ctrl Pts',(-3.12239859105506,-1.29333984354957,-2.55208333333327));
#2524=CARTESIAN_POINT('Ctrl Pts',(-1.78176636317102,-2.32204313295936,-2.46874999999994));
#2525=CARTESIAN_POINT('Ctrl Pts',(-0.441134135286978,-3.35074642236915,
-2.38541666666662));
#2526=CARTESIAN_POINT('Ctrl Pts',(1.12006516024053,-2.70407650059434,-2.30208333333332));
#2527=CARTESIAN_POINT('Ctrl Pts',(2.68126445576806,-2.05740657881952,-2.21875));
#2528=CARTESIAN_POINT('Ctrl Pts',(2.90183152341152,-0.38203336763492,-2.13541666666667));
#2529=CARTESIAN_POINT('Ctrl Pts',(3.122398591055,1.29333984354969,-2.05208333333335));
#2530=CARTESIAN_POINT('Ctrl Pts',(1.78176636317096,2.32204313295948,-1.96874999999999));
#2531=CARTESIAN_POINT('Ctrl Pts',(0.441134135286925,3.35074642236927,-1.88541666666664));
#2532=CARTESIAN_POINT('Ctrl Pts',(-1.12006516024059,2.70407650059445,-1.80208333333328));
#2533=CARTESIAN_POINT('Ctrl Pts',(-2.68126445576811,2.05740657881964,-1.71874999999993));
#2534=CARTESIAN_POINT('Ctrl Pts',(-2.90183152341158,0.382033367635035,-1.6354166666666));
#2535=CARTESIAN_POINT('Ctrl Pts',(-3.12239859105505,-1.29333984354957,-1.55208333333326));
#2536=CARTESIAN_POINT('Ctrl Pts',(-1.78176636317101,-2.32204313295937,-1.46874999999994));
#2537=CARTESIAN_POINT('Ctrl Pts',(-0.441134135286969,-3.35074642236916,
-1.38541666666663));
#2538=CARTESIAN_POINT('Ctrl Pts',(1.12006516024055,-2.70407650059434,-1.30208333333332));
#2539=CARTESIAN_POINT('Ctrl Pts',(2.68126445576807,-2.05740657881953,-1.21875));
#2540=CARTESIAN_POINT('Ctrl Pts',(2.90183152341154,-0.382033367634924,-1.13541666666667));
#2541=CARTESIAN_POINT('Ctrl Pts',(3.12239859105501,1.29333984354968,-1.05208333333334));
#2542=CARTESIAN_POINT('Ctrl Pts',(1.78176636317098,2.32204313295947,-0.968749999999985));
#2543=CARTESIAN_POINT('Ctrl Pts',(0.441134135286938,3.35074642236926,-0.885416666666634));
#2544=CARTESIAN_POINT('Ctrl Pts',(-1.12006516024058,2.70407650059445,-0.802083333333283));
#2545=CARTESIAN_POINT('Ctrl Pts',(-2.6812644557681,2.05740657881964,-0.718749999999932));
#2546=CARTESIAN_POINT('Ctrl Pts',(-2.90183152341157,0.382033367635031,-0.635416666666604));
#2547=CARTESIAN_POINT('Ctrl Pts',(-3.12239859105504,-1.29333984354957,-0.552083333333262));
#2548=CARTESIAN_POINT('Ctrl Pts',(-1.781766363171,-2.32204313295937,-0.468749999999942));
#2549=CARTESIAN_POINT('Ctrl Pts',(-0.441134135286956,-3.35074642236916,
-0.385416666666631));
#2550=CARTESIAN_POINT('Ctrl Pts',(1.12006516024056,-2.70407650059434,-0.302083333333316));
#2551=CARTESIAN_POINT('Ctrl Pts',(2.68126445576808,-2.05740657881953,-0.218750000000005));
#2552=CARTESIAN_POINT('Ctrl Pts',(2.90183152341155,-0.382033367634924,-0.135416666666672));
#2553=CARTESIAN_POINT('Ctrl Pts',(3.12239859105502,1.29333984354968,-0.0520833333333393));
#2554=CARTESIAN_POINT('Ctrl Pts',(1.78176636317099,2.32204313295947,0.0312500000000071));
#2555=CARTESIAN_POINT('Ctrl Pts',(0.441134135286951,3.35074642236926,0.114583333333367));
#2556=CARTESIAN_POINT('Ctrl Pts',(-1.12006516024056,2.70407650059445,0.197916666666718));
#2557=CARTESIAN_POINT('Ctrl Pts',(-2.68126445576808,2.05740657881964,0.281250000000064));
#2558=CARTESIAN_POINT('Ctrl Pts',(-2.90183152341156,0.382033367635031,0.364583333333397));
#2559=CARTESIAN_POINT('Ctrl Pts',(-3.12239859105503,-1.29333984354957,0.447916666666739));
#2560=CARTESIAN_POINT('Ctrl Pts',(-1.78176636317098,-2.32204313295937,0.53125000000005));
#2561=CARTESIAN_POINT('Ctrl Pts',(-0.441134135286942,-3.35074642236916,
0.614583333333365));
#2562=CARTESIAN_POINT('Ctrl Pts',(1.12006516024057,-2.70407650059434,0.697916666666685));
#2563=CARTESIAN_POINT('Ctrl Pts',(2.68126445576809,-2.05740657881953,0.781249999999996));
#2564=CARTESIAN_POINT('Ctrl Pts',(2.90183152341156,-0.382033367634924,0.864583333333333));
#2565=CARTESIAN_POINT('Ctrl Pts',(3.12239859105503,1.29333984354968,0.947916666666662));
#2566=CARTESIAN_POINT('Ctrl Pts',(1.781766363171,2.32204313295947,1.03125000000001));
#2567=CARTESIAN_POINT('Ctrl Pts',(0.44113413528696,3.35074642236926,1.11458333333336));
#2568=CARTESIAN_POINT('Ctrl Pts',(-1.12006516024056,2.70407650059445,1.19791666666671));
#2569=CARTESIAN_POINT('Ctrl Pts',(-2.68126445576807,2.05740657881964,1.28125000000006));
#2570=CARTESIAN_POINT('Ctrl Pts',(-2.90183152341154,0.382033367635031,1.36458333333341));
#2571=CARTESIAN_POINT('Ctrl Pts',(-3.12239859105501,-1.29333984354957,1.44791666666674));
#2572=CARTESIAN_POINT('Ctrl Pts',(-1.78176636317097,-2.32204313295937,1.53125000000005));
#2573=CARTESIAN_POINT('Ctrl Pts',(-0.441134135286929,-3.35074642236916,
1.61458333333337));
#2574=CARTESIAN_POINT('Ctrl Pts',(1.12006516024058,-2.70407650059434,1.69791666666669));
#2575=CARTESIAN_POINT('Ctrl Pts',(2.68126445576811,-2.05740657881953,1.78125));
#2576=CARTESIAN_POINT('Ctrl Pts',(2.90183152341157,-0.382033367634924,1.86458333333333));
#2577=CARTESIAN_POINT('Ctrl Pts',(3.12239859105505,1.29333984354968,1.94791666666666));
#2578=CARTESIAN_POINT('Ctrl Pts',(1.78176636317101,2.32204313295947,2.03125000000001));
#2579=CARTESIAN_POINT('Ctrl Pts',(0.441134135286974,3.35074642236926,2.11458333333336));
#2580=CARTESIAN_POINT('Ctrl Pts',(-1.12006516024054,2.70407650059445,2.19791666666671));
#2581=CARTESIAN_POINT('Ctrl Pts',(-2.68126445576806,2.05740657881964,2.28125000000007));
#2582=CARTESIAN_POINT('Ctrl Pts',(-2.90183152341153,0.382033367635031,2.3645833333334));
#2583=CARTESIAN_POINT('Ctrl Pts',(-3.122398591055,-1.29333984354957,2.44791666666674));
#2584=CARTESIAN_POINT('Ctrl Pts',(-1.78176636317096,-2.32204313295937,2.53125000000005));
#2585=CARTESIAN_POINT('Ctrl Pts',(-0.44113413528692,-3.35074642236916,2.61458333333337));
#2586=CARTESIAN_POINT('Ctrl Pts',(1.1200651602406,-2.70407650059434,2.69791666666669));
#2587=CARTESIAN_POINT('Ctrl Pts',(2.68126445576812,-2.05740657881953,2.78125));
#2588=CARTESIAN_POINT('Ctrl Pts',(2.90183152341159,-0.382033367634924,2.86458333333333));
#2589=CARTESIAN_POINT('Ctrl Pts',(3.12239859105506,1.29333984354968,2.94791666666667));
#2590=CARTESIAN_POINT('Ctrl Pts',(1.78176636317102,2.32204313295947,3.03125000000001));
#2591=CARTESIAN_POINT('Ctrl Pts',(0.441134135286987,3.35074642236926,3.11458333333336));
#2592=CARTESIAN_POINT('Ctrl Pts',(-1.12006516024053,2.70407650059445,3.19791666666672));
#2593=CARTESIAN_POINT('Ctrl Pts',(-2.68126445576805,2.05740657881964,3.28125000000006));
#2594=CARTESIAN_POINT('Ctrl Pts',(-2.90183152341152,0.382033367635031,3.3645833333334));
#2595=CARTESIAN_POINT('Ctrl Pts',(-3.12239859105499,-1.29333984354957,3.44791666666673));
#2596=CARTESIAN_POINT('Ctrl Pts',(-1.78176636317095,-2.32204313295937,3.53125000000005));
#2597=CARTESIAN_POINT('Ctrl Pts',(-0.441134135286907,-3.35074642236916,
3.61458333333337));
#2598=CARTESIAN_POINT('Ctrl Pts',(1.1200651602406,-2.70407650059434,3.69791666666668));
#2599=CARTESIAN_POINT('Ctrl Pts',(2.68126445576813,-2.05740657881953,3.78125));
#2600=CARTESIAN_POINT('Ctrl Pts',(2.9018315234116,-0.382033367634924,3.86458333333333));
#2601=CARTESIAN_POINT('Ctrl Pts',(3.12239859105507,1.29333984354968,3.94791666666666));
#2602=CARTESIAN_POINT('Ctrl Pts',(1.78176636317104,2.32204313295947,4.03125000000001));
#2603=CARTESIAN_POINT('Ctrl Pts',(0.441134135286996,3.35074642236926,4.11458333333336));
#2604=CARTESIAN_POINT('Ctrl Pts',(-1.12006516024052,2.70407650059445,4.19791666666672));
#2605=CARTESIAN_POINT('Ctrl Pts',(-2.68126445576804,2.05740657881964,4.28125000000007));
#2606=CARTESIAN_POINT('Ctrl Pts',(-2.90183152341151,0.382033367635031,4.3645833333334));
#2607=CARTESIAN_POINT('Ctrl Pts',(-3.12239859105498,-1.29333984354957,4.44791666666673));
#2608=CARTESIAN_POINT('Ctrl Pts',(-1.78176636317094,-2.32204313295937,4.53125000000005));
#2609=CARTESIAN_POINT('Ctrl Pts',(-0.441134135286894,-3.35074642236916,
4.61458333333337));
#2610=CARTESIAN_POINT('Ctrl Pts',(1.12006516024062,-2.70407650059434,4.69791666666668));
#2611=CARTESIAN_POINT('Ctrl Pts',(2.68126445576814,-2.05740657881953,4.78125));
#2612=CARTESIAN_POINT('Ctrl Pts',(2.90183152341161,-0.382033367634924,4.86458333333333));
#2613=CARTESIAN_POINT('Ctrl Pts',(3.12239859105508,1.29333984354968,4.94791666666666));
#2614=CARTESIAN_POINT('Ctrl Pts',(1.78176636317105,2.32204313295947,5.03125000000002));
#2615=CARTESIAN_POINT('Ctrl Pts',(0.441134135287009,3.35074642236926,5.11458333333336));
#2616=CARTESIAN_POINT('Ctrl Pts',(-1.12006516024051,2.70407650059445,5.19791666666672));
#2617=CARTESIAN_POINT('Ctrl Pts',(-2.68126445576802,2.05740657881964,5.28125000000006));
#2618=CARTESIAN_POINT('Ctrl Pts',(-2.90183152341149,0.382033367635031,5.3645833333334));
#2619=CARTESIAN_POINT('Ctrl Pts',(-3.12239859105496,-1.29333984354957,5.44791666666673));
#2620=CARTESIAN_POINT('Ctrl Pts',(-1.78176636317092,-2.32204313295937,5.53125000000005));
#2621=CARTESIAN_POINT('Ctrl Pts',(-0.441134135286885,-3.35074642236916,
5.61458333333337));
#2622=CARTESIAN_POINT('Ctrl Pts',(1.12006516024063,-2.70407650059434,5.69791666666668));
#2623=CARTESIAN_POINT('Ctrl Pts',(2.68126445576816,-2.05740657881953,5.78125));
#2624=CARTESIAN_POINT('Ctrl Pts',(2.90183152341162,-0.382033367634924,5.86458333333333));
#2625=CARTESIAN_POINT('Ctrl Pts',(3.12239859105509,1.29333984354968,5.94791666666666));
#2626=CARTESIAN_POINT('Ctrl Pts',(1.78176636317106,2.32204313295947,6.03125000000002));
#2627=CARTESIAN_POINT('Ctrl Pts',(0.441134135287022,3.35074642236926,6.11458333333336));
#2628=CARTESIAN_POINT('Ctrl Pts',(-1.12006516024049,2.70407650059445,6.19791666666671));
#2629=CARTESIAN_POINT('Ctrl Pts',(-2.68126445576801,2.05740657881964,6.28125000000007));
#2630=CARTESIAN_POINT('Ctrl Pts',(-2.90183152341148,0.382033367635031,6.3645833333334));
#2631=CARTESIAN_POINT('Ctrl Pts',(-3.12239859105495,-1.29333984354957,6.44791666666674));
#2632=CARTESIAN_POINT('Ctrl Pts',(-1.78176636317091,-2.32204313295937,6.53125000000005));
#2633=CARTESIAN_POINT('Ctrl Pts',(-0.441134135286871,-3.35074642236916,
6.61458333333337));
#2634=CARTESIAN_POINT('Ctrl Pts',(1.12006516024064,-2.70407650059434,6.69791666666668));
#2635=CARTESIAN_POINT('Ctrl Pts',(2.68126445576817,-2.05740657881953,6.78125));
#2636=CARTESIAN_POINT('Ctrl Pts',(2.90183152341164,-0.382033367634924,6.86458333333333));
#2637=CARTESIAN_POINT('Ctrl Pts',(3.12239859105511,1.29333984354968,6.94791666666666));
#2638=CARTESIAN_POINT('Ctrl Pts',(1.78176636317107,2.32204313295947,7.03125000000001));
#2639=CARTESIAN_POINT('Ctrl Pts',(0.441134135287031,3.35074642236926,7.11458333333336));
#2640=CARTESIAN_POINT('Ctrl Pts',(-1.12006516024048,2.70407650059445,7.19791666666671));
#2641=CARTESIAN_POINT('Ctrl Pts',(-2.681264455768,2.05740657881964,7.28125000000007));
#2642=CARTESIAN_POINT('Ctrl Pts',(-2.90183152341147,0.382033367635031,7.3645833333334));
#2643=CARTESIAN_POINT('Ctrl Pts',(-3.12239859105494,-1.29333984354957,7.44791666666674));
#2644=CARTESIAN_POINT('Ctrl Pts',(-1.7817663631709,-2.32204313295937,7.53125000000005));
#2645=CARTESIAN_POINT('Ctrl Pts',(-0.441134135286858,-3.35074642236916,
7.61458333333337));
#2646=CARTESIAN_POINT('Ctrl Pts',(1.12006516024065,-2.70407650059434,7.69791666666669));
#2647=CARTESIAN_POINT('Ctrl Pts',(2.68126445576818,-2.05740657881953,7.78125));
#2648=CARTESIAN_POINT('Ctrl Pts',(2.90183152341164,-0.382033367634924,7.86458333333333));
#2649=CARTESIAN_POINT('Ctrl Pts',(3.12239859105512,1.29333984354968,7.94791666666666));
#2650=CARTESIAN_POINT('Ctrl Pts',(1.78176636317108,2.32204313295947,8.03125000000001));
#2651=CARTESIAN_POINT('Ctrl Pts',(0.441134135287045,3.35074642236926,8.11458333333336));
#2652=CARTESIAN_POINT('Ctrl Pts',(-1.12006516024047,2.70407650059445,8.19791666666671));
#2653=CARTESIAN_POINT('Ctrl Pts',(-2.68126445576799,2.05740657881964,8.28125000000006));
#2654=CARTESIAN_POINT('Ctrl Pts',(-2.90183152341146,0.382033367635031,8.3645833333334));
#2655=CARTESIAN_POINT('Ctrl Pts',(-3.12239859105493,-1.29333984354957,8.44791666666673));
#2656=CARTESIAN_POINT('Ctrl Pts',(-1.78176636317089,-2.32204313295937,8.53125000000005));
#2657=CARTESIAN_POINT('Ctrl Pts',(-0.441134135286845,-3.35074642236916,
8.61458333333337));
#2658=CARTESIAN_POINT('Ctrl Pts',(1.12006516024067,-2.70407650059434,8.69791666666668));
#2659=CARTESIAN_POINT('Ctrl Pts',(2.68126445576819,-2.05740657881953,8.78124999999999));
#2660=CARTESIAN_POINT('Ctrl Pts',(2.90183152341166,-0.382033367634924,8.86458333333333));
#2661=CARTESIAN_POINT('Ctrl Pts',(3.12239859105513,1.29333984354968,8.94791666666666));
#2662=CARTESIAN_POINT('Ctrl Pts',(1.7817663631711,2.32204313295947,9.03125000000001));
#2663=CARTESIAN_POINT('Ctrl Pts',(0.441134135287058,3.35074642236926,9.11458333333335));
#2664=CARTESIAN_POINT('Ctrl Pts',(-1.12006516024046,2.70407650059445,9.19791666666671));
#2665=CARTESIAN_POINT('Ctrl Pts',(-2.68126445576798,2.05740657881964,9.28125000000007));
#2666=CARTESIAN_POINT('Ctrl Pts',(-2.90183152341144,0.382033367635031,9.36458333333339));
#2667=CARTESIAN_POINT('Ctrl Pts',(-3.12239859105492,-1.29333984354957,9.44791666666673));
#2668=CARTESIAN_POINT('Ctrl Pts',(-1.78176636317088,-2.32204313295937,9.53125000000005));
#2669=CARTESIAN_POINT('Ctrl Pts',(-0.441134135286836,-3.35074642236916,
9.61458333333337));
#2670=CARTESIAN_POINT('Ctrl Pts',(1.12006516024068,-2.70407650059434,9.69791666666668));
#2671=CARTESIAN_POINT('Ctrl Pts',(2.6812644557682,-2.05740657881953,9.78125));
#2672=CARTESIAN_POINT('Ctrl Pts',(2.90183152341167,-0.382033367634924,9.86458333333333));
#2673=CARTESIAN_POINT('Ctrl Pts',(3.12239859105515,1.29333984354968,9.94791666666666));
#2674=CARTESIAN_POINT('Ctrl Pts',(1.78176636317111,2.32204313295947,10.03125));
#2675=CARTESIAN_POINT('Ctrl Pts',(0.441134135287071,3.35074642236926,10.1145833333334));
#2676=CARTESIAN_POINT('Ctrl Pts',(-1.12006516024044,2.70407650059445,10.1979166666667));
#2677=CARTESIAN_POINT('Ctrl Pts',(-2.68126445576796,2.05740657881964,10.2812500000001));
#2678=CARTESIAN_POINT('Ctrl Pts',(-2.90183152341144,0.382033367635026,10.3645833333334));
#2679=CARTESIAN_POINT('Ctrl Pts',(-3.12239859105491,-1.29333984354958,10.4479166666667));
#2680=CARTESIAN_POINT('Ctrl Pts',(-1.78176636317086,-2.32204313295937,10.5312500000001));
#2681=CARTESIAN_POINT('Ctrl Pts',(-0.441134135286823,-3.35074642236916,
10.6145833333334));
#2682=CARTESIAN_POINT('Ctrl Pts',(1.12006516024069,-2.70407650059435,10.6979166666667));
#2683=CARTESIAN_POINT('Ctrl Pts',(2.68126445576821,-2.05740657881953,10.78125));
#2684=CARTESIAN_POINT('Ctrl Pts',(2.90183152341168,-0.382033367634929,10.8645833333333));
#2685=CARTESIAN_POINT('Ctrl Pts',(3.12239859105516,1.29333984354968,10.9479166666667));
#2686=CARTESIAN_POINT('Ctrl Pts',(1.78176636317112,2.32204313295947,11.03125));
#2687=CARTESIAN_POINT('Ctrl Pts',(0.44113413528708,3.35074642236926,11.1145833333334));
#2688=CARTESIAN_POINT('Ctrl Pts',(-1.12006516024043,2.70407650059445,11.1979166666667));
#2689=CARTESIAN_POINT('Ctrl Pts',(-2.68126445576795,2.05740657881963,11.2812500000001));
#2690=CARTESIAN_POINT('Ctrl Pts',(-2.90183152341142,0.382033367635026,11.3645833333334));
#2691=CARTESIAN_POINT('Ctrl Pts',(-3.12239859105489,-1.29333984354958,11.4479166666667));
#2692=CARTESIAN_POINT('Ctrl Pts',(-1.78176636317085,-2.32204313295937,11.5312500000001));
#2693=CARTESIAN_POINT('Ctrl Pts',(-0.441134135286809,-3.35074642236916,
11.6145833333334));
#2694=CARTESIAN_POINT('Ctrl Pts',(1.1200651602407,-2.70407650059435,11.6979166666667));
#2695=CARTESIAN_POINT('Ctrl Pts',(2.68126445576823,-2.05740657881953,11.78125));
#2696=CARTESIAN_POINT('Ctrl Pts',(2.90183152341169,-0.382033367634929,11.8645833333333));
#2697=CARTESIAN_POINT('Ctrl Pts',(3.12239859105516,1.29333984354968,11.9479166666667));
#2698=CARTESIAN_POINT('Ctrl Pts',(1.78176636317113,2.32204313295947,12.03125));
#2699=CARTESIAN_POINT('Ctrl Pts',(0.441134135287093,3.35074642236926,12.1145833333334));
#2700=CARTESIAN_POINT('Ctrl Pts',(-1.12006516024042,2.70407650059445,12.1979166666667));
#2701=CARTESIAN_POINT('Ctrl Pts',(-2.68126445576794,2.05740657881963,12.2812500000001));
#2702=CARTESIAN_POINT('Ctrl Pts',(-2.90183152341141,0.382033367635026,12.3645833333334));
#2703=CARTESIAN_POINT('Ctrl Pts',(-3.12239859105488,-1.29333984354958,12.4479166666667));
#2704=CARTESIAN_POINT('Ctrl Pts',(-1.78176636317084,-2.32204313295937,12.53125));
#2705=CARTESIAN_POINT('Ctrl Pts',(-0.4411341352868,-3.35074642236916,12.6145833333334));
#2706=CARTESIAN_POINT('Ctrl Pts',(1.12006516024072,-2.70407650059435,12.6979166666667));
#2707=CARTESIAN_POINT('Ctrl Pts',(2.68126445576824,-2.05740657881953,12.78125));
#2708=CARTESIAN_POINT('Ctrl Pts',(2.90183152341171,-0.382033367634929,12.8645833333333));
#2709=CARTESIAN_POINT('Ctrl Pts',(3.12239859105518,1.29333984354968,12.9479166666667));
#2710=CARTESIAN_POINT('Ctrl Pts',(1.78176636317114,2.32204313295947,13.03125));
#2711=CARTESIAN_POINT('Ctrl Pts',(0.441134135287107,3.35074642236926,13.1145833333334));
#2712=CARTESIAN_POINT('Ctrl Pts',(-1.12006516024041,2.70407650059445,13.1979166666667));
#2713=CARTESIAN_POINT('Ctrl Pts',(-2.68126445576793,2.05740657881963,13.2812500000001));
#2714=CARTESIAN_POINT('Ctrl Pts',(-2.9018315234114,0.382033367635026,13.3645833333334));
#2715=CARTESIAN_POINT('Ctrl Pts',(-3.12239859105487,-1.29333984354958,13.4479166666667));
#2716=CARTESIAN_POINT('Ctrl Pts',(-1.78176636317083,-2.32204313295937,13.53125));
#2717=CARTESIAN_POINT('Ctrl Pts',(-0.441134135286787,-3.35074642236916,
13.6145833333334));
#2718=CARTESIAN_POINT('Ctrl Pts',(1.12006516024072,-2.70407650059435,13.6979166666667));
#2719=CARTESIAN_POINT('Ctrl Pts',(2.68126445576825,-2.05740657881953,13.78125));
#2720=CARTESIAN_POINT('Ctrl Pts',(2.90183152341172,-0.382033367634929,13.8645833333333));
#2721=CARTESIAN_POINT('Ctrl Pts',(3.12239859105519,1.29333984354968,13.9479166666667));
#2722=CARTESIAN_POINT('Ctrl Pts',(1.78176636317116,2.32204313295947,14.03125));
#2723=CARTESIAN_POINT('Ctrl Pts',(0.441134135287116,3.35074642236926,14.1145833333334));
#2724=CARTESIAN_POINT('Ctrl Pts',(-1.1200651602404,2.70407650059445,14.1979166666667));
#2725=CARTESIAN_POINT('Ctrl Pts',(-2.68126445576792,2.05740657881963,14.2812500000001));
#2726=CARTESIAN_POINT('Ctrl Pts',(-2.90183152341139,0.382033367635026,14.3645833333334));
#2727=CARTESIAN_POINT('Ctrl Pts',(-3.12239859105486,-1.29333984354958,14.4479166666667));
#2728=CARTESIAN_POINT('Ctrl Pts',(-1.78176636317081,-2.32204313295937,14.5312500000001));
#2729=CARTESIAN_POINT('Ctrl Pts',(-0.441134135286774,-3.35074642236916,
14.6145833333334));
#2730=CARTESIAN_POINT('Ctrl Pts',(1.12006516024074,-2.70407650059435,14.6979166666667));
#2731=CARTESIAN_POINT('Ctrl Pts',(2.68126445576826,-2.05740657881953,14.78125));
#2732=CARTESIAN_POINT('Ctrl Pts',(2.90183152341173,-0.382033367634929,14.8645833333333));
#2733=CARTESIAN_POINT('Ctrl Pts',(3.1223985910552,1.29333984354968,14.9479166666667));
#2734=CARTESIAN_POINT('Ctrl Pts',(1.78176636317117,2.32204313295947,15.03125));
#2735=CARTESIAN_POINT('Ctrl Pts',(0.441134135287129,3.35074642236926,15.1145833333334));
#2736=CARTESIAN_POINT('Ctrl Pts',(-1.12006516024039,2.70407650059445,15.1979166666667));
#2737=CARTESIAN_POINT('Ctrl Pts',(-2.6812644557679,2.05740657881963,15.2812500000001));
#2738=CARTESIAN_POINT('Ctrl Pts',(-2.90183152341137,0.382033367635026,15.3645833333334));
#2739=CARTESIAN_POINT('Ctrl Pts',(-3.12239859105484,-1.29333984354958,15.4479166666667));
#2740=CARTESIAN_POINT('Ctrl Pts',(-1.7817663631708,-2.32204313295937,15.5312500000001));
#2741=CARTESIAN_POINT('Ctrl Pts',(-0.441134135286765,-3.35074642236916,
15.6145833333334));
#2742=CARTESIAN_POINT('Ctrl Pts',(1.12006516024075,-2.70407650059435,15.6979166666667));
#2743=CARTESIAN_POINT('Ctrl Pts',(2.68126445576828,-2.05740657881953,15.78125));
#2744=CARTESIAN_POINT('Ctrl Pts',(2.90183152341174,-0.382033367634929,15.8645833333333));
#2745=CARTESIAN_POINT('Ctrl Pts',(3.12239859105522,1.29333984354968,15.9479166666667));
#2746=CARTESIAN_POINT('Ctrl Pts',(1.78176636317118,2.32204313295947,16.03125));
#2747=CARTESIAN_POINT('Ctrl Pts',(0.441134135287142,3.35074642236926,16.1145833333334));
#2748=CARTESIAN_POINT('Ctrl Pts',(-1.12006516024037,2.70407650059445,16.1979166666667));
#2749=CARTESIAN_POINT('Ctrl Pts',(-2.68126445576789,2.05740657881963,16.2812500000001));
#2750=CARTESIAN_POINT('Ctrl Pts',(-2.90183152341136,0.382033367635026,16.3645833333334));
#2751=CARTESIAN_POINT('Ctrl Pts',(-3.12239859105483,-1.29333984354958,16.4479166666667));
#2752=CARTESIAN_POINT('Ctrl Pts',(-1.78176636317079,-2.32204313295937,16.53125));
#2753=CARTESIAN_POINT('Ctrl Pts',(-0.441134135286751,-3.35074642236916,
16.6145833333334));
#2754=CARTESIAN_POINT('Ctrl Pts',(1.12006516024076,-2.70407650059435,16.6979166666667));
#2755=CARTESIAN_POINT('Ctrl Pts',(2.68126445576829,-2.05740657881953,16.78125));
#2756=CARTESIAN_POINT('Ctrl Pts',(2.90183152341176,-0.382033367634929,16.8645833333333));
#2757=CARTESIAN_POINT('Ctrl Pts',(3.12239859105523,1.29333984354968,16.9479166666667));
#2758=CARTESIAN_POINT('Ctrl Pts',(1.78176636317119,2.32204313295947,17.03125));
#2759=CARTESIAN_POINT('Ctrl Pts',(0.441134135287156,3.35074642236926,17.1145833333334));
#2760=CARTESIAN_POINT('Ctrl Pts',(-1.12006516024036,2.70407650059445,17.1979166666667));
#2761=CARTESIAN_POINT('Ctrl Pts',(-2.68126445576788,2.05740657881963,17.2812500000001));
#2762=CARTESIAN_POINT('Ctrl Pts',(-2.90183152341135,0.382033367635026,17.3645833333334));
#2763=CARTESIAN_POINT('Ctrl Pts',(-3.12239859105482,-1.29333984354958,17.4479166666667));
#2764=CARTESIAN_POINT('Ctrl Pts',(-1.78176636317078,-2.32204313295937,17.53125));
#2765=CARTESIAN_POINT('Ctrl Pts',(-0.441134135286738,-3.35074642236916,
17.6145833333334));
#2766=CARTESIAN_POINT('Ctrl Pts',(1.12006516024077,-2.70407650059435,17.6979166666667));
#2767=CARTESIAN_POINT('Ctrl Pts',(2.6812644557683,-2.05740657881953,17.78125));
#2768=CARTESIAN_POINT('Ctrl Pts',(2.90183152341177,-0.382033367634929,17.8645833333333));
#2769=CARTESIAN_POINT('Ctrl Pts',(3.12239859105524,1.29333984354968,17.9479166666667));
#2770=CARTESIAN_POINT('Ctrl Pts',(1.7817663631712,2.32204313295947,18.03125));
#2771=CARTESIAN_POINT('Ctrl Pts',(0.441134135287164,3.35074642236926,18.1145833333334));
#2772=CARTESIAN_POINT('Ctrl Pts',(-1.12006516024035,2.70407650059445,18.1979166666667));
#2773=CARTESIAN_POINT('Ctrl Pts',(-2.68126445576787,2.05740657881963,18.2812500000001));
#2774=CARTESIAN_POINT('Ctrl Pts',(-2.90183152341134,0.382033367635026,18.3645833333334));
#2775=CARTESIAN_POINT('Ctrl Pts',(-3.12239859105481,-1.29333984354958,18.4479166666667));
#2776=CARTESIAN_POINT('Ctrl Pts',(-1.78176636317077,-2.32204313295937,18.53125));
#2777=CARTESIAN_POINT('Ctrl Pts',(-0.441134135286725,-3.35074642236916,
18.6145833333334));
#2778=CARTESIAN_POINT('Ctrl Pts',(1.12006516024079,-2.70407650059435,18.6979166666667));
#2779=CARTESIAN_POINT('Ctrl Pts',(2.68126445576831,-2.05740657881953,18.78125));
#2780=CARTESIAN_POINT('Ctrl Pts',(2.90183152341178,-0.382033367634929,18.8645833333333));
#2781=CARTESIAN_POINT('Ctrl Pts',(3.12239859105525,1.29333984354968,18.9479166666667));
#2782=CARTESIAN_POINT('Ctrl Pts',(1.78176636317122,2.32204313295947,19.03125));
#2783=CARTESIAN_POINT('Ctrl Pts',(0.441134135287178,3.35074642236926,19.1145833333334));
#2784=CARTESIAN_POINT('Ctrl Pts',(-1.12006516024034,2.70407650059445,19.1979166666667));
#2785=CARTESIAN_POINT('Ctrl Pts',(-2.68126445576786,2.05740657881963,19.2812500000001));
#2786=CARTESIAN_POINT('Ctrl Pts',(-2.90183152341132,0.382033367635026,19.3645833333334));
#2787=CARTESIAN_POINT('Ctrl Pts',(-3.1223985910548,-1.29333984354958,19.4479166666667));
#2788=CARTESIAN_POINT('Ctrl Pts',(-1.78176636317076,-2.32204313295937,19.53125));
#2789=CARTESIAN_POINT('Ctrl Pts',(-0.441134135286716,-3.35074642236916,
19.6145833333334));
#2790=CARTESIAN_POINT('Ctrl Pts',(1.1200651602408,-2.70407650059435,19.6979166666667));
#2791=CARTESIAN_POINT('Ctrl Pts',(2.68126445576832,-2.05740657881953,19.78125));
#2792=CARTESIAN_POINT('Ctrl Pts',(2.90183152341179,-0.382033367634929,19.8645833333333));
#2793=CARTESIAN_POINT('Ctrl Pts',(3.12239859105526,1.29333984354968,19.9479166666667));
#2794=CARTESIAN_POINT('Ctrl Pts',(1.78176636317123,2.32204313295947,20.03125));
#2795=CARTESIAN_POINT('Ctrl Pts',(0.441134135287191,3.35074642236926,20.1145833333334));
#2796=CARTESIAN_POINT('Ctrl Pts',(-1.12006516024032,2.70407650059445,20.1979166666667));
#2797=CARTESIAN_POINT('Ctrl Pts',(-2.68126445576784,2.05740657881963,20.2812500000001));
#2798=CARTESIAN_POINT('Ctrl Pts',(-2.90183152341132,0.382033367635026,20.3645833333334));
#2799=CARTESIAN_POINT('Ctrl Pts',(-3.12239859105478,-1.29333984354958,20.4479166666667));
#2800=CARTESIAN_POINT('Ctrl Pts',(-1.78176636317074,-2.32204313295937,20.53125));
#2801=CARTESIAN_POINT('Ctrl Pts',(-0.441134135286703,-3.35074642236916,
20.6145833333334));
#2802=CARTESIAN_POINT('Ctrl Pts',(1.12006516024081,-2.70407650059435,20.6979166666667));
#2803=CARTESIAN_POINT('Ctrl Pts',(2.68126445576833,-2.05740657881953,20.78125));
#2804=CARTESIAN_POINT('Ctrl Pts',(2.9018315234118,-0.382033367634929,20.8645833333333));
#2805=CARTESIAN_POINT('Ctrl Pts',(3.12239859105527,1.29333984354968,20.9479166666667));
#2806=CARTESIAN_POINT('Ctrl Pts',(1.78176636317124,2.32204313295947,21.03125));
#2807=CARTESIAN_POINT('Ctrl Pts',(0.4411341352872,3.35074642236926,21.1145833333334));
#2808=CARTESIAN_POINT('Ctrl Pts',(-1.12006516024031,2.70407650059445,21.1979166666667));
#2809=CARTESIAN_POINT('Ctrl Pts',(-2.68126445576783,2.05740657881963,21.2812500000001));
#2810=CARTESIAN_POINT('Ctrl Pts',(-2.9018315234113,0.382033367635026,21.3645833333334));
#2811=CARTESIAN_POINT('Ctrl Pts',(-3.12239859105477,-1.29333984354958,21.4479166666667));
#2812=CARTESIAN_POINT('Ctrl Pts',(-1.78176636317073,-2.32204313295937,21.53125));
#2813=CARTESIAN_POINT('Ctrl Pts',(-0.441134135286689,-3.35074642236916,
21.6145833333334));
#2814=CARTESIAN_POINT('Ctrl Pts',(1.12006516024082,-2.70407650059435,21.6979166666667));
#2815=CARTESIAN_POINT('Ctrl Pts',(2.68126445576835,-2.05740657881953,21.78125));
#2816=CARTESIAN_POINT('Ctrl Pts',(2.90183152341181,-0.382033367634929,21.8645833333333));
#2817=CARTESIAN_POINT('Ctrl Pts',(3.12239859105529,1.29333984354968,21.9479166666667));
#2818=CARTESIAN_POINT('Ctrl Pts',(1.78176636317125,2.32204313295947,22.03125));
#2819=CARTESIAN_POINT('Ctrl Pts',(0.441134135287213,3.35074642236926,22.1145833333334));
#2820=CARTESIAN_POINT('Ctrl Pts',(-1.1200651602403,2.70407650059444,22.1979166666667));
#2821=CARTESIAN_POINT('Ctrl Pts',(-2.68126445576782,2.05740657881963,22.2812500000001));
#2822=CARTESIAN_POINT('Ctrl Pts',(-2.90183152341129,0.382033367635022,22.3645833333334));
#2823=CARTESIAN_POINT('Ctrl Pts',(-3.12239859105476,-1.29333984354958,22.4479166666667));
#2824=CARTESIAN_POINT('Ctrl Pts',(-1.78176636317072,-2.32204313295937,22.53125));
#2825=CARTESIAN_POINT('Ctrl Pts',(-0.44113413528668,-3.35074642236917,22.6145833333334));
#2826=CARTESIAN_POINT('Ctrl Pts',(1.12006516024084,-2.70407650059435,22.6979166666667));
#2827=CARTESIAN_POINT('Ctrl Pts',(2.68126445576836,-2.05740657881953,22.78125));
#2828=CARTESIAN_POINT('Ctrl Pts',(2.90183152341183,-0.382033367634933,22.8645833333333));
#2829=CARTESIAN_POINT('Ctrl Pts',(3.1223985910553,1.29333984354967,22.9479166666667));
#2830=CARTESIAN_POINT('Ctrl Pts',(1.78176636317127,2.32204313295946,23.03125));
#2831=CARTESIAN_POINT('Ctrl Pts',(0.441134135287227,3.35074642236926,23.1145833333334));
#2832=CARTESIAN_POINT('Ctrl Pts',(-1.12006516024029,2.70407650059444,23.1979166666667));
#2833=CARTESIAN_POINT('Ctrl Pts',(-2.68126445576781,2.05740657881963,23.2812500000001));
#2834=CARTESIAN_POINT('Ctrl Pts',(-2.90183152341128,0.382033367635022,23.3645833333334));
#2835=CARTESIAN_POINT('Ctrl Pts',(-3.12239859105475,-1.29333984354958,23.4479166666667));
#2836=CARTESIAN_POINT('Ctrl Pts',(-1.78176636317071,-2.32204313295937,23.5312500000001));
#2837=CARTESIAN_POINT('Ctrl Pts',(-0.441134135286667,-3.35074642236917,
23.6145833333334));
#2838=CARTESIAN_POINT('Ctrl Pts',(1.12006516024084,-2.70407650059435,23.6979166666667));
#2839=CARTESIAN_POINT('Ctrl Pts',(2.68126445576837,-2.05740657881953,23.78125));
#2840=CARTESIAN_POINT('Ctrl Pts',(2.90183152341184,-0.382033367634933,23.8645833333333));
#2841=CARTESIAN_POINT('Ctrl Pts',(3.12239859105532,1.29333984354967,23.9479166666667));
#2842=CARTESIAN_POINT('Ctrl Pts',(1.78176636317128,2.32204313295946,24.03125));
#2843=CARTESIAN_POINT('Ctrl Pts',(0.441134135287236,3.35074642236926,24.1145833333334));
#2844=CARTESIAN_POINT('Ctrl Pts',(-1.12006516024028,2.70407650059444,24.1979166666667));
#2845=CARTESIAN_POINT('Ctrl Pts',(-2.6812644557678,2.05740657881963,24.2812500000001));
#2846=CARTESIAN_POINT('Ctrl Pts',(-2.90183152341127,0.382033367635022,24.3645833333334));
#2847=CARTESIAN_POINT('Ctrl Pts',(-3.12239859105474,-1.29333984354958,24.4479166666667));
#2848=CARTESIAN_POINT('Ctrl Pts',(-1.78176636317069,-2.32204313295937,24.53125));
#2849=CARTESIAN_POINT('Ctrl Pts',(-0.441134135286654,-3.35074642236917,
24.6145833333334));
#2850=CARTESIAN_POINT('Ctrl Pts',(1.12006516024086,-2.70407650059435,24.6979166666667));
#2851=CARTESIAN_POINT('Ctrl Pts',(2.68126445576838,-2.05740657881953,24.78125));
#2852=CARTESIAN_POINT('Ctrl Pts',(2.90183152341185,-0.382033367634933,24.8645833333333));
#2853=CARTESIAN_POINT('Ctrl Pts',(3.12239859105532,1.29333984354967,24.9479166666667));
#2854=CARTESIAN_POINT('Ctrl Pts',(1.78176636317129,2.32204313295946,25.03125));
#2855=CARTESIAN_POINT('Ctrl Pts',(0.441134135287249,3.35074642236926,25.1145833333334));
#2856=CARTESIAN_POINT('Ctrl Pts',(-1.12006516024027,2.70407650059444,25.1979166666667));
#2857=CARTESIAN_POINT('Ctrl Pts',(-2.68126445576778,2.05740657881963,25.2812500000001));
#2858=CARTESIAN_POINT('Ctrl Pts',(-2.90183152341125,0.382033367635022,25.3645833333334));
#2859=CARTESIAN_POINT('Ctrl Pts',(-3.12239859105472,-1.29333984354958,25.4479166666667));
#2860=CARTESIAN_POINT('Ctrl Pts',(-1.78176636317068,-2.32204313295937,25.53125));
#2861=CARTESIAN_POINT('Ctrl Pts',(-0.44113413528664,-3.35074642236917,25.6145833333334));
#2862=CARTESIAN_POINT('Ctrl Pts',(1.12006516024087,-2.70407650059435,25.6979166666667));
#2863=CARTESIAN_POINT('Ctrl Pts',(2.6812644557684,-2.05740657881953,25.78125));
#2864=CARTESIAN_POINT('Ctrl Pts',(2.90183152341186,-0.382033367634933,25.8645833333333));
#2865=CARTESIAN_POINT('Ctrl Pts',(3.12239859105533,1.29333984354967,25.9479166666667));
#2866=CARTESIAN_POINT('Ctrl Pts',(1.7817663631713,2.32204313295946,26.03125));
#2867=CARTESIAN_POINT('Ctrl Pts',(0.441134135287262,3.35074642236926,26.1145833333334));
#2868=CARTESIAN_POINT('Ctrl Pts',(-1.12006516024025,2.70407650059444,26.1979166666667));
#2869=CARTESIAN_POINT('Ctrl Pts',(-2.68126445576777,2.05740657881963,26.2812500000001));
#2870=CARTESIAN_POINT('Ctrl Pts',(-2.90183152341124,0.382033367635022,26.3645833333334));
#2871=CARTESIAN_POINT('Ctrl Pts',(-3.12239859105471,-1.29333984354958,26.4479166666667));
#2872=CARTESIAN_POINT('Ctrl Pts',(-1.78176636317067,-2.32204313295937,26.53125));
#2873=CARTESIAN_POINT('Ctrl Pts',(-0.441134135286632,-3.35074642236917,
26.6145833333334));
#2874=CARTESIAN_POINT('Ctrl Pts',(1.12006516024088,-2.70407650059435,26.6979166666667));
#2875=CARTESIAN_POINT('Ctrl Pts',(2.68126445576841,-2.05740657881953,26.78125));
#2876=CARTESIAN_POINT('Ctrl Pts',(2.90183152341188,-0.382033367634933,26.8645833333333));
#2877=CARTESIAN_POINT('Ctrl Pts',(3.12239859105535,1.29333984354967,26.9479166666667));
#2878=CARTESIAN_POINT('Ctrl Pts',(1.78176636317131,2.32204313295946,27.03125));
#2879=CARTESIAN_POINT('Ctrl Pts',(0.441134135287276,3.35074642236926,27.1145833333334));
#2880=CARTESIAN_POINT('Ctrl Pts',(-1.12006516024024,2.70407650059444,27.1979166666667));
#2881=CARTESIAN_POINT('Ctrl Pts',(-2.68126445576776,2.05740657881963,27.2812500000001));
#2882=CARTESIAN_POINT('Ctrl Pts',(-2.90183152341123,0.382033367635022,27.3645833333334));
#2883=CARTESIAN_POINT('Ctrl Pts',(-3.1223985910547,-1.29333984354958,27.4479166666667));
#2884=CARTESIAN_POINT('Ctrl Pts',(-1.78176636317066,-2.32204313295937,27.53125));
#2885=CARTESIAN_POINT('Ctrl Pts',(-0.441134135286618,-3.35074642236917,
27.6145833333334));
#2886=CARTESIAN_POINT('Ctrl Pts',(1.12006516024089,-2.70407650059435,27.6979166666667));
#2887=CARTESIAN_POINT('Ctrl Pts',(2.68126445576842,-2.05740657881953,27.78125));
#2888=CARTESIAN_POINT('Ctrl Pts',(2.90183152341189,-0.382033367634933,27.8645833333333));
#2889=CARTESIAN_POINT('Ctrl Pts',(3.12239859105536,1.29333984354967,27.9479166666667));
#2890=CARTESIAN_POINT('Ctrl Pts',(1.78176636317132,2.32204313295946,28.03125));
#2891=CARTESIAN_POINT('Ctrl Pts',(0.441134135287284,3.35074642236926,28.1145833333334));
#2892=CARTESIAN_POINT('Ctrl Pts',(-1.12006516024023,2.70407650059444,28.1979166666667));
#2893=CARTESIAN_POINT('Ctrl Pts',(-2.68126445576775,2.05740657881963,28.2812500000001));
#2894=CARTESIAN_POINT('Ctrl Pts',(-2.90183152341122,0.382033367635022,28.3645833333334));
#2895=CARTESIAN_POINT('Ctrl Pts',(-3.12239859105469,-1.29333984354958,28.4479166666667));
#2896=CARTESIAN_POINT('Ctrl Pts',(-1.78176636317065,-2.32204313295937,28.5312500000001));
#2897=CARTESIAN_POINT('Ctrl Pts',(-0.441134135286605,-3.35074642236917,
28.6145833333334));
#2898=CARTESIAN_POINT('Ctrl Pts',(1.12006516024091,-2.70407650059435,28.6979166666667));
#2899=CARTESIAN_POINT('Ctrl Pts',(2.68126445576843,-2.05740657881953,28.78125));
#2900=CARTESIAN_POINT('Ctrl Pts',(2.9018315234119,-0.382033367634933,28.8645833333333));
#2901=CARTESIAN_POINT('Ctrl Pts',(3.12239859105537,1.29333984354967,28.9479166666667));
#2902=CARTESIAN_POINT('Ctrl Pts',(1.78176636317134,2.32204313295946,29.03125));
#2903=CARTESIAN_POINT('Ctrl Pts',(0.441134135287298,3.35074642236926,29.1145833333334));
#2904=CARTESIAN_POINT('Ctrl Pts',(-1.12006516024022,2.70407650059444,29.1979166666667));
#2905=CARTESIAN_POINT('Ctrl Pts',(-2.68126445576774,2.05740657881963,29.2812500000001));
#2906=CARTESIAN_POINT('Ctrl Pts',(-2.9018315234112,0.382033367635022,29.3645833333334));
#2907=CARTESIAN_POINT('Ctrl Pts',(-3.12239859105468,-1.29333984354958,29.4479166666667));
#2908=CARTESIAN_POINT('Ctrl Pts',(-1.78176636317064,-2.32204313295937,29.5312500000001));
#2909=CARTESIAN_POINT('Ctrl Pts',(-0.441134135286596,-3.35074642236917,
29.6145833333334));
#2910=CARTESIAN_POINT('Ctrl Pts',(1.12006516024092,-2.70407650059435,29.6979166666667));
#2911=CARTESIAN_POINT('Ctrl Pts',(2.68126445576844,-2.05740657881953,29.78125));
#2912=CARTESIAN_POINT('Ctrl Pts',(2.90183152341191,-0.382033367634933,29.8645833333333));
#2913=CARTESIAN_POINT('Ctrl Pts',(3.12239859105539,1.29333984354967,29.9479166666667));
#2914=CARTESIAN_POINT('Ctrl Pts',(1.78176636317135,2.32204313295946,30.03125));
#2915=CARTESIAN_POINT('Ctrl Pts',(0.441134135287311,3.35074642236926,30.1145833333334));
#2916=CARTESIAN_POINT('Ctrl Pts',(-1.1200651602402,2.70407650059444,30.1979166666667));
#2917=CARTESIAN_POINT('Ctrl Pts',(-2.68126445576772,2.05740657881963,30.2812500000001));
#2918=CARTESIAN_POINT('Ctrl Pts',(-2.9018315234112,0.382033367635022,30.3645833333334));
#2919=CARTESIAN_POINT('Ctrl Pts',(-3.12239859105466,-1.29333984354958,30.4479166666667));
#2920=CARTESIAN_POINT('Ctrl Pts',(-1.78176636317062,-2.32204313295937,30.53125));
#2921=CARTESIAN_POINT('Ctrl Pts',(-0.441134135286583,-3.35074642236917,
30.6145833333334));
#2922=CARTESIAN_POINT('Ctrl Pts',(1.12006516024093,-2.70407650059435,30.6979166666667));
#2923=CARTESIAN_POINT('Ctrl Pts',(2.68126445576846,-2.05740657881953,30.78125));
#2924=CARTESIAN_POINT('Ctrl Pts',(2.90183152341192,-0.382033367634933,30.8645833333333));
#2925=CARTESIAN_POINT('Ctrl Pts',(3.1223985910554,1.29333984354967,30.9479166666667));
#2926=CARTESIAN_POINT('Ctrl Pts',(1.78176636317136,2.32204313295946,31.03125));
#2927=CARTESIAN_POINT('Ctrl Pts',(0.44113413528732,3.35074642236926,31.1145833333334));
#2928=CARTESIAN_POINT('Ctrl Pts',(-1.12006516024019,2.70407650059444,31.1979166666667));
#2929=CARTESIAN_POINT('Ctrl Pts',(-2.68126445576771,2.05740657881963,31.2812500000001));
#2930=CARTESIAN_POINT('Ctrl Pts',(-2.90183152341118,0.382033367635022,31.3645833333334));
#2931=CARTESIAN_POINT('Ctrl Pts',(-3.12239859105465,-1.29333984354958,31.4479166666667));
#2932=CARTESIAN_POINT('Ctrl Pts',(-1.78176636317061,-2.32204313295937,31.53125));
#2933=CARTESIAN_POINT('Ctrl Pts',(-0.441134135286569,-3.35074642236917,
31.6145833333334));
#2934=CARTESIAN_POINT('Ctrl Pts',(1.12006516024094,-2.70407650059435,31.6979166666667));
#2935=CARTESIAN_POINT('Ctrl Pts',(2.68126445576847,-2.05740657881953,31.78125));
#2936=CARTESIAN_POINT('Ctrl Pts',(2.90183152341193,-0.382033367634933,31.8645833333333));
#2937=CARTESIAN_POINT('Ctrl Pts',(3.1223985910554,1.29333984354967,31.9479166666667));
#2938=CARTESIAN_POINT('Ctrl Pts',(1.78176636317137,2.32204313295946,32.03125));
#2939=CARTESIAN_POINT('Ctrl Pts',(0.441134135287333,3.35074642236926,32.1145833333334));
#2940=CARTESIAN_POINT('Ctrl Pts',(-1.12006516024018,2.70407650059444,32.1979166666667));
#2941=CARTESIAN_POINT('Ctrl Pts',(-2.6812644557677,2.05740657881963,32.2812500000001));
#2942=CARTESIAN_POINT('Ctrl Pts',(-2.90183152341117,0.382033367635022,32.3645833333334));
#2943=CARTESIAN_POINT('Ctrl Pts',(-3.12239859105464,-1.29333984354958,32.4479166666667));
#2944=CARTESIAN_POINT('Ctrl Pts',(-1.7817663631706,-2.32204313295937,32.53125));
#2945=CARTESIAN_POINT('Ctrl Pts',(-0.441134135286561,-3.35074642236917,
32.6145833333334));
#2946=CARTESIAN_POINT('Ctrl Pts',(1.12006516024096,-2.70407650059435,32.6979166666667));
#2947=CARTESIAN_POINT('Ctrl Pts',(2.68126445576848,-2.05740657881953,32.78125));
#2948=CARTESIAN_POINT('Ctrl Pts',(2.90183152341195,-0.382033367634933,32.8645833333333));
#2949=CARTESIAN_POINT('Ctrl Pts',(3.12239859105542,1.29333984354967,32.9479166666667));
#2950=CARTESIAN_POINT('Ctrl Pts',(1.78176636317139,2.32204313295946,33.03125));
#2951=CARTESIAN_POINT('Ctrl Pts',(0.441134135287347,3.35074642236926,33.1145833333333));
#2952=CARTESIAN_POINT('Ctrl Pts',(-1.12006516024017,2.70407650059444,33.1979166666667));
#2953=CARTESIAN_POINT('Ctrl Pts',(-2.68126445576769,2.05740657881963,33.2812500000001));
#2954=CARTESIAN_POINT('Ctrl Pts',(-2.90183152341116,0.382033367635022,33.3645833333334));
#2955=CARTESIAN_POINT('Ctrl Pts',(-3.12239859105463,-1.29333984354958,33.4479166666667));
#2956=CARTESIAN_POINT('Ctrl Pts',(-1.78176636317059,-2.32204313295937,33.53125));
#2957=CARTESIAN_POINT('Ctrl Pts',(-0.441134135286547,-3.35074642236917,
33.6145833333334));
#2958=CARTESIAN_POINT('Ctrl Pts',(1.12006516024096,-2.70407650059435,33.6979166666667));
#2959=CARTESIAN_POINT('Ctrl Pts',(2.68126445576849,-2.05740657881953,33.78125));
#2960=CARTESIAN_POINT('Ctrl Pts',(2.90183152341196,-0.382033367634933,33.8645833333333));
#2961=CARTESIAN_POINT('Ctrl Pts',(3.12239859105543,1.29333984354967,33.9479166666667));
#2962=CARTESIAN_POINT('Ctrl Pts',(1.7817663631714,2.32204313295946,34.03125));
#2963=CARTESIAN_POINT('Ctrl Pts',(0.44113413528736,3.35074642236925,34.1145833333333));
#2964=CARTESIAN_POINT('Ctrl Pts',(-1.12006516024016,2.70407650059444,34.1979166666667));
#2965=CARTESIAN_POINT('Ctrl Pts',(-2.68126445576768,2.05740657881962,34.2812500000001));
#2966=CARTESIAN_POINT('Ctrl Pts',(-2.90183152341115,0.382033367635017,34.3645833333334));
#2967=CARTESIAN_POINT('Ctrl Pts',(-3.12239859105462,-1.29333984354959,34.4479166666667));
#2968=CARTESIAN_POINT('Ctrl Pts',(-1.78176636317057,-2.32204313295938,34.53125));
#2969=CARTESIAN_POINT('Ctrl Pts',(-0.441134135286534,-3.35074642236917,
34.6145833333334));
#2970=CARTESIAN_POINT('Ctrl Pts',(1.12006516024098,-2.70407650059436,34.6979166666667));
#2971=CARTESIAN_POINT('Ctrl Pts',(2.6812644557685,-2.05740657881954,34.78125));
#2972=CARTESIAN_POINT('Ctrl Pts',(2.90183152341197,-0.382033367634937,34.8645833333333));
#2973=CARTESIAN_POINT('Ctrl Pts',(3.12239859105544,1.29333984354967,34.9479166666667));
#2974=CARTESIAN_POINT('Ctrl Pts',(1.78176636317141,2.32204313295946,35.03125));
#2975=CARTESIAN_POINT('Ctrl Pts',(0.441134135287369,3.35074642236925,35.1145833333334));
#2976=CARTESIAN_POINT('Ctrl Pts',(-1.12006516024015,2.70407650059444,35.1979166666667));
#2977=CARTESIAN_POINT('Ctrl Pts',(-2.68126445576766,2.05740657881962,35.2812500000001));
#2978=CARTESIAN_POINT('Ctrl Pts',(-2.90183152341113,0.382033367635017,35.3645833333334));
#2979=CARTESIAN_POINT('Ctrl Pts',(-3.1223985910546,-1.29333984354959,35.4479166666667));
#2980=CARTESIAN_POINT('Ctrl Pts',(-1.78176636317056,-2.32204313295938,35.53125));
#2981=CARTESIAN_POINT('Ctrl Pts',(-0.441134135286521,-3.35074642236917,
35.6145833333334));
#2982=CARTESIAN_POINT('Ctrl Pts',(1.12006516024099,-2.70407650059436,35.6979166666667));
#2983=CARTESIAN_POINT('Ctrl Pts',(2.68126445576852,-2.05740657881954,35.78125));
#2984=CARTESIAN_POINT('Ctrl Pts',(2.90183152341198,-0.382033367634937,35.8645833333333));
#2985=CARTESIAN_POINT('Ctrl Pts',(3.12239859105546,1.29333984354967,35.9479166666667));
#2986=CARTESIAN_POINT('Ctrl Pts',(1.78176636317142,2.32204313295946,36.03125));
#2987=CARTESIAN_POINT('Ctrl Pts',(0.441134135287382,3.35074642236925,36.1145833333334));
#2988=CARTESIAN_POINT('Ctrl Pts',(-1.12006516024013,2.70407650059444,36.1979166666667));
#2989=CARTESIAN_POINT('Ctrl Pts',(-2.68126445576765,2.05740657881962,36.2812500000001));
#2990=CARTESIAN_POINT('Ctrl Pts',(-2.90183152341112,0.382033367635017,36.3645833333334));
#2991=CARTESIAN_POINT('Ctrl Pts',(-3.12239859105459,-1.29333984354959,36.4479166666667));
#2992=CARTESIAN_POINT('Ctrl Pts',(-1.78176636317055,-2.32204313295938,36.53125));
#2993=CARTESIAN_POINT('Ctrl Pts',(-0.441134135286512,-3.35074642236917,
36.6145833333334));
#2994=CARTESIAN_POINT('Ctrl Pts',(1.120065160241,-2.70407650059436,36.6979166666667));
#2995=CARTESIAN_POINT('Ctrl Pts',(2.68126445576853,-2.05740657881954,36.78125));
#2996=CARTESIAN_POINT('Ctrl Pts',(2.901831523412,-0.382033367634937,36.8645833333333));
#2997=CARTESIAN_POINT('Ctrl Pts',(3.12239859105547,1.29333984354967,36.9479166666667));
#2998=CARTESIAN_POINT('Ctrl Pts',(1.78176636317143,2.32204313295946,37.03125));
#2999=CARTESIAN_POINT('Ctrl Pts',(0.441134135287395,3.35074642236925,37.1145833333334));
#3000=CARTESIAN_POINT('Ctrl Pts',(-1.12006516024012,2.70407650059444,37.1979166666667));
#3001=CARTESIAN_POINT('Ctrl Pts',(-2.68126445576764,2.05740657881962,37.2812500000001));
#3002=CARTESIAN_POINT('Ctrl Pts',(-2.90183152341111,0.382033367635017,37.3645833333334));
#3003=CARTESIAN_POINT('Ctrl Pts',(-3.12239859105458,-1.29333984354959,37.4479166666667));
#3004=CARTESIAN_POINT('Ctrl Pts',(-1.78176636317054,-2.32204313295938,37.53125));
#3005=CARTESIAN_POINT('Ctrl Pts',(-0.441134135286498,-3.35074642236917,
37.6145833333334));
#3006=CARTESIAN_POINT('Ctrl Pts',(1.12006516024101,-2.70407650059436,37.6979166666667));
#3007=CARTESIAN_POINT('Ctrl Pts',(2.68126445576854,-2.05740657881954,37.78125));
#3008=CARTESIAN_POINT('Ctrl Pts',(2.90183152341201,-0.382033367634937,37.8645833333333));
#3009=CARTESIAN_POINT('Ctrl Pts',(3.12239859105548,1.29333984354967,37.9479166666667));
#3010=CARTESIAN_POINT('Ctrl Pts',(1.78176636317144,2.32204313295946,38.03125));
#3011=CARTESIAN_POINT('Ctrl Pts',(0.441134135287404,3.35074642236925,38.1145833333334));
#3012=CARTESIAN_POINT('Ctrl Pts',(-1.12006516024011,2.70407650059444,38.1979166666667));
#3013=CARTESIAN_POINT('Ctrl Pts',(-2.68126445576763,2.05740657881962,38.2812500000001));
#3014=CARTESIAN_POINT('Ctrl Pts',(-2.9018315234111,0.382033367635017,38.3645833333334));
#3015=CARTESIAN_POINT('Ctrl Pts',(-3.12239859105457,-1.29333984354959,38.4479166666667));
#3016=CARTESIAN_POINT('Ctrl Pts',(-1.78176636317052,-2.32204313295938,38.53125));
#3017=CARTESIAN_POINT('Ctrl Pts',(-0.441134135286485,-3.35074642236917,
38.6145833333334));
#3018=CARTESIAN_POINT('Ctrl Pts',(1.12006516024103,-2.70407650059436,38.6979166666667));
#3019=CARTESIAN_POINT('Ctrl Pts',(2.68126445576855,-2.05740657881954,38.78125));
#3020=CARTESIAN_POINT('Ctrl Pts',(2.90183152341202,-0.382033367634937,38.8645833333333));
#3021=CARTESIAN_POINT('Ctrl Pts',(3.12239859105549,1.29333984354967,38.9479166666667));
#3022=CARTESIAN_POINT('Ctrl Pts',(1.78176636317146,2.32204313295946,39.03125));
#3023=CARTESIAN_POINT('Ctrl Pts',(0.441134135287418,3.35074642236925,39.1145833333334));
#3024=CARTESIAN_POINT('Ctrl Pts',(-1.1200651602401,2.70407650059444,39.1979166666667));
#3025=CARTESIAN_POINT('Ctrl Pts',(-2.68126445576761,2.05740657881962,39.2812500000001));
#3026=CARTESIAN_POINT('Ctrl Pts',(-2.90183152341108,0.382033367635017,39.3645833333334));
#3027=CARTESIAN_POINT('Ctrl Pts',(-3.12239859105456,-1.29333984354959,39.4479166666667));
#3028=CARTESIAN_POINT('Ctrl Pts',(-1.78176636317052,-2.32204313295938,39.53125));
#3029=CARTESIAN_POINT('Ctrl Pts',(-0.441134135286476,-3.35074642236917,
39.6145833333334));
#3030=CARTESIAN_POINT('Ctrl Pts',(1.12006516024104,-2.70407650059436,39.6979166666667));
#3031=CARTESIAN_POINT('Ctrl Pts',(2.68126445576856,-2.05740657881954,39.78125));
#3032=CARTESIAN_POINT('Ctrl Pts',(2.90183152341203,-0.382033367634937,39.8645833333333));
#3033=CARTESIAN_POINT('Ctrl Pts',(3.1223985910555,1.29333984354967,39.9479166666667));
#3034=CARTESIAN_POINT('Ctrl Pts',(1.78176636317147,2.32204313295946,40.03125));
#3035=CARTESIAN_POINT('Ctrl Pts',(0.441134135287431,3.35074642236925,40.1145833333334));
#3036=CARTESIAN_POINT('Ctrl Pts',(-1.12006516024008,2.70407650059444,40.1979166666667));
#3037=CARTESIAN_POINT('Ctrl Pts',(-2.6812644557676,2.05740657881962,40.2812500000001));
#3038=CARTESIAN_POINT('Ctrl Pts',(-2.90183152341108,0.382033367635017,40.3645833333334));
#3039=CARTESIAN_POINT('Ctrl Pts',(-3.12239859105454,-1.29333984354959,40.4479166666667));
#3040=CARTESIAN_POINT('Ctrl Pts',(-1.7817663631705,-2.32204313295938,40.53125));
#3041=CARTESIAN_POINT('Ctrl Pts',(-0.441134135286463,-3.35074642236917,
40.6145833333334));
#3042=CARTESIAN_POINT('Ctrl Pts',(1.12006516024105,-2.70407650059436,40.6979166666667));
#3043=CARTESIAN_POINT('Ctrl Pts',(2.68126445576858,-2.05740657881954,40.78125));
#3044=CARTESIAN_POINT('Ctrl Pts',(2.90183152341204,-0.382033367634937,40.8645833333333));
#3045=CARTESIAN_POINT('Ctrl Pts',(3.12239859105552,1.29333984354967,40.9479166666667));
#3046=CARTESIAN_POINT('Ctrl Pts',(1.78176636317148,2.32204313295946,41.03125));
#3047=CARTESIAN_POINT('Ctrl Pts',(0.44113413528744,3.35074642236925,41.1145833333333));
#3048=CARTESIAN_POINT('Ctrl Pts',(-1.12006516024007,2.70407650059444,41.1979166666667));
#3049=CARTESIAN_POINT('Ctrl Pts',(-2.68126445576759,2.05740657881962,41.2812500000001));
#3050=CARTESIAN_POINT('Ctrl Pts',(-2.90183152341106,0.382033367635017,41.3645833333334));
#3051=CARTESIAN_POINT('Ctrl Pts',(-3.12239859105453,-1.29333984354959,41.4479166666667));
#3052=CARTESIAN_POINT('Ctrl Pts',(-1.78176636317049,-2.32204313295938,41.53125));
#3053=CARTESIAN_POINT('Ctrl Pts',(-0.44113413528645,-3.35074642236917,41.6145833333334));
#3054=CARTESIAN_POINT('Ctrl Pts',(1.12006516024106,-2.70407650059436,41.6979166666667));
#3055=CARTESIAN_POINT('Ctrl Pts',(2.68126445576859,-2.05740657881954,41.78125));
#3056=CARTESIAN_POINT('Ctrl Pts',(2.90183152341206,-0.382033367634937,41.8645833333333));
#3057=CARTESIAN_POINT('Ctrl Pts',(3.12239859105553,1.29333984354967,41.9479166666667));
#3058=CARTESIAN_POINT('Ctrl Pts',(1.78176636317149,2.32204313295946,42.03125));
#3059=CARTESIAN_POINT('Ctrl Pts',(0.441134135287453,3.35074642236925,42.1145833333334));
#3060=CARTESIAN_POINT('Ctrl Pts',(-1.12006516024006,2.70407650059444,42.1979166666667));
#3061=CARTESIAN_POINT('Ctrl Pts',(-2.68126445576758,2.05740657881962,42.2812500000001));
#3062=CARTESIAN_POINT('Ctrl Pts',(-2.90183152341105,0.382033367635017,42.3645833333334));
#3063=CARTESIAN_POINT('Ctrl Pts',(-3.12239859105452,-1.29333984354959,42.4479166666667));
#3064=CARTESIAN_POINT('Ctrl Pts',(-1.78176636317048,-2.32204313295938,42.53125));
#3065=CARTESIAN_POINT('Ctrl Pts',(-0.441134135286436,-3.35074642236917,
42.6145833333334));
#3066=CARTESIAN_POINT('Ctrl Pts',(1.12006516024107,-2.70407650059436,42.6979166666667));
#3067=CARTESIAN_POINT('Ctrl Pts',(2.6812644557686,-2.05740657881954,42.78125));
#3068=CARTESIAN_POINT('Ctrl Pts',(2.90183152341207,-0.382033367634937,42.8645833333333));
#3069=CARTESIAN_POINT('Ctrl Pts',(3.12239859105554,1.29333984354967,42.9479166666667));
#3070=CARTESIAN_POINT('Ctrl Pts',(1.78176636317151,2.32204313295946,43.03125));
#3071=CARTESIAN_POINT('Ctrl Pts',(0.441134135287466,3.35074642236925,43.1145833333334));
#3072=CARTESIAN_POINT('Ctrl Pts',(-1.12006516024005,2.70407650059444,43.1979166666667));
#3073=CARTESIAN_POINT('Ctrl Pts',(-2.68126445576757,2.05740657881962,43.2812500000001));
#3074=CARTESIAN_POINT('Ctrl Pts',(-2.90183152341104,0.382033367635017,43.3645833333334));
#3075=CARTESIAN_POINT('Ctrl Pts',(-3.12239859105451,-1.29333984354959,43.4479166666667));
#3076=CARTESIAN_POINT('Ctrl Pts',(-1.78176636317047,-2.32204313295938,43.53125));
#3077=CARTESIAN_POINT('Ctrl Pts',(-0.441134135286427,-3.35074642236917,
43.6145833333334));
#3078=CARTESIAN_POINT('Ctrl Pts',(1.12006516024108,-2.70407650059436,43.6979166666667));
#3079=CARTESIAN_POINT('Ctrl Pts',(2.68126445576861,-2.05740657881954,43.78125));
#3080=CARTESIAN_POINT('Ctrl Pts',(2.90183152341208,-0.382033367634937,43.8645833333333));
#3081=CARTESIAN_POINT('Ctrl Pts',(3.12239859105556,1.29333984354967,43.9479166666667));
#3082=CARTESIAN_POINT('Ctrl Pts',(1.78176636317152,2.32204313295946,44.03125));
#3083=CARTESIAN_POINT('Ctrl Pts',(0.44113413528748,3.35074642236925,44.1145833333334));
#3084=CARTESIAN_POINT('Ctrl Pts',(-1.12006516024004,2.70407650059444,44.1979166666667));
#3085=CARTESIAN_POINT('Ctrl Pts',(-2.68126445576756,2.05740657881962,44.2812500000001));
#3086=CARTESIAN_POINT('Ctrl Pts',(-2.90183152341103,0.382033367635017,44.3645833333334));
#3087=CARTESIAN_POINT('Ctrl Pts',(-3.12239859105449,-1.29333984354959,44.4479166666667));
#3088=CARTESIAN_POINT('Ctrl Pts',(-1.78176636317045,-2.32204313295938,44.53125));
#3089=CARTESIAN_POINT('Ctrl Pts',(-0.441134135286414,-3.35074642236917,
44.6145833333334));
#3090=CARTESIAN_POINT('Ctrl Pts',(1.1200651602411,-2.70407650059436,44.6979166666667));
#3091=CARTESIAN_POINT('Ctrl Pts',(2.68126445576862,-2.05740657881954,44.78125));
#3092=CARTESIAN_POINT('Ctrl Pts',(2.90183152341209,-0.382033367634937,44.8645833333333));
#3093=CARTESIAN_POINT('Ctrl Pts',(3.12239859105556,1.29333984354967,44.9479166666667));
#3094=CARTESIAN_POINT('Ctrl Pts',(1.78176636317153,2.32204313295946,45.03125));
#3095=CARTESIAN_POINT('Ctrl Pts',(0.441134135287489,3.35074642236925,45.1145833333334));
#3096=CARTESIAN_POINT('Ctrl Pts',(-1.12006516024002,2.70407650059444,45.1979166666667));
#3097=CARTESIAN_POINT('Ctrl Pts',(-2.68126445576754,2.05740657881962,45.2812500000001));
#3098=CARTESIAN_POINT('Ctrl Pts',(-2.90183152341101,0.382033367635017,45.3645833333334));
#3099=CARTESIAN_POINT('Ctrl Pts',(-3.12239859105448,-1.29333984354959,45.4479166666667));
#3100=CARTESIAN_POINT('Ctrl Pts',(-1.78176636317045,-2.32204313295938,45.53125));
#3101=CARTESIAN_POINT('Ctrl Pts',(-0.441134135286401,-3.35074642236917,
45.6145833333334));
#3102=CARTESIAN_POINT('Ctrl Pts',(1.12006516024111,-2.70407650059436,45.6979166666667));
#3103=CARTESIAN_POINT('Ctrl Pts',(2.68126445576863,-2.05740657881954,45.78125));
#3104=CARTESIAN_POINT('Ctrl Pts',(2.9018315234121,-0.382033367634942,45.8645833333333));
#3105=CARTESIAN_POINT('Ctrl Pts',(3.12239859105557,1.29333984354966,45.9479166666667));
#3106=CARTESIAN_POINT('Ctrl Pts',(1.78176636317154,2.32204313295945,46.03125));
#3107=CARTESIAN_POINT('Ctrl Pts',(0.441134135287502,3.35074642236925,46.1145833333334));
#3108=CARTESIAN_POINT('Ctrl Pts',(-1.12006516024001,2.70407650059443,46.1979166666667));
#3109=CARTESIAN_POINT('Ctrl Pts',(-2.68126445576753,2.05740657881962,46.2812500000001));
#3110=CARTESIAN_POINT('Ctrl Pts',(-2.901831523411,0.382033367635013,46.3645833333334));
#3111=CARTESIAN_POINT('Ctrl Pts',(-3.12239859105447,-1.29333984354959,46.4479166666667));
#3112=CARTESIAN_POINT('Ctrl Pts',(-1.78176636317043,-2.32204313295938,46.53125));
#3113=CARTESIAN_POINT('Ctrl Pts',(-0.441134135286392,-3.35074642236918,
46.6145833333334));
#3114=CARTESIAN_POINT('Ctrl Pts',(1.12006516024112,-2.70407650059436,46.6979166666667));
#3115=CARTESIAN_POINT('Ctrl Pts',(2.68126445576865,-2.05740657881954,46.78125));
#3116=CARTESIAN_POINT('Ctrl Pts',(2.90183152341212,-0.382033367634942,46.8645833333333));
#3117=CARTESIAN_POINT('Ctrl Pts',(3.12239859105559,1.29333984354966,46.9479166666667));
#3118=CARTESIAN_POINT('Ctrl Pts',(1.78176636317156,2.32204313295945,47.03125));
#3119=CARTESIAN_POINT('Ctrl Pts',(0.441134135287515,3.35074642236925,47.1145833333334));
#3120=CARTESIAN_POINT('Ctrl Pts',(-1.12006516024,2.70407650059443,47.1979166666667));
#3121=CARTESIAN_POINT('Ctrl Pts',(-2.68126445576752,2.05740657881962,47.2812500000001));
#3122=CARTESIAN_POINT('Ctrl Pts',(-2.90183152341099,0.382033367635013,47.3645833333334));
#3123=CARTESIAN_POINT('Ctrl Pts',(-3.12239859105446,-1.29333984354959,47.4479166666667));
#3124=CARTESIAN_POINT('Ctrl Pts',(-1.78176636317042,-2.32204313295938,47.53125));
#3125=CARTESIAN_POINT('Ctrl Pts',(-0.441134135286378,-3.35074642236918,
47.6145833333334));
#3126=CARTESIAN_POINT('Ctrl Pts',(1.12006516024113,-2.70407650059436,47.6979166666667));
#3127=CARTESIAN_POINT('Ctrl Pts',(2.68126445576866,-2.05740657881954,47.78125));
#3128=CARTESIAN_POINT('Ctrl Pts',(2.90183152341213,-0.382033367634942,47.8645833333333));
#3129=CARTESIAN_POINT('Ctrl Pts',(3.1223985910556,1.29333984354966,47.9479166666667));
#3130=CARTESIAN_POINT('Ctrl Pts',(1.78176636317156,2.32204313295945,48.03125));
#3131=CARTESIAN_POINT('Ctrl Pts',(0.441134135287524,3.35074642236925,48.1145833333333));
#3132=CARTESIAN_POINT('Ctrl Pts',(-1.12006516023999,2.70407650059443,48.1979166666667));
#3133=CARTESIAN_POINT('Ctrl Pts',(-2.68126445576751,2.05740657881962,48.2812500000001));
#3134=CARTESIAN_POINT('Ctrl Pts',(-2.90183152341098,0.382033367635013,48.3645833333334));
#3135=CARTESIAN_POINT('Ctrl Pts',(-3.12239859105445,-1.29333984354959,48.4479166666667));
#3136=CARTESIAN_POINT('Ctrl Pts',(-1.78176636317041,-2.32204313295938,48.53125));
#3137=CARTESIAN_POINT('Ctrl Pts',(-0.441134135286365,-3.35074642236918,
48.6145833333334));
#3138=CARTESIAN_POINT('Ctrl Pts',(1.12006516024115,-2.70407650059436,48.6979166666667));
#3139=CARTESIAN_POINT('Ctrl Pts',(2.68126445576867,-2.05740657881954,48.78125));
#3140=CARTESIAN_POINT('Ctrl Pts',(2.90183152341214,-0.382033367634942,48.8645833333333));
#3141=CARTESIAN_POINT('Ctrl Pts',(3.12239859105561,1.29333984354966,48.9479166666667));
#3142=CARTESIAN_POINT('Ctrl Pts',(1.78176636317158,2.32204313295945,49.03125));
#3143=CARTESIAN_POINT('Ctrl Pts',(0.441134135287538,3.35074642236925,49.1145833333333));
#3144=CARTESIAN_POINT('Ctrl Pts',(-1.12006516023998,2.70407650059443,49.1979166666667));
#3145=CARTESIAN_POINT('Ctrl Pts',(-2.68126445576749,2.05740657881962,49.2812500000001));
#3146=CARTESIAN_POINT('Ctrl Pts',(-2.90183152341096,0.382033367635013,49.3645833333334));
#3147=CARTESIAN_POINT('Ctrl Pts',(-3.12239859105444,-1.29333984354959,49.4479166666667));
#3148=CARTESIAN_POINT('Ctrl Pts',(-1.7817663631704,-2.32204313295938,49.53125));
#3149=CARTESIAN_POINT('Ctrl Pts',(-0.441134135286352,-3.35074642236918,
49.6145833333334));
#3150=CARTESIAN_POINT('Ctrl Pts',(1.12006516024116,-2.70407650059436,49.6979166666667));
#3151=CARTESIAN_POINT('Ctrl Pts',(2.68126445576868,-2.05740657881954,49.78125));
#3152=CARTESIAN_POINT('Ctrl Pts',(2.90183152341215,-0.382033367634942,49.8645833333333));
#3153=CARTESIAN_POINT('Ctrl Pts',(3.12239859105563,1.29333984354966,49.9479166666667));
#3154=CARTESIAN_POINT('Ctrl Pts',(1.78176636317159,2.32204313295945,50.03125));
#3155=CARTESIAN_POINT('Ctrl Pts',(0.441134135287551,3.35074642236925,50.1145833333334));
#3156=CARTESIAN_POINT('Ctrl Pts',(-1.12006516023996,2.70407650059443,50.1979166666667));
#3157=CARTESIAN_POINT('Ctrl Pts',(-2.68126445576748,2.05740657881962,50.2812500000001));
#3158=CARTESIAN_POINT('Ctrl Pts',(-2.90183152341095,0.382033367635013,50.3645833333334));
#3159=CARTESIAN_POINT('Ctrl Pts',(-3.12239859105442,-1.29333984354959,50.4479166666667));
#3160=CARTESIAN_POINT('Ctrl Pts',(-1.78176636317038,-2.32204313295938,50.53125));
#3161=CARTESIAN_POINT('Ctrl Pts',(-0.441134135286343,-3.35074642236918,
50.6145833333334));
#3162=CARTESIAN_POINT('Ctrl Pts',(1.12006516024117,-2.70407650059436,50.6979166666667));
#3163=CARTESIAN_POINT('Ctrl Pts',(2.6812644557687,-2.05740657881954,50.78125));
#3164=CARTESIAN_POINT('Ctrl Pts',(2.90183152341216,-0.382033367634942,50.8645833333333));
#3165=CARTESIAN_POINT('Ctrl Pts',(3.12239859105564,1.29333984354966,50.9479166666667));
#3166=CARTESIAN_POINT('Ctrl Pts',(1.7817663631716,2.32204313295945,51.03125));
#3167=CARTESIAN_POINT('Ctrl Pts',(0.441134135287564,3.35074642236925,51.1145833333333));
#3168=CARTESIAN_POINT('Ctrl Pts',(-1.12006516023995,2.70407650059443,51.1979166666667));
#3169=CARTESIAN_POINT('Ctrl Pts',(-2.68126445576747,2.05740657881962,51.2812500000001));
#3170=CARTESIAN_POINT('Ctrl Pts',(-2.90183152341094,0.382033367635013,51.3645833333334));
#3171=CARTESIAN_POINT('Ctrl Pts',(-3.12239859105441,-1.29333984354959,51.4479166666667));
#3172=CARTESIAN_POINT('Ctrl Pts',(-1.78176636317037,-2.32204313295938,51.53125));
#3173=CARTESIAN_POINT('Ctrl Pts',(-0.44113413528633,-3.35074642236918,51.6145833333334));
#3174=CARTESIAN_POINT('Ctrl Pts',(1.12006516024118,-2.70407650059436,51.6979166666667));
#3175=CARTESIAN_POINT('Ctrl Pts',(2.68126445576871,-2.05740657881954,51.78125));
#3176=CARTESIAN_POINT('Ctrl Pts',(2.90183152341218,-0.382033367634942,51.8645833333333));
#3177=CARTESIAN_POINT('Ctrl Pts',(3.12239859105564,1.29333984354966,51.9479166666667));
#3178=CARTESIAN_POINT('Ctrl Pts',(1.78176636317161,2.32204313295945,52.03125));
#3179=CARTESIAN_POINT('Ctrl Pts',(0.441134135287573,3.35074642236925,52.1145833333334));
#3180=CARTESIAN_POINT('Ctrl Pts',(-1.12006516023994,2.70407650059443,52.1979166666667));
#3181=CARTESIAN_POINT('Ctrl Pts',(-2.68126445576746,2.05740657881962,52.2812500000001));
#3182=CARTESIAN_POINT('Ctrl Pts',(-2.90183152341093,0.382033367635013,52.3645833333334));
#3183=CARTESIAN_POINT('Ctrl Pts',(-3.1223985910544,-1.29333984354959,52.4479166666667));
#3184=CARTESIAN_POINT('Ctrl Pts',(-1.78176636317036,-2.32204313295938,52.53125));
#3185=CARTESIAN_POINT('Ctrl Pts',(-0.441134135286316,-3.35074642236918,
52.6145833333334));
#3186=CARTESIAN_POINT('Ctrl Pts',(1.12006516024119,-2.70407650059436,52.6979166666667));
#3187=CARTESIAN_POINT('Ctrl Pts',(2.68126445576872,-2.05740657881954,52.78125));
#3188=CARTESIAN_POINT('Ctrl Pts',(2.90183152341219,-0.382033367634942,52.8645833333333));
#3189=CARTESIAN_POINT('Ctrl Pts',(3.12239859105566,1.29333984354966,52.9479166666667));
#3190=CARTESIAN_POINT('Ctrl Pts',(1.78176636317163,2.32204313295945,53.03125));
#3191=CARTESIAN_POINT('Ctrl Pts',(0.441134135287586,3.35074642236925,53.1145833333333));
#3192=CARTESIAN_POINT('Ctrl Pts',(-1.12006516023993,2.70407650059443,53.1979166666667));
#3193=CARTESIAN_POINT('Ctrl Pts',(-2.68126445576745,2.05740657881962,53.2812500000001));
#3194=CARTESIAN_POINT('Ctrl Pts',(-2.90183152341092,0.382033367635013,53.3645833333334));
#3195=CARTESIAN_POINT('Ctrl Pts',(-3.12239859105439,-1.29333984354959,53.4479166666667));
#3196=CARTESIAN_POINT('Ctrl Pts',(-1.78176636317035,-2.32204313295938,53.53125));
#3197=CARTESIAN_POINT('Ctrl Pts',(-0.441134135286307,-3.35074642236918,
53.6145833333334));
#3198=CARTESIAN_POINT('Ctrl Pts',(1.12006516024121,-2.70407650059436,53.6979166666667));
#3199=CARTESIAN_POINT('Ctrl Pts',(2.68126445576873,-2.05740657881954,53.78125));
#3200=CARTESIAN_POINT('Ctrl Pts',(2.9018315234122,-0.382033367634942,53.8645833333333));
#3201=CARTESIAN_POINT('Ctrl Pts',(3.12239859105567,1.29333984354966,53.9479166666666));
#3202=CARTESIAN_POINT('Ctrl Pts',(1.78176636317164,2.32204313295945,54.03125));
#3203=CARTESIAN_POINT('Ctrl Pts',(0.4411341352876,3.35074642236925,54.1145833333334));
#3204=CARTESIAN_POINT('Ctrl Pts',(-1.12006516023992,2.70407650059443,54.1979166666667));
#3205=CARTESIAN_POINT('Ctrl Pts',(-2.68126445576744,2.05740657881962,54.28125));
#3206=CARTESIAN_POINT('Ctrl Pts',(-2.90183152341091,0.382033367635013,54.3645833333334));
#3207=CARTESIAN_POINT('Ctrl Pts',(-3.12239859105437,-1.29333984354959,54.4479166666667));
#3208=CARTESIAN_POINT('Ctrl Pts',(-1.78176636317033,-2.32204313295938,54.53125));
#3209=CARTESIAN_POINT('Ctrl Pts',(-0.441134135286294,-3.35074642236918,
54.6145833333334));
#3210=CARTESIAN_POINT('Ctrl Pts',(1.12006516024122,-2.70407650059436,54.6979166666667));
#3211=CARTESIAN_POINT('Ctrl Pts',(2.68126445576874,-2.05740657881954,54.78125));
#3212=CARTESIAN_POINT('Ctrl Pts',(2.90183152341221,-0.382033367634942,54.8645833333333));
#3213=CARTESIAN_POINT('Ctrl Pts',(3.12239859105568,1.29333984354966,54.9479166666667));
#3214=CARTESIAN_POINT('Ctrl Pts',(1.78176636317165,2.32204313295945,55.03125));
#3215=CARTESIAN_POINT('Ctrl Pts',(0.441134135287609,3.35074642236925,55.1145833333333));
#3216=CARTESIAN_POINT('Ctrl Pts',(-1.1200651602399,2.70407650059443,55.1979166666667));
#3217=CARTESIAN_POINT('Ctrl Pts',(-2.68126445576742,2.05740657881962,55.2812500000001));
#3218=CARTESIAN_POINT('Ctrl Pts',(-2.90183152341089,0.382033367635013,55.3645833333334));
#3219=CARTESIAN_POINT('Ctrl Pts',(-3.12239859105437,-1.29333984354959,55.4479166666667));
#3220=CARTESIAN_POINT('Ctrl Pts',(-1.78176636317032,-2.32204313295938,55.53125));
#3221=CARTESIAN_POINT('Ctrl Pts',(-0.441134135286281,-3.35074642236918,
55.6145833333333));
#3222=CARTESIAN_POINT('Ctrl Pts',(1.12006516024123,-2.70407650059436,55.6979166666667));
#3223=CARTESIAN_POINT('Ctrl Pts',(2.68126445576875,-2.05740657881954,55.78125));
#3224=CARTESIAN_POINT('Ctrl Pts',(2.90183152341222,-0.382033367634942,55.8645833333333));
#3225=CARTESIAN_POINT('Ctrl Pts',(3.1223985910557,1.29333984354966,55.9479166666667));
#3226=CARTESIAN_POINT('Ctrl Pts',(1.78176636317166,2.32204313295945,56.03125));
#3227=CARTESIAN_POINT('Ctrl Pts',(0.441134135287622,3.35074642236925,56.1145833333333));
#3228=CARTESIAN_POINT('Ctrl Pts',(-1.12006516023989,2.70407650059443,56.1979166666667));
#3229=CARTESIAN_POINT('Ctrl Pts',(-2.68126445576741,2.05740657881962,56.2812500000001));
#3230=CARTESIAN_POINT('Ctrl Pts',(-2.90183152341088,0.382033367635013,56.3645833333334));
#3231=CARTESIAN_POINT('Ctrl Pts',(-3.12239859105435,-1.29333984354959,56.4479166666667));
#3232=CARTESIAN_POINT('Ctrl Pts',(-1.78176636317031,-2.32204313295938,56.53125));
#3233=CARTESIAN_POINT('Ctrl Pts',(-0.441134135286272,-3.35074642236918,
56.6145833333334));
#3234=CARTESIAN_POINT('Ctrl Pts',(1.12006516024124,-2.70407650059436,56.6979166666667));
#3235=CARTESIAN_POINT('Ctrl Pts',(2.68126445576877,-2.05740657881954,56.78125));
#3236=CARTESIAN_POINT('Ctrl Pts',(2.90183152341223,-0.382033367634942,56.8645833333333));
#3237=CARTESIAN_POINT('Ctrl Pts',(3.12239859105571,1.29333984354966,56.9479166666667));
#3238=CARTESIAN_POINT('Ctrl Pts',(1.78176636317168,2.32204313295945,57.03125));
#3239=CARTESIAN_POINT('Ctrl Pts',(0.441134135287635,3.35074642236925,57.1145833333333));
#3240=CARTESIAN_POINT('Ctrl Pts',(-1.12006516023988,2.70407650059443,57.1979166666667));
#3241=CARTESIAN_POINT('Ctrl Pts',(-2.6812644557674,2.05740657881962,57.2812500000001));
#3242=CARTESIAN_POINT('Ctrl Pts',(-2.90183152341087,0.382033367635013,57.3645833333334));
#3243=CARTESIAN_POINT('Ctrl Pts',(-3.12239859105434,-1.29333984354959,57.4479166666667));
#3244=CARTESIAN_POINT('Ctrl Pts',(-1.7817663631703,-2.32204313295939,57.53125));
#3245=CARTESIAN_POINT('Ctrl Pts',(-0.441134135286259,-3.35074642236918,
57.6145833333334));
#3246=CARTESIAN_POINT('Ctrl Pts',(1.12006516024125,-2.70407650059437,57.6979166666667));
#3247=CARTESIAN_POINT('Ctrl Pts',(2.68126445576878,-2.05740657881955,57.78125));
#3248=CARTESIAN_POINT('Ctrl Pts',(2.90183152341225,-0.382033367634946,57.8645833333333));
#3249=CARTESIAN_POINT('Ctrl Pts',(3.12239859105572,1.29333984354966,57.9479166666667));
#3250=CARTESIAN_POINT('Ctrl Pts',(1.78176636317168,2.32204313295945,58.03125));
#3251=CARTESIAN_POINT('Ctrl Pts',(0.441134135287649,3.35074642236924,58.1145833333333));
#3252=CARTESIAN_POINT('Ctrl Pts',(-1.12006516023987,2.70407650059443,58.1979166666667));
#3253=CARTESIAN_POINT('Ctrl Pts',(-2.68126445576739,2.05740657881961,58.2812500000001));
#3254=CARTESIAN_POINT('Ctrl Pts',(-2.90183152341086,0.382033367635009,58.3645833333334));
#3255=CARTESIAN_POINT('Ctrl Pts',(-3.12239859105433,-1.2933398435496,58.4479166666667));
#3256=CARTESIAN_POINT('Ctrl Pts',(-1.78176636317029,-2.32204313295939,58.53125));
#3257=CARTESIAN_POINT('Ctrl Pts',(-0.441134135286245,-3.35074642236918,
58.6145833333334));
#3258=CARTESIAN_POINT('Ctrl Pts',(1.12006516024127,-2.70407650059437,58.6979166666667));
#3259=CARTESIAN_POINT('Ctrl Pts',(2.68126445576879,-2.05740657881955,58.78125));
#3260=CARTESIAN_POINT('Ctrl Pts',(2.90183152341226,-0.382033367634946,58.8645833333333));
#3261=CARTESIAN_POINT('Ctrl Pts',(3.12239859105573,1.29333984354966,58.9479166666666));
#3262=CARTESIAN_POINT('Ctrl Pts',(1.7817663631717,2.32204313295945,59.03125));
#3263=CARTESIAN_POINT('Ctrl Pts',(0.441134135287657,3.35074642236924,59.1145833333333));
#3264=CARTESIAN_POINT('Ctrl Pts',(-1.12006516023986,2.70407650059443,59.1979166666667));
#3265=CARTESIAN_POINT('Ctrl Pts',(-2.68126445576737,2.05740657881961,59.2812500000001));
#3266=CARTESIAN_POINT('Ctrl Pts',(-2.90183152341084,0.382033367635009,59.3645833333334));
#3267=CARTESIAN_POINT('Ctrl Pts',(-3.12239859105432,-1.2933398435496,59.4479166666667));
#3268=CARTESIAN_POINT('Ctrl Pts',(-1.78176636317028,-2.32204313295939,59.5312500000001));
#3269=CARTESIAN_POINT('Ctrl Pts',(-0.441134135286232,-3.35074642236918,
59.6145833333334));
#3270=CARTESIAN_POINT('Ctrl Pts',(1.12006516024128,-2.70407650059437,59.6979166666667));
#3271=CARTESIAN_POINT('Ctrl Pts',(2.6812644557688,-2.05740657881955,59.78125));
#3272=CARTESIAN_POINT('Ctrl Pts',(2.90183152341227,-0.382033367634946,59.8645833333333));
#3273=CARTESIAN_POINT('Ctrl Pts',(3.12239859105574,1.29333984354966,59.9479166666667));
#3274=CARTESIAN_POINT('Ctrl Pts',(1.78176636317171,2.32204313295945,60.03125));
#3275=CARTESIAN_POINT('Ctrl Pts',(0.441134135287671,3.35074642236924,60.1145833333333));
#3276=CARTESIAN_POINT('Ctrl Pts',(-1.12006516023984,2.70407650059443,60.1979166666667));
#3277=CARTESIAN_POINT('Ctrl Pts',(-2.68126445576736,2.05740657881961,60.2812500000001));
#3278=CARTESIAN_POINT('Ctrl Pts',(-2.90183152341083,0.382033367635009,60.3645833333334));
#3279=CARTESIAN_POINT('Ctrl Pts',(-3.1223985910543,-1.2933398435496,60.4479166666667));
#3280=CARTESIAN_POINT('Ctrl Pts',(-1.78176636317026,-2.32204313295939,60.53125));
#3281=CARTESIAN_POINT('Ctrl Pts',(-0.441134135286223,-3.35074642236918,
60.6145833333334));
#3282=CARTESIAN_POINT('Ctrl Pts',(1.12006516024129,-2.70407650059437,60.6979166666667));
#3283=CARTESIAN_POINT('Ctrl Pts',(2.68126445576882,-2.05740657881955,60.78125));
#3284=CARTESIAN_POINT('Ctrl Pts',(2.90183152341228,-0.382033367634946,60.8645833333333));
#3285=CARTESIAN_POINT('Ctrl Pts',(3.12239859105576,1.29333984354966,60.9479166666667));
#3286=CARTESIAN_POINT('Ctrl Pts',(1.78176636317172,2.32204313295945,61.03125));
#3287=CARTESIAN_POINT('Ctrl Pts',(0.441134135287684,3.35074642236924,61.1145833333333));
#3288=CARTESIAN_POINT('Ctrl Pts',(-1.12006516023983,2.70407650059443,61.1979166666667));
#3289=CARTESIAN_POINT('Ctrl Pts',(-2.68126445576735,2.05740657881961,61.2812500000001));
#3290=CARTESIAN_POINT('Ctrl Pts',(-2.90183152341082,0.382033367635009,61.3645833333334));
#3291=CARTESIAN_POINT('Ctrl Pts',(-3.12239859105429,-1.2933398435496,61.4479166666667));
#3292=CARTESIAN_POINT('Ctrl Pts',(-1.78176636317025,-2.32204313295939,61.53125));
#3293=CARTESIAN_POINT('Ctrl Pts',(-0.44113413528621,-3.35074642236918,61.6145833333334));
#3294=CARTESIAN_POINT('Ctrl Pts',(1.1200651602413,-2.70407650059437,61.6979166666667));
#3295=CARTESIAN_POINT('Ctrl Pts',(2.68126445576883,-2.05740657881955,61.78125));
#3296=CARTESIAN_POINT('Ctrl Pts',(2.9018315234123,-0.382033367634946,61.8645833333333));
#3297=CARTESIAN_POINT('Ctrl Pts',(3.12239859105577,1.29333984354966,61.9479166666667));
#3298=CARTESIAN_POINT('Ctrl Pts',(1.78176636317173,2.32204313295945,62.03125));
#3299=CARTESIAN_POINT('Ctrl Pts',(0.441134135287693,3.35074642236924,62.1145833333334));
#3300=CARTESIAN_POINT('Ctrl Pts',(-1.12006516023982,2.70407650059443,62.1979166666667));
#3301=CARTESIAN_POINT('Ctrl Pts',(-2.68126445576734,2.05740657881961,62.2812500000001));
#3302=CARTESIAN_POINT('Ctrl Pts',(-2.90183152341081,0.382033367635009,62.3645833333334));
#3303=CARTESIAN_POINT('Ctrl Pts',(-3.12239859105428,-1.2933398435496,62.4479166666667));
#3304=CARTESIAN_POINT('Ctrl Pts',(-1.78176636317024,-2.32204313295939,62.53125));
#3305=CARTESIAN_POINT('Ctrl Pts',(-0.441134135286196,-3.35074642236918,
62.6145833333334));
#3306=CARTESIAN_POINT('Ctrl Pts',(1.12006516024131,-2.70407650059437,62.6979166666667));
#3307=CARTESIAN_POINT('Ctrl Pts',(2.68126445576884,-2.05740657881955,62.78125));
#3308=CARTESIAN_POINT('Ctrl Pts',(2.90183152341231,-0.382033367634946,62.8645833333333));
#3309=CARTESIAN_POINT('Ctrl Pts',(3.12239859105578,1.29333984354966,62.9479166666667));
#3310=CARTESIAN_POINT('Ctrl Pts',(1.78176636317175,2.32204313295945,63.03125));
#3311=CARTESIAN_POINT('Ctrl Pts',(0.441134135287706,3.35074642236924,63.1145833333333));
#3312=CARTESIAN_POINT('Ctrl Pts',(-1.12006516023981,2.70407650059443,63.1979166666667));
#3313=CARTESIAN_POINT('Ctrl Pts',(-2.68126445576733,2.05740657881961,63.2812500000001));
#3314=CARTESIAN_POINT('Ctrl Pts',(-2.9018315234108,0.382033367635009,63.3645833333334));
#3315=CARTESIAN_POINT('Ctrl Pts',(-3.12239859105427,-1.2933398435496,63.4479166666667));
#3316=CARTESIAN_POINT('Ctrl Pts',(-1.78176636317023,-2.32204313295939,63.5312500000001));
#3317=CARTESIAN_POINT('Ctrl Pts',(-0.441134135286188,-3.35074642236918,
63.6145833333334));
#3318=CARTESIAN_POINT('Ctrl Pts',(1.12006516024133,-2.70407650059437,63.6979166666667));
#3319=CARTESIAN_POINT('Ctrl Pts',(2.68126445576885,-2.05740657881955,63.78125));
#3320=CARTESIAN_POINT('Ctrl Pts',(2.90183152341232,-0.382033367634946,63.8645833333333));
#3321=CARTESIAN_POINT('Ctrl Pts',(3.12239859105579,1.29333984354966,63.9479166666667));
#3322=CARTESIAN_POINT('Ctrl Pts',(1.78176636317176,2.32204313295945,64.03125));
#3323=CARTESIAN_POINT('Ctrl Pts',(0.44113413528772,3.35074642236924,64.1145833333333));
#3324=CARTESIAN_POINT('Ctrl Pts',(-1.1200651602398,2.70407650059443,64.1979166666667));
#3325=CARTESIAN_POINT('Ctrl Pts',(-2.68126445576732,2.05740657881961,64.2812500000001));
#3326=CARTESIAN_POINT('Ctrl Pts',(-2.90183152341079,0.382033367635009,64.3645833333334));
#3327=CARTESIAN_POINT('Ctrl Pts',(-3.12239859105425,-1.2933398435496,64.4479166666667));
#3328=CARTESIAN_POINT('Ctrl Pts',(-1.78176636317021,-2.32204313295939,64.53125));
#3329=CARTESIAN_POINT('Ctrl Pts',(-0.441134135286174,-3.35074642236918,
64.6145833333334));
#3330=CARTESIAN_POINT('Ctrl Pts',(1.12006516024134,-2.70407650059437,64.6979166666667));
#3331=CARTESIAN_POINT('Ctrl Pts',(2.68126445576887,-2.05740657881955,64.78125));
#3332=CARTESIAN_POINT('Ctrl Pts',(2.90183152341233,-0.382033367634946,64.8645833333333));
#3333=CARTESIAN_POINT('Ctrl Pts',(3.1223985910558,1.29333984354966,64.9479166666667));
#3334=CARTESIAN_POINT('Ctrl Pts',(1.78176636317177,2.32204313295945,65.03125));
#3335=CARTESIAN_POINT('Ctrl Pts',(0.441134135287728,3.35074642236924,65.1145833333333));
#3336=CARTESIAN_POINT('Ctrl Pts',(-1.12006516023978,2.70407650059443,65.1979166666667));
#3337=CARTESIAN_POINT('Ctrl Pts',(-2.6812644557673,2.05740657881961,65.2812500000001));
#3338=CARTESIAN_POINT('Ctrl Pts',(-2.90183152341077,0.382033367635009,65.3645833333334));
#3339=CARTESIAN_POINT('Ctrl Pts',(-3.12239859105425,-1.2933398435496,65.4479166666667));
#3340=CARTESIAN_POINT('Ctrl Pts',(-1.7817663631702,-2.32204313295939,65.53125));
#3341=CARTESIAN_POINT('Ctrl Pts',(-0.441134135286161,-3.35074642236918,
65.6145833333334));
#3342=CARTESIAN_POINT('Ctrl Pts',(1.12006516024135,-2.70407650059437,65.6979166666667));
#3343=CARTESIAN_POINT('Ctrl Pts',(2.68126445576887,-2.05740657881955,65.78125));
#3344=CARTESIAN_POINT('Ctrl Pts',(2.90183152341234,-0.382033367634946,65.8645833333333));
#3345=CARTESIAN_POINT('Ctrl Pts',(3.12239859105581,1.29333984354966,65.9479166666667));
#3346=CARTESIAN_POINT('Ctrl Pts',(1.78176636317178,2.32204313295945,66.03125));
#3347=CARTESIAN_POINT('Ctrl Pts',(0.441134135287742,3.35074642236924,66.1145833333334));
#3348=CARTESIAN_POINT('Ctrl Pts',(-1.12006516023977,2.70407650059443,66.1979166666667));
#3349=CARTESIAN_POINT('Ctrl Pts',(-2.68126445576729,2.05740657881961,66.2812500000001));
#3350=CARTESIAN_POINT('Ctrl Pts',(-2.90183152341076,0.382033367635009,66.3645833333334));
#3351=CARTESIAN_POINT('Ctrl Pts',(-3.12239859105423,-1.2933398435496,66.4479166666667));
#3352=CARTESIAN_POINT('Ctrl Pts',(-1.78176636317019,-2.32204313295939,66.53125));
#3353=CARTESIAN_POINT('Ctrl Pts',(-0.441134135286148,-3.35074642236918,
66.6145833333334));
#3354=CARTESIAN_POINT('Ctrl Pts',(1.12006516024136,-2.70407650059437,66.6979166666667));
#3355=CARTESIAN_POINT('Ctrl Pts',(2.68126445576889,-2.05740657881955,66.78125));
#3356=CARTESIAN_POINT('Ctrl Pts',(2.90183152341235,-0.382033367634946,66.8645833333333));
#3357=CARTESIAN_POINT('Ctrl Pts',(3.12239859105583,1.29333984354966,66.9479166666667));
#3358=CARTESIAN_POINT('Ctrl Pts',(1.7817663631718,2.32204313295945,67.03125));
#3359=CARTESIAN_POINT('Ctrl Pts',(1.37126205106992,1.78706349776872,-4.37500000000001));
#3360=CARTESIAN_POINT('Ctrl Pts',(0.33950045957424,2.57876201208349,-4.29166666666667));
#3361=CARTESIAN_POINT('Ctrl Pts',(-0.86201136170859,2.08107952035654,-4.20833333333332));
#3362=CARTESIAN_POINT('Ctrl Pts',(-2.06352318299144,1.58339702862961,-4.12499999999997));
#3363=CARTESIAN_POINT('Ctrl Pts',(-2.23327341277858,0.294016022587882,-4.04166666666664));
#3364=CARTESIAN_POINT('Ctrl Pts',(-2.40302364256572,-0.995364983453837,
-3.9583333333333));
#3365=CARTESIAN_POINT('Ctrl Pts',(-1.37126205107003,-1.7870634977686,-3.87499999999998));
#3366=CARTESIAN_POINT('Ctrl Pts',(-0.339500459574342,-2.57876201208337,
-3.79166666666667));
#3367=CARTESIAN_POINT('Ctrl Pts',(0.862011361708497,-2.08107952035642,-3.70833333333334));
#3368=CARTESIAN_POINT('Ctrl Pts',(2.06352318299133,-1.58339702862948,-3.62500000000002));
#3369=CARTESIAN_POINT('Ctrl Pts',(2.23327341277849,-0.294016022587766,-3.54166666666669));
#3370=CARTESIAN_POINT('Ctrl Pts',(2.40302364256562,0.995364983453952,-3.45833333333336));
#3371=CARTESIAN_POINT('Ctrl Pts',(1.37126205106993,1.78706349776872,-3.37500000000002));
#3372=CARTESIAN_POINT('Ctrl Pts',(0.339500459574249,2.57876201208349,-3.29166666666667));
#3373=CARTESIAN_POINT('Ctrl Pts',(-0.862011361708577,2.08107952035654,-3.20833333333332));
#3374=CARTESIAN_POINT('Ctrl Pts',(-2.06352318299142,1.58339702862961,-3.12499999999997));
#3375=CARTESIAN_POINT('Ctrl Pts',(-2.23327341277856,0.294016022587882,-3.04166666666664));
#3376=CARTESIAN_POINT('Ctrl Pts',(-2.4030236425657,-0.995364983453837,-2.95833333333331));
#3377=CARTESIAN_POINT('Ctrl Pts',(-1.37126205107002,-1.7870634977686,-2.87499999999998));
#3378=CARTESIAN_POINT('Ctrl Pts',(-0.339500459574329,-2.57876201208337,
-2.79166666666666));
#3379=CARTESIAN_POINT('Ctrl Pts',(0.86201136170851,-2.08107952035642,-2.70833333333335));
#3380=CARTESIAN_POINT('Ctrl Pts',(2.06352318299134,-1.58339702862948,-2.62500000000002));
#3381=CARTESIAN_POINT('Ctrl Pts',(2.2332734127785,-0.294016022587766,-2.54166666666669));
#3382=CARTESIAN_POINT('Ctrl Pts',(2.40302364256563,0.995364983453952,-2.45833333333336));
#3383=CARTESIAN_POINT('Ctrl Pts',(1.37126205106995,1.78706349776872,-2.37500000000002));
#3384=CARTESIAN_POINT('Ctrl Pts',(0.339500459574262,2.57876201208349,-2.29166666666666));
#3385=CARTESIAN_POINT('Ctrl Pts',(-0.862011361708568,2.08107952035654,-2.20833333333332));
#3386=CARTESIAN_POINT('Ctrl Pts',(-2.06352318299142,1.58339702862961,-2.12499999999998));
#3387=CARTESIAN_POINT('Ctrl Pts',(-2.23327341277855,0.294016022587882,-2.04166666666664));
#3388=CARTESIAN_POINT('Ctrl Pts',(-2.40302364256569,-0.995364983453837,
-1.95833333333331));
#3389=CARTESIAN_POINT('Ctrl Pts',(-1.37126205107001,-1.7870634977686,-1.87499999999998));
#3390=CARTESIAN_POINT('Ctrl Pts',(-0.33950045957432,-2.57876201208337,-1.79166666666666));
#3391=CARTESIAN_POINT('Ctrl Pts',(0.862011361708523,-2.08107952035642,-1.70833333333335));
#3392=CARTESIAN_POINT('Ctrl Pts',(2.06352318299136,-1.58339702862948,-1.62500000000002));
#3393=CARTESIAN_POINT('Ctrl Pts',(2.23327341277851,-0.294016022587766,-1.54166666666669));
#3394=CARTESIAN_POINT('Ctrl Pts',(2.40302364256564,0.995364983453948,-1.45833333333337));
#3395=CARTESIAN_POINT('Ctrl Pts',(1.37126205106996,1.78706349776871,-1.37500000000001));
#3396=CARTESIAN_POINT('Ctrl Pts',(0.339500459574276,2.57876201208348,-1.29166666666666));
#3397=CARTESIAN_POINT('Ctrl Pts',(-0.862011361708555,2.08107952035653,-1.20833333333332));
#3398=CARTESIAN_POINT('Ctrl Pts',(-2.0635231829914,1.5833970286296,-1.12499999999997));
#3399=CARTESIAN_POINT('Ctrl Pts',(-2.23327341277854,0.294016022587877,-1.04166666666664));
#3400=CARTESIAN_POINT('Ctrl Pts',(-2.40302364256568,-0.995364983453841,
-0.958333333333301));
#3401=CARTESIAN_POINT('Ctrl Pts',(-1.37126205106999,-1.78706349776861,-0.874999999999977));
#3402=CARTESIAN_POINT('Ctrl Pts',(-0.339500459574307,-2.57876201208338,
-0.791666666666662));
#3403=CARTESIAN_POINT('Ctrl Pts',(0.862011361708532,-2.08107952035643,-0.708333333333346));
#3404=CARTESIAN_POINT('Ctrl Pts',(2.06352318299137,-1.58339702862949,-0.625000000000018));
#3405=CARTESIAN_POINT('Ctrl Pts',(2.23327341277852,-0.294016022587771,-0.541666666666694));
#3406=CARTESIAN_POINT('Ctrl Pts',(2.40302364256566,0.995364983453948,-0.458333333333365));
#3407=CARTESIAN_POINT('Ctrl Pts',(1.37126205106997,1.78706349776871,-0.37500000000001));
#3408=CARTESIAN_POINT('Ctrl Pts',(0.339500459574285,2.57876201208348,-0.291666666666668));
#3409=CARTESIAN_POINT('Ctrl Pts',(-0.862011361708541,2.08107952035653,-0.208333333333326));
#3410=CARTESIAN_POINT('Ctrl Pts',(-2.06352318299139,1.5833970286296,-0.124999999999975));
#3411=CARTESIAN_POINT('Ctrl Pts',(-2.23327341277853,0.294016022587877,-0.0416666666666377));
#3412=CARTESIAN_POINT('Ctrl Pts',(-2.40302364256567,-0.995364983453841,
0.0416666666666998));
#3413=CARTESIAN_POINT('Ctrl Pts',(-1.37126205106998,-1.78706349776861,0.125000000000015));
#3414=CARTESIAN_POINT('Ctrl Pts',(-0.339500459574293,-2.57876201208338,
0.208333333333339));
#3415=CARTESIAN_POINT('Ctrl Pts',(0.862011361708546,-2.08107952035643,0.291666666666655));
#3416=CARTESIAN_POINT('Ctrl Pts',(2.06352318299138,-1.58339702862949,0.374999999999974));
#3417=CARTESIAN_POINT('Ctrl Pts',(2.23327341277853,-0.294016022587771,0.458333333333307));
#3418=CARTESIAN_POINT('Ctrl Pts',(2.40302364256567,0.995364983453948,0.541666666666636));
#3419=CARTESIAN_POINT('Ctrl Pts',(1.37126205106998,1.78706349776871,0.624999999999987));
#3420=CARTESIAN_POINT('Ctrl Pts',(0.339500459574298,2.57876201208348,0.708333333333333));
#3421=CARTESIAN_POINT('Ctrl Pts',(-0.862011361708532,2.08107952035653,0.791666666666675));
#3422=CARTESIAN_POINT('Ctrl Pts',(-2.06352318299138,1.5833970286296,0.875000000000026));
#3423=CARTESIAN_POINT('Ctrl Pts',(-2.23327341277852,0.294016022587877,0.958333333333359));
#3424=CARTESIAN_POINT('Ctrl Pts',(-2.40302364256566,-0.995364983453841,
1.0416666666667));
#3425=CARTESIAN_POINT('Ctrl Pts',(-1.37126205106997,-1.78706349776861,1.12500000000002));
#3426=CARTESIAN_POINT('Ctrl Pts',(-0.339500459574285,-2.57876201208338,
1.20833333333334));
#3427=CARTESIAN_POINT('Ctrl Pts',(0.862011361708559,-2.08107952035643,1.29166666666666));
#3428=CARTESIAN_POINT('Ctrl Pts',(2.06352318299139,-1.58339702862949,1.37499999999998));
#3429=CARTESIAN_POINT('Ctrl Pts',(2.23327341277855,-0.294016022587771,1.4583333333333));
#3430=CARTESIAN_POINT('Ctrl Pts',(2.40302364256568,0.995364983453948,1.54166666666664));
#3431=CARTESIAN_POINT('Ctrl Pts',(1.37126205107,1.78706349776871,1.62499999999998));
#3432=CARTESIAN_POINT('Ctrl Pts',(0.339500459574311,2.57876201208348,1.70833333333333));
#3433=CARTESIAN_POINT('Ctrl Pts',(-0.862011361708519,2.08107952035653,1.79166666666668));
#3434=CARTESIAN_POINT('Ctrl Pts',(-2.06352318299137,1.5833970286296,1.87500000000003));
#3435=CARTESIAN_POINT('Ctrl Pts',(-2.2332734127785,0.294016022587877,1.95833333333336));
#3436=CARTESIAN_POINT('Ctrl Pts',(-2.40302364256564,-0.995364983453841,
2.0416666666667));
#3437=CARTESIAN_POINT('Ctrl Pts',(-1.37126205106996,-1.78706349776861,2.12500000000002));
#3438=CARTESIAN_POINT('Ctrl Pts',(-0.339500459574271,-2.57876201208338,
2.20833333333334));
#3439=CARTESIAN_POINT('Ctrl Pts',(0.862011361708568,-2.08107952035643,2.29166666666666));
#3440=CARTESIAN_POINT('Ctrl Pts',(2.06352318299141,-1.58339702862949,2.37499999999998));
#3441=CARTESIAN_POINT('Ctrl Pts',(2.23327341277856,-0.294016022587771,2.4583333333333));
#3442=CARTESIAN_POINT('Ctrl Pts',(2.40302364256569,0.995364983453948,2.54166666666664));
#3443=CARTESIAN_POINT('Ctrl Pts',(1.37126205107001,1.78706349776871,2.62499999999998));
#3444=CARTESIAN_POINT('Ctrl Pts',(0.339500459574325,2.57876201208348,2.70833333333333));
#3445=CARTESIAN_POINT('Ctrl Pts',(-0.862011361708506,2.08107952035653,2.79166666666668));
#3446=CARTESIAN_POINT('Ctrl Pts',(-2.06352318299135,1.5833970286296,2.87500000000003));
#3447=CARTESIAN_POINT('Ctrl Pts',(-2.23327341277849,0.294016022587877,2.95833333333336));
#3448=CARTESIAN_POINT('Ctrl Pts',(-2.40302364256563,-0.995364983453841,
3.0416666666667));
#3449=CARTESIAN_POINT('Ctrl Pts',(-1.37126205106994,-1.78706349776861,3.12500000000002));
#3450=CARTESIAN_POINT('Ctrl Pts',(-0.339500459574258,-2.57876201208338,
3.20833333333333));
#3451=CARTESIAN_POINT('Ctrl Pts',(0.862011361708581,-2.08107952035643,3.29166666666666));
#3452=CARTESIAN_POINT('Ctrl Pts',(2.06352318299142,-1.58339702862949,3.37499999999998));
#3453=CARTESIAN_POINT('Ctrl Pts',(2.23327341277857,-0.294016022587771,3.45833333333331));
#3454=CARTESIAN_POINT('Ctrl Pts',(2.4030236425657,0.995364983453948,3.54166666666663));
#3455=CARTESIAN_POINT('Ctrl Pts',(1.37126205107002,1.78706349776871,3.62499999999998));
#3456=CARTESIAN_POINT('Ctrl Pts',(0.339500459574333,2.57876201208348,3.70833333333334));
#3457=CARTESIAN_POINT('Ctrl Pts',(-0.862011361708497,2.08107952035653,3.79166666666668));
#3458=CARTESIAN_POINT('Ctrl Pts',(-2.06352318299134,1.5833970286296,3.87500000000002));
#3459=CARTESIAN_POINT('Ctrl Pts',(-2.23327341277848,0.294016022587877,3.95833333333336));
#3460=CARTESIAN_POINT('Ctrl Pts',(-2.40302364256562,-0.995364983453841,
4.0416666666667));
#3461=CARTESIAN_POINT('Ctrl Pts',(-1.37126205106993,-1.78706349776861,4.12500000000001));
#3462=CARTESIAN_POINT('Ctrl Pts',(-0.339500459574245,-2.57876201208338,
4.20833333333333));
#3463=CARTESIAN_POINT('Ctrl Pts',(0.862011361708594,-2.08107952035643,4.29166666666666));
#3464=CARTESIAN_POINT('Ctrl Pts',(2.06352318299143,-1.58339702862949,4.37499999999998));
#3465=CARTESIAN_POINT('Ctrl Pts',(2.23327341277858,-0.294016022587771,4.4583333333333));
#3466=CARTESIAN_POINT('Ctrl Pts',(2.40302364256572,0.995364983453948,4.54166666666663));
#3467=CARTESIAN_POINT('Ctrl Pts',(1.37126205107003,1.78706349776871,4.62499999999999));
#3468=CARTESIAN_POINT('Ctrl Pts',(0.339500459574347,2.57876201208348,4.70833333333333));
#3469=CARTESIAN_POINT('Ctrl Pts',(-0.862011361708483,2.08107952035653,4.79166666666668));
#3470=CARTESIAN_POINT('Ctrl Pts',(-2.06352318299133,1.5833970286296,4.87500000000003));
#3471=CARTESIAN_POINT('Ctrl Pts',(-2.23327341277847,0.294016022587877,4.95833333333336));
#3472=CARTESIAN_POINT('Ctrl Pts',(-2.40302364256561,-0.995364983453841,
5.0416666666667));
#3473=CARTESIAN_POINT('Ctrl Pts',(-1.37126205106992,-1.78706349776861,5.12500000000002));
#3474=CARTESIAN_POINT('Ctrl Pts',(-0.339500459574236,-2.57876201208338,
5.20833333333334));
#3475=CARTESIAN_POINT('Ctrl Pts',(0.862011361708608,-2.08107952035643,5.29166666666666));
#3476=CARTESIAN_POINT('Ctrl Pts',(2.06352318299144,-1.58339702862949,5.37499999999997));
#3477=CARTESIAN_POINT('Ctrl Pts',(2.2332734127786,-0.294016022587771,5.45833333333331));
#3478=CARTESIAN_POINT('Ctrl Pts',(2.40302364256573,0.995364983453948,5.54166666666664));
#3479=CARTESIAN_POINT('Ctrl Pts',(1.37126205107004,1.78706349776871,5.62499999999999));
#3480=CARTESIAN_POINT('Ctrl Pts',(0.33950045957436,2.57876201208348,5.70833333333333));
#3481=CARTESIAN_POINT('Ctrl Pts',(-0.86201136170847,2.08107952035653,5.79166666666667));
#3482=CARTESIAN_POINT('Ctrl Pts',(-2.06352318299132,1.5833970286296,5.87500000000003));
#3483=CARTESIAN_POINT('Ctrl Pts',(-2.23327341277846,0.294016022587877,5.95833333333336));
#3484=CARTESIAN_POINT('Ctrl Pts',(-2.40302364256559,-0.995364983453841,
6.04166666666669));
#3485=CARTESIAN_POINT('Ctrl Pts',(-1.37126205106991,-1.78706349776861,6.12500000000002));
#3486=CARTESIAN_POINT('Ctrl Pts',(-0.339500459574222,-2.57876201208338,
6.20833333333334));
#3487=CARTESIAN_POINT('Ctrl Pts',(0.862011361708617,-2.08107952035643,6.29166666666666));
#3488=CARTESIAN_POINT('Ctrl Pts',(2.06352318299145,-1.58339702862949,6.37499999999998));
#3489=CARTESIAN_POINT('Ctrl Pts',(2.23327341277861,-0.294016022587771,6.45833333333331));
#3490=CARTESIAN_POINT('Ctrl Pts',(2.40302364256574,0.995364983453948,6.54166666666664));
#3491=CARTESIAN_POINT('Ctrl Pts',(1.37126205107005,1.78706349776871,6.62499999999998));
#3492=CARTESIAN_POINT('Ctrl Pts',(0.339500459574369,2.57876201208348,6.70833333333333));
#3493=CARTESIAN_POINT('Ctrl Pts',(-0.862011361708457,2.08107952035653,6.79166666666668));
#3494=CARTESIAN_POINT('Ctrl Pts',(-2.0635231829913,1.5833970286296,6.87500000000003));
#3495=CARTESIAN_POINT('Ctrl Pts',(-2.23327341277844,0.294016022587877,6.95833333333336));
#3496=CARTESIAN_POINT('Ctrl Pts',(-2.40302364256558,-0.995364983453841,
7.0416666666667));
#3497=CARTESIAN_POINT('Ctrl Pts',(-1.3712620510699,-1.78706349776861,7.12500000000002));
#3498=CARTESIAN_POINT('Ctrl Pts',(-0.339500459574209,-2.57876201208338,
7.20833333333334));
#3499=CARTESIAN_POINT('Ctrl Pts',(0.86201136170863,-2.08107952035643,7.29166666666666));
#3500=CARTESIAN_POINT('Ctrl Pts',(2.06352318299146,-1.58339702862949,7.37499999999997));
#3501=CARTESIAN_POINT('Ctrl Pts',(2.23327341277862,-0.294016022587771,7.45833333333331));
#3502=CARTESIAN_POINT('Ctrl Pts',(2.40302364256575,0.995364983453948,7.54166666666664));
#3503=CARTESIAN_POINT('Ctrl Pts',(1.37126205107007,1.78706349776871,7.62499999999998));
#3504=CARTESIAN_POINT('Ctrl Pts',(0.339500459574382,2.57876201208348,7.70833333333334));
#3505=CARTESIAN_POINT('Ctrl Pts',(-0.862011361708448,2.08107952035653,7.79166666666668));
#3506=CARTESIAN_POINT('Ctrl Pts',(-2.06352318299129,1.5833970286296,7.87500000000002));
#3507=CARTESIAN_POINT('Ctrl Pts',(-2.23327341277843,0.294016022587877,7.95833333333336));
#3508=CARTESIAN_POINT('Ctrl Pts',(-2.40302364256557,-0.995364983453841,
8.04166666666669));
#3509=CARTESIAN_POINT('Ctrl Pts',(-1.37126205106989,-1.78706349776861,8.12500000000002));
#3510=CARTESIAN_POINT('Ctrl Pts',(-0.3395004595742,-2.57876201208338,8.20833333333334));
#3511=CARTESIAN_POINT('Ctrl Pts',(0.862011361708643,-2.08107952035643,8.29166666666666));
#3512=CARTESIAN_POINT('Ctrl Pts',(2.06352318299148,-1.58339702862949,8.37499999999997));
#3513=CARTESIAN_POINT('Ctrl Pts',(2.23327341277863,-0.294016022587771,8.45833333333331));
#3514=CARTESIAN_POINT('Ctrl Pts',(2.40302364256576,0.995364983453948,8.54166666666664));
#3515=CARTESIAN_POINT('Ctrl Pts',(1.37126205107008,1.78706349776871,8.62499999999998));
#3516=CARTESIAN_POINT('Ctrl Pts',(0.339500459574396,2.57876201208348,8.70833333333333));
#3517=CARTESIAN_POINT('Ctrl Pts',(-0.862011361708435,2.08107952035653,8.79166666666667));
#3518=CARTESIAN_POINT('Ctrl Pts',(-2.06352318299128,1.5833970286296,8.87500000000002));
#3519=CARTESIAN_POINT('Ctrl Pts',(-2.23327341277842,0.294016022587877,8.95833333333336));
#3520=CARTESIAN_POINT('Ctrl Pts',(-2.40302364256556,-0.995364983453841,
9.04166666666669));
#3521=CARTESIAN_POINT('Ctrl Pts',(-1.37126205106987,-1.78706349776861,9.12500000000001));
#3522=CARTESIAN_POINT('Ctrl Pts',(-0.339500459574187,-2.57876201208338,
9.20833333333333));
#3523=CARTESIAN_POINT('Ctrl Pts',(0.862011361708652,-2.08107952035643,9.29166666666666));
#3524=CARTESIAN_POINT('Ctrl Pts',(2.06352318299149,-1.58339702862949,9.37499999999997));
#3525=CARTESIAN_POINT('Ctrl Pts',(2.23327341277864,-0.294016022587771,9.45833333333331));
#3526=CARTESIAN_POINT('Ctrl Pts',(2.40302364256578,0.995364983453948,9.54166666666664));
#3527=CARTESIAN_POINT('Ctrl Pts',(1.37126205107009,1.78706349776871,9.62499999999998));
#3528=CARTESIAN_POINT('Ctrl Pts',(0.339500459574404,2.57876201208348,9.70833333333333));
#3529=CARTESIAN_POINT('Ctrl Pts',(-0.862011361708421,2.08107952035653,9.79166666666668));
#3530=CARTESIAN_POINT('Ctrl Pts',(-2.06352318299127,1.5833970286296,9.87500000000002));
#3531=CARTESIAN_POINT('Ctrl Pts',(-2.23327341277841,0.294016022587877,9.95833333333336));
#3532=CARTESIAN_POINT('Ctrl Pts',(-2.40302364256555,-0.995364983453841,
10.0416666666667));
#3533=CARTESIAN_POINT('Ctrl Pts',(-1.37126205106986,-1.78706349776861,10.125));
#3534=CARTESIAN_POINT('Ctrl Pts',(-0.339500459574174,-2.57876201208338,
10.2083333333333));
#3535=CARTESIAN_POINT('Ctrl Pts',(0.862011361708666,-2.08107952035643,10.2916666666667));
#3536=CARTESIAN_POINT('Ctrl Pts',(2.0635231829915,-1.58339702862949,10.375));
#3537=CARTESIAN_POINT('Ctrl Pts',(2.23327341277866,-0.294016022587775,10.4583333333333));
#3538=CARTESIAN_POINT('Ctrl Pts',(2.40302364256579,0.995364983453944,10.5416666666666));
#3539=CARTESIAN_POINT('Ctrl Pts',(1.3712620510701,1.78706349776871,10.625));
#3540=CARTESIAN_POINT('Ctrl Pts',(0.339500459574418,2.57876201208348,10.7083333333333));
#3541=CARTESIAN_POINT('Ctrl Pts',(-0.862011361708412,2.08107952035653,10.7916666666667));
#3542=CARTESIAN_POINT('Ctrl Pts',(-2.06352318299126,1.5833970286296,10.875));
#3543=CARTESIAN_POINT('Ctrl Pts',(-2.2332734127784,0.294016022587873,10.9583333333334));
#3544=CARTESIAN_POINT('Ctrl Pts',(-2.40302364256554,-0.995364983453846,
11.0416666666667));
#3545=CARTESIAN_POINT('Ctrl Pts',(-1.37126205106985,-1.78706349776861,11.125));
#3546=CARTESIAN_POINT('Ctrl Pts',(-0.33950045957416,-2.57876201208338,11.2083333333333));
#3547=CARTESIAN_POINT('Ctrl Pts',(0.862011361708679,-2.08107952035643,11.2916666666667));
#3548=CARTESIAN_POINT('Ctrl Pts',(2.06352318299151,-1.58339702862949,11.375));
#3549=CARTESIAN_POINT('Ctrl Pts',(2.23327341277867,-0.294016022587775,11.4583333333333));
#3550=CARTESIAN_POINT('Ctrl Pts',(2.4030236425658,0.995364983453944,11.5416666666666));
#3551=CARTESIAN_POINT('Ctrl Pts',(1.37126205107012,1.78706349776871,11.625));
#3552=CARTESIAN_POINT('Ctrl Pts',(0.339500459574431,2.57876201208348,11.7083333333333));
#3553=CARTESIAN_POINT('Ctrl Pts',(-0.862011361708399,2.08107952035653,11.7916666666667));
#3554=CARTESIAN_POINT('Ctrl Pts',(-2.06352318299125,1.5833970286296,11.875));
#3555=CARTESIAN_POINT('Ctrl Pts',(-2.23327341277838,0.294016022587873,11.9583333333334));
#3556=CARTESIAN_POINT('Ctrl Pts',(-2.40302364256552,-0.995364983453846,
12.0416666666667));
#3557=CARTESIAN_POINT('Ctrl Pts',(-1.37126205106984,-1.78706349776861,12.125));
#3558=CARTESIAN_POINT('Ctrl Pts',(-0.339500459574151,-2.57876201208338,
12.2083333333333));
#3559=CARTESIAN_POINT('Ctrl Pts',(0.862011361708688,-2.08107952035643,12.2916666666667));
#3560=CARTESIAN_POINT('Ctrl Pts',(2.06352318299153,-1.58339702862949,12.375));
#3561=CARTESIAN_POINT('Ctrl Pts',(2.23327341277868,-0.294016022587775,12.4583333333333));
#3562=CARTESIAN_POINT('Ctrl Pts',(2.40302364256581,0.995364983453944,12.5416666666666));
#3563=CARTESIAN_POINT('Ctrl Pts',(1.37126205107013,1.78706349776871,12.625));
#3564=CARTESIAN_POINT('Ctrl Pts',(0.339500459574444,2.57876201208348,12.7083333333333));
#3565=CARTESIAN_POINT('Ctrl Pts',(-0.862011361708386,2.08107952035653,12.7916666666667));
#3566=CARTESIAN_POINT('Ctrl Pts',(-2.06352318299123,1.5833970286296,12.875));
#3567=CARTESIAN_POINT('Ctrl Pts',(-2.23327341277837,0.294016022587873,12.9583333333334));
#3568=CARTESIAN_POINT('Ctrl Pts',(-2.40302364256551,-0.995364983453846,
13.0416666666667));
#3569=CARTESIAN_POINT('Ctrl Pts',(-1.37126205106982,-1.78706349776861,13.125));
#3570=CARTESIAN_POINT('Ctrl Pts',(-0.339500459574138,-2.57876201208338,
13.2083333333333));
#3571=CARTESIAN_POINT('Ctrl Pts',(0.862011361708701,-2.08107952035643,13.2916666666667));
#3572=CARTESIAN_POINT('Ctrl Pts',(2.06352318299154,-1.58339702862949,13.375));
#3573=CARTESIAN_POINT('Ctrl Pts',(2.23327341277869,-0.294016022587775,13.4583333333333));
#3574=CARTESIAN_POINT('Ctrl Pts',(2.40302364256582,0.995364983453944,13.5416666666666));
#3575=CARTESIAN_POINT('Ctrl Pts',(1.37126205107014,1.78706349776871,13.625));
#3576=CARTESIAN_POINT('Ctrl Pts',(0.339500459574453,2.57876201208348,13.7083333333333));
#3577=CARTESIAN_POINT('Ctrl Pts',(-0.862011361708372,2.08107952035653,13.7916666666667));
#3578=CARTESIAN_POINT('Ctrl Pts',(-2.06352318299122,1.5833970286296,13.875));
#3579=CARTESIAN_POINT('Ctrl Pts',(-2.23327341277836,0.294016022587873,13.9583333333334));
#3580=CARTESIAN_POINT('Ctrl Pts',(-2.4030236425655,-0.995364983453846,14.0416666666667));
#3581=CARTESIAN_POINT('Ctrl Pts',(-1.37126205106981,-1.78706349776861,14.125));
#3582=CARTESIAN_POINT('Ctrl Pts',(-0.339500459574125,-2.57876201208338,
14.2083333333333));
#3583=CARTESIAN_POINT('Ctrl Pts',(0.862011361708714,-2.08107952035643,14.2916666666667));
#3584=CARTESIAN_POINT('Ctrl Pts',(2.06352318299155,-1.58339702862949,14.375));
#3585=CARTESIAN_POINT('Ctrl Pts',(2.2332734127787,-0.294016022587775,14.4583333333333));
#3586=CARTESIAN_POINT('Ctrl Pts',(2.40302364256584,0.995364983453944,14.5416666666666));
#3587=CARTESIAN_POINT('Ctrl Pts',(1.37126205107015,1.78706349776871,14.625));
#3588=CARTESIAN_POINT('Ctrl Pts',(0.339500459574467,2.57876201208348,14.7083333333333));
#3589=CARTESIAN_POINT('Ctrl Pts',(-0.862011361708364,2.08107952035653,14.7916666666667));
#3590=CARTESIAN_POINT('Ctrl Pts',(-2.06352318299121,1.5833970286296,14.875));
#3591=CARTESIAN_POINT('Ctrl Pts',(-2.23327341277835,0.294016022587873,14.9583333333334));
#3592=CARTESIAN_POINT('Ctrl Pts',(-2.40302364256549,-0.995364983453846,
15.0416666666667));
#3593=CARTESIAN_POINT('Ctrl Pts',(-1.3712620510698,-1.78706349776861,15.125));
#3594=CARTESIAN_POINT('Ctrl Pts',(-0.339500459574116,-2.57876201208338,
15.2083333333333));
#3595=CARTESIAN_POINT('Ctrl Pts',(0.862011361708728,-2.08107952035643,15.2916666666667));
#3596=CARTESIAN_POINT('Ctrl Pts',(2.06352318299156,-1.58339702862949,15.375));
#3597=CARTESIAN_POINT('Ctrl Pts',(2.23327341277872,-0.294016022587775,15.4583333333333));
#3598=CARTESIAN_POINT('Ctrl Pts',(2.40302364256585,0.995364983453944,15.5416666666666));
#3599=CARTESIAN_POINT('Ctrl Pts',(1.37126205107017,1.78706349776871,15.625));
#3600=CARTESIAN_POINT('Ctrl Pts',(0.33950045957448,2.57876201208348,15.7083333333333));
#3601=CARTESIAN_POINT('Ctrl Pts',(-0.86201136170835,2.08107952035653,15.7916666666667));
#3602=CARTESIAN_POINT('Ctrl Pts',(-2.0635231829912,1.5833970286296,15.875));
#3603=CARTESIAN_POINT('Ctrl Pts',(-2.23327341277834,0.294016022587873,15.9583333333334));
#3604=CARTESIAN_POINT('Ctrl Pts',(-2.40302364256547,-0.995364983453846,
16.0416666666667));
#3605=CARTESIAN_POINT('Ctrl Pts',(-1.37126205106979,-1.78706349776861,16.125));
#3606=CARTESIAN_POINT('Ctrl Pts',(-0.339500459574102,-2.57876201208338,
16.2083333333333));
#3607=CARTESIAN_POINT('Ctrl Pts',(0.862011361708737,-2.08107952035643,16.2916666666667));
#3608=CARTESIAN_POINT('Ctrl Pts',(2.06352318299158,-1.58339702862949,16.375));
#3609=CARTESIAN_POINT('Ctrl Pts',(2.23327341277873,-0.294016022587775,16.4583333333333));
#3610=CARTESIAN_POINT('Ctrl Pts',(2.40302364256586,0.995364983453944,16.5416666666666));
#3611=CARTESIAN_POINT('Ctrl Pts',(1.37126205107017,1.78706349776871,16.625));
#3612=CARTESIAN_POINT('Ctrl Pts',(0.339500459574489,2.57876201208348,16.7083333333333));
#3613=CARTESIAN_POINT('Ctrl Pts',(-0.862011361708337,2.08107952035653,16.7916666666667));
#3614=CARTESIAN_POINT('Ctrl Pts',(-2.06352318299118,1.5833970286296,16.875));
#3615=CARTESIAN_POINT('Ctrl Pts',(-2.23327341277832,0.294016022587873,16.9583333333334));
#3616=CARTESIAN_POINT('Ctrl Pts',(-2.40302364256546,-0.995364983453846,
17.0416666666667));
#3617=CARTESIAN_POINT('Ctrl Pts',(-1.37126205106977,-1.78706349776861,17.125));
#3618=CARTESIAN_POINT('Ctrl Pts',(-0.339500459574089,-2.57876201208338,
17.2083333333333));
#3619=CARTESIAN_POINT('Ctrl Pts',(0.86201136170875,-2.08107952035643,17.2916666666667));
#3620=CARTESIAN_POINT('Ctrl Pts',(2.06352318299158,-1.58339702862949,17.375));
#3621=CARTESIAN_POINT('Ctrl Pts',(2.23327341277874,-0.294016022587775,17.4583333333333));
#3622=CARTESIAN_POINT('Ctrl Pts',(2.40302364256587,0.995364983453944,17.5416666666666));
#3623=CARTESIAN_POINT('Ctrl Pts',(1.37126205107019,1.78706349776871,17.625));
#3624=CARTESIAN_POINT('Ctrl Pts',(0.339500459574502,2.57876201208348,17.7083333333333));
#3625=CARTESIAN_POINT('Ctrl Pts',(-0.862011361708328,2.08107952035653,17.7916666666667));
#3626=CARTESIAN_POINT('Ctrl Pts',(-2.06352318299117,1.5833970286296,17.875));
#3627=CARTESIAN_POINT('Ctrl Pts',(-2.23327341277831,0.294016022587873,17.9583333333334));
#3628=CARTESIAN_POINT('Ctrl Pts',(-2.40302364256545,-0.995364983453846,
18.0416666666667));
#3629=CARTESIAN_POINT('Ctrl Pts',(-1.37126205106977,-1.78706349776861,18.125));
#3630=CARTESIAN_POINT('Ctrl Pts',(-0.33950045957408,-2.57876201208338,18.2083333333333));
#3631=CARTESIAN_POINT('Ctrl Pts',(0.862011361708763,-2.08107952035643,18.2916666666667));
#3632=CARTESIAN_POINT('Ctrl Pts',(2.0635231829916,-1.58339702862949,18.375));
#3633=CARTESIAN_POINT('Ctrl Pts',(2.23327341277875,-0.294016022587775,18.4583333333333));
#3634=CARTESIAN_POINT('Ctrl Pts',(2.40302364256588,0.995364983453944,18.5416666666666));
#3635=CARTESIAN_POINT('Ctrl Pts',(1.3712620510702,1.78706349776871,18.625));
#3636=CARTESIAN_POINT('Ctrl Pts',(0.339500459574515,2.57876201208348,18.7083333333333));
#3637=CARTESIAN_POINT('Ctrl Pts',(-0.862011361708315,2.08107952035653,18.7916666666667));
#3638=CARTESIAN_POINT('Ctrl Pts',(-2.06352318299116,1.5833970286296,18.875));
#3639=CARTESIAN_POINT('Ctrl Pts',(-2.2332734127783,0.294016022587873,18.9583333333334));
#3640=CARTESIAN_POINT('Ctrl Pts',(-2.40302364256544,-0.995364983453846,
19.0416666666667));
#3641=CARTESIAN_POINT('Ctrl Pts',(-1.37126205106975,-1.78706349776861,19.125));
#3642=CARTESIAN_POINT('Ctrl Pts',(-0.339500459574067,-2.57876201208338,
19.2083333333333));
#3643=CARTESIAN_POINT('Ctrl Pts',(0.862011361708772,-2.08107952035643,19.2916666666667));
#3644=CARTESIAN_POINT('Ctrl Pts',(2.06352318299161,-1.58339702862949,19.375));
#3645=CARTESIAN_POINT('Ctrl Pts',(2.23327341277876,-0.294016022587775,19.4583333333333));
#3646=CARTESIAN_POINT('Ctrl Pts',(2.4030236425659,0.995364983453944,19.5416666666666));
#3647=CARTESIAN_POINT('Ctrl Pts',(1.37126205107021,1.78706349776871,19.625));
#3648=CARTESIAN_POINT('Ctrl Pts',(0.339500459574529,2.57876201208348,19.7083333333333));
#3649=CARTESIAN_POINT('Ctrl Pts',(-0.862011361708301,2.08107952035653,19.7916666666667));
#3650=CARTESIAN_POINT('Ctrl Pts',(-2.06352318299115,1.5833970286296,19.875));
#3651=CARTESIAN_POINT('Ctrl Pts',(-2.23327341277829,0.294016022587873,19.9583333333334));
#3652=CARTESIAN_POINT('Ctrl Pts',(-2.40302364256543,-0.995364983453846,
20.0416666666667));
#3653=CARTESIAN_POINT('Ctrl Pts',(-1.37126205106974,-1.78706349776861,20.125));
#3654=CARTESIAN_POINT('Ctrl Pts',(-0.339500459574054,-2.57876201208338,
20.2083333333333));
#3655=CARTESIAN_POINT('Ctrl Pts',(0.862011361708785,-2.08107952035643,20.2916666666667));
#3656=CARTESIAN_POINT('Ctrl Pts',(2.06352318299162,-1.58339702862949,20.375));
#3657=CARTESIAN_POINT('Ctrl Pts',(2.23327341277878,-0.294016022587775,20.4583333333333));
#3658=CARTESIAN_POINT('Ctrl Pts',(2.40302364256591,0.995364983453944,20.5416666666666));
#3659=CARTESIAN_POINT('Ctrl Pts',(1.37126205107022,1.78706349776871,20.625));
#3660=CARTESIAN_POINT('Ctrl Pts',(0.339500459574538,2.57876201208348,20.7083333333333));
#3661=CARTESIAN_POINT('Ctrl Pts',(-0.862011361708293,2.08107952035653,20.7916666666667));
#3662=CARTESIAN_POINT('Ctrl Pts',(-2.06352318299114,1.5833970286296,20.875));
#3663=CARTESIAN_POINT('Ctrl Pts',(-2.23327341277828,0.294016022587873,20.9583333333334));
#3664=CARTESIAN_POINT('Ctrl Pts',(-2.40302364256542,-0.995364983453846,
21.0416666666667));
#3665=CARTESIAN_POINT('Ctrl Pts',(-1.37126205106973,-1.78706349776861,21.125));
#3666=CARTESIAN_POINT('Ctrl Pts',(-0.33950045957404,-2.57876201208338,21.2083333333333));
#3667=CARTESIAN_POINT('Ctrl Pts',(0.862011361708799,-2.08107952035643,21.2916666666667));
#3668=CARTESIAN_POINT('Ctrl Pts',(2.06352318299163,-1.58339702862949,21.375));
#3669=CARTESIAN_POINT('Ctrl Pts',(2.23327341277879,-0.294016022587775,21.4583333333333));
#3670=CARTESIAN_POINT('Ctrl Pts',(2.40302364256592,0.995364983453944,21.5416666666666));
#3671=CARTESIAN_POINT('Ctrl Pts',(1.37126205107024,1.78706349776871,21.625));
#3672=CARTESIAN_POINT('Ctrl Pts',(0.339500459574551,2.57876201208348,21.7083333333333));
#3673=CARTESIAN_POINT('Ctrl Pts',(-0.862011361708279,2.08107952035653,21.7916666666667));
#3674=CARTESIAN_POINT('Ctrl Pts',(-2.06352318299113,1.5833970286296,21.875));
#3675=CARTESIAN_POINT('Ctrl Pts',(-2.23327341277826,0.294016022587873,21.9583333333334));
#3676=CARTESIAN_POINT('Ctrl Pts',(-2.4030236425654,-0.995364983453846,22.0416666666667));
#3677=CARTESIAN_POINT('Ctrl Pts',(-1.37126205106972,-1.78706349776862,22.125));
#3678=CARTESIAN_POINT('Ctrl Pts',(-0.339500459574031,-2.57876201208338,
22.2083333333333));
#3679=CARTESIAN_POINT('Ctrl Pts',(0.862011361708812,-2.08107952035644,22.2916666666667));
#3680=CARTESIAN_POINT('Ctrl Pts',(2.06352318299165,-1.58339702862949,22.375));
#3681=CARTESIAN_POINT('Ctrl Pts',(2.2332734127788,-0.29401602258778,22.4583333333333));
#3682=CARTESIAN_POINT('Ctrl Pts',(2.40302364256593,0.995364983453939,22.5416666666666));
#3683=CARTESIAN_POINT('Ctrl Pts',(1.37126205107025,1.78706349776871,22.625));
#3684=CARTESIAN_POINT('Ctrl Pts',(0.339500459574564,2.57876201208347,22.7083333333333));
#3685=CARTESIAN_POINT('Ctrl Pts',(-0.862011361708266,2.08107952035653,22.7916666666667));
#3686=CARTESIAN_POINT('Ctrl Pts',(-2.06352318299111,1.58339702862959,22.875));
#3687=CARTESIAN_POINT('Ctrl Pts',(-2.23327341277825,0.294016022587869,22.9583333333334));
#3688=CARTESIAN_POINT('Ctrl Pts',(-2.40302364256539,-0.99536498345385,23.0416666666667));
#3689=CARTESIAN_POINT('Ctrl Pts',(-1.3712620510697,-1.78706349776862,23.125));
#3690=CARTESIAN_POINT('Ctrl Pts',(-0.339500459574018,-2.57876201208338,
23.2083333333333));
#3691=CARTESIAN_POINT('Ctrl Pts',(0.862011361708821,-2.08107952035644,23.2916666666667));
#3692=CARTESIAN_POINT('Ctrl Pts',(2.06352318299166,-1.58339702862949,23.375));
#3693=CARTESIAN_POINT('Ctrl Pts',(2.23327341277881,-0.29401602258778,23.4583333333333));
#3694=CARTESIAN_POINT('Ctrl Pts',(2.40302364256594,0.995364983453939,23.5416666666666));
#3695=CARTESIAN_POINT('Ctrl Pts',(1.37126205107026,1.78706349776871,23.625));
#3696=CARTESIAN_POINT('Ctrl Pts',(0.339500459574573,2.57876201208347,23.7083333333333));
#3697=CARTESIAN_POINT('Ctrl Pts',(-0.862011361708253,2.08107952035653,23.7916666666667));
#3698=CARTESIAN_POINT('Ctrl Pts',(-2.0635231829911,1.58339702862959,23.875));
#3699=CARTESIAN_POINT('Ctrl Pts',(-2.23327341277824,0.294016022587869,23.9583333333334));
#3700=CARTESIAN_POINT('Ctrl Pts',(-2.40302364256538,-0.99536498345385,24.0416666666667));
#3701=CARTESIAN_POINT('Ctrl Pts',(-1.37126205106969,-1.78706349776862,24.125));
#3702=CARTESIAN_POINT('Ctrl Pts',(-0.339500459574005,-2.57876201208338,
24.2083333333333));
#3703=CARTESIAN_POINT('Ctrl Pts',(0.862011361708834,-2.08107952035644,24.2916666666667));
#3704=CARTESIAN_POINT('Ctrl Pts',(2.06352318299167,-1.58339702862949,24.375));
#3705=CARTESIAN_POINT('Ctrl Pts',(2.23327341277882,-0.29401602258778,24.4583333333333));
#3706=CARTESIAN_POINT('Ctrl Pts',(2.40302364256596,0.995364983453939,24.5416666666666));
#3707=CARTESIAN_POINT('Ctrl Pts',(1.37126205107027,1.78706349776871,24.625));
#3708=CARTESIAN_POINT('Ctrl Pts',(0.339500459574587,2.57876201208347,24.7083333333333));
#3709=CARTESIAN_POINT('Ctrl Pts',(-0.862011361708244,2.08107952035653,24.7916666666667));
#3710=CARTESIAN_POINT('Ctrl Pts',(-2.06352318299109,1.58339702862959,24.875));
#3711=CARTESIAN_POINT('Ctrl Pts',(-2.23327341277823,0.294016022587869,24.9583333333334));
#3712=CARTESIAN_POINT('Ctrl Pts',(-2.40302364256537,-0.99536498345385,25.0416666666667));
#3713=CARTESIAN_POINT('Ctrl Pts',(-1.37126205106968,-1.78706349776862,25.125));
#3714=CARTESIAN_POINT('Ctrl Pts',(-0.339500459573996,-2.57876201208338,
25.2083333333333));
#3715=CARTESIAN_POINT('Ctrl Pts',(0.862011361708848,-2.08107952035644,25.2916666666667));
#3716=CARTESIAN_POINT('Ctrl Pts',(2.06352318299168,-1.58339702862949,25.375));
#3717=CARTESIAN_POINT('Ctrl Pts',(2.23327341277884,-0.29401602258778,25.4583333333333));
#3718=CARTESIAN_POINT('Ctrl Pts',(2.40302364256597,0.995364983453939,25.5416666666666));
#3719=CARTESIAN_POINT('Ctrl Pts',(1.37126205107029,1.78706349776871,25.625));
#3720=CARTESIAN_POINT('Ctrl Pts',(0.3395004595746,2.57876201208347,25.7083333333333));
#3721=CARTESIAN_POINT('Ctrl Pts',(-0.86201136170823,2.08107952035653,25.7916666666667));
#3722=CARTESIAN_POINT('Ctrl Pts',(-2.06352318299108,1.58339702862959,25.875));
#3723=CARTESIAN_POINT('Ctrl Pts',(-2.23327341277822,0.294016022587869,25.9583333333334));
#3724=CARTESIAN_POINT('Ctrl Pts',(-2.40302364256535,-0.99536498345385,26.0416666666667));
#3725=CARTESIAN_POINT('Ctrl Pts',(-1.37126205106967,-1.78706349776862,26.125));
#3726=CARTESIAN_POINT('Ctrl Pts',(-0.339500459573983,-2.57876201208338,
26.2083333333333));
#3727=CARTESIAN_POINT('Ctrl Pts',(0.862011361708857,-2.08107952035644,26.2916666666667));
#3728=CARTESIAN_POINT('Ctrl Pts',(2.0635231829917,-1.58339702862949,26.375));
#3729=CARTESIAN_POINT('Ctrl Pts',(2.23327341277885,-0.29401602258778,26.4583333333333));
#3730=CARTESIAN_POINT('Ctrl Pts',(2.40302364256598,0.995364983453939,26.5416666666666));
#3731=CARTESIAN_POINT('Ctrl Pts',(1.37126205107029,1.78706349776871,26.625));
#3732=CARTESIAN_POINT('Ctrl Pts',(0.339500459574613,2.57876201208347,26.7083333333333));
#3733=CARTESIAN_POINT('Ctrl Pts',(-0.862011361708217,2.08107952035653,26.7916666666667));
#3734=CARTESIAN_POINT('Ctrl Pts',(-2.06352318299106,1.58339702862959,26.875));
#3735=CARTESIAN_POINT('Ctrl Pts',(-2.23327341277821,0.294016022587869,26.9583333333334));
#3736=CARTESIAN_POINT('Ctrl Pts',(-2.40302364256535,-0.99536498345385,27.0416666666667));
#3737=CARTESIAN_POINT('Ctrl Pts',(-1.37126205106965,-1.78706349776862,27.125));
#3738=CARTESIAN_POINT('Ctrl Pts',(-0.339500459573969,-2.57876201208338,
27.2083333333333));
#3739=CARTESIAN_POINT('Ctrl Pts',(0.86201136170887,-2.08107952035644,27.2916666666667));
#3740=CARTESIAN_POINT('Ctrl Pts',(2.0635231829917,-1.58339702862949,27.375));
#3741=CARTESIAN_POINT('Ctrl Pts',(2.23327341277886,-0.29401602258778,27.4583333333333));
#3742=CARTESIAN_POINT('Ctrl Pts',(2.40302364256599,0.995364983453939,27.5416666666666));
#3743=CARTESIAN_POINT('Ctrl Pts',(1.37126205107031,1.78706349776871,27.625));
#3744=CARTESIAN_POINT('Ctrl Pts',(0.339500459574622,2.57876201208347,27.7083333333333));
#3745=CARTESIAN_POINT('Ctrl Pts',(-0.862011361708208,2.08107952035653,27.7916666666667));
#3746=CARTESIAN_POINT('Ctrl Pts',(-2.06352318299105,1.58339702862959,27.875));
#3747=CARTESIAN_POINT('Ctrl Pts',(-2.23327341277819,0.294016022587869,27.9583333333334));
#3748=CARTESIAN_POINT('Ctrl Pts',(-2.40302364256533,-0.99536498345385,28.0416666666667));
#3749=CARTESIAN_POINT('Ctrl Pts',(-1.37126205106965,-1.78706349776862,28.125));
#3750=CARTESIAN_POINT('Ctrl Pts',(-0.339500459573956,-2.57876201208338,
28.2083333333333));
#3751=CARTESIAN_POINT('Ctrl Pts',(0.862011361708883,-2.08107952035644,28.2916666666667));
#3752=CARTESIAN_POINT('Ctrl Pts',(2.06352318299172,-1.58339702862949,28.375));
#3753=CARTESIAN_POINT('Ctrl Pts',(2.23327341277887,-0.29401602258778,28.4583333333333));
#3754=CARTESIAN_POINT('Ctrl Pts',(2.403023642566,0.995364983453939,28.5416666666666));
#3755=CARTESIAN_POINT('Ctrl Pts',(1.37126205107032,1.78706349776871,28.625));
#3756=CARTESIAN_POINT('Ctrl Pts',(0.339500459574635,2.57876201208347,28.7083333333333));
#3757=CARTESIAN_POINT('Ctrl Pts',(-0.862011361708195,2.08107952035653,28.7916666666667));
#3758=CARTESIAN_POINT('Ctrl Pts',(-2.06352318299104,1.58339702862959,28.875));
#3759=CARTESIAN_POINT('Ctrl Pts',(-2.23327341277818,0.294016022587869,28.9583333333334));
#3760=CARTESIAN_POINT('Ctrl Pts',(-2.40302364256532,-0.99536498345385,29.0416666666667));
#3761=CARTESIAN_POINT('Ctrl Pts',(-1.37126205106963,-1.78706349776862,29.125));
#3762=CARTESIAN_POINT('Ctrl Pts',(-0.339500459573947,-2.57876201208338,
29.2083333333333));
#3763=CARTESIAN_POINT('Ctrl Pts',(0.862011361708892,-2.08107952035644,29.2916666666667));
#3764=CARTESIAN_POINT('Ctrl Pts',(2.06352318299173,-1.58339702862949,29.375));
#3765=CARTESIAN_POINT('Ctrl Pts',(2.23327341277888,-0.29401602258778,29.4583333333333));
#3766=CARTESIAN_POINT('Ctrl Pts',(2.40302364256602,0.995364983453939,29.5416666666666));
#3767=CARTESIAN_POINT('Ctrl Pts',(1.37126205107033,1.78706349776871,29.625));
#3768=CARTESIAN_POINT('Ctrl Pts',(0.339500459574649,2.57876201208347,29.7083333333333));
#3769=CARTESIAN_POINT('Ctrl Pts',(-0.862011361708181,2.08107952035653,29.7916666666667));
#3770=CARTESIAN_POINT('Ctrl Pts',(-2.06352318299103,1.58339702862959,29.875));
#3771=CARTESIAN_POINT('Ctrl Pts',(-2.23327341277817,0.294016022587869,29.9583333333334));
#3772=CARTESIAN_POINT('Ctrl Pts',(-2.40302364256531,-0.99536498345385,30.0416666666667));
#3773=CARTESIAN_POINT('Ctrl Pts',(-1.37126205106962,-1.78706349776862,30.125));
#3774=CARTESIAN_POINT('Ctrl Pts',(-0.339500459573934,-2.57876201208338,
30.2083333333333));
#3775=CARTESIAN_POINT('Ctrl Pts',(0.862011361708905,-2.08107952035644,30.2916666666667));
#3776=CARTESIAN_POINT('Ctrl Pts',(2.06352318299174,-1.58339702862949,30.375));
#3777=CARTESIAN_POINT('Ctrl Pts',(2.2332734127789,-0.29401602258778,30.4583333333333));
#3778=CARTESIAN_POINT('Ctrl Pts',(2.40302364256603,0.995364983453939,30.5416666666666));
#3779=CARTESIAN_POINT('Ctrl Pts',(1.37126205107034,1.78706349776871,30.625));
#3780=CARTESIAN_POINT('Ctrl Pts',(0.339500459574658,2.57876201208347,30.7083333333333));
#3781=CARTESIAN_POINT('Ctrl Pts',(-0.862011361708168,2.08107952035653,30.7916666666667));
#3782=CARTESIAN_POINT('Ctrl Pts',(-2.06352318299102,1.58339702862959,30.875));
#3783=CARTESIAN_POINT('Ctrl Pts',(-2.23327341277816,0.294016022587869,30.9583333333334));
#3784=CARTESIAN_POINT('Ctrl Pts',(-2.4030236425653,-0.99536498345385,31.0416666666667));
#3785=CARTESIAN_POINT('Ctrl Pts',(-1.37126205106961,-1.78706349776862,31.125));
#3786=CARTESIAN_POINT('Ctrl Pts',(-0.33950045957392,-2.57876201208338,31.2083333333333));
#3787=CARTESIAN_POINT('Ctrl Pts',(0.862011361708919,-2.08107952035644,31.2916666666667));
#3788=CARTESIAN_POINT('Ctrl Pts',(2.06352318299175,-1.58339702862949,31.375));
#3789=CARTESIAN_POINT('Ctrl Pts',(2.23327341277891,-0.29401602258778,31.4583333333333));
#3790=CARTESIAN_POINT('Ctrl Pts',(2.40302364256604,0.995364983453939,31.5416666666666));
#3791=CARTESIAN_POINT('Ctrl Pts',(1.37126205107036,1.78706349776871,31.625));
#3792=CARTESIAN_POINT('Ctrl Pts',(0.339500459574671,2.57876201208347,31.7083333333333));
#3793=CARTESIAN_POINT('Ctrl Pts',(-0.862011361708159,2.08107952035653,31.7916666666667));
#3794=CARTESIAN_POINT('Ctrl Pts',(-2.06352318299101,1.58339702862959,31.875));
#3795=CARTESIAN_POINT('Ctrl Pts',(-2.23327341277814,0.294016022587869,31.9583333333334));
#3796=CARTESIAN_POINT('Ctrl Pts',(-2.40302364256528,-0.99536498345385,32.0416666666667));
#3797=CARTESIAN_POINT('Ctrl Pts',(-1.3712620510696,-1.78706349776862,32.125));
#3798=CARTESIAN_POINT('Ctrl Pts',(-0.339500459573912,-2.57876201208338,
32.2083333333333));
#3799=CARTESIAN_POINT('Ctrl Pts',(0.862011361708932,-2.08107952035644,32.2916666666667));
#3800=CARTESIAN_POINT('Ctrl Pts',(2.06352318299177,-1.58339702862949,32.375));
#3801=CARTESIAN_POINT('Ctrl Pts',(2.23327341277892,-0.29401602258778,32.4583333333333));
#3802=CARTESIAN_POINT('Ctrl Pts',(2.40302364256605,0.995364983453939,32.5416666666666));
#3803=CARTESIAN_POINT('Ctrl Pts',(1.37126205107037,1.78706349776871,32.625));
#3804=CARTESIAN_POINT('Ctrl Pts',(0.339500459574684,2.57876201208347,32.7083333333333));
#3805=CARTESIAN_POINT('Ctrl Pts',(-0.862011361708146,2.08107952035653,32.7916666666667));
#3806=CARTESIAN_POINT('Ctrl Pts',(-2.06352318299099,1.58339702862959,32.875));
#3807=CARTESIAN_POINT('Ctrl Pts',(-2.23327341277813,0.294016022587869,32.9583333333333));
#3808=CARTESIAN_POINT('Ctrl Pts',(-2.40302364256527,-0.99536498345385,33.0416666666667));
#3809=CARTESIAN_POINT('Ctrl Pts',(-1.37126205106958,-1.78706349776862,33.125));
#3810=CARTESIAN_POINT('Ctrl Pts',(-0.339500459573898,-2.57876201208338,
33.2083333333333));
#3811=CARTESIAN_POINT('Ctrl Pts',(0.862011361708941,-2.08107952035644,33.2916666666667));
#3812=CARTESIAN_POINT('Ctrl Pts',(2.06352318299178,-1.58339702862949,33.375));
#3813=CARTESIAN_POINT('Ctrl Pts',(2.23327341277893,-0.29401602258778,33.4583333333333));
#3814=CARTESIAN_POINT('Ctrl Pts',(2.40302364256606,0.995364983453939,33.5416666666666));
#3815=CARTESIAN_POINT('Ctrl Pts',(1.37126205107038,1.78706349776871,33.625));
#3816=CARTESIAN_POINT('Ctrl Pts',(0.339500459574693,2.57876201208347,33.7083333333333));
#3817=CARTESIAN_POINT('Ctrl Pts',(-0.862011361708133,2.08107952035653,33.7916666666667));
#3818=CARTESIAN_POINT('Ctrl Pts',(-2.06352318299098,1.58339702862959,33.875));
#3819=CARTESIAN_POINT('Ctrl Pts',(-2.23327341277812,0.294016022587864,33.9583333333333));
#3820=CARTESIAN_POINT('Ctrl Pts',(-2.40302364256526,-0.995364983453855,
34.0416666666667));
#3821=CARTESIAN_POINT('Ctrl Pts',(-1.37126205106957,-1.78706349776862,34.125));
#3822=CARTESIAN_POINT('Ctrl Pts',(-0.339500459573885,-2.57876201208339,
34.2083333333333));
#3823=CARTESIAN_POINT('Ctrl Pts',(0.862011361708954,-2.08107952035644,34.2916666666667));
#3824=CARTESIAN_POINT('Ctrl Pts',(2.06352318299179,-1.5833970286295,34.375));
#3825=CARTESIAN_POINT('Ctrl Pts',(2.23327341277894,-0.294016022587784,34.4583333333333));
#3826=CARTESIAN_POINT('Ctrl Pts',(2.40302364256608,0.995364983453935,34.5416666666666));
#3827=CARTESIAN_POINT('Ctrl Pts',(1.37126205107039,1.7870634977687,34.625));
#3828=CARTESIAN_POINT('Ctrl Pts',(0.339500459574706,2.57876201208347,34.7083333333333));
#3829=CARTESIAN_POINT('Ctrl Pts',(-0.862011361708124,2.08107952035652,34.7916666666667));
#3830=CARTESIAN_POINT('Ctrl Pts',(-2.06352318299097,1.58339702862959,34.875));
#3831=CARTESIAN_POINT('Ctrl Pts',(-2.23327341277811,0.294016022587864,34.9583333333334));
#3832=CARTESIAN_POINT('Ctrl Pts',(-2.40302364256525,-0.995364983453855,
35.0416666666667));
#3833=CARTESIAN_POINT('Ctrl Pts',(-1.37126205106956,-1.78706349776862,35.125));
#3834=CARTESIAN_POINT('Ctrl Pts',(-0.339500459573872,-2.57876201208339,
35.2083333333333));
#3835=CARTESIAN_POINT('Ctrl Pts',(0.862011361708968,-2.08107952035644,35.2916666666667));
#3836=CARTESIAN_POINT('Ctrl Pts',(2.0635231829918,-1.5833970286295,35.375));
#3837=CARTESIAN_POINT('Ctrl Pts',(2.23327341277896,-0.294016022587784,35.4583333333333));
#3838=CARTESIAN_POINT('Ctrl Pts',(2.40302364256609,0.995364983453935,35.5416666666666));
#3839=CARTESIAN_POINT('Ctrl Pts',(1.37126205107041,1.7870634977687,35.625));
#3840=CARTESIAN_POINT('Ctrl Pts',(0.33950045957472,2.57876201208347,35.7083333333333));
#3841=CARTESIAN_POINT('Ctrl Pts',(-0.86201136170811,2.08107952035652,35.7916666666667));
#3842=CARTESIAN_POINT('Ctrl Pts',(-2.06352318299096,1.58339702862959,35.875));
#3843=CARTESIAN_POINT('Ctrl Pts',(-2.23327341277809,0.294016022587864,35.9583333333334));
#3844=CARTESIAN_POINT('Ctrl Pts',(-2.40302364256523,-0.995364983453855,
36.0416666666667));
#3845=CARTESIAN_POINT('Ctrl Pts',(-1.37126205106955,-1.78706349776862,36.125));
#3846=CARTESIAN_POINT('Ctrl Pts',(-0.339500459573863,-2.57876201208339,
36.2083333333333));
#3847=CARTESIAN_POINT('Ctrl Pts',(0.862011361708976,-2.08107952035644,36.2916666666666));
#3848=CARTESIAN_POINT('Ctrl Pts',(2.06352318299182,-1.5833970286295,36.375));
#3849=CARTESIAN_POINT('Ctrl Pts',(2.23327341277897,-0.294016022587784,36.4583333333333));
#3850=CARTESIAN_POINT('Ctrl Pts',(2.4030236425661,0.995364983453935,36.5416666666666));
#3851=CARTESIAN_POINT('Ctrl Pts',(1.37126205107041,1.7870634977687,36.625));
#3852=CARTESIAN_POINT('Ctrl Pts',(0.339500459574733,2.57876201208347,36.7083333333333));
#3853=CARTESIAN_POINT('Ctrl Pts',(-0.862011361708097,2.08107952035652,36.7916666666667));
#3854=CARTESIAN_POINT('Ctrl Pts',(-2.06352318299095,1.58339702862959,36.875));
#3855=CARTESIAN_POINT('Ctrl Pts',(-2.23327341277809,0.294016022587864,36.9583333333334));
#3856=CARTESIAN_POINT('Ctrl Pts',(-2.40302364256523,-0.995364983453855,
37.0416666666667));
#3857=CARTESIAN_POINT('Ctrl Pts',(-1.37126205106954,-1.78706349776862,37.125));
#3858=CARTESIAN_POINT('Ctrl Pts',(-0.339500459573849,-2.57876201208339,
37.2083333333333));
#3859=CARTESIAN_POINT('Ctrl Pts',(0.86201136170899,-2.08107952035644,37.2916666666667));
#3860=CARTESIAN_POINT('Ctrl Pts',(2.06352318299182,-1.5833970286295,37.375));
#3861=CARTESIAN_POINT('Ctrl Pts',(2.23327341277898,-0.294016022587784,37.4583333333333));
#3862=CARTESIAN_POINT('Ctrl Pts',(2.40302364256611,0.995364983453935,37.5416666666666));
#3863=CARTESIAN_POINT('Ctrl Pts',(1.37126205107043,1.7870634977687,37.625));
#3864=CARTESIAN_POINT('Ctrl Pts',(0.339500459574742,2.57876201208347,37.7083333333333));
#3865=CARTESIAN_POINT('Ctrl Pts',(-0.862011361708084,2.08107952035652,37.7916666666667));
#3866=CARTESIAN_POINT('Ctrl Pts',(-2.06352318299093,1.58339702862959,37.875));
#3867=CARTESIAN_POINT('Ctrl Pts',(-2.23327341277807,0.294016022587864,37.9583333333334));
#3868=CARTESIAN_POINT('Ctrl Pts',(-2.40302364256521,-0.995364983453855,
38.0416666666667));
#3869=CARTESIAN_POINT('Ctrl Pts',(-1.37126205106953,-1.78706349776862,38.125));
#3870=CARTESIAN_POINT('Ctrl Pts',(-0.339500459573836,-2.57876201208339,
38.2083333333333));
#3871=CARTESIAN_POINT('Ctrl Pts',(0.862011361709003,-2.08107952035644,38.2916666666667));
#3872=CARTESIAN_POINT('Ctrl Pts',(2.06352318299184,-1.5833970286295,38.375));
#3873=CARTESIAN_POINT('Ctrl Pts',(2.23327341277899,-0.294016022587784,38.4583333333333));
#3874=CARTESIAN_POINT('Ctrl Pts',(2.40302364256613,0.995364983453935,38.5416666666666));
#3875=CARTESIAN_POINT('Ctrl Pts',(1.37126205107044,1.7870634977687,38.625));
#3876=CARTESIAN_POINT('Ctrl Pts',(0.339500459574755,2.57876201208347,38.7083333333333));
#3877=CARTESIAN_POINT('Ctrl Pts',(-0.862011361708075,2.08107952035652,38.7916666666667));
#3878=CARTESIAN_POINT('Ctrl Pts',(-2.06352318299092,1.58339702862959,38.875));
#3879=CARTESIAN_POINT('Ctrl Pts',(-2.23327341277806,0.294016022587864,38.9583333333334));
#3880=CARTESIAN_POINT('Ctrl Pts',(-2.4030236425652,-0.995364983453855,39.0416666666667));
#3881=CARTESIAN_POINT('Ctrl Pts',(-1.37126205106951,-1.78706349776862,39.125));
#3882=CARTESIAN_POINT('Ctrl Pts',(-0.339500459573827,-2.57876201208339,
39.2083333333333));
#3883=CARTESIAN_POINT('Ctrl Pts',(0.862011361709016,-2.08107952035644,39.2916666666667));
#3884=CARTESIAN_POINT('Ctrl Pts',(2.06352318299185,-1.5833970286295,39.375));
#3885=CARTESIAN_POINT('Ctrl Pts',(2.233273412779,-0.294016022587784,39.4583333333333));
#3886=CARTESIAN_POINT('Ctrl Pts',(2.40302364256614,0.995364983453935,39.5416666666666));
#3887=CARTESIAN_POINT('Ctrl Pts',(1.37126205107045,1.7870634977687,39.625));
#3888=CARTESIAN_POINT('Ctrl Pts',(0.339500459574769,2.57876201208347,39.7083333333333));
#3889=CARTESIAN_POINT('Ctrl Pts',(-0.862011361708062,2.08107952035652,39.7916666666667));
#3890=CARTESIAN_POINT('Ctrl Pts',(-2.06352318299091,1.58339702862959,39.875));
#3891=CARTESIAN_POINT('Ctrl Pts',(-2.23327341277805,0.294016022587864,39.9583333333334));
#3892=CARTESIAN_POINT('Ctrl Pts',(-2.40302364256519,-0.995364983453855,
40.0416666666667));
#3893=CARTESIAN_POINT('Ctrl Pts',(-1.3712620510695,-1.78706349776862,40.125));
#3894=CARTESIAN_POINT('Ctrl Pts',(-0.339500459573814,-2.57876201208339,
40.2083333333333));
#3895=CARTESIAN_POINT('Ctrl Pts',(0.862011361709025,-2.08107952035644,40.2916666666667));
#3896=CARTESIAN_POINT('Ctrl Pts',(2.06352318299186,-1.5833970286295,40.375));
#3897=CARTESIAN_POINT('Ctrl Pts',(2.23327341277902,-0.294016022587784,40.4583333333333));
#3898=CARTESIAN_POINT('Ctrl Pts',(2.40302364256615,0.995364983453935,40.5416666666666));
#3899=CARTESIAN_POINT('Ctrl Pts',(1.37126205107046,1.7870634977687,40.625));
#3900=CARTESIAN_POINT('Ctrl Pts',(0.339500459574777,2.57876201208347,40.7083333333333));
#3901=CARTESIAN_POINT('Ctrl Pts',(-0.862011361708048,2.08107952035652,40.7916666666667));
#3902=CARTESIAN_POINT('Ctrl Pts',(-2.0635231829909,1.58339702862959,40.875));
#3903=CARTESIAN_POINT('Ctrl Pts',(-2.23327341277804,0.294016022587864,40.9583333333333));
#3904=CARTESIAN_POINT('Ctrl Pts',(-2.40302364256518,-0.995364983453855,
41.0416666666667));
#3905=CARTESIAN_POINT('Ctrl Pts',(-1.37126205106949,-1.78706349776862,41.125));
#3906=CARTESIAN_POINT('Ctrl Pts',(-0.3395004595738,-2.57876201208339,41.2083333333333));
#3907=CARTESIAN_POINT('Ctrl Pts',(0.862011361709039,-2.08107952035644,41.2916666666667));
#3908=CARTESIAN_POINT('Ctrl Pts',(2.06352318299187,-1.5833970286295,41.375));
#3909=CARTESIAN_POINT('Ctrl Pts',(2.23327341277903,-0.294016022587784,41.4583333333333));
#3910=CARTESIAN_POINT('Ctrl Pts',(2.40302364256616,0.995364983453935,41.5416666666666));
#3911=CARTESIAN_POINT('Ctrl Pts',(1.37126205107048,1.7870634977687,41.625));
#3912=CARTESIAN_POINT('Ctrl Pts',(0.339500459574791,2.57876201208347,41.7083333333333));
#3913=CARTESIAN_POINT('Ctrl Pts',(-0.862011361708039,2.08107952035652,41.7916666666667));
#3914=CARTESIAN_POINT('Ctrl Pts',(-2.06352318299088,1.58339702862959,41.875));
#3915=CARTESIAN_POINT('Ctrl Pts',(-2.23327341277802,0.294016022587864,41.9583333333334));
#3916=CARTESIAN_POINT('Ctrl Pts',(-2.40302364256516,-0.995364983453855,
42.0416666666667));
#3917=CARTESIAN_POINT('Ctrl Pts',(-1.37126205106948,-1.78706349776862,42.125));
#3918=CARTESIAN_POINT('Ctrl Pts',(-0.339500459573792,-2.57876201208339,
42.2083333333333));
#3919=CARTESIAN_POINT('Ctrl Pts',(0.862011361709052,-2.08107952035644,42.2916666666667));
#3920=CARTESIAN_POINT('Ctrl Pts',(2.06352318299189,-1.5833970286295,42.375));
#3921=CARTESIAN_POINT('Ctrl Pts',(2.23327341277904,-0.294016022587784,42.4583333333333));
#3922=CARTESIAN_POINT('Ctrl Pts',(2.40302364256617,0.995364983453935,42.5416666666666));
#3923=CARTESIAN_POINT('Ctrl Pts',(1.37126205107049,1.7870634977687,42.625));
#3924=CARTESIAN_POINT('Ctrl Pts',(0.339500459574804,2.57876201208347,42.7083333333333));
#3925=CARTESIAN_POINT('Ctrl Pts',(-0.862011361708026,2.08107952035652,42.7916666666667));
#3926=CARTESIAN_POINT('Ctrl Pts',(-2.06352318299087,1.58339702862959,42.875));
#3927=CARTESIAN_POINT('Ctrl Pts',(-2.23327341277801,0.294016022587864,42.9583333333334));
#3928=CARTESIAN_POINT('Ctrl Pts',(-2.40302364256515,-0.995364983453855,
43.0416666666667));
#3929=CARTESIAN_POINT('Ctrl Pts',(-1.37126205106946,-1.78706349776862,43.125));
#3930=CARTESIAN_POINT('Ctrl Pts',(-0.339500459573778,-2.57876201208339,
43.2083333333333));
#3931=CARTESIAN_POINT('Ctrl Pts',(0.862011361709061,-2.08107952035644,43.2916666666667));
#3932=CARTESIAN_POINT('Ctrl Pts',(2.0635231829919,-1.5833970286295,43.375));
#3933=CARTESIAN_POINT('Ctrl Pts',(2.23327341277905,-0.294016022587784,43.4583333333333));
#3934=CARTESIAN_POINT('Ctrl Pts',(2.40302364256618,0.995364983453935,43.5416666666666));
#3935=CARTESIAN_POINT('Ctrl Pts',(1.3712620510705,1.7870634977687,43.625));
#3936=CARTESIAN_POINT('Ctrl Pts',(0.339500459574817,2.57876201208347,43.7083333333333));
#3937=CARTESIAN_POINT('Ctrl Pts',(-0.862011361708013,2.08107952035652,43.7916666666667));
#3938=CARTESIAN_POINT('Ctrl Pts',(-2.06352318299086,1.58339702862959,43.875));
#3939=CARTESIAN_POINT('Ctrl Pts',(-2.233273412778,0.294016022587864,43.9583333333334));
#3940=CARTESIAN_POINT('Ctrl Pts',(-2.40302364256514,-0.995364983453855,
44.0416666666667));
#3941=CARTESIAN_POINT('Ctrl Pts',(-1.37126205106945,-1.78706349776862,44.125));
#3942=CARTESIAN_POINT('Ctrl Pts',(-0.339500459573765,-2.57876201208339,
44.2083333333333));
#3943=CARTESIAN_POINT('Ctrl Pts',(0.862011361709074,-2.08107952035644,44.2916666666667));
#3944=CARTESIAN_POINT('Ctrl Pts',(2.06352318299191,-1.5833970286295,44.375));
#3945=CARTESIAN_POINT('Ctrl Pts',(2.23327341277907,-0.294016022587784,44.4583333333333));
#3946=CARTESIAN_POINT('Ctrl Pts',(2.4030236425662,0.995364983453935,44.5416666666666));
#3947=CARTESIAN_POINT('Ctrl Pts',(1.37126205107051,1.7870634977687,44.625));
#3948=CARTESIAN_POINT('Ctrl Pts',(0.339500459574826,2.57876201208347,44.7083333333333));
#3949=CARTESIAN_POINT('Ctrl Pts',(-0.862011361708004,2.08107952035652,44.7916666666667));
#3950=CARTESIAN_POINT('Ctrl Pts',(-2.06352318299085,1.58339702862959,44.875));
#3951=CARTESIAN_POINT('Ctrl Pts',(-2.23327341277799,0.294016022587864,44.9583333333334));
#3952=CARTESIAN_POINT('Ctrl Pts',(-2.40302364256513,-0.995364983453855,
45.0416666666667));
#3953=CARTESIAN_POINT('Ctrl Pts',(-1.37126205106944,-1.78706349776862,45.125));
#3954=CARTESIAN_POINT('Ctrl Pts',(-0.339500459573752,-2.57876201208339,
45.2083333333333));
#3955=CARTESIAN_POINT('Ctrl Pts',(0.862011361709087,-2.08107952035644,45.2916666666667));
#3956=CARTESIAN_POINT('Ctrl Pts',(2.06352318299192,-1.5833970286295,45.375));
#3957=CARTESIAN_POINT('Ctrl Pts',(2.23327341277908,-0.294016022587784,45.4583333333333));
#3958=CARTESIAN_POINT('Ctrl Pts',(2.40302364256621,0.995364983453935,45.5416666666666));
#3959=CARTESIAN_POINT('Ctrl Pts',(1.37126205107053,1.7870634977687,45.625));
#3960=CARTESIAN_POINT('Ctrl Pts',(0.33950045957484,2.57876201208346,45.7083333333333));
#3961=CARTESIAN_POINT('Ctrl Pts',(-0.862011361707991,2.08107952035652,45.7916666666667));
#3962=CARTESIAN_POINT('Ctrl Pts',(-2.06352318299084,1.58339702862958,45.875));
#3963=CARTESIAN_POINT('Ctrl Pts',(-2.23327341277797,0.29401602258786,45.9583333333334));
#3964=CARTESIAN_POINT('Ctrl Pts',(-2.40302364256511,-0.995364983453859,
46.0416666666667));
#3965=CARTESIAN_POINT('Ctrl Pts',(-1.37126205106943,-1.78706349776863,46.125));
#3966=CARTESIAN_POINT('Ctrl Pts',(-0.339500459573743,-2.57876201208339,
46.2083333333333));
#3967=CARTESIAN_POINT('Ctrl Pts',(0.862011361709101,-2.08107952035645,46.2916666666667));
#3968=CARTESIAN_POINT('Ctrl Pts',(2.06352318299194,-1.5833970286295,46.375));
#3969=CARTESIAN_POINT('Ctrl Pts',(2.23327341277909,-0.294016022587789,46.4583333333333));
#3970=CARTESIAN_POINT('Ctrl Pts',(2.40302364256622,0.99536498345393,46.5416666666666));
#3971=CARTESIAN_POINT('Ctrl Pts',(1.37126205107053,1.7870634977687,46.625));
#3972=CARTESIAN_POINT('Ctrl Pts',(0.339500459574853,2.57876201208346,46.7083333333333));
#3973=CARTESIAN_POINT('Ctrl Pts',(-0.862011361707977,2.08107952035652,46.7916666666667));
#3974=CARTESIAN_POINT('Ctrl Pts',(-2.06352318299083,1.58339702862958,46.875));
#3975=CARTESIAN_POINT('Ctrl Pts',(-2.23327341277797,0.29401602258786,46.9583333333334));
#3976=CARTESIAN_POINT('Ctrl Pts',(-2.4030236425651,-0.995364983453859,47.0416666666667));
#3977=CARTESIAN_POINT('Ctrl Pts',(-1.37126205106942,-1.78706349776863,47.125));
#3978=CARTESIAN_POINT('Ctrl Pts',(-0.339500459573729,-2.57876201208339,
47.2083333333333));
#3979=CARTESIAN_POINT('Ctrl Pts',(0.86201136170911,-2.08107952035645,47.2916666666667));
#3980=CARTESIAN_POINT('Ctrl Pts',(2.06352318299194,-1.5833970286295,47.375));
#3981=CARTESIAN_POINT('Ctrl Pts',(2.2332734127791,-0.294016022587789,47.4583333333333));
#3982=CARTESIAN_POINT('Ctrl Pts',(2.40302364256623,0.99536498345393,47.5416666666666));
#3983=CARTESIAN_POINT('Ctrl Pts',(1.37126205107055,1.7870634977687,47.625));
#3984=CARTESIAN_POINT('Ctrl Pts',(0.339500459574862,2.57876201208346,47.7083333333333));
#3985=CARTESIAN_POINT('Ctrl Pts',(-0.862011361707964,2.08107952035652,47.7916666666667));
#3986=CARTESIAN_POINT('Ctrl Pts',(-2.06352318299081,1.58339702862958,47.875));
#3987=CARTESIAN_POINT('Ctrl Pts',(-2.23327341277795,0.29401602258786,47.9583333333333));
#3988=CARTESIAN_POINT('Ctrl Pts',(-2.40302364256509,-0.995364983453859,
48.0416666666667));
#3989=CARTESIAN_POINT('Ctrl Pts',(-1.37126205106941,-1.78706349776863,48.125));
#3990=CARTESIAN_POINT('Ctrl Pts',(-0.339500459573716,-2.57876201208339,
48.2083333333333));
#3991=CARTESIAN_POINT('Ctrl Pts',(0.862011361709123,-2.08107952035645,48.2916666666667));
#3992=CARTESIAN_POINT('Ctrl Pts',(2.06352318299196,-1.5833970286295,48.375));
#3993=CARTESIAN_POINT('Ctrl Pts',(2.23327341277911,-0.294016022587789,48.4583333333333));
#3994=CARTESIAN_POINT('Ctrl Pts',(2.40302364256625,0.99536498345393,48.5416666666666));
#3995=CARTESIAN_POINT('Ctrl Pts',(1.37126205107056,1.7870634977687,48.625));
#3996=CARTESIAN_POINT('Ctrl Pts',(0.339500459574875,2.57876201208346,48.7083333333333));
#3997=CARTESIAN_POINT('Ctrl Pts',(-0.862011361707955,2.08107952035652,48.7916666666667));
#3998=CARTESIAN_POINT('Ctrl Pts',(-2.0635231829908,1.58339702862958,48.875));
#3999=CARTESIAN_POINT('Ctrl Pts',(-2.23327341277794,0.29401602258786,48.9583333333333));
#4000=CARTESIAN_POINT('Ctrl Pts',(-2.40302364256508,-0.995364983453859,
49.0416666666667));
#4001=CARTESIAN_POINT('Ctrl Pts',(-1.37126205106939,-1.78706349776863,49.125));
#4002=CARTESIAN_POINT('Ctrl Pts',(-0.339500459573707,-2.57876201208339,
49.2083333333333));
#4003=CARTESIAN_POINT('Ctrl Pts',(0.862011361709136,-2.08107952035645,49.2916666666667));
#4004=CARTESIAN_POINT('Ctrl Pts',(2.06352318299197,-1.5833970286295,49.375));
#4005=CARTESIAN_POINT('Ctrl Pts',(2.23327341277912,-0.294016022587789,49.4583333333333));
#4006=CARTESIAN_POINT('Ctrl Pts',(2.40302364256626,0.99536498345393,49.5416666666666));
#4007=CARTESIAN_POINT('Ctrl Pts',(1.37126205107057,1.7870634977687,49.625));
#4008=CARTESIAN_POINT('Ctrl Pts',(0.339500459574889,2.57876201208346,49.7083333333333));
#4009=CARTESIAN_POINT('Ctrl Pts',(-0.862011361707942,2.08107952035652,49.7916666666667));
#4010=CARTESIAN_POINT('Ctrl Pts',(-2.06352318299079,1.58339702862958,49.875));
#4011=CARTESIAN_POINT('Ctrl Pts',(-2.23327341277793,0.29401602258786,49.9583333333334));
#4012=CARTESIAN_POINT('Ctrl Pts',(-2.40302364256507,-0.995364983453859,
50.0416666666667));
#4013=CARTESIAN_POINT('Ctrl Pts',(-1.37126205106938,-1.78706349776863,50.125));
#4014=CARTESIAN_POINT('Ctrl Pts',(-0.339500459573694,-2.57876201208339,
50.2083333333333));
#4015=CARTESIAN_POINT('Ctrl Pts',(0.862011361709145,-2.08107952035645,50.2916666666667));
#4016=CARTESIAN_POINT('Ctrl Pts',(2.06352318299198,-1.5833970286295,50.375));
#4017=CARTESIAN_POINT('Ctrl Pts',(2.23327341277914,-0.294016022587789,50.4583333333333));
#4018=CARTESIAN_POINT('Ctrl Pts',(2.40302364256627,0.99536498345393,50.5416666666666));
#4019=CARTESIAN_POINT('Ctrl Pts',(1.37126205107058,1.7870634977687,50.625));
#4020=CARTESIAN_POINT('Ctrl Pts',(0.339500459574897,2.57876201208346,50.7083333333333));
#4021=CARTESIAN_POINT('Ctrl Pts',(-0.862011361707928,2.08107952035652,50.7916666666667));
#4022=CARTESIAN_POINT('Ctrl Pts',(-2.06352318299078,1.58339702862958,50.875));
#4023=CARTESIAN_POINT('Ctrl Pts',(-2.23327341277792,0.29401602258786,50.9583333333333));
#4024=CARTESIAN_POINT('Ctrl Pts',(-2.40302364256506,-0.995364983453859,
51.0416666666667));
#4025=CARTESIAN_POINT('Ctrl Pts',(-1.37126205106937,-1.78706349776863,51.125));
#4026=CARTESIAN_POINT('Ctrl Pts',(-0.339500459573681,-2.57876201208339,
51.2083333333333));
#4027=CARTESIAN_POINT('Ctrl Pts',(0.862011361709158,-2.08107952035645,51.2916666666666));
#4028=CARTESIAN_POINT('Ctrl Pts',(2.06352318299199,-1.5833970286295,51.375));
#4029=CARTESIAN_POINT('Ctrl Pts',(2.23327341277915,-0.294016022587789,51.4583333333333));
#4030=CARTESIAN_POINT('Ctrl Pts',(2.40302364256628,0.99536498345393,51.5416666666666));
#4031=CARTESIAN_POINT('Ctrl Pts',(1.3712620510706,1.7870634977687,51.625));
#4032=CARTESIAN_POINT('Ctrl Pts',(0.339500459574911,2.57876201208346,51.7083333333333));
#4033=CARTESIAN_POINT('Ctrl Pts',(-0.862011361707919,2.08107952035652,51.7916666666667));
#4034=CARTESIAN_POINT('Ctrl Pts',(-2.06352318299076,1.58339702862958,51.875));
#4035=CARTESIAN_POINT('Ctrl Pts',(-2.2332734127779,0.29401602258786,51.9583333333333));
#4036=CARTESIAN_POINT('Ctrl Pts',(-2.40302364256504,-0.995364983453859,
52.0416666666667));
#4037=CARTESIAN_POINT('Ctrl Pts',(-1.37126205106936,-1.78706349776863,52.125));
#4038=CARTESIAN_POINT('Ctrl Pts',(-0.339500459573667,-2.57876201208339,
52.2083333333333));
#4039=CARTESIAN_POINT('Ctrl Pts',(0.862011361709172,-2.08107952035645,52.2916666666666));
#4040=CARTESIAN_POINT('Ctrl Pts',(2.06352318299201,-1.5833970286295,52.375));
#4041=CARTESIAN_POINT('Ctrl Pts',(2.23327341277916,-0.294016022587789,52.4583333333333));
#4042=CARTESIAN_POINT('Ctrl Pts',(2.40302364256629,0.99536498345393,52.5416666666666));
#4043=CARTESIAN_POINT('Ctrl Pts',(1.37126205107061,1.7870634977687,52.625));
#4044=CARTESIAN_POINT('Ctrl Pts',(0.339500459574924,2.57876201208346,52.7083333333333));
#4045=CARTESIAN_POINT('Ctrl Pts',(-0.862011361707906,2.08107952035652,52.7916666666667));
#4046=CARTESIAN_POINT('Ctrl Pts',(-2.06352318299075,1.58339702862958,52.875));
#4047=CARTESIAN_POINT('Ctrl Pts',(-2.23327341277789,0.29401602258786,52.9583333333334));
#4048=CARTESIAN_POINT('Ctrl Pts',(-2.40302364256503,-0.995364983453859,
53.0416666666667));
#4049=CARTESIAN_POINT('Ctrl Pts',(-1.37126205106934,-1.78706349776863,53.125));
#4050=CARTESIAN_POINT('Ctrl Pts',(-0.339500459573658,-2.57876201208339,
53.2083333333333));
#4051=CARTESIAN_POINT('Ctrl Pts',(0.862011361709181,-2.08107952035645,53.2916666666666));
#4052=CARTESIAN_POINT('Ctrl Pts',(2.06352318299202,-1.5833970286295,53.375));
#4053=CARTESIAN_POINT('Ctrl Pts',(2.23327341277917,-0.294016022587789,53.4583333333333));
#4054=CARTESIAN_POINT('Ctrl Pts',(2.4030236425663,0.99536498345393,53.5416666666666));
#4055=CARTESIAN_POINT('Ctrl Pts',(1.37126205107062,1.7870634977687,53.625));
#4056=CARTESIAN_POINT('Ctrl Pts',(0.339500459574937,2.57876201208346,53.7083333333333));
#4057=CARTESIAN_POINT('Ctrl Pts',(-0.862011361707893,2.08107952035652,53.7916666666667));
#4058=CARTESIAN_POINT('Ctrl Pts',(-2.06352318299074,1.58339702862958,53.875));
#4059=CARTESIAN_POINT('Ctrl Pts',(-2.23327341277788,0.29401602258786,53.9583333333334));
#4060=CARTESIAN_POINT('Ctrl Pts',(-2.40302364256502,-0.995364983453859,
54.0416666666667));
#4061=CARTESIAN_POINT('Ctrl Pts',(-1.37126205106933,-1.78706349776863,54.125));
#4062=CARTESIAN_POINT('Ctrl Pts',(-0.339500459573645,-2.57876201208339,
54.2083333333333));
#4063=CARTESIAN_POINT('Ctrl Pts',(0.862011361709194,-2.08107952035645,54.2916666666667));
#4064=CARTESIAN_POINT('Ctrl Pts',(2.06352318299203,-1.5833970286295,54.375));
#4065=CARTESIAN_POINT('Ctrl Pts',(2.23327341277919,-0.294016022587789,54.4583333333333));
#4066=CARTESIAN_POINT('Ctrl Pts',(2.40302364256632,0.99536498345393,54.5416666666666));
#4067=CARTESIAN_POINT('Ctrl Pts',(1.37126205107063,1.7870634977687,54.625));
#4068=CARTESIAN_POINT('Ctrl Pts',(0.339500459574946,2.57876201208346,54.7083333333333));
#4069=CARTESIAN_POINT('Ctrl Pts',(-0.86201136170788,2.08107952035652,54.7916666666667));
#4070=CARTESIAN_POINT('Ctrl Pts',(-2.06352318299073,1.58339702862958,54.875));
#4071=CARTESIAN_POINT('Ctrl Pts',(-2.23327341277787,0.29401602258786,54.9583333333334));
#4072=CARTESIAN_POINT('Ctrl Pts',(-2.40302364256501,-0.995364983453859,
55.0416666666667));
#4073=CARTESIAN_POINT('Ctrl Pts',(-1.37126205106932,-1.78706349776863,55.125));
#4074=CARTESIAN_POINT('Ctrl Pts',(-0.339500459573632,-2.57876201208339,
55.2083333333333));
#4075=CARTESIAN_POINT('Ctrl Pts',(0.862011361709207,-2.08107952035645,55.2916666666667));
#4076=CARTESIAN_POINT('Ctrl Pts',(2.06352318299204,-1.5833970286295,55.375));
#4077=CARTESIAN_POINT('Ctrl Pts',(2.2332734127792,-0.294016022587789,55.4583333333333));
#4078=CARTESIAN_POINT('Ctrl Pts',(2.40302364256633,0.99536498345393,55.5416666666666));
#4079=CARTESIAN_POINT('Ctrl Pts',(1.37126205107065,1.7870634977687,55.625));
#4080=CARTESIAN_POINT('Ctrl Pts',(0.33950045957496,2.57876201208346,55.7083333333333));
#4081=CARTESIAN_POINT('Ctrl Pts',(-0.862011361707871,2.08107952035652,55.7916666666667));
#4082=CARTESIAN_POINT('Ctrl Pts',(-2.06352318299072,1.58339702862958,55.875));
#4083=CARTESIAN_POINT('Ctrl Pts',(-2.23327341277785,0.29401602258786,55.9583333333333));
#4084=CARTESIAN_POINT('Ctrl Pts',(-2.40302364256499,-0.995364983453859,
56.0416666666667));
#4085=CARTESIAN_POINT('Ctrl Pts',(-1.37126205106931,-1.78706349776863,56.125));
#4086=CARTESIAN_POINT('Ctrl Pts',(-0.339500459573623,-2.57876201208339,
56.2083333333333));
#4087=CARTESIAN_POINT('Ctrl Pts',(0.862011361709221,-2.08107952035645,56.2916666666666));
#4088=CARTESIAN_POINT('Ctrl Pts',(2.06352318299206,-1.5833970286295,56.375));
#4089=CARTESIAN_POINT('Ctrl Pts',(2.23327341277921,-0.294016022587789,56.4583333333333));
#4090=CARTESIAN_POINT('Ctrl Pts',(2.40302364256634,0.99536498345393,56.5416666666666));
#4091=CARTESIAN_POINT('Ctrl Pts',(1.37126205107065,1.7870634977687,56.625));
#4092=CARTESIAN_POINT('Ctrl Pts',(0.339500459574973,2.57876201208346,56.7083333333333));
#4093=CARTESIAN_POINT('Ctrl Pts',(-0.862011361707857,2.08107952035652,56.7916666666667));
#4094=CARTESIAN_POINT('Ctrl Pts',(-2.06352318299071,1.58339702862958,56.875));
#4095=CARTESIAN_POINT('Ctrl Pts',(-2.23327341277785,0.29401602258786,56.9583333333333));
#4096=CARTESIAN_POINT('Ctrl Pts',(-2.40302364256498,-0.995364983453859,
57.0416666666667));
#4097=CARTESIAN_POINT('Ctrl Pts',(-1.3712620510693,-1.78706349776863,57.125));
#4098=CARTESIAN_POINT('Ctrl Pts',(-0.33950045957361,-2.57876201208339,57.2083333333333));
#4099=CARTESIAN_POINT('Ctrl Pts',(0.86201136170923,-2.08107952035645,57.2916666666666));
#4100=CARTESIAN_POINT('Ctrl Pts',(2.06352318299207,-1.5833970286295,57.375));
#4101=CARTESIAN_POINT('Ctrl Pts',(2.23327341277922,-0.294016022587789,57.4583333333333));
#4102=CARTESIAN_POINT('Ctrl Pts',(2.40302364256635,0.995364983453926,57.5416666666666));
#4103=CARTESIAN_POINT('Ctrl Pts',(1.37126205107067,1.78706349776869,57.625));
#4104=CARTESIAN_POINT('Ctrl Pts',(0.339500459574982,2.57876201208346,57.7083333333333));
#4105=CARTESIAN_POINT('Ctrl Pts',(-0.862011361707844,2.08107952035651,57.7916666666667));
#4106=CARTESIAN_POINT('Ctrl Pts',(-2.06352318299069,1.58339702862958,57.875));
#4107=CARTESIAN_POINT('Ctrl Pts',(-2.23327341277783,0.294016022587855,57.9583333333333));
#4108=CARTESIAN_POINT('Ctrl Pts',(-2.40302364256497,-0.995364983453864,
58.0416666666667));
#4109=CARTESIAN_POINT('Ctrl Pts',(-1.37126205106928,-1.78706349776863,58.125));
#4110=CARTESIAN_POINT('Ctrl Pts',(-0.339500459573596,-2.5787620120834,58.2083333333333));
#4111=CARTESIAN_POINT('Ctrl Pts',(0.862011361709243,-2.08107952035645,58.2916666666666));
#4112=CARTESIAN_POINT('Ctrl Pts',(2.06352318299208,-1.58339702862951,58.375));
#4113=CARTESIAN_POINT('Ctrl Pts',(2.23327341277923,-0.294016022587793,58.4583333333333));
#4114=CARTESIAN_POINT('Ctrl Pts',(2.40302364256637,0.995364983453926,58.5416666666666));
#4115=CARTESIAN_POINT('Ctrl Pts',(1.37126205107068,1.78706349776869,58.625));
#4116=CARTESIAN_POINT('Ctrl Pts',(0.339500459574995,2.57876201208346,58.7083333333333));
#4117=CARTESIAN_POINT('Ctrl Pts',(-0.862011361707835,2.08107952035651,58.7916666666667));
#4118=CARTESIAN_POINT('Ctrl Pts',(-2.06352318299068,1.58339702862958,58.875));
#4119=CARTESIAN_POINT('Ctrl Pts',(-2.23327341277782,0.294016022587855,58.9583333333333));
#4120=CARTESIAN_POINT('Ctrl Pts',(-2.40302364256496,-0.995364983453864,
59.0416666666667));
#4121=CARTESIAN_POINT('Ctrl Pts',(-1.37126205106927,-1.78706349776863,59.125));
#4122=CARTESIAN_POINT('Ctrl Pts',(-0.339500459573587,-2.5787620120834,59.2083333333333));
#4123=CARTESIAN_POINT('Ctrl Pts',(0.862011361709256,-2.08107952035645,59.2916666666667));
#4124=CARTESIAN_POINT('Ctrl Pts',(2.06352318299209,-1.58339702862951,59.375));
#4125=CARTESIAN_POINT('Ctrl Pts',(2.23327341277924,-0.294016022587793,59.4583333333333));
#4126=CARTESIAN_POINT('Ctrl Pts',(2.40302364256638,0.995364983453926,59.5416666666666));
#4127=CARTESIAN_POINT('Ctrl Pts',(1.37126205107069,1.78706349776869,59.625));
#4128=CARTESIAN_POINT('Ctrl Pts',(0.339500459575008,2.57876201208346,59.7083333333333));
#4129=CARTESIAN_POINT('Ctrl Pts',(-0.862011361707822,2.08107952035651,59.7916666666667));
#4130=CARTESIAN_POINT('Ctrl Pts',(-2.06352318299067,1.58339702862958,59.875));
#4131=CARTESIAN_POINT('Ctrl Pts',(-2.23327341277781,0.294016022587855,59.9583333333334));
#4132=CARTESIAN_POINT('Ctrl Pts',(-2.40302364256495,-0.995364983453864,
60.0416666666667));
#4133=CARTESIAN_POINT('Ctrl Pts',(-1.37126205106926,-1.78706349776863,60.125));
#4134=CARTESIAN_POINT('Ctrl Pts',(-0.339500459573574,-2.5787620120834,60.2083333333333));
#4135=CARTESIAN_POINT('Ctrl Pts',(0.862011361709265,-2.08107952035645,60.2916666666667));
#4136=CARTESIAN_POINT('Ctrl Pts',(2.0635231829921,-1.58339702862951,60.375));
#4137=CARTESIAN_POINT('Ctrl Pts',(2.23327341277926,-0.294016022587793,60.4583333333333));
#4138=CARTESIAN_POINT('Ctrl Pts',(2.40302364256639,0.995364983453926,60.5416666666666));
#4139=CARTESIAN_POINT('Ctrl Pts',(1.3712620510707,1.78706349776869,60.625));
#4140=CARTESIAN_POINT('Ctrl Pts',(0.339500459575022,2.57876201208346,60.7083333333333));
#4141=CARTESIAN_POINT('Ctrl Pts',(-0.862011361707808,2.08107952035651,60.7916666666667));
#4142=CARTESIAN_POINT('Ctrl Pts',(-2.06352318299066,1.58339702862958,60.875));
#4143=CARTESIAN_POINT('Ctrl Pts',(-2.2332734127778,0.294016022587855,60.9583333333333));
#4144=CARTESIAN_POINT('Ctrl Pts',(-2.40302364256494,-0.995364983453864,
61.0416666666667));
#4145=CARTESIAN_POINT('Ctrl Pts',(-1.37126205106925,-1.78706349776863,61.125));
#4146=CARTESIAN_POINT('Ctrl Pts',(-0.339500459573561,-2.5787620120834,61.2083333333333));
#4147=CARTESIAN_POINT('Ctrl Pts',(0.862011361709278,-2.08107952035645,61.2916666666666));
#4148=CARTESIAN_POINT('Ctrl Pts',(2.06352318299211,-1.58339702862951,61.375));
#4149=CARTESIAN_POINT('Ctrl Pts',(2.23327341277927,-0.294016022587793,61.4583333333333));
#4150=CARTESIAN_POINT('Ctrl Pts',(2.4030236425664,0.995364983453926,61.5416666666666));
#4151=CARTESIAN_POINT('Ctrl Pts',(1.37126205107072,1.78706349776869,61.625));
#4152=CARTESIAN_POINT('Ctrl Pts',(0.339500459575031,2.57876201208346,61.7083333333333));
#4153=CARTESIAN_POINT('Ctrl Pts',(-0.8620113617078,2.08107952035651,61.7916666666667));
#4154=CARTESIAN_POINT('Ctrl Pts',(-2.06352318299064,1.58339702862958,61.875));
#4155=CARTESIAN_POINT('Ctrl Pts',(-2.23327341277778,0.294016022587855,61.9583333333333));
#4156=CARTESIAN_POINT('Ctrl Pts',(-2.40302364256492,-0.995364983453864,
62.0416666666667));
#4157=CARTESIAN_POINT('Ctrl Pts',(-1.37126205106924,-1.78706349776863,62.125));
#4158=CARTESIAN_POINT('Ctrl Pts',(-0.339500459573547,-2.5787620120834,62.2083333333333));
#4159=CARTESIAN_POINT('Ctrl Pts',(0.862011361709292,-2.08107952035645,62.2916666666666));
#4160=CARTESIAN_POINT('Ctrl Pts',(2.06352318299213,-1.58339702862951,62.375));
#4161=CARTESIAN_POINT('Ctrl Pts',(2.23327341277928,-0.294016022587793,62.4583333333333));
#4162=CARTESIAN_POINT('Ctrl Pts',(2.40302364256641,0.995364983453926,62.5416666666666));
#4163=CARTESIAN_POINT('Ctrl Pts',(1.37126205107073,1.78706349776869,62.625));
#4164=CARTESIAN_POINT('Ctrl Pts',(0.339500459575044,2.57876201208346,62.7083333333333));
#4165=CARTESIAN_POINT('Ctrl Pts',(-0.862011361707786,2.08107952035651,62.7916666666667));
#4166=CARTESIAN_POINT('Ctrl Pts',(-2.06352318299063,1.58339702862958,62.875));
#4167=CARTESIAN_POINT('Ctrl Pts',(-2.23327341277777,0.294016022587855,62.9583333333333));
#4168=CARTESIAN_POINT('Ctrl Pts',(-2.40302364256491,-0.995364983453864,
63.0416666666667));
#4169=CARTESIAN_POINT('Ctrl Pts',(-1.37126205106922,-1.78706349776863,63.125));
#4170=CARTESIAN_POINT('Ctrl Pts',(-0.339500459573538,-2.5787620120834,63.2083333333333));
#4171=CARTESIAN_POINT('Ctrl Pts',(0.862011361709305,-2.08107952035645,63.2916666666667));
#4172=CARTESIAN_POINT('Ctrl Pts',(2.06352318299214,-1.58339702862951,63.375));
#4173=CARTESIAN_POINT('Ctrl Pts',(2.23327341277929,-0.294016022587793,63.4583333333333));
#4174=CARTESIAN_POINT('Ctrl Pts',(2.40302364256642,0.995364983453926,63.5416666666666));
#4175=CARTESIAN_POINT('Ctrl Pts',(1.37126205107074,1.78706349776869,63.625));
#4176=CARTESIAN_POINT('Ctrl Pts',(0.339500459575057,2.57876201208346,63.7083333333333));
#4177=CARTESIAN_POINT('Ctrl Pts',(-0.862011361707773,2.08107952035651,63.7916666666667));
#4178=CARTESIAN_POINT('Ctrl Pts',(-2.06352318299062,1.58339702862958,63.875));
#4179=CARTESIAN_POINT('Ctrl Pts',(-2.23327341277776,0.294016022587855,63.9583333333333));
#4180=CARTESIAN_POINT('Ctrl Pts',(-2.4030236425649,-0.995364983453864,64.0416666666667));
#4181=CARTESIAN_POINT('Ctrl Pts',(-1.37126205106921,-1.78706349776863,64.125));
#4182=CARTESIAN_POINT('Ctrl Pts',(-0.339500459573525,-2.5787620120834,64.2083333333333));
#4183=CARTESIAN_POINT('Ctrl Pts',(0.862011361709314,-2.08107952035645,64.2916666666667));
#4184=CARTESIAN_POINT('Ctrl Pts',(2.06352318299215,-1.58339702862951,64.375));
#4185=CARTESIAN_POINT('Ctrl Pts',(2.23327341277931,-0.294016022587793,64.4583333333333));
#4186=CARTESIAN_POINT('Ctrl Pts',(2.40302364256644,0.995364983453926,64.5416666666666));
#4187=CARTESIAN_POINT('Ctrl Pts',(1.37126205107075,1.78706349776869,64.625));
#4188=CARTESIAN_POINT('Ctrl Pts',(0.339500459575066,2.57876201208346,64.7083333333333));
#4189=CARTESIAN_POINT('Ctrl Pts',(-0.86201136170776,2.08107952035651,64.7916666666667));
#4190=CARTESIAN_POINT('Ctrl Pts',(-2.06352318299061,1.58339702862958,64.875));
#4191=CARTESIAN_POINT('Ctrl Pts',(-2.23327341277775,0.294016022587855,64.9583333333334));
#4192=CARTESIAN_POINT('Ctrl Pts',(-2.40302364256489,-0.995364983453864,
65.0416666666667));
#4193=CARTESIAN_POINT('Ctrl Pts',(-1.3712620510692,-1.78706349776863,65.125));
#4194=CARTESIAN_POINT('Ctrl Pts',(-0.339500459573512,-2.5787620120834,65.2083333333333));
#4195=CARTESIAN_POINT('Ctrl Pts',(0.862011361709327,-2.08107952035645,65.2916666666667));
#4196=CARTESIAN_POINT('Ctrl Pts',(2.06352318299216,-1.58339702862951,65.375));
#4197=CARTESIAN_POINT('Ctrl Pts',(2.23327341277932,-0.294016022587793,65.4583333333333));
#4198=CARTESIAN_POINT('Ctrl Pts',(2.40302364256645,0.995364983453926,65.5416666666666));
#4199=CARTESIAN_POINT('Ctrl Pts',(1.37126205107077,1.78706349776869,65.625));
#4200=CARTESIAN_POINT('Ctrl Pts',(0.339500459575079,2.57876201208346,65.7083333333333));
#4201=CARTESIAN_POINT('Ctrl Pts',(-0.862011361707751,2.08107952035651,65.7916666666667));
#4202=CARTESIAN_POINT('Ctrl Pts',(-2.06352318299059,1.58339702862958,65.875));
#4203=CARTESIAN_POINT('Ctrl Pts',(-2.23327341277773,0.294016022587855,65.9583333333333));
#4204=CARTESIAN_POINT('Ctrl Pts',(-2.40302364256487,-0.995364983453864,
66.0416666666667));
#4205=CARTESIAN_POINT('Ctrl Pts',(-1.37126205106919,-1.78706349776863,66.125));
#4206=CARTESIAN_POINT('Ctrl Pts',(-0.339500459573503,-2.5787620120834,66.2083333333333));
#4207=CARTESIAN_POINT('Ctrl Pts',(0.862011361709341,-2.08107952035645,66.2916666666666));
#4208=CARTESIAN_POINT('Ctrl Pts',(2.06352318299218,-1.58339702862951,66.375));
#4209=CARTESIAN_POINT('Ctrl Pts',(2.23327341277933,-0.294016022587793,66.4583333333333));
#4210=CARTESIAN_POINT('Ctrl Pts',(2.40302364256646,0.995364983453926,66.5416666666666));
#4211=CARTESIAN_POINT('Ctrl Pts',(1.37126205107078,1.78706349776869,66.625));
#4212=CARTESIAN_POINT('',(-2.28883752580715,-0.00367257692822864,20.));
#4213=CARTESIAN_POINT('Ctrl Pts',(-2.23049942154545,-0.314369031945152,
20.));
#4214=CARTESIAN_POINT('Ctrl Pts',(-2.25769394661232,-0.211470939162635,
20.));
#4215=CARTESIAN_POINT('Ctrl Pts',(-2.27702861731127,-0.107838618035385,
20.));
#4216=CARTESIAN_POINT('Ctrl Pts',(-2.28883752580714,-0.00367257692822354,
20.));
#4217=CARTESIAN_POINT('Ctrl Pts',(-1.37126205106979,-1.78706349776861,16.125));
#4218=CARTESIAN_POINT('Ctrl Pts',(-0.339500459574102,-2.57876201208338,
16.2083333333333));
#4219=CARTESIAN_POINT('Ctrl Pts',(0.862011361708737,-2.08107952035643,16.2916666666667));
#4220=CARTESIAN_POINT('Ctrl Pts',(2.06352318299158,-1.58339702862949,16.375));
#4221=CARTESIAN_POINT('Ctrl Pts',(2.23327341277873,-0.294016022587775,16.4583333333333));
#4222=CARTESIAN_POINT('Ctrl Pts',(2.40302364256587,0.995364983453939,16.5416666666666));
#4223=CARTESIAN_POINT('Ctrl Pts',(1.37126205107017,1.78706349776871,16.625));
#4224=CARTESIAN_POINT('Ctrl Pts',(0.339500459574489,2.57876201208348,16.7083333333333));
#4225=CARTESIAN_POINT('Ctrl Pts',(-0.862011361708337,2.08107952035653,16.7916666666667));
#4226=CARTESIAN_POINT('Ctrl Pts',(-2.06352318299118,1.5833970286296,16.875));
#4227=CARTESIAN_POINT('Ctrl Pts',(-2.23327341277832,0.294016022587873,16.9583333333334));
#4228=CARTESIAN_POINT('Ctrl Pts',(-2.40302364256546,-0.995364983453846,
17.0416666666667));
#4229=CARTESIAN_POINT('Ctrl Pts',(-1.37126205106977,-1.78706349776861,17.125));
#4230=CARTESIAN_POINT('',(-2.29552855007569,0.0650736785999806,16.));
#4231=CARTESIAN_POINT('Ctrl Pts',(-2.29552855007569,0.0650736785999734,
16.));
#4232=CARTESIAN_POINT('Ctrl Pts',(-2.28558217759149,-0.0572008395292321,
16.));
#4233=CARTESIAN_POINT('Ctrl Pts',(-2.26493316860223,-0.184079317718452,
16.));
#4234=CARTESIAN_POINT('Ctrl Pts',(-2.23049942154548,-0.314369031945217,
16.));
#4235=CARTESIAN_POINT('Ctrl Pts',(2.57058737572329,1.28751914304801,15.9285966019619));
#4236=CARTESIAN_POINT('Ctrl Pts',(2.46884445154795,1.40643497842752,15.9146572264966));
#4237=CARTESIAN_POINT('Ctrl Pts',(2.35631702577936,1.51605296683957,15.8997511234807));
#4238=CARTESIAN_POINT('Ctrl Pts',(2.05856333299015,1.76179800935634,15.8630558944869));
#4239=CARTESIAN_POINT('Ctrl Pts',(1.8640444307658,1.88647790393526,15.8413432756375));
#4240=CARTESIAN_POINT('Ctrl Pts',(1.50214073572967,2.06701040367855,15.8076928852706));
#4241=CARTESIAN_POINT('Ctrl Pts',(1.28363278441275,2.16024954801558,15.7890668932465));
#4242=CARTESIAN_POINT('Ctrl Pts',(0.864072028848043,2.26062272478756,15.7679472932121));
#4243=CARTESIAN_POINT('Ctrl Pts',(0.721380481066089,2.284395257126,15.7627878109736));
#4244=CARTESIAN_POINT('Ctrl Pts',(0.487896915884613,2.30694049152208,15.7578804706242));
#4245=CARTESIAN_POINT('Ctrl Pts',(0.397846904517248,2.31174692048183,15.7568250583739));
#4246=CARTESIAN_POINT('Ctrl Pts',(0.253398538823419,2.31325992866484,15.7564935004304));
#4247=CARTESIAN_POINT('Ctrl Pts',(0.199063268739112,2.31242512960054,15.7566766892273));
#4248=CARTESIAN_POINT('Ctrl Pts',(0.113580019487398,2.30889944333333,15.7574483996921));
#4249=CARTESIAN_POINT('Ctrl Pts',(0.0823992910350747,2.30714876452466,15.7578313714887));
#4250=CARTESIAN_POINT('Ctrl Pts',(0.0339841679486073,2.30370690884533,15.7585828865003));
#4251=CARTESIAN_POINT('Ctrl Pts',(0.016727324297913,2.30233689599201,15.7588817954066));
#4252=CARTESIAN_POINT('Ctrl Pts',(-0.0201858406719916,2.29909936629957,
15.7595873379035));
#4253=CARTESIAN_POINT('Ctrl Pts',(-0.0398377125192261,2.29718902946955,
15.7600031997458));
#4254=CARTESIAN_POINT('Ctrl Pts',(-0.267242762383623,2.27291585593875,15.7652787592187));
#4255=CARTESIAN_POINT('Ctrl Pts',(-0.472369489553938,2.23005300823192,15.7745819475521));
#4256=CARTESIAN_POINT('Ctrl Pts',(-0.680628630908725,2.16374380136288,15.7881287589607));
#4257=CARTESIAN_POINT('Ctrl Pts',(-0.690169795852916,2.16065393969008,15.788758604227));
#4258=CARTESIAN_POINT('Ctrl Pts',(-0.709188532863575,2.15439065572479,15.7900323006268));
#4259=CARTESIAN_POINT('Ctrl Pts',(-0.718666180139478,2.1512175548228,15.7906760962972));
#4260=CARTESIAN_POINT('Ctrl Pts',(-0.729838925829355,2.14741541571246,15.7914456342633));
#4261=CARTESIAN_POINT('Ctrl Pts',(-0.731549874769268,2.146831463823,15.7915637723557));
#4262=CARTESIAN_POINT('Ctrl Pts',(-0.734296597829507,2.14589125487474,15.7917539003441));
#4263=CARTESIAN_POINT('Ctrl Pts',(-0.735332713299083,2.14553596288451,15.7918257279976));
#4264=CARTESIAN_POINT('Ctrl Pts',(-0.737170982288134,2.14490449221231,15.79195335521));
#4265=CARTESIAN_POINT('Ctrl Pts',(-0.737973215297546,2.14462853745347,15.7920091171972));
#4266=CARTESIAN_POINT('Ctrl Pts',(-0.739641136884405,2.14405401673184,15.7921251860941));
#4267=CARTESIAN_POINT('Ctrl Pts',(-0.74050680570892,2.14375539534334,15.7921855022892));
#4268=CARTESIAN_POINT('Ctrl Pts',(-0.742742045626516,2.14298319190343,15.7923414385437));
#4269=CARTESIAN_POINT('Ctrl Pts',(-0.744111406557336,2.14250902155989,15.7924371569994));
#4270=CARTESIAN_POINT('Ctrl Pts',(-0.749840606839655,2.14052055719842,15.7928384150094));
#4271=CARTESIAN_POINT('Ctrl Pts',(-0.754197232748855,2.13899731012969,15.7931454481361));
#4272=CARTESIAN_POINT('Ctrl Pts',(-0.869825086178817,2.09827205643895,15.8013447004101));
#4273=CARTESIAN_POINT('Ctrl Pts',(-0.9804123833696,2.052006531127,15.8104411606524));
#4274=CARTESIAN_POINT('Ctrl Pts',(-1.24927136924612,1.91562119058122,15.8359748985842));
#4275=CARTESIAN_POINT('Ctrl Pts',(-1.40147262994815,1.81723535105201,15.8534208887298));
#4276=CARTESIAN_POINT('Ctrl Pts',(-1.73113038916091,1.54657094845918,15.8961636901945));
#4277=CARTESIAN_POINT('Ctrl Pts',(-1.89652737725124,1.361018408217,15.921865102297));
#4278=CARTESIAN_POINT('Ctrl Pts',(-2.07889869066447,1.06127314927343,15.9530213844461));
#4279=CARTESIAN_POINT('Ctrl Pts',(-2.12627180301929,0.9678189431303,15.9615732796162));
#4280=CARTESIAN_POINT('Ctrl Pts',(-2.16780940763748,0.865748289219074,15.9694291173912));
#4281=CARTESIAN_POINT('Ctrl Pts',(-2.16985155411476,0.860667334880653,15.9698164639741));
#4282=CARTESIAN_POINT('Ctrl Pts',(-2.17392525702317,0.850403428537008,15.9705913923873));
#4283=CARTESIAN_POINT('Ctrl Pts',(-2.17595605288117,0.845220251299961,15.9709788669779));
#4284=CARTESIAN_POINT('Ctrl Pts',(-2.17855852639195,0.838490578110849,15.9714769099696));
#4285=CARTESIAN_POINT('Ctrl Pts',(-2.17915105019965,0.836952405428384,15.9715904051056));
#4286=CARTESIAN_POINT('Ctrl Pts',(-2.18005607614147,0.834593783098248,15.9717639146538));
#4287=CARTESIAN_POINT('Ctrl Pts',(-2.18037001672345,0.833773901300954,15.9718241316311));
#4288=CARTESIAN_POINT('Ctrl Pts',(-2.18095941778053,0.832231409173827,15.9719372391679));
#4289=CARTESIAN_POINT('Ctrl Pts',(-2.18123500586366,0.831508849564435,15.9719901477152));
#4290=CARTESIAN_POINT('Ctrl Pts',(-2.18186427641778,0.829855923970345,15.9721110091066));
#4291=CARTESIAN_POINT('Ctrl Pts',(-2.18221766798051,0.828925444622851,15.9721789208582));
#4292=CARTESIAN_POINT('Ctrl Pts',(-2.18318596607312,0.826369822018166,15.9723651023152));
#4293=CARTESIAN_POINT('Ctrl Pts',(-2.18379936802152,0.824744094801425,15.9724831591376));
#4294=CARTESIAN_POINT('Ctrl Pts',(-2.18700221764168,0.816219742216432,15.9731001818692));
#4295=CARTESIAN_POINT('Ctrl Pts',(-2.18955353500008,0.809306505847116,15.9735937357048));
#4296=CARTESIAN_POINT('Ctrl Pts',(-2.22113022874936,0.722166981390808,15.9797277676209));
#4297=CARTESIAN_POINT('Ctrl Pts',(-2.24468447235769,0.640089916574401,15.9845769370524));
#4298=CARTESIAN_POINT('Ctrl Pts',(-2.2875326146326,0.437674154394874,15.9940615176074));
#4299=CARTESIAN_POINT('Ctrl Pts',(-2.31203238621358,0.267961577102717,16.));
#4300=CARTESIAN_POINT('Ctrl Pts',(-2.29552855007569,0.0650736785999542,
16.));
#4301=CARTESIAN_POINT('Ctrl Pts',(-1.75018910839378,-2.28089085332932,16.5));
#4302=CARTESIAN_POINT('Ctrl Pts',(-0.95506342252669,-2.89101225093042,16.5503165274333));
#4303=CARTESIAN_POINT('Ctrl Pts',(0.171324821335497,-3.04091251126153,16.6161900199832));
#4304=CARTESIAN_POINT('Ctrl Pts',(1.10021486804599,-2.65615365596066,16.6666666666667));
#4305=CARTESIAN_POINT('Ctrl Pts',(2.02876553278335,-2.27153537727589,16.7171248710555));
#4306=CARTESIAN_POINT('Ctrl Pts',(2.7193870378537,-1.37043525273469,16.7829402060164));
#4307=CARTESIAN_POINT('Ctrl Pts',(2.85040397643998,-0.375262802631311,16.8333333333333));
#4308=CARTESIAN_POINT('Ctrl Pts',(2.98140231087611,0.61976833492194,16.8837193049243));
#4309=CARTESIAN_POINT('Ctrl Pts',(2.54517833057387,1.67087416799854,16.9496921081561));
#4310=CARTESIAN_POINT('Ctrl Pts',(1.75018910839416,2.28089085332943,17.));
#4311=CARTESIAN_POINT('Ctrl Pts',(0.955201765198099,2.89090609686547,17.0503077729395));
#4312=CARTESIAN_POINT('Ctrl Pts',(-0.172298839363227,3.04050905978439,17.1162429489214));
#4313=CARTESIAN_POINT('Ctrl Pts',(-1.10021486804559,2.65615365596077,17.1666666666667));
#4314=CARTESIAN_POINT('Ctrl Pts',(-2.02804251937382,2.27183485923583,17.2170855819141));
#4315=CARTESIAN_POINT('Ctrl Pts',(-2.71929555130744,1.3711301620418,17.2829050174889));
#4316=CARTESIAN_POINT('Ctrl Pts',(-2.85040397643958,0.375262802631422,17.3333333333334));
#4317=CARTESIAN_POINT('Ctrl Pts',(-2.98152735495917,-0.620718139033212,
17.3837674007087));
#4318=CARTESIAN_POINT('Ctrl Pts',(-2.545220192524,-1.67084204619398,17.4496894590806));
#4319=CARTESIAN_POINT('Ctrl Pts',(-1.75018910839381,-2.28089085332928,17.5));
#4320=CARTESIAN_POINT('Ctrl Pts',(-2.28883752580714,-0.00367257692822614,
20.));
#4321=CARTESIAN_POINT('Ctrl Pts',(-2.31389004777352,0.217314996470219,20.));
#4322=CARTESIAN_POINT('Ctrl Pts',(-2.29083043635641,0.418119865725891,19.9932156559951));
#4323=CARTESIAN_POINT('Ctrl Pts',(-2.23629889307286,0.648335980650246,19.9808297946291));
#4324=CARTESIAN_POINT('Ctrl Pts',(-2.21873924236796,0.70855623750393,19.9770786833919));
#4325=CARTESIAN_POINT('Ctrl Pts',(-2.19637353929112,0.773121722596837,19.9725393211815));
#4326=CARTESIAN_POINT('Ctrl Pts',(-2.19450378821534,0.778442213965363,19.9721613556857));
#4327=CARTESIAN_POINT('Ctrl Pts',(-2.19203780772428,0.785360435836073,19.9716648462488));
#4328=CARTESIAN_POINT('Ctrl Pts',(-2.19146306845189,0.786965990700107,19.9715492636208));
#4329=CARTESIAN_POINT('Ctrl Pts',(-2.19057639301683,0.789432461923632,19.9713711606056));
#4330=CARTESIAN_POINT('Ctrl Pts',(-2.19026599275505,0.790293944173038,19.9713088512274));
#4331=CARTESIAN_POINT('Ctrl Pts',(-2.18965190496314,0.791994417332612,19.9711856579968));
#4332=CARTESIAN_POINT('Ctrl Pts',(-2.18934824902705,0.792833419319277,19.9711247784907));
#4333=CARTESIAN_POINT('Ctrl Pts',(-2.18867497638289,0.794689582432867,19.9709898779933));
#4334=CARTESIAN_POINT('Ctrl Pts',(-2.18830508197633,0.795706639843467,19.9709158189753));
#4335=CARTESIAN_POINT('Ctrl Pts',(-2.18724954591466,0.798601224903955,19.9707046397208));
#4336=CARTESIAN_POINT('Ctrl Pts',(-2.18656181632591,0.80047796799278,19.9705672341079));
#4337=CARTESIAN_POINT('Ctrl Pts',(-2.18227073504441,0.812130970148626,19.9697110575276));
#4338=CARTESIAN_POINT('Ctrl Pts',(-2.17859030598354,0.821877788940358,19.9689817911266));
#4339=CARTESIAN_POINT('Ctrl Pts',(-2.16755539421425,0.850393640732776,19.9668102196759));
#4340=CARTESIAN_POINT('Ctrl Pts',(-2.15998437615685,0.869074431529408,19.9653389956646));
#4341=CARTESIAN_POINT('Ctrl Pts',(-2.11529373309564,0.974570368117516,19.956762711059));
#4342=CARTESIAN_POINT('Ctrl Pts',(-2.07217364308709,1.05860863880938,19.9488879217928));
#4343=CARTESIAN_POINT('Ctrl Pts',(-1.92363101244173,1.30452395779721,19.9231958050424));
#4344=CARTESIAN_POINT('Ctrl Pts',(-1.80091019833486,1.45476176254618,19.9037158703904));
#4345=CARTESIAN_POINT('Ctrl Pts',(-1.44651468363718,1.79178915423283,19.8544396322906));
#4346=CARTESIAN_POINT('Ctrl Pts',(-1.19332684175516,1.95379278440303,19.8250779130622));
#4347=CARTESIAN_POINT('Ctrl Pts',(-0.868780800577958,2.09135750363475,19.798672392888));
#4348=CARTESIAN_POINT('Ctrl Pts',(-0.816679420627706,2.11150002499493,19.7947384719843));
#4349=CARTESIAN_POINT('Ctrl Pts',(-0.763297319349473,2.13060176046688,19.7909626305788));
#4350=CARTESIAN_POINT('Ctrl Pts',(-0.760003251757312,2.13177400387423,19.7907307127305));
#4351=CARTESIAN_POINT('Ctrl Pts',(-0.755558387039087,2.13334705747617,19.7904192343911));
#4352=CARTESIAN_POINT('Ctrl Pts',(-0.754409427099754,2.13375289382728,19.7903388513775));
#4353=CARTESIAN_POINT('Ctrl Pts',(-0.752471403516122,2.13443612103942,19.790203486313));
#4354=CARTESIAN_POINT('Ctrl Pts',(-0.751682473488498,2.13471387951154,19.7901484439699));
#4355=CARTESIAN_POINT('Ctrl Pts',(-0.750170298182299,2.13524556303744,19.7900430609757));
#4356=CARTESIAN_POINT('Ctrl Pts',(-0.749447072161775,2.1354995404459,19.789992711728));
#4357=CARTESIAN_POINT('Ctrl Pts',(-0.747751980834159,2.13609408404674,19.7898748258411));
#4358=CARTESIAN_POINT('Ctrl Pts',(-0.746780035428719,2.13643442880117,19.7898073256231));
#4359=CARTESIAN_POINT('Ctrl Pts',(-0.743984608986955,2.1374116909546,19.789613458327));
#4360=CARTESIAN_POINT('Ctrl Pts',(-0.742160676755353,2.13804735806861,19.78948729726));
#4361=CARTESIAN_POINT('Ctrl Pts',(-0.730201831277843,2.14220230635879,19.7886622836994));
#4362=CARTESIAN_POINT('Ctrl Pts',(-0.720048222560169,2.14566942185897,19.7879720562146));
#4363=CARTESIAN_POINT('Ctrl Pts',(-0.691545538476452,2.15523293178772,19.7860635237368));
#4364=CARTESIAN_POINT('Ctrl Pts',(-0.673154547123017,2.1612079491442,19.7848656598959));
#4365=CARTESIAN_POINT('Ctrl Pts',(-0.572565844014567,2.19282818560928,19.7785007370018));
#4366=CARTESIAN_POINT('Ctrl Pts',(-0.489308536552753,2.21515919011674,19.7739108407105));
#4367=CARTESIAN_POINT('Ctrl Pts',(-0.332483041253253,2.25024301153536,19.7666216001866));
#4368=CARTESIAN_POINT('Ctrl Pts',(-0.259154320935927,2.2638761014619,19.7637516245975));
#4369=CARTESIAN_POINT('Ctrl Pts',(0.0568781512109393,2.31093849095394,19.7537870374782));
#4370=CARTESIAN_POINT('Ctrl Pts',(0.302980621022693,2.31833457569082,19.7521513245655));
#4371=CARTESIAN_POINT('Ctrl Pts',(0.851158316052846,2.27045870744314,19.762391202387));
#4372=CARTESIAN_POINT('Ctrl Pts',(1.15018758444272,2.19953486803467,19.7777257405674));
#4373=CARTESIAN_POINT('Ctrl Pts',(1.65271628186011,1.9962217012729,19.8170554283951));
#4374=CARTESIAN_POINT('Ctrl Pts',(1.86751991929575,1.87879454335824,19.8386331757908));
#4375=CARTESIAN_POINT('Ctrl Pts',(2.255194766321,1.60313941803928,19.8828983690147));
#4376=CARTESIAN_POINT('Ctrl Pts',(2.43153839378266,1.44301052994253,19.9059766709592));
#4377=CARTESIAN_POINT('Ctrl Pts',(2.58323105244984,1.26195971790002,19.9269471900567));
#4378=CARTESIAN_POINT('Ctrl Pts',(1.78176636317094,2.32204313295948,-3.96874999999998));
#4379=CARTESIAN_POINT('Ctrl Pts',(0.441134135286902,3.35074642236927,-3.88541666666665));
#4380=CARTESIAN_POINT('Ctrl Pts',(-1.12006516024061,2.70407650059445,-3.80208333333329));
#4381=CARTESIAN_POINT('Ctrl Pts',(-2.68126445576813,2.05740657881964,-3.71874999999994));
#4382=CARTESIAN_POINT('Ctrl Pts',(-2.9018315234116,0.382033367635035,-3.6354166666666));
#4383=CARTESIAN_POINT('Ctrl Pts',(-3.12239859105507,-1.29333984354957,-3.55208333333326));
#4384=CARTESIAN_POINT('Ctrl Pts',(-1.78176636317103,-2.32204313295936,-3.46874999999994));
#4385=CARTESIAN_POINT('Ctrl Pts',(-0.441134135286991,-3.35074642236915,
-3.38541666666663));
#4386=CARTESIAN_POINT('Ctrl Pts',(1.12006516024052,-2.70407650059434,-3.30208333333331));
#4387=CARTESIAN_POINT('Ctrl Pts',(2.68126445576804,-2.05740657881952,-3.21875));
#4388=CARTESIAN_POINT('Ctrl Pts',(2.90183152341152,-0.38203336763492,-3.13541666666667));
#4389=CARTESIAN_POINT('Ctrl Pts',(3.12239859105499,1.29333984354969,-3.05208333333334));
#4390=CARTESIAN_POINT('Ctrl Pts',(1.78176636317095,2.32204313295948,-2.96874999999998));
#4391=CARTESIAN_POINT('Ctrl Pts',(0.441134135286911,3.35074642236927,-2.88541666666664));
#4392=CARTESIAN_POINT('Ctrl Pts',(-1.1200651602406,2.70407650059445,-2.80208333333329));
#4393=CARTESIAN_POINT('Ctrl Pts',(-2.68126445576812,2.05740657881964,-2.71874999999994));
#4394=CARTESIAN_POINT('Ctrl Pts',(-2.90183152341159,0.382033367635035,-2.6354166666666));
#4395=CARTESIAN_POINT('Ctrl Pts',(-3.12239859105506,-1.29333984354957,-2.55208333333327));
#4396=CARTESIAN_POINT('Ctrl Pts',(-1.78176636317102,-2.32204313295936,-2.46874999999994));
#4397=CARTESIAN_POINT('Ctrl Pts',(-0.441134135286978,-3.35074642236915,
-2.38541666666662));
#4398=CARTESIAN_POINT('Ctrl Pts',(1.12006516024053,-2.70407650059434,-2.30208333333332));
#4399=CARTESIAN_POINT('Ctrl Pts',(2.68126445576806,-2.05740657881952,-2.21875));
#4400=CARTESIAN_POINT('Ctrl Pts',(2.90183152341152,-0.38203336763492,-2.13541666666667));
#4401=CARTESIAN_POINT('Ctrl Pts',(3.122398591055,1.29333984354969,-2.05208333333335));
#4402=CARTESIAN_POINT('Ctrl Pts',(1.78176636317096,2.32204313295948,-1.96874999999999));
#4403=CARTESIAN_POINT('Ctrl Pts',(0.441134135286925,3.35074642236927,-1.88541666666664));
#4404=CARTESIAN_POINT('Ctrl Pts',(-1.12006516024059,2.70407650059445,-1.80208333333328));
#4405=CARTESIAN_POINT('Ctrl Pts',(-2.68126445576811,2.05740657881964,-1.71874999999993));
#4406=CARTESIAN_POINT('Ctrl Pts',(-2.90183152341158,0.382033367635035,-1.6354166666666));
#4407=CARTESIAN_POINT('Ctrl Pts',(-3.12239859105505,-1.29333984354957,-1.55208333333326));
#4408=CARTESIAN_POINT('Ctrl Pts',(-1.78176636317101,-2.32204313295937,-1.46874999999994));
#4409=CARTESIAN_POINT('Ctrl Pts',(-0.441134135286969,-3.35074642236916,
-1.38541666666663));
#4410=CARTESIAN_POINT('Ctrl Pts',(1.12006516024055,-2.70407650059434,-1.30208333333332));
#4411=CARTESIAN_POINT('Ctrl Pts',(2.68126445576807,-2.05740657881953,-1.21875));
#4412=CARTESIAN_POINT('Ctrl Pts',(2.90183152341154,-0.382033367634924,-1.13541666666667));
#4413=CARTESIAN_POINT('Ctrl Pts',(3.12239859105501,1.29333984354968,-1.05208333333334));
#4414=CARTESIAN_POINT('Ctrl Pts',(1.78176636317098,2.32204313295947,-0.968749999999985));
#4415=CARTESIAN_POINT('Ctrl Pts',(0.441134135286938,3.35074642236926,-0.885416666666634));
#4416=CARTESIAN_POINT('Ctrl Pts',(-1.12006516024058,2.70407650059445,-0.802083333333283));
#4417=CARTESIAN_POINT('Ctrl Pts',(-2.6812644557681,2.05740657881964,-0.718749999999932));
#4418=CARTESIAN_POINT('Ctrl Pts',(-2.90183152341157,0.382033367635031,-0.635416666666604));
#4419=CARTESIAN_POINT('Ctrl Pts',(-3.12239859105504,-1.29333984354957,-0.552083333333262));
#4420=CARTESIAN_POINT('Ctrl Pts',(-1.781766363171,-2.32204313295937,-0.468749999999942));
#4421=CARTESIAN_POINT('Ctrl Pts',(-0.441134135286956,-3.35074642236916,
-0.385416666666631));
#4422=CARTESIAN_POINT('Ctrl Pts',(1.12006516024056,-2.70407650059434,-0.302083333333316));
#4423=CARTESIAN_POINT('Ctrl Pts',(2.68126445576808,-2.05740657881953,-0.218750000000005));
#4424=CARTESIAN_POINT('Ctrl Pts',(2.90183152341155,-0.382033367634924,-0.135416666666672));
#4425=CARTESIAN_POINT('Ctrl Pts',(3.12239859105502,1.29333984354968,-0.0520833333333393));
#4426=CARTESIAN_POINT('Ctrl Pts',(1.78176636317099,2.32204313295947,0.0312500000000071));
#4427=CARTESIAN_POINT('Ctrl Pts',(0.441134135286951,3.35074642236926,0.114583333333367));
#4428=CARTESIAN_POINT('Ctrl Pts',(-1.12006516024056,2.70407650059445,0.197916666666718));
#4429=CARTESIAN_POINT('Ctrl Pts',(-2.68126445576808,2.05740657881964,0.281250000000064));
#4430=CARTESIAN_POINT('Ctrl Pts',(-2.90183152341156,0.382033367635031,0.364583333333397));
#4431=CARTESIAN_POINT('Ctrl Pts',(-3.12239859105503,-1.29333984354957,0.447916666666739));
#4432=CARTESIAN_POINT('Ctrl Pts',(-1.78176636317098,-2.32204313295937,0.53125000000005));
#4433=CARTESIAN_POINT('Ctrl Pts',(-0.441134135286942,-3.35074642236916,
0.614583333333365));
#4434=CARTESIAN_POINT('Ctrl Pts',(1.12006516024057,-2.70407650059434,0.697916666666685));
#4435=CARTESIAN_POINT('Ctrl Pts',(2.68126445576809,-2.05740657881953,0.781249999999996));
#4436=CARTESIAN_POINT('Ctrl Pts',(2.90183152341156,-0.382033367634924,0.864583333333333));
#4437=CARTESIAN_POINT('Ctrl Pts',(3.12239859105503,1.29333984354968,0.947916666666662));
#4438=CARTESIAN_POINT('Ctrl Pts',(1.781766363171,2.32204313295947,1.03125000000001));
#4439=CARTESIAN_POINT('Ctrl Pts',(0.44113413528696,3.35074642236926,1.11458333333336));
#4440=CARTESIAN_POINT('Ctrl Pts',(-1.12006516024056,2.70407650059445,1.19791666666671));
#4441=CARTESIAN_POINT('Ctrl Pts',(-2.68126445576807,2.05740657881964,1.28125000000006));
#4442=CARTESIAN_POINT('Ctrl Pts',(-2.90183152341154,0.382033367635031,1.36458333333341));
#4443=CARTESIAN_POINT('Ctrl Pts',(-3.12239859105501,-1.29333984354957,1.44791666666674));
#4444=CARTESIAN_POINT('Ctrl Pts',(-1.78176636317097,-2.32204313295937,1.53125000000005));
#4445=CARTESIAN_POINT('Ctrl Pts',(-0.441134135286929,-3.35074642236916,
1.61458333333337));
#4446=CARTESIAN_POINT('Ctrl Pts',(1.12006516024058,-2.70407650059434,1.69791666666669));
#4447=CARTESIAN_POINT('Ctrl Pts',(2.68126445576811,-2.05740657881953,1.78125));
#4448=CARTESIAN_POINT('Ctrl Pts',(2.90183152341157,-0.382033367634924,1.86458333333333));
#4449=CARTESIAN_POINT('Ctrl Pts',(3.12239859105505,1.29333984354968,1.94791666666666));
#4450=CARTESIAN_POINT('Ctrl Pts',(1.78176636317101,2.32204313295947,2.03125000000001));
#4451=CARTESIAN_POINT('Ctrl Pts',(0.441134135286974,3.35074642236926,2.11458333333336));
#4452=CARTESIAN_POINT('Ctrl Pts',(-1.12006516024054,2.70407650059445,2.19791666666671));
#4453=CARTESIAN_POINT('Ctrl Pts',(-2.68126445576806,2.05740657881964,2.28125000000007));
#4454=CARTESIAN_POINT('Ctrl Pts',(-2.90183152341153,0.382033367635031,2.3645833333334));
#4455=CARTESIAN_POINT('Ctrl Pts',(-3.122398591055,-1.29333984354957,2.44791666666674));
#4456=CARTESIAN_POINT('Ctrl Pts',(-1.78176636317096,-2.32204313295937,2.53125000000005));
#4457=CARTESIAN_POINT('Ctrl Pts',(-0.44113413528692,-3.35074642236916,2.61458333333337));
#4458=CARTESIAN_POINT('Ctrl Pts',(1.1200651602406,-2.70407650059434,2.69791666666669));
#4459=CARTESIAN_POINT('Ctrl Pts',(2.68126445576812,-2.05740657881953,2.78125));
#4460=CARTESIAN_POINT('Ctrl Pts',(2.90183152341159,-0.382033367634924,2.86458333333333));
#4461=CARTESIAN_POINT('Ctrl Pts',(3.12239859105506,1.29333984354968,2.94791666666667));
#4462=CARTESIAN_POINT('Ctrl Pts',(1.78176636317102,2.32204313295947,3.03125000000001));
#4463=CARTESIAN_POINT('Ctrl Pts',(0.441134135286987,3.35074642236926,3.11458333333336));
#4464=CARTESIAN_POINT('Ctrl Pts',(-1.12006516024053,2.70407650059445,3.19791666666672));
#4465=CARTESIAN_POINT('Ctrl Pts',(-2.68126445576805,2.05740657881964,3.28125000000006));
#4466=CARTESIAN_POINT('Ctrl Pts',(-2.90183152341152,0.382033367635031,3.3645833333334));
#4467=CARTESIAN_POINT('Ctrl Pts',(-3.12239859105499,-1.29333984354957,3.44791666666673));
#4468=CARTESIAN_POINT('Ctrl Pts',(-1.78176636317095,-2.32204313295937,3.53125000000005));
#4469=CARTESIAN_POINT('Ctrl Pts',(-0.441134135286907,-3.35074642236916,
3.61458333333337));
#4470=CARTESIAN_POINT('Ctrl Pts',(1.1200651602406,-2.70407650059434,3.69791666666668));
#4471=CARTESIAN_POINT('Ctrl Pts',(2.68126445576813,-2.05740657881953,3.78125));
#4472=CARTESIAN_POINT('Ctrl Pts',(2.9018315234116,-0.382033367634924,3.86458333333333));
#4473=CARTESIAN_POINT('Ctrl Pts',(3.12239859105507,1.29333984354968,3.94791666666666));
#4474=CARTESIAN_POINT('Ctrl Pts',(1.78176636317104,2.32204313295947,4.03125000000001));
#4475=CARTESIAN_POINT('Ctrl Pts',(0.441134135286996,3.35074642236926,4.11458333333336));
#4476=CARTESIAN_POINT('Ctrl Pts',(-1.12006516024052,2.70407650059445,4.19791666666672));
#4477=CARTESIAN_POINT('Ctrl Pts',(-2.68126445576804,2.05740657881964,4.28125000000007));
#4478=CARTESIAN_POINT('Ctrl Pts',(-2.90183152341151,0.382033367635031,4.3645833333334));
#4479=CARTESIAN_POINT('Ctrl Pts',(-3.12239859105498,-1.29333984354957,4.44791666666673));
#4480=CARTESIAN_POINT('Ctrl Pts',(-1.78176636317094,-2.32204313295937,4.53125000000005));
#4481=CARTESIAN_POINT('Ctrl Pts',(-0.441134135286894,-3.35074642236916,
4.61458333333337));
#4482=CARTESIAN_POINT('Ctrl Pts',(1.12006516024062,-2.70407650059434,4.69791666666668));
#4483=CARTESIAN_POINT('Ctrl Pts',(2.68126445576814,-2.05740657881953,4.78125));
#4484=CARTESIAN_POINT('Ctrl Pts',(2.90183152341161,-0.382033367634924,4.86458333333333));
#4485=CARTESIAN_POINT('Ctrl Pts',(3.12239859105508,1.29333984354968,4.94791666666666));
#4486=CARTESIAN_POINT('Ctrl Pts',(1.78176636317105,2.32204313295947,5.03125000000002));
#4487=CARTESIAN_POINT('Ctrl Pts',(0.441134135287009,3.35074642236926,5.11458333333336));
#4488=CARTESIAN_POINT('Ctrl Pts',(-1.12006516024051,2.70407650059445,5.19791666666672));
#4489=CARTESIAN_POINT('Ctrl Pts',(-2.68126445576802,2.05740657881964,5.28125000000006));
#4490=CARTESIAN_POINT('Ctrl Pts',(-2.90183152341149,0.382033367635031,5.3645833333334));
#4491=CARTESIAN_POINT('Ctrl Pts',(-3.12239859105496,-1.29333984354957,5.44791666666673));
#4492=CARTESIAN_POINT('Ctrl Pts',(-1.78176636317092,-2.32204313295937,5.53125000000005));
#4493=CARTESIAN_POINT('Ctrl Pts',(-0.441134135286885,-3.35074642236916,
5.61458333333337));
#4494=CARTESIAN_POINT('Ctrl Pts',(1.12006516024063,-2.70407650059434,5.69791666666668));
#4495=CARTESIAN_POINT('Ctrl Pts',(2.68126445576816,-2.05740657881953,5.78125));
#4496=CARTESIAN_POINT('Ctrl Pts',(2.90183152341162,-0.382033367634924,5.86458333333333));
#4497=CARTESIAN_POINT('Ctrl Pts',(3.12239859105509,1.29333984354968,5.94791666666666));
#4498=CARTESIAN_POINT('Ctrl Pts',(1.78176636317106,2.32204313295947,6.03125000000002));
#4499=CARTESIAN_POINT('Ctrl Pts',(0.441134135287022,3.35074642236926,6.11458333333336));
#4500=CARTESIAN_POINT('Ctrl Pts',(-1.12006516024049,2.70407650059445,6.19791666666671));
#4501=CARTESIAN_POINT('Ctrl Pts',(-2.68126445576801,2.05740657881964,6.28125000000007));
#4502=CARTESIAN_POINT('Ctrl Pts',(-2.90183152341148,0.382033367635031,6.3645833333334));
#4503=CARTESIAN_POINT('Ctrl Pts',(-3.12239859105495,-1.29333984354957,6.44791666666674));
#4504=CARTESIAN_POINT('Ctrl Pts',(-1.78176636317091,-2.32204313295937,6.53125000000005));
#4505=CARTESIAN_POINT('Ctrl Pts',(-0.441134135286871,-3.35074642236916,
6.61458333333337));
#4506=CARTESIAN_POINT('Ctrl Pts',(1.12006516024064,-2.70407650059434,6.69791666666668));
#4507=CARTESIAN_POINT('Ctrl Pts',(2.68126445576817,-2.05740657881953,6.78125));
#4508=CARTESIAN_POINT('Ctrl Pts',(2.90183152341164,-0.382033367634924,6.86458333333333));
#4509=CARTESIAN_POINT('Ctrl Pts',(3.12239859105511,1.29333984354968,6.94791666666666));
#4510=CARTESIAN_POINT('Ctrl Pts',(1.78176636317107,2.32204313295947,7.03125000000001));
#4511=CARTESIAN_POINT('Ctrl Pts',(0.441134135287031,3.35074642236926,7.11458333333336));
#4512=CARTESIAN_POINT('Ctrl Pts',(-1.12006516024048,2.70407650059445,7.19791666666671));
#4513=CARTESIAN_POINT('Ctrl Pts',(-2.681264455768,2.05740657881964,7.28125000000007));
#4514=CARTESIAN_POINT('Ctrl Pts',(-2.90183152341147,0.382033367635031,7.3645833333334));
#4515=CARTESIAN_POINT('Ctrl Pts',(-3.12239859105494,-1.29333984354957,7.44791666666674));
#4516=CARTESIAN_POINT('Ctrl Pts',(-1.7817663631709,-2.32204313295937,7.53125000000005));
#4517=CARTESIAN_POINT('Ctrl Pts',(-0.441134135286858,-3.35074642236916,
7.61458333333337));
#4518=CARTESIAN_POINT('Ctrl Pts',(1.12006516024065,-2.70407650059434,7.69791666666669));
#4519=CARTESIAN_POINT('Ctrl Pts',(2.68126445576818,-2.05740657881953,7.78125));
#4520=CARTESIAN_POINT('Ctrl Pts',(2.90183152341164,-0.382033367634924,7.86458333333333));
#4521=CARTESIAN_POINT('Ctrl Pts',(3.12239859105512,1.29333984354968,7.94791666666666));
#4522=CARTESIAN_POINT('Ctrl Pts',(1.78176636317108,2.32204313295947,8.03125000000001));
#4523=CARTESIAN_POINT('Ctrl Pts',(0.441134135287045,3.35074642236926,8.11458333333336));
#4524=CARTESIAN_POINT('Ctrl Pts',(-1.12006516024047,2.70407650059445,8.19791666666671));
#4525=CARTESIAN_POINT('Ctrl Pts',(-2.68126445576799,2.05740657881964,8.28125000000006));
#4526=CARTESIAN_POINT('Ctrl Pts',(-2.90183152341146,0.382033367635031,8.3645833333334));
#4527=CARTESIAN_POINT('Ctrl Pts',(-3.12239859105493,-1.29333984354957,8.44791666666673));
#4528=CARTESIAN_POINT('Ctrl Pts',(-1.78176636317089,-2.32204313295937,8.53125000000005));
#4529=CARTESIAN_POINT('Ctrl Pts',(-0.441134135286845,-3.35074642236916,
8.61458333333337));
#4530=CARTESIAN_POINT('Ctrl Pts',(1.12006516024067,-2.70407650059434,8.69791666666668));
#4531=CARTESIAN_POINT('Ctrl Pts',(2.68126445576819,-2.05740657881953,8.78124999999999));
#4532=CARTESIAN_POINT('Ctrl Pts',(2.90183152341166,-0.382033367634924,8.86458333333333));
#4533=CARTESIAN_POINT('Ctrl Pts',(3.12239859105513,1.29333984354968,8.94791666666666));
#4534=CARTESIAN_POINT('Ctrl Pts',(1.7817663631711,2.32204313295947,9.03125000000001));
#4535=CARTESIAN_POINT('Ctrl Pts',(0.441134135287058,3.35074642236926,9.11458333333335));
#4536=CARTESIAN_POINT('Ctrl Pts',(-1.12006516024046,2.70407650059445,9.19791666666671));
#4537=CARTESIAN_POINT('Ctrl Pts',(-2.68126445576798,2.05740657881964,9.28125000000007));
#4538=CARTESIAN_POINT('Ctrl Pts',(-2.90183152341144,0.382033367635031,9.36458333333339));
#4539=CARTESIAN_POINT('Ctrl Pts',(-3.12239859105492,-1.29333984354957,9.44791666666673));
#4540=CARTESIAN_POINT('Ctrl Pts',(-1.78176636317088,-2.32204313295937,9.53125000000005));
#4541=CARTESIAN_POINT('Ctrl Pts',(-0.441134135286836,-3.35074642236916,
9.61458333333337));
#4542=CARTESIAN_POINT('Ctrl Pts',(1.12006516024068,-2.70407650059434,9.69791666666668));
#4543=CARTESIAN_POINT('Ctrl Pts',(2.6812644557682,-2.05740657881953,9.78125));
#4544=CARTESIAN_POINT('Ctrl Pts',(2.90183152341167,-0.382033367634924,9.86458333333333));
#4545=CARTESIAN_POINT('Ctrl Pts',(3.12239859105515,1.29333984354968,9.94791666666666));
#4546=CARTESIAN_POINT('Ctrl Pts',(1.78176636317111,2.32204313295947,10.03125));
#4547=CARTESIAN_POINT('Ctrl Pts',(0.441134135287071,3.35074642236926,10.1145833333334));
#4548=CARTESIAN_POINT('Ctrl Pts',(-1.12006516024044,2.70407650059445,10.1979166666667));
#4549=CARTESIAN_POINT('Ctrl Pts',(-2.68126445576796,2.05740657881964,10.2812500000001));
#4550=CARTESIAN_POINT('Ctrl Pts',(-2.90183152341144,0.382033367635026,10.3645833333334));
#4551=CARTESIAN_POINT('Ctrl Pts',(-3.12239859105491,-1.29333984354958,10.4479166666667));
#4552=CARTESIAN_POINT('Ctrl Pts',(-1.78176636317086,-2.32204313295937,10.5312500000001));
#4553=CARTESIAN_POINT('Ctrl Pts',(-0.441134135286823,-3.35074642236916,
10.6145833333334));
#4554=CARTESIAN_POINT('Ctrl Pts',(1.12006516024069,-2.70407650059435,10.6979166666667));
#4555=CARTESIAN_POINT('Ctrl Pts',(2.68126445576821,-2.05740657881953,10.78125));
#4556=CARTESIAN_POINT('Ctrl Pts',(2.90183152341168,-0.382033367634929,10.8645833333333));
#4557=CARTESIAN_POINT('Ctrl Pts',(3.12239859105516,1.29333984354968,10.9479166666667));
#4558=CARTESIAN_POINT('Ctrl Pts',(1.78176636317112,2.32204313295947,11.03125));
#4559=CARTESIAN_POINT('Ctrl Pts',(0.44113413528708,3.35074642236926,11.1145833333334));
#4560=CARTESIAN_POINT('Ctrl Pts',(-1.12006516024043,2.70407650059445,11.1979166666667));
#4561=CARTESIAN_POINT('Ctrl Pts',(-2.68126445576795,2.05740657881963,11.2812500000001));
#4562=CARTESIAN_POINT('Ctrl Pts',(-2.90183152341142,0.382033367635026,11.3645833333334));
#4563=CARTESIAN_POINT('Ctrl Pts',(-3.12239859105489,-1.29333984354958,11.4479166666667));
#4564=CARTESIAN_POINT('Ctrl Pts',(-1.78176636317085,-2.32204313295937,11.5312500000001));
#4565=CARTESIAN_POINT('Ctrl Pts',(-0.441134135286809,-3.35074642236916,
11.6145833333334));
#4566=CARTESIAN_POINT('Ctrl Pts',(1.1200651602407,-2.70407650059435,11.6979166666667));
#4567=CARTESIAN_POINT('Ctrl Pts',(2.68126445576823,-2.05740657881953,11.78125));
#4568=CARTESIAN_POINT('Ctrl Pts',(2.90183152341169,-0.382033367634929,11.8645833333333));
#4569=CARTESIAN_POINT('Ctrl Pts',(3.12239859105516,1.29333984354968,11.9479166666667));
#4570=CARTESIAN_POINT('Ctrl Pts',(1.78176636317113,2.32204313295947,12.03125));
#4571=CARTESIAN_POINT('Ctrl Pts',(0.441134135287093,3.35074642236926,12.1145833333334));
#4572=CARTESIAN_POINT('Ctrl Pts',(-1.12006516024042,2.70407650059445,12.1979166666667));
#4573=CARTESIAN_POINT('Ctrl Pts',(-2.68126445576794,2.05740657881963,12.2812500000001));
#4574=CARTESIAN_POINT('Ctrl Pts',(-2.90183152341141,0.382033367635026,12.3645833333334));
#4575=CARTESIAN_POINT('Ctrl Pts',(-3.12239859105488,-1.29333984354958,12.4479166666667));
#4576=CARTESIAN_POINT('Ctrl Pts',(-1.78176636317084,-2.32204313295937,12.53125));
#4577=CARTESIAN_POINT('Ctrl Pts',(-0.4411341352868,-3.35074642236916,12.6145833333334));
#4578=CARTESIAN_POINT('Ctrl Pts',(1.12006516024072,-2.70407650059435,12.6979166666667));
#4579=CARTESIAN_POINT('Ctrl Pts',(2.68126445576824,-2.05740657881953,12.78125));
#4580=CARTESIAN_POINT('Ctrl Pts',(2.90183152341171,-0.382033367634929,12.8645833333333));
#4581=CARTESIAN_POINT('Ctrl Pts',(3.12239859105518,1.29333984354968,12.9479166666667));
#4582=CARTESIAN_POINT('Ctrl Pts',(1.78176636317114,2.32204313295947,13.03125));
#4583=CARTESIAN_POINT('Ctrl Pts',(0.441134135287107,3.35074642236926,13.1145833333334));
#4584=CARTESIAN_POINT('Ctrl Pts',(-1.12006516024041,2.70407650059445,13.1979166666667));
#4585=CARTESIAN_POINT('Ctrl Pts',(-2.68126445576793,2.05740657881963,13.2812500000001));
#4586=CARTESIAN_POINT('Ctrl Pts',(-2.9018315234114,0.382033367635026,13.3645833333334));
#4587=CARTESIAN_POINT('Ctrl Pts',(-3.12239859105487,-1.29333984354958,13.4479166666667));
#4588=CARTESIAN_POINT('Ctrl Pts',(-1.78176636317083,-2.32204313295937,13.53125));
#4589=CARTESIAN_POINT('Ctrl Pts',(-0.441134135286787,-3.35074642236916,
13.6145833333334));
#4590=CARTESIAN_POINT('Ctrl Pts',(1.12006516024072,-2.70407650059435,13.6979166666667));
#4591=CARTESIAN_POINT('Ctrl Pts',(2.68126445576825,-2.05740657881953,13.78125));
#4592=CARTESIAN_POINT('Ctrl Pts',(2.90183152341172,-0.382033367634929,13.8645833333333));
#4593=CARTESIAN_POINT('Ctrl Pts',(3.12239859105519,1.29333984354968,13.9479166666667));
#4594=CARTESIAN_POINT('Ctrl Pts',(1.78176636317116,2.32204313295947,14.03125));
#4595=CARTESIAN_POINT('Ctrl Pts',(0.441134135287116,3.35074642236926,14.1145833333334));
#4596=CARTESIAN_POINT('Ctrl Pts',(-1.1200651602404,2.70407650059445,14.1979166666667));
#4597=CARTESIAN_POINT('Ctrl Pts',(-2.68126445576792,2.05740657881963,14.2812500000001));
#4598=CARTESIAN_POINT('Ctrl Pts',(-2.90183152341139,0.382033367635026,14.3645833333334));
#4599=CARTESIAN_POINT('Ctrl Pts',(-3.12239859105486,-1.29333984354958,14.4479166666667));
#4600=CARTESIAN_POINT('Ctrl Pts',(-1.78176636317081,-2.32204313295937,14.5312500000001));
#4601=CARTESIAN_POINT('Ctrl Pts',(-0.441134135286774,-3.35074642236916,
14.6145833333334));
#4602=CARTESIAN_POINT('Ctrl Pts',(1.12006516024074,-2.70407650059435,14.6979166666667));
#4603=CARTESIAN_POINT('Ctrl Pts',(2.68126445576826,-2.05740657881953,14.78125));
#4604=CARTESIAN_POINT('Ctrl Pts',(2.90183152341173,-0.382033367634929,14.8645833333333));
#4605=CARTESIAN_POINT('Ctrl Pts',(3.1223985910552,1.29333984354968,14.9479166666667));
#4606=CARTESIAN_POINT('Ctrl Pts',(1.78176636317117,2.32204313295947,15.03125));
#4607=CARTESIAN_POINT('Ctrl Pts',(0.441134135287129,3.35074642236926,15.1145833333334));
#4608=CARTESIAN_POINT('Ctrl Pts',(-1.12006516024039,2.70407650059445,15.1979166666667));
#4609=CARTESIAN_POINT('Ctrl Pts',(-2.6812644557679,2.05740657881963,15.2812500000001));
#4610=CARTESIAN_POINT('Ctrl Pts',(-2.90183152341137,0.382033367635026,15.3645833333334));
#4611=CARTESIAN_POINT('Ctrl Pts',(-3.12239859105484,-1.29333984354958,15.4479166666667));
#4612=CARTESIAN_POINT('Ctrl Pts',(-1.7817663631708,-2.32204313295937,15.5312500000001));
#4613=CARTESIAN_POINT('Ctrl Pts',(-0.441134135286765,-3.35074642236916,
15.6145833333334));
#4614=CARTESIAN_POINT('Ctrl Pts',(1.12006516024075,-2.70407650059435,15.6979166666667));
#4615=CARTESIAN_POINT('Ctrl Pts',(2.68126445576828,-2.05740657881953,15.78125));
#4616=CARTESIAN_POINT('Ctrl Pts',(2.90183152341174,-0.382033367634929,15.8645833333333));
#4617=CARTESIAN_POINT('Ctrl Pts',(3.12239859105522,1.29333984354968,15.9479166666667));
#4618=CARTESIAN_POINT('Ctrl Pts',(1.78176636317118,2.32204313295947,16.03125));
#4619=CARTESIAN_POINT('Ctrl Pts',(0.441134135287142,3.35074642236926,16.1145833333334));
#4620=CARTESIAN_POINT('Ctrl Pts',(-1.12006516024037,2.70407650059445,16.1979166666667));
#4621=CARTESIAN_POINT('Ctrl Pts',(-2.68126445576789,2.05740657881963,16.2812500000001));
#4622=CARTESIAN_POINT('Ctrl Pts',(-2.90183152341136,0.382033367635026,16.3645833333334));
#4623=CARTESIAN_POINT('Ctrl Pts',(-3.12239859105483,-1.29333984354958,16.4479166666667));
#4624=CARTESIAN_POINT('Ctrl Pts',(-1.78176636317079,-2.32204313295937,16.53125));
#4625=CARTESIAN_POINT('Ctrl Pts',(-0.441134135286751,-3.35074642236916,
16.6145833333334));
#4626=CARTESIAN_POINT('Ctrl Pts',(1.12006516024076,-2.70407650059435,16.6979166666667));
#4627=CARTESIAN_POINT('Ctrl Pts',(2.68126445576829,-2.05740657881953,16.78125));
#4628=CARTESIAN_POINT('Ctrl Pts',(2.90183152341176,-0.382033367634929,16.8645833333333));
#4629=CARTESIAN_POINT('Ctrl Pts',(3.12239859105523,1.29333984354968,16.9479166666667));
#4630=CARTESIAN_POINT('Ctrl Pts',(1.78176636317119,2.32204313295947,17.03125));
#4631=CARTESIAN_POINT('Ctrl Pts',(0.441134135287156,3.35074642236926,17.1145833333334));
#4632=CARTESIAN_POINT('Ctrl Pts',(-1.12006516024036,2.70407650059445,17.1979166666667));
#4633=CARTESIAN_POINT('Ctrl Pts',(-2.68126445576788,2.05740657881963,17.2812500000001));
#4634=CARTESIAN_POINT('Ctrl Pts',(-2.90183152341135,0.382033367635026,17.3645833333334));
#4635=CARTESIAN_POINT('Ctrl Pts',(-3.12239859105482,-1.29333984354958,17.4479166666667));
#4636=CARTESIAN_POINT('Ctrl Pts',(-1.78176636317078,-2.32204313295937,17.53125));
#4637=CARTESIAN_POINT('Ctrl Pts',(-0.441134135286738,-3.35074642236916,
17.6145833333334));
#4638=CARTESIAN_POINT('Ctrl Pts',(1.12006516024077,-2.70407650059435,17.6979166666667));
#4639=CARTESIAN_POINT('Ctrl Pts',(2.6812644557683,-2.05740657881953,17.78125));
#4640=CARTESIAN_POINT('Ctrl Pts',(2.90183152341177,-0.382033367634929,17.8645833333333));
#4641=CARTESIAN_POINT('Ctrl Pts',(3.12239859105524,1.29333984354968,17.9479166666667));
#4642=CARTESIAN_POINT('Ctrl Pts',(1.7817663631712,2.32204313295947,18.03125));
#4643=CARTESIAN_POINT('Ctrl Pts',(0.441134135287164,3.35074642236926,18.1145833333334));
#4644=CARTESIAN_POINT('Ctrl Pts',(-1.12006516024035,2.70407650059445,18.1979166666667));
#4645=CARTESIAN_POINT('Ctrl Pts',(-2.68126445576787,2.05740657881963,18.2812500000001));
#4646=CARTESIAN_POINT('Ctrl Pts',(-2.90183152341134,0.382033367635026,18.3645833333334));
#4647=CARTESIAN_POINT('Ctrl Pts',(-3.12239859105481,-1.29333984354958,18.4479166666667));
#4648=CARTESIAN_POINT('Ctrl Pts',(-1.78176636317077,-2.32204313295937,18.53125));
#4649=CARTESIAN_POINT('Ctrl Pts',(-0.441134135286725,-3.35074642236916,
18.6145833333334));
#4650=CARTESIAN_POINT('Ctrl Pts',(1.12006516024079,-2.70407650059435,18.6979166666667));
#4651=CARTESIAN_POINT('Ctrl Pts',(2.68126445576831,-2.05740657881953,18.78125));
#4652=CARTESIAN_POINT('Ctrl Pts',(2.90183152341178,-0.382033367634929,18.8645833333333));
#4653=CARTESIAN_POINT('Ctrl Pts',(3.12239859105525,1.29333984354968,18.9479166666667));
#4654=CARTESIAN_POINT('Ctrl Pts',(1.78176636317122,2.32204313295947,19.03125));
#4655=CARTESIAN_POINT('Ctrl Pts',(0.441134135287178,3.35074642236926,19.1145833333334));
#4656=CARTESIAN_POINT('Ctrl Pts',(-1.12006516024034,2.70407650059445,19.1979166666667));
#4657=CARTESIAN_POINT('Ctrl Pts',(-2.68126445576786,2.05740657881963,19.2812500000001));
#4658=CARTESIAN_POINT('Ctrl Pts',(-2.90183152341132,0.382033367635026,19.3645833333334));
#4659=CARTESIAN_POINT('Ctrl Pts',(-3.1223985910548,-1.29333984354958,19.4479166666667));
#4660=CARTESIAN_POINT('Ctrl Pts',(-1.78176636317076,-2.32204313295937,19.53125));
#4661=CARTESIAN_POINT('Ctrl Pts',(-0.441134135286716,-3.35074642236916,
19.6145833333334));
#4662=CARTESIAN_POINT('Ctrl Pts',(1.1200651602408,-2.70407650059435,19.6979166666667));
#4663=CARTESIAN_POINT('Ctrl Pts',(2.68126445576832,-2.05740657881953,19.78125));
#4664=CARTESIAN_POINT('Ctrl Pts',(2.90183152341179,-0.382033367634929,19.8645833333333));
#4665=CARTESIAN_POINT('Ctrl Pts',(3.12239859105526,1.29333984354968,19.9479166666667));
#4666=CARTESIAN_POINT('Ctrl Pts',(1.78176636317123,2.32204313295947,20.03125));
#4667=CARTESIAN_POINT('Ctrl Pts',(0.441134135287191,3.35074642236926,20.1145833333334));
#4668=CARTESIAN_POINT('Ctrl Pts',(-1.12006516024032,2.70407650059445,20.1979166666667));
#4669=CARTESIAN_POINT('Ctrl Pts',(-2.68126445576784,2.05740657881963,20.2812500000001));
#4670=CARTESIAN_POINT('Ctrl Pts',(-2.90183152341132,0.382033367635026,20.3645833333334));
#4671=CARTESIAN_POINT('Ctrl Pts',(-3.12239859105478,-1.29333984354958,20.4479166666667));
#4672=CARTESIAN_POINT('Ctrl Pts',(-1.78176636317074,-2.32204313295937,20.53125));
#4673=CARTESIAN_POINT('Ctrl Pts',(-0.441134135286703,-3.35074642236916,
20.6145833333334));
#4674=CARTESIAN_POINT('Ctrl Pts',(1.12006516024081,-2.70407650059435,20.6979166666667));
#4675=CARTESIAN_POINT('Ctrl Pts',(2.68126445576833,-2.05740657881953,20.78125));
#4676=CARTESIAN_POINT('Ctrl Pts',(2.9018315234118,-0.382033367634929,20.8645833333333));
#4677=CARTESIAN_POINT('Ctrl Pts',(3.12239859105527,1.29333984354968,20.9479166666667));
#4678=CARTESIAN_POINT('Ctrl Pts',(1.78176636317124,2.32204313295947,21.03125));
#4679=CARTESIAN_POINT('Ctrl Pts',(0.4411341352872,3.35074642236926,21.1145833333334));
#4680=CARTESIAN_POINT('Ctrl Pts',(-1.12006516024031,2.70407650059445,21.1979166666667));
#4681=CARTESIAN_POINT('Ctrl Pts',(-2.68126445576783,2.05740657881963,21.2812500000001));
#4682=CARTESIAN_POINT('Ctrl Pts',(-2.9018315234113,0.382033367635026,21.3645833333334));
#4683=CARTESIAN_POINT('Ctrl Pts',(-3.12239859105477,-1.29333984354958,21.4479166666667));
#4684=CARTESIAN_POINT('Ctrl Pts',(-1.78176636317073,-2.32204313295937,21.53125));
#4685=CARTESIAN_POINT('Ctrl Pts',(-0.441134135286689,-3.35074642236916,
21.6145833333334));
#4686=CARTESIAN_POINT('Ctrl Pts',(1.12006516024082,-2.70407650059435,21.6979166666667));
#4687=CARTESIAN_POINT('Ctrl Pts',(2.68126445576835,-2.05740657881953,21.78125));
#4688=CARTESIAN_POINT('Ctrl Pts',(2.90183152341181,-0.382033367634929,21.8645833333333));
#4689=CARTESIAN_POINT('Ctrl Pts',(3.12239859105529,1.29333984354968,21.9479166666667));
#4690=CARTESIAN_POINT('Ctrl Pts',(1.78176636317125,2.32204313295947,22.03125));
#4691=CARTESIAN_POINT('Ctrl Pts',(0.441134135287213,3.35074642236926,22.1145833333334));
#4692=CARTESIAN_POINT('Ctrl Pts',(-1.1200651602403,2.70407650059444,22.1979166666667));
#4693=CARTESIAN_POINT('Ctrl Pts',(-2.68126445576782,2.05740657881963,22.2812500000001));
#4694=CARTESIAN_POINT('Ctrl Pts',(-2.90183152341129,0.382033367635022,22.3645833333334));
#4695=CARTESIAN_POINT('Ctrl Pts',(-3.12239859105476,-1.29333984354958,22.4479166666667));
#4696=CARTESIAN_POINT('Ctrl Pts',(-1.78176636317072,-2.32204313295937,22.53125));
#4697=CARTESIAN_POINT('Ctrl Pts',(-0.44113413528668,-3.35074642236917,22.6145833333334));
#4698=CARTESIAN_POINT('Ctrl Pts',(1.12006516024084,-2.70407650059435,22.6979166666667));
#4699=CARTESIAN_POINT('Ctrl Pts',(2.68126445576836,-2.05740657881953,22.78125));
#4700=CARTESIAN_POINT('Ctrl Pts',(2.90183152341183,-0.382033367634933,22.8645833333333));
#4701=CARTESIAN_POINT('Ctrl Pts',(3.1223985910553,1.29333984354967,22.9479166666667));
#4702=CARTESIAN_POINT('Ctrl Pts',(1.78176636317127,2.32204313295946,23.03125));
#4703=CARTESIAN_POINT('Ctrl Pts',(0.441134135287227,3.35074642236926,23.1145833333334));
#4704=CARTESIAN_POINT('Ctrl Pts',(-1.12006516024029,2.70407650059444,23.1979166666667));
#4705=CARTESIAN_POINT('Ctrl Pts',(-2.68126445576781,2.05740657881963,23.2812500000001));
#4706=CARTESIAN_POINT('Ctrl Pts',(-2.90183152341128,0.382033367635022,23.3645833333334));
#4707=CARTESIAN_POINT('Ctrl Pts',(-3.12239859105475,-1.29333984354958,23.4479166666667));
#4708=CARTESIAN_POINT('Ctrl Pts',(-1.78176636317071,-2.32204313295937,23.5312500000001));
#4709=CARTESIAN_POINT('Ctrl Pts',(-0.441134135286667,-3.35074642236917,
23.6145833333334));
#4710=CARTESIAN_POINT('Ctrl Pts',(1.12006516024084,-2.70407650059435,23.6979166666667));
#4711=CARTESIAN_POINT('Ctrl Pts',(2.68126445576837,-2.05740657881953,23.78125));
#4712=CARTESIAN_POINT('Ctrl Pts',(2.90183152341184,-0.382033367634933,23.8645833333333));
#4713=CARTESIAN_POINT('Ctrl Pts',(3.12239859105532,1.29333984354967,23.9479166666667));
#4714=CARTESIAN_POINT('Ctrl Pts',(1.78176636317128,2.32204313295946,24.03125));
#4715=CARTESIAN_POINT('Ctrl Pts',(0.441134135287236,3.35074642236926,24.1145833333334));
#4716=CARTESIAN_POINT('Ctrl Pts',(-1.12006516024028,2.70407650059444,24.1979166666667));
#4717=CARTESIAN_POINT('Ctrl Pts',(-2.6812644557678,2.05740657881963,24.2812500000001));
#4718=CARTESIAN_POINT('Ctrl Pts',(-2.90183152341127,0.382033367635022,24.3645833333334));
#4719=CARTESIAN_POINT('Ctrl Pts',(-3.12239859105474,-1.29333984354958,24.4479166666667));
#4720=CARTESIAN_POINT('Ctrl Pts',(-1.78176636317069,-2.32204313295937,24.53125));
#4721=CARTESIAN_POINT('Ctrl Pts',(-0.441134135286654,-3.35074642236917,
24.6145833333334));
#4722=CARTESIAN_POINT('Ctrl Pts',(1.12006516024086,-2.70407650059435,24.6979166666667));
#4723=CARTESIAN_POINT('Ctrl Pts',(2.68126445576838,-2.05740657881953,24.78125));
#4724=CARTESIAN_POINT('Ctrl Pts',(2.90183152341185,-0.382033367634933,24.8645833333333));
#4725=CARTESIAN_POINT('Ctrl Pts',(3.12239859105532,1.29333984354967,24.9479166666667));
#4726=CARTESIAN_POINT('Ctrl Pts',(1.78176636317129,2.32204313295946,25.03125));
#4727=CARTESIAN_POINT('Ctrl Pts',(0.441134135287249,3.35074642236926,25.1145833333334));
#4728=CARTESIAN_POINT('Ctrl Pts',(-1.12006516024027,2.70407650059444,25.1979166666667));
#4729=CARTESIAN_POINT('Ctrl Pts',(-2.68126445576778,2.05740657881963,25.2812500000001));
#4730=CARTESIAN_POINT('Ctrl Pts',(-2.90183152341125,0.382033367635022,25.3645833333334));
#4731=CARTESIAN_POINT('Ctrl Pts',(-3.12239859105472,-1.29333984354958,25.4479166666667));
#4732=CARTESIAN_POINT('Ctrl Pts',(-1.78176636317068,-2.32204313295937,25.53125));
#4733=CARTESIAN_POINT('Ctrl Pts',(-0.44113413528664,-3.35074642236917,25.6145833333334));
#4734=CARTESIAN_POINT('Ctrl Pts',(1.12006516024087,-2.70407650059435,25.6979166666667));
#4735=CARTESIAN_POINT('Ctrl Pts',(2.6812644557684,-2.05740657881953,25.78125));
#4736=CARTESIAN_POINT('Ctrl Pts',(2.90183152341186,-0.382033367634933,25.8645833333333));
#4737=CARTESIAN_POINT('Ctrl Pts',(3.12239859105533,1.29333984354967,25.9479166666667));
#4738=CARTESIAN_POINT('Ctrl Pts',(1.7817663631713,2.32204313295946,26.03125));
#4739=CARTESIAN_POINT('Ctrl Pts',(0.441134135287262,3.35074642236926,26.1145833333334));
#4740=CARTESIAN_POINT('Ctrl Pts',(-1.12006516024025,2.70407650059444,26.1979166666667));
#4741=CARTESIAN_POINT('Ctrl Pts',(-2.68126445576777,2.05740657881963,26.2812500000001));
#4742=CARTESIAN_POINT('Ctrl Pts',(-2.90183152341124,0.382033367635022,26.3645833333334));
#4743=CARTESIAN_POINT('Ctrl Pts',(-3.12239859105471,-1.29333984354958,26.4479166666667));
#4744=CARTESIAN_POINT('Ctrl Pts',(-1.78176636317067,-2.32204313295937,26.53125));
#4745=CARTESIAN_POINT('Ctrl Pts',(-0.441134135286632,-3.35074642236917,
26.6145833333334));
#4746=CARTESIAN_POINT('Ctrl Pts',(1.12006516024088,-2.70407650059435,26.6979166666667));
#4747=CARTESIAN_POINT('Ctrl Pts',(2.68126445576841,-2.05740657881953,26.78125));
#4748=CARTESIAN_POINT('Ctrl Pts',(2.90183152341188,-0.382033367634933,26.8645833333333));
#4749=CARTESIAN_POINT('Ctrl Pts',(3.12239859105535,1.29333984354967,26.9479166666667));
#4750=CARTESIAN_POINT('Ctrl Pts',(1.78176636317131,2.32204313295946,27.03125));
#4751=CARTESIAN_POINT('Ctrl Pts',(0.441134135287276,3.35074642236926,27.1145833333334));
#4752=CARTESIAN_POINT('Ctrl Pts',(-1.12006516024024,2.70407650059444,27.1979166666667));
#4753=CARTESIAN_POINT('Ctrl Pts',(-2.68126445576776,2.05740657881963,27.2812500000001));
#4754=CARTESIAN_POINT('Ctrl Pts',(-2.90183152341123,0.382033367635022,27.3645833333334));
#4755=CARTESIAN_POINT('Ctrl Pts',(-3.1223985910547,-1.29333984354958,27.4479166666667));
#4756=CARTESIAN_POINT('Ctrl Pts',(-1.78176636317066,-2.32204313295937,27.53125));
#4757=CARTESIAN_POINT('Ctrl Pts',(-0.441134135286618,-3.35074642236917,
27.6145833333334));
#4758=CARTESIAN_POINT('Ctrl Pts',(1.12006516024089,-2.70407650059435,27.6979166666667));
#4759=CARTESIAN_POINT('Ctrl Pts',(2.68126445576842,-2.05740657881953,27.78125));
#4760=CARTESIAN_POINT('Ctrl Pts',(2.90183152341189,-0.382033367634933,27.8645833333333));
#4761=CARTESIAN_POINT('Ctrl Pts',(3.12239859105536,1.29333984354967,27.9479166666667));
#4762=CARTESIAN_POINT('Ctrl Pts',(1.78176636317132,2.32204313295946,28.03125));
#4763=CARTESIAN_POINT('Ctrl Pts',(0.441134135287284,3.35074642236926,28.1145833333334));
#4764=CARTESIAN_POINT('Ctrl Pts',(-1.12006516024023,2.70407650059444,28.1979166666667));
#4765=CARTESIAN_POINT('Ctrl Pts',(-2.68126445576775,2.05740657881963,28.2812500000001));
#4766=CARTESIAN_POINT('Ctrl Pts',(-2.90183152341122,0.382033367635022,28.3645833333334));
#4767=CARTESIAN_POINT('Ctrl Pts',(-3.12239859105469,-1.29333984354958,28.4479166666667));
#4768=CARTESIAN_POINT('Ctrl Pts',(-1.78176636317065,-2.32204313295937,28.5312500000001));
#4769=CARTESIAN_POINT('Ctrl Pts',(-0.441134135286605,-3.35074642236917,
28.6145833333334));
#4770=CARTESIAN_POINT('Ctrl Pts',(1.12006516024091,-2.70407650059435,28.6979166666667));
#4771=CARTESIAN_POINT('Ctrl Pts',(2.68126445576843,-2.05740657881953,28.78125));
#4772=CARTESIAN_POINT('Ctrl Pts',(2.9018315234119,-0.382033367634933,28.8645833333333));
#4773=CARTESIAN_POINT('Ctrl Pts',(3.12239859105537,1.29333984354967,28.9479166666667));
#4774=CARTESIAN_POINT('Ctrl Pts',(1.78176636317134,2.32204313295946,29.03125));
#4775=CARTESIAN_POINT('Ctrl Pts',(0.441134135287298,3.35074642236926,29.1145833333334));
#4776=CARTESIAN_POINT('Ctrl Pts',(-1.12006516024022,2.70407650059444,29.1979166666667));
#4777=CARTESIAN_POINT('Ctrl Pts',(-2.68126445576774,2.05740657881963,29.2812500000001));
#4778=CARTESIAN_POINT('Ctrl Pts',(-2.9018315234112,0.382033367635022,29.3645833333334));
#4779=CARTESIAN_POINT('Ctrl Pts',(-3.12239859105468,-1.29333984354958,29.4479166666667));
#4780=CARTESIAN_POINT('Ctrl Pts',(-1.78176636317064,-2.32204313295937,29.5312500000001));
#4781=CARTESIAN_POINT('Ctrl Pts',(-0.441134135286596,-3.35074642236917,
29.6145833333334));
#4782=CARTESIAN_POINT('Ctrl Pts',(1.12006516024092,-2.70407650059435,29.6979166666667));
#4783=CARTESIAN_POINT('Ctrl Pts',(2.68126445576844,-2.05740657881953,29.78125));
#4784=CARTESIAN_POINT('Ctrl Pts',(2.90183152341191,-0.382033367634933,29.8645833333333));
#4785=CARTESIAN_POINT('Ctrl Pts',(3.12239859105539,1.29333984354967,29.9479166666667));
#4786=CARTESIAN_POINT('Ctrl Pts',(1.78176636317135,2.32204313295946,30.03125));
#4787=CARTESIAN_POINT('Ctrl Pts',(0.441134135287311,3.35074642236926,30.1145833333334));
#4788=CARTESIAN_POINT('Ctrl Pts',(-1.1200651602402,2.70407650059444,30.1979166666667));
#4789=CARTESIAN_POINT('Ctrl Pts',(-2.68126445576772,2.05740657881963,30.2812500000001));
#4790=CARTESIAN_POINT('Ctrl Pts',(-2.9018315234112,0.382033367635022,30.3645833333334));
#4791=CARTESIAN_POINT('Ctrl Pts',(-3.12239859105466,-1.29333984354958,30.4479166666667));
#4792=CARTESIAN_POINT('Ctrl Pts',(-1.78176636317062,-2.32204313295937,30.53125));
#4793=CARTESIAN_POINT('Ctrl Pts',(-0.441134135286583,-3.35074642236917,
30.6145833333334));
#4794=CARTESIAN_POINT('Ctrl Pts',(1.12006516024093,-2.70407650059435,30.6979166666667));
#4795=CARTESIAN_POINT('Ctrl Pts',(2.68126445576846,-2.05740657881953,30.78125));
#4796=CARTESIAN_POINT('Ctrl Pts',(2.90183152341192,-0.382033367634933,30.8645833333333));
#4797=CARTESIAN_POINT('Ctrl Pts',(3.1223985910554,1.29333984354967,30.9479166666667));
#4798=CARTESIAN_POINT('Ctrl Pts',(1.78176636317136,2.32204313295946,31.03125));
#4799=CARTESIAN_POINT('Ctrl Pts',(0.44113413528732,3.35074642236926,31.1145833333334));
#4800=CARTESIAN_POINT('Ctrl Pts',(-1.12006516024019,2.70407650059444,31.1979166666667));
#4801=CARTESIAN_POINT('Ctrl Pts',(-2.68126445576771,2.05740657881963,31.2812500000001));
#4802=CARTESIAN_POINT('Ctrl Pts',(-2.90183152341118,0.382033367635022,31.3645833333334));
#4803=CARTESIAN_POINT('Ctrl Pts',(-3.12239859105465,-1.29333984354958,31.4479166666667));
#4804=CARTESIAN_POINT('Ctrl Pts',(-1.78176636317061,-2.32204313295937,31.53125));
#4805=CARTESIAN_POINT('Ctrl Pts',(-0.441134135286569,-3.35074642236917,
31.6145833333334));
#4806=CARTESIAN_POINT('Ctrl Pts',(1.12006516024094,-2.70407650059435,31.6979166666667));
#4807=CARTESIAN_POINT('Ctrl Pts',(2.68126445576847,-2.05740657881953,31.78125));
#4808=CARTESIAN_POINT('Ctrl Pts',(2.90183152341193,-0.382033367634933,31.8645833333333));
#4809=CARTESIAN_POINT('Ctrl Pts',(3.1223985910554,1.29333984354967,31.9479166666667));
#4810=CARTESIAN_POINT('Ctrl Pts',(1.78176636317137,2.32204313295946,32.03125));
#4811=CARTESIAN_POINT('Ctrl Pts',(0.441134135287333,3.35074642236926,32.1145833333334));
#4812=CARTESIAN_POINT('Ctrl Pts',(-1.12006516024018,2.70407650059444,32.1979166666667));
#4813=CARTESIAN_POINT('Ctrl Pts',(-2.6812644557677,2.05740657881963,32.2812500000001));
#4814=CARTESIAN_POINT('Ctrl Pts',(-2.90183152341117,0.382033367635022,32.3645833333334));
#4815=CARTESIAN_POINT('Ctrl Pts',(-3.12239859105464,-1.29333984354958,32.4479166666667));
#4816=CARTESIAN_POINT('Ctrl Pts',(-1.7817663631706,-2.32204313295937,32.53125));
#4817=CARTESIAN_POINT('Ctrl Pts',(-0.441134135286561,-3.35074642236917,
32.6145833333334));
#4818=CARTESIAN_POINT('Ctrl Pts',(1.12006516024096,-2.70407650059435,32.6979166666667));
#4819=CARTESIAN_POINT('Ctrl Pts',(2.68126445576848,-2.05740657881953,32.78125));
#4820=CARTESIAN_POINT('Ctrl Pts',(2.90183152341195,-0.382033367634933,32.8645833333333));
#4821=CARTESIAN_POINT('Ctrl Pts',(3.12239859105542,1.29333984354967,32.9479166666667));
#4822=CARTESIAN_POINT('Ctrl Pts',(1.78176636317139,2.32204313295946,33.03125));
#4823=CARTESIAN_POINT('Ctrl Pts',(0.441134135287347,3.35074642236926,33.1145833333333));
#4824=CARTESIAN_POINT('Ctrl Pts',(-1.12006516024017,2.70407650059444,33.1979166666667));
#4825=CARTESIAN_POINT('Ctrl Pts',(-2.68126445576769,2.05740657881963,33.2812500000001));
#4826=CARTESIAN_POINT('Ctrl Pts',(-2.90183152341116,0.382033367635022,33.3645833333334));
#4827=CARTESIAN_POINT('Ctrl Pts',(-3.12239859105463,-1.29333984354958,33.4479166666667));
#4828=CARTESIAN_POINT('Ctrl Pts',(-1.78176636317059,-2.32204313295937,33.53125));
#4829=CARTESIAN_POINT('Ctrl Pts',(-0.441134135286547,-3.35074642236917,
33.6145833333334));
#4830=CARTESIAN_POINT('Ctrl Pts',(1.12006516024096,-2.70407650059435,33.6979166666667));
#4831=CARTESIAN_POINT('Ctrl Pts',(2.68126445576849,-2.05740657881953,33.78125));
#4832=CARTESIAN_POINT('Ctrl Pts',(2.90183152341196,-0.382033367634933,33.8645833333333));
#4833=CARTESIAN_POINT('Ctrl Pts',(3.12239859105543,1.29333984354967,33.9479166666667));
#4834=CARTESIAN_POINT('Ctrl Pts',(1.7817663631714,2.32204313295946,34.03125));
#4835=CARTESIAN_POINT('Ctrl Pts',(0.44113413528736,3.35074642236925,34.1145833333333));
#4836=CARTESIAN_POINT('Ctrl Pts',(-1.12006516024016,2.70407650059444,34.1979166666667));
#4837=CARTESIAN_POINT('Ctrl Pts',(-2.68126445576768,2.05740657881962,34.2812500000001));
#4838=CARTESIAN_POINT('Ctrl Pts',(-2.90183152341115,0.382033367635017,34.3645833333334));
#4839=CARTESIAN_POINT('Ctrl Pts',(-3.12239859105462,-1.29333984354959,34.4479166666667));
#4840=CARTESIAN_POINT('Ctrl Pts',(-1.78176636317057,-2.32204313295938,34.53125));
#4841=CARTESIAN_POINT('Ctrl Pts',(-0.441134135286534,-3.35074642236917,
34.6145833333334));
#4842=CARTESIAN_POINT('Ctrl Pts',(1.12006516024098,-2.70407650059436,34.6979166666667));
#4843=CARTESIAN_POINT('Ctrl Pts',(2.6812644557685,-2.05740657881954,34.78125));
#4844=CARTESIAN_POINT('Ctrl Pts',(2.90183152341197,-0.382033367634937,34.8645833333333));
#4845=CARTESIAN_POINT('Ctrl Pts',(3.12239859105544,1.29333984354967,34.9479166666667));
#4846=CARTESIAN_POINT('Ctrl Pts',(1.78176636317141,2.32204313295946,35.03125));
#4847=CARTESIAN_POINT('Ctrl Pts',(0.441134135287369,3.35074642236925,35.1145833333334));
#4848=CARTESIAN_POINT('Ctrl Pts',(-1.12006516024015,2.70407650059444,35.1979166666667));
#4849=CARTESIAN_POINT('Ctrl Pts',(-2.68126445576766,2.05740657881962,35.2812500000001));
#4850=CARTESIAN_POINT('Ctrl Pts',(-2.90183152341113,0.382033367635017,35.3645833333334));
#4851=CARTESIAN_POINT('Ctrl Pts',(-3.1223985910546,-1.29333984354959,35.4479166666667));
#4852=CARTESIAN_POINT('Ctrl Pts',(-1.78176636317056,-2.32204313295938,35.53125));
#4853=CARTESIAN_POINT('Ctrl Pts',(-0.441134135286521,-3.35074642236917,
35.6145833333334));
#4854=CARTESIAN_POINT('Ctrl Pts',(1.12006516024099,-2.70407650059436,35.6979166666667));
#4855=CARTESIAN_POINT('Ctrl Pts',(2.68126445576852,-2.05740657881954,35.78125));
#4856=CARTESIAN_POINT('Ctrl Pts',(2.90183152341198,-0.382033367634937,35.8645833333333));
#4857=CARTESIAN_POINT('Ctrl Pts',(3.12239859105546,1.29333984354967,35.9479166666667));
#4858=CARTESIAN_POINT('Ctrl Pts',(1.78176636317142,2.32204313295946,36.03125));
#4859=CARTESIAN_POINT('Ctrl Pts',(0.441134135287382,3.35074642236925,36.1145833333334));
#4860=CARTESIAN_POINT('Ctrl Pts',(-1.12006516024013,2.70407650059444,36.1979166666667));
#4861=CARTESIAN_POINT('Ctrl Pts',(-2.68126445576765,2.05740657881962,36.2812500000001));
#4862=CARTESIAN_POINT('Ctrl Pts',(-2.90183152341112,0.382033367635017,36.3645833333334));
#4863=CARTESIAN_POINT('Ctrl Pts',(-3.12239859105459,-1.29333984354959,36.4479166666667));
#4864=CARTESIAN_POINT('Ctrl Pts',(-1.78176636317055,-2.32204313295938,36.53125));
#4865=CARTESIAN_POINT('Ctrl Pts',(-0.441134135286512,-3.35074642236917,
36.6145833333334));
#4866=CARTESIAN_POINT('Ctrl Pts',(1.120065160241,-2.70407650059436,36.6979166666667));
#4867=CARTESIAN_POINT('Ctrl Pts',(2.68126445576853,-2.05740657881954,36.78125));
#4868=CARTESIAN_POINT('Ctrl Pts',(2.901831523412,-0.382033367634937,36.8645833333333));
#4869=CARTESIAN_POINT('Ctrl Pts',(3.12239859105547,1.29333984354967,36.9479166666667));
#4870=CARTESIAN_POINT('Ctrl Pts',(1.78176636317143,2.32204313295946,37.03125));
#4871=CARTESIAN_POINT('Ctrl Pts',(0.441134135287395,3.35074642236925,37.1145833333334));
#4872=CARTESIAN_POINT('Ctrl Pts',(-1.12006516024012,2.70407650059444,37.1979166666667));
#4873=CARTESIAN_POINT('Ctrl Pts',(-2.68126445576764,2.05740657881962,37.2812500000001));
#4874=CARTESIAN_POINT('Ctrl Pts',(-2.90183152341111,0.382033367635017,37.3645833333334));
#4875=CARTESIAN_POINT('Ctrl Pts',(-3.12239859105458,-1.29333984354959,37.4479166666667));
#4876=CARTESIAN_POINT('Ctrl Pts',(-1.78176636317054,-2.32204313295938,37.53125));
#4877=CARTESIAN_POINT('Ctrl Pts',(-0.441134135286498,-3.35074642236917,
37.6145833333334));
#4878=CARTESIAN_POINT('Ctrl Pts',(1.12006516024101,-2.70407650059436,37.6979166666667));
#4879=CARTESIAN_POINT('Ctrl Pts',(2.68126445576854,-2.05740657881954,37.78125));
#4880=CARTESIAN_POINT('Ctrl Pts',(2.90183152341201,-0.382033367634937,37.8645833333333));
#4881=CARTESIAN_POINT('Ctrl Pts',(3.12239859105548,1.29333984354967,37.9479166666667));
#4882=CARTESIAN_POINT('Ctrl Pts',(1.78176636317144,2.32204313295946,38.03125));
#4883=CARTESIAN_POINT('Ctrl Pts',(0.441134135287404,3.35074642236925,38.1145833333334));
#4884=CARTESIAN_POINT('Ctrl Pts',(-1.12006516024011,2.70407650059444,38.1979166666667));
#4885=CARTESIAN_POINT('Ctrl Pts',(-2.68126445576763,2.05740657881962,38.2812500000001));
#4886=CARTESIAN_POINT('Ctrl Pts',(-2.9018315234111,0.382033367635017,38.3645833333334));
#4887=CARTESIAN_POINT('Ctrl Pts',(-3.12239859105457,-1.29333984354959,38.4479166666667));
#4888=CARTESIAN_POINT('Ctrl Pts',(-1.78176636317052,-2.32204313295938,38.53125));
#4889=CARTESIAN_POINT('Ctrl Pts',(-0.441134135286485,-3.35074642236917,
38.6145833333334));
#4890=CARTESIAN_POINT('Ctrl Pts',(1.12006516024103,-2.70407650059436,38.6979166666667));
#4891=CARTESIAN_POINT('Ctrl Pts',(2.68126445576855,-2.05740657881954,38.78125));
#4892=CARTESIAN_POINT('Ctrl Pts',(2.90183152341202,-0.382033367634937,38.8645833333333));
#4893=CARTESIAN_POINT('Ctrl Pts',(3.12239859105549,1.29333984354967,38.9479166666667));
#4894=CARTESIAN_POINT('Ctrl Pts',(1.78176636317146,2.32204313295946,39.03125));
#4895=CARTESIAN_POINT('Ctrl Pts',(0.441134135287418,3.35074642236925,39.1145833333334));
#4896=CARTESIAN_POINT('Ctrl Pts',(-1.1200651602401,2.70407650059444,39.1979166666667));
#4897=CARTESIAN_POINT('Ctrl Pts',(-2.68126445576761,2.05740657881962,39.2812500000001));
#4898=CARTESIAN_POINT('Ctrl Pts',(-2.90183152341108,0.382033367635017,39.3645833333334));
#4899=CARTESIAN_POINT('Ctrl Pts',(-3.12239859105456,-1.29333984354959,39.4479166666667));
#4900=CARTESIAN_POINT('Ctrl Pts',(-1.78176636317052,-2.32204313295938,39.53125));
#4901=CARTESIAN_POINT('Ctrl Pts',(-0.441134135286476,-3.35074642236917,
39.6145833333334));
#4902=CARTESIAN_POINT('Ctrl Pts',(1.12006516024104,-2.70407650059436,39.6979166666667));
#4903=CARTESIAN_POINT('Ctrl Pts',(2.68126445576856,-2.05740657881954,39.78125));
#4904=CARTESIAN_POINT('Ctrl Pts',(2.90183152341203,-0.382033367634937,39.8645833333333));
#4905=CARTESIAN_POINT('Ctrl Pts',(3.1223985910555,1.29333984354967,39.9479166666667));
#4906=CARTESIAN_POINT('Ctrl Pts',(1.78176636317147,2.32204313295946,40.03125));
#4907=CARTESIAN_POINT('Ctrl Pts',(0.441134135287431,3.35074642236925,40.1145833333334));
#4908=CARTESIAN_POINT('Ctrl Pts',(-1.12006516024008,2.70407650059444,40.1979166666667));
#4909=CARTESIAN_POINT('Ctrl Pts',(-2.6812644557676,2.05740657881962,40.2812500000001));
#4910=CARTESIAN_POINT('Ctrl Pts',(-2.90183152341108,0.382033367635017,40.3645833333334));
#4911=CARTESIAN_POINT('Ctrl Pts',(-3.12239859105454,-1.29333984354959,40.4479166666667));
#4912=CARTESIAN_POINT('Ctrl Pts',(-1.7817663631705,-2.32204313295938,40.53125));
#4913=CARTESIAN_POINT('Ctrl Pts',(-0.441134135286463,-3.35074642236917,
40.6145833333334));
#4914=CARTESIAN_POINT('Ctrl Pts',(1.12006516024105,-2.70407650059436,40.6979166666667));
#4915=CARTESIAN_POINT('Ctrl Pts',(2.68126445576858,-2.05740657881954,40.78125));
#4916=CARTESIAN_POINT('Ctrl Pts',(2.90183152341204,-0.382033367634937,40.8645833333333));
#4917=CARTESIAN_POINT('Ctrl Pts',(3.12239859105552,1.29333984354967,40.9479166666667));
#4918=CARTESIAN_POINT('Ctrl Pts',(1.78176636317148,2.32204313295946,41.03125));
#4919=CARTESIAN_POINT('Ctrl Pts',(0.44113413528744,3.35074642236925,41.1145833333333));
#4920=CARTESIAN_POINT('Ctrl Pts',(-1.12006516024007,2.70407650059444,41.1979166666667));
#4921=CARTESIAN_POINT('Ctrl Pts',(-2.68126445576759,2.05740657881962,41.2812500000001));
#4922=CARTESIAN_POINT('Ctrl Pts',(-2.90183152341106,0.382033367635017,41.3645833333334));
#4923=CARTESIAN_POINT('Ctrl Pts',(-3.12239859105453,-1.29333984354959,41.4479166666667));
#4924=CARTESIAN_POINT('Ctrl Pts',(-1.78176636317049,-2.32204313295938,41.53125));
#4925=CARTESIAN_POINT('Ctrl Pts',(-0.44113413528645,-3.35074642236917,41.6145833333334));
#4926=CARTESIAN_POINT('Ctrl Pts',(1.12006516024106,-2.70407650059436,41.6979166666667));
#4927=CARTESIAN_POINT('Ctrl Pts',(2.68126445576859,-2.05740657881954,41.78125));
#4928=CARTESIAN_POINT('Ctrl Pts',(2.90183152341206,-0.382033367634937,41.8645833333333));
#4929=CARTESIAN_POINT('Ctrl Pts',(3.12239859105553,1.29333984354967,41.9479166666667));
#4930=CARTESIAN_POINT('Ctrl Pts',(1.78176636317149,2.32204313295946,42.03125));
#4931=CARTESIAN_POINT('Ctrl Pts',(0.441134135287453,3.35074642236925,42.1145833333334));
#4932=CARTESIAN_POINT('Ctrl Pts',(-1.12006516024006,2.70407650059444,42.1979166666667));
#4933=CARTESIAN_POINT('Ctrl Pts',(-2.68126445576758,2.05740657881962,42.2812500000001));
#4934=CARTESIAN_POINT('Ctrl Pts',(-2.90183152341105,0.382033367635017,42.3645833333334));
#4935=CARTESIAN_POINT('Ctrl Pts',(-3.12239859105452,-1.29333984354959,42.4479166666667));
#4936=CARTESIAN_POINT('Ctrl Pts',(-1.78176636317048,-2.32204313295938,42.53125));
#4937=CARTESIAN_POINT('Ctrl Pts',(-0.441134135286436,-3.35074642236917,
42.6145833333334));
#4938=CARTESIAN_POINT('Ctrl Pts',(1.12006516024107,-2.70407650059436,42.6979166666667));
#4939=CARTESIAN_POINT('Ctrl Pts',(2.6812644557686,-2.05740657881954,42.78125));
#4940=CARTESIAN_POINT('Ctrl Pts',(2.90183152341207,-0.382033367634937,42.8645833333333));
#4941=CARTESIAN_POINT('Ctrl Pts',(3.12239859105554,1.29333984354967,42.9479166666667));
#4942=CARTESIAN_POINT('Ctrl Pts',(1.78176636317151,2.32204313295946,43.03125));
#4943=CARTESIAN_POINT('Ctrl Pts',(0.441134135287466,3.35074642236925,43.1145833333334));
#4944=CARTESIAN_POINT('Ctrl Pts',(-1.12006516024005,2.70407650059444,43.1979166666667));
#4945=CARTESIAN_POINT('Ctrl Pts',(-2.68126445576757,2.05740657881962,43.2812500000001));
#4946=CARTESIAN_POINT('Ctrl Pts',(-2.90183152341104,0.382033367635017,43.3645833333334));
#4947=CARTESIAN_POINT('Ctrl Pts',(-3.12239859105451,-1.29333984354959,43.4479166666667));
#4948=CARTESIAN_POINT('Ctrl Pts',(-1.78176636317047,-2.32204313295938,43.53125));
#4949=CARTESIAN_POINT('Ctrl Pts',(-0.441134135286427,-3.35074642236917,
43.6145833333334));
#4950=CARTESIAN_POINT('Ctrl Pts',(1.12006516024108,-2.70407650059436,43.6979166666667));
#4951=CARTESIAN_POINT('Ctrl Pts',(2.68126445576861,-2.05740657881954,43.78125));
#4952=CARTESIAN_POINT('Ctrl Pts',(2.90183152341208,-0.382033367634937,43.8645833333333));
#4953=CARTESIAN_POINT('Ctrl Pts',(3.12239859105556,1.29333984354967,43.9479166666667));
#4954=CARTESIAN_POINT('Ctrl Pts',(1.78176636317152,2.32204313295946,44.03125));
#4955=CARTESIAN_POINT('Ctrl Pts',(0.44113413528748,3.35074642236925,44.1145833333334));
#4956=CARTESIAN_POINT('Ctrl Pts',(-1.12006516024004,2.70407650059444,44.1979166666667));
#4957=CARTESIAN_POINT('Ctrl Pts',(-2.68126445576756,2.05740657881962,44.2812500000001));
#4958=CARTESIAN_POINT('Ctrl Pts',(-2.90183152341103,0.382033367635017,44.3645833333334));
#4959=CARTESIAN_POINT('Ctrl Pts',(-3.12239859105449,-1.29333984354959,44.4479166666667));
#4960=CARTESIAN_POINT('Ctrl Pts',(-1.78176636317045,-2.32204313295938,44.53125));
#4961=CARTESIAN_POINT('Ctrl Pts',(-0.441134135286414,-3.35074642236917,
44.6145833333334));
#4962=CARTESIAN_POINT('Ctrl Pts',(1.1200651602411,-2.70407650059436,44.6979166666667));
#4963=CARTESIAN_POINT('Ctrl Pts',(2.68126445576862,-2.05740657881954,44.78125));
#4964=CARTESIAN_POINT('Ctrl Pts',(2.90183152341209,-0.382033367634937,44.8645833333333));
#4965=CARTESIAN_POINT('Ctrl Pts',(3.12239859105556,1.29333984354967,44.9479166666667));
#4966=CARTESIAN_POINT('Ctrl Pts',(1.78176636317153,2.32204313295946,45.03125));
#4967=CARTESIAN_POINT('Ctrl Pts',(0.441134135287489,3.35074642236925,45.1145833333334));
#4968=CARTESIAN_POINT('Ctrl Pts',(-1.12006516024002,2.70407650059444,45.1979166666667));
#4969=CARTESIAN_POINT('Ctrl Pts',(-2.68126445576754,2.05740657881962,45.2812500000001));
#4970=CARTESIAN_POINT('Ctrl Pts',(-2.90183152341101,0.382033367635017,45.3645833333334));
#4971=CARTESIAN_POINT('Ctrl Pts',(-3.12239859105448,-1.29333984354959,45.4479166666667));
#4972=CARTESIAN_POINT('Ctrl Pts',(-1.78176636317045,-2.32204313295938,45.53125));
#4973=CARTESIAN_POINT('Ctrl Pts',(-0.441134135286401,-3.35074642236917,
45.6145833333334));
#4974=CARTESIAN_POINT('Ctrl Pts',(1.12006516024111,-2.70407650059436,45.6979166666667));
#4975=CARTESIAN_POINT('Ctrl Pts',(2.68126445576863,-2.05740657881954,45.78125));
#4976=CARTESIAN_POINT('Ctrl Pts',(2.9018315234121,-0.382033367634942,45.8645833333333));
#4977=CARTESIAN_POINT('Ctrl Pts',(3.12239859105557,1.29333984354966,45.9479166666667));
#4978=CARTESIAN_POINT('Ctrl Pts',(1.78176636317154,2.32204313295945,46.03125));
#4979=CARTESIAN_POINT('Ctrl Pts',(0.441134135287502,3.35074642236925,46.1145833333334));
#4980=CARTESIAN_POINT('Ctrl Pts',(-1.12006516024001,2.70407650059443,46.1979166666667));
#4981=CARTESIAN_POINT('Ctrl Pts',(-2.68126445576753,2.05740657881962,46.2812500000001));
#4982=CARTESIAN_POINT('Ctrl Pts',(-2.901831523411,0.382033367635013,46.3645833333334));
#4983=CARTESIAN_POINT('Ctrl Pts',(-3.12239859105447,-1.29333984354959,46.4479166666667));
#4984=CARTESIAN_POINT('Ctrl Pts',(-1.78176636317043,-2.32204313295938,46.53125));
#4985=CARTESIAN_POINT('Ctrl Pts',(-0.441134135286392,-3.35074642236918,
46.6145833333334));
#4986=CARTESIAN_POINT('Ctrl Pts',(1.12006516024112,-2.70407650059436,46.6979166666667));
#4987=CARTESIAN_POINT('Ctrl Pts',(2.68126445576865,-2.05740657881954,46.78125));
#4988=CARTESIAN_POINT('Ctrl Pts',(2.90183152341212,-0.382033367634942,46.8645833333333));
#4989=CARTESIAN_POINT('Ctrl Pts',(3.12239859105559,1.29333984354966,46.9479166666667));
#4990=CARTESIAN_POINT('Ctrl Pts',(1.78176636317156,2.32204313295945,47.03125));
#4991=CARTESIAN_POINT('Ctrl Pts',(0.441134135287515,3.35074642236925,47.1145833333334));
#4992=CARTESIAN_POINT('Ctrl Pts',(-1.12006516024,2.70407650059443,47.1979166666667));
#4993=CARTESIAN_POINT('Ctrl Pts',(-2.68126445576752,2.05740657881962,47.2812500000001));
#4994=CARTESIAN_POINT('Ctrl Pts',(-2.90183152341099,0.382033367635013,47.3645833333334));
#4995=CARTESIAN_POINT('Ctrl Pts',(-3.12239859105446,-1.29333984354959,47.4479166666667));
#4996=CARTESIAN_POINT('Ctrl Pts',(-1.78176636317042,-2.32204313295938,47.53125));
#4997=CARTESIAN_POINT('Ctrl Pts',(-0.441134135286378,-3.35074642236918,
47.6145833333334));
#4998=CARTESIAN_POINT('Ctrl Pts',(1.12006516024113,-2.70407650059436,47.6979166666667));
#4999=CARTESIAN_POINT('Ctrl Pts',(2.68126445576866,-2.05740657881954,47.78125));
#5000=CARTESIAN_POINT('Ctrl Pts',(2.90183152341213,-0.382033367634942,47.8645833333333));
#5001=CARTESIAN_POINT('Ctrl Pts',(3.1223985910556,1.29333984354966,47.9479166666667));
#5002=CARTESIAN_POINT('Ctrl Pts',(1.78176636317156,2.32204313295945,48.03125));
#5003=CARTESIAN_POINT('Ctrl Pts',(0.441134135287524,3.35074642236925,48.1145833333333));
#5004=CARTESIAN_POINT('Ctrl Pts',(-1.12006516023999,2.70407650059443,48.1979166666667));
#5005=CARTESIAN_POINT('Ctrl Pts',(-2.68126445576751,2.05740657881962,48.2812500000001));
#5006=CARTESIAN_POINT('Ctrl Pts',(-2.90183152341098,0.382033367635013,48.3645833333334));
#5007=CARTESIAN_POINT('Ctrl Pts',(-3.12239859105445,-1.29333984354959,48.4479166666667));
#5008=CARTESIAN_POINT('Ctrl Pts',(-1.78176636317041,-2.32204313295938,48.53125));
#5009=CARTESIAN_POINT('Ctrl Pts',(-0.441134135286365,-3.35074642236918,
48.6145833333334));
#5010=CARTESIAN_POINT('Ctrl Pts',(1.12006516024115,-2.70407650059436,48.6979166666667));
#5011=CARTESIAN_POINT('Ctrl Pts',(2.68126445576867,-2.05740657881954,48.78125));
#5012=CARTESIAN_POINT('Ctrl Pts',(2.90183152341214,-0.382033367634942,48.8645833333333));
#5013=CARTESIAN_POINT('Ctrl Pts',(3.12239859105561,1.29333984354966,48.9479166666667));
#5014=CARTESIAN_POINT('Ctrl Pts',(1.78176636317158,2.32204313295945,49.03125));
#5015=CARTESIAN_POINT('Ctrl Pts',(0.441134135287538,3.35074642236925,49.1145833333333));
#5016=CARTESIAN_POINT('Ctrl Pts',(-1.12006516023998,2.70407650059443,49.1979166666667));
#5017=CARTESIAN_POINT('Ctrl Pts',(-2.68126445576749,2.05740657881962,49.2812500000001));
#5018=CARTESIAN_POINT('Ctrl Pts',(-2.90183152341096,0.382033367635013,49.3645833333334));
#5019=CARTESIAN_POINT('Ctrl Pts',(-3.12239859105444,-1.29333984354959,49.4479166666667));
#5020=CARTESIAN_POINT('Ctrl Pts',(-1.7817663631704,-2.32204313295938,49.53125));
#5021=CARTESIAN_POINT('Ctrl Pts',(-0.441134135286352,-3.35074642236918,
49.6145833333334));
#5022=CARTESIAN_POINT('Ctrl Pts',(1.12006516024116,-2.70407650059436,49.6979166666667));
#5023=CARTESIAN_POINT('Ctrl Pts',(2.68126445576868,-2.05740657881954,49.78125));
#5024=CARTESIAN_POINT('Ctrl Pts',(2.90183152341215,-0.382033367634942,49.8645833333333));
#5025=CARTESIAN_POINT('Ctrl Pts',(3.12239859105563,1.29333984354966,49.9479166666667));
#5026=CARTESIAN_POINT('Ctrl Pts',(1.78176636317159,2.32204313295945,50.03125));
#5027=CARTESIAN_POINT('Ctrl Pts',(0.441134135287551,3.35074642236925,50.1145833333334));
#5028=CARTESIAN_POINT('Ctrl Pts',(-1.12006516023996,2.70407650059443,50.1979166666667));
#5029=CARTESIAN_POINT('Ctrl Pts',(-2.68126445576748,2.05740657881962,50.2812500000001));
#5030=CARTESIAN_POINT('Ctrl Pts',(-2.90183152341095,0.382033367635013,50.3645833333334));
#5031=CARTESIAN_POINT('Ctrl Pts',(-3.12239859105442,-1.29333984354959,50.4479166666667));
#5032=CARTESIAN_POINT('Ctrl Pts',(-1.78176636317038,-2.32204313295938,50.53125));
#5033=CARTESIAN_POINT('Ctrl Pts',(-0.441134135286343,-3.35074642236918,
50.6145833333334));
#5034=CARTESIAN_POINT('Ctrl Pts',(1.12006516024117,-2.70407650059436,50.6979166666667));
#5035=CARTESIAN_POINT('Ctrl Pts',(2.6812644557687,-2.05740657881954,50.78125));
#5036=CARTESIAN_POINT('Ctrl Pts',(2.90183152341216,-0.382033367634942,50.8645833333333));
#5037=CARTESIAN_POINT('Ctrl Pts',(3.12239859105564,1.29333984354966,50.9479166666667));
#5038=CARTESIAN_POINT('Ctrl Pts',(1.7817663631716,2.32204313295945,51.03125));
#5039=CARTESIAN_POINT('Ctrl Pts',(0.441134135287564,3.35074642236925,51.1145833333333));
#5040=CARTESIAN_POINT('Ctrl Pts',(-1.12006516023995,2.70407650059443,51.1979166666667));
#5041=CARTESIAN_POINT('Ctrl Pts',(-2.68126445576747,2.05740657881962,51.2812500000001));
#5042=CARTESIAN_POINT('Ctrl Pts',(-2.90183152341094,0.382033367635013,51.3645833333334));
#5043=CARTESIAN_POINT('Ctrl Pts',(-3.12239859105441,-1.29333984354959,51.4479166666667));
#5044=CARTESIAN_POINT('Ctrl Pts',(-1.78176636317037,-2.32204313295938,51.53125));
#5045=CARTESIAN_POINT('Ctrl Pts',(-0.44113413528633,-3.35074642236918,51.6145833333334));
#5046=CARTESIAN_POINT('Ctrl Pts',(1.12006516024118,-2.70407650059436,51.6979166666667));
#5047=CARTESIAN_POINT('Ctrl Pts',(2.68126445576871,-2.05740657881954,51.78125));
#5048=CARTESIAN_POINT('Ctrl Pts',(2.90183152341218,-0.382033367634942,51.8645833333333));
#5049=CARTESIAN_POINT('Ctrl Pts',(3.12239859105564,1.29333984354966,51.9479166666667));
#5050=CARTESIAN_POINT('Ctrl Pts',(1.78176636317161,2.32204313295945,52.03125));
#5051=CARTESIAN_POINT('Ctrl Pts',(0.441134135287573,3.35074642236925,52.1145833333334));
#5052=CARTESIAN_POINT('Ctrl Pts',(-1.12006516023994,2.70407650059443,52.1979166666667));
#5053=CARTESIAN_POINT('Ctrl Pts',(-2.68126445576746,2.05740657881962,52.2812500000001));
#5054=CARTESIAN_POINT('Ctrl Pts',(-2.90183152341093,0.382033367635013,52.3645833333334));
#5055=CARTESIAN_POINT('Ctrl Pts',(-3.1223985910544,-1.29333984354959,52.4479166666667));
#5056=CARTESIAN_POINT('Ctrl Pts',(-1.78176636317036,-2.32204313295938,52.53125));
#5057=CARTESIAN_POINT('Ctrl Pts',(-0.441134135286316,-3.35074642236918,
52.6145833333334));
#5058=CARTESIAN_POINT('Ctrl Pts',(1.12006516024119,-2.70407650059436,52.6979166666667));
#5059=CARTESIAN_POINT('Ctrl Pts',(2.68126445576872,-2.05740657881954,52.78125));
#5060=CARTESIAN_POINT('Ctrl Pts',(2.90183152341219,-0.382033367634942,52.8645833333333));
#5061=CARTESIAN_POINT('Ctrl Pts',(3.12239859105566,1.29333984354966,52.9479166666667));
#5062=CARTESIAN_POINT('Ctrl Pts',(1.78176636317163,2.32204313295945,53.03125));
#5063=CARTESIAN_POINT('Ctrl Pts',(0.441134135287586,3.35074642236925,53.1145833333333));
#5064=CARTESIAN_POINT('Ctrl Pts',(-1.12006516023993,2.70407650059443,53.1979166666667));
#5065=CARTESIAN_POINT('Ctrl Pts',(-2.68126445576745,2.05740657881962,53.2812500000001));
#5066=CARTESIAN_POINT('Ctrl Pts',(-2.90183152341092,0.382033367635013,53.3645833333334));
#5067=CARTESIAN_POINT('Ctrl Pts',(-3.12239859105439,-1.29333984354959,53.4479166666667));
#5068=CARTESIAN_POINT('Ctrl Pts',(-1.78176636317035,-2.32204313295938,53.53125));
#5069=CARTESIAN_POINT('Ctrl Pts',(-0.441134135286307,-3.35074642236918,
53.6145833333334));
#5070=CARTESIAN_POINT('Ctrl Pts',(1.12006516024121,-2.70407650059436,53.6979166666667));
#5071=CARTESIAN_POINT('Ctrl Pts',(2.68126445576873,-2.05740657881954,53.78125));
#5072=CARTESIAN_POINT('Ctrl Pts',(2.9018315234122,-0.382033367634942,53.8645833333333));
#5073=CARTESIAN_POINT('Ctrl Pts',(3.12239859105567,1.29333984354966,53.9479166666666));
#5074=CARTESIAN_POINT('Ctrl Pts',(1.78176636317164,2.32204313295945,54.03125));
#5075=CARTESIAN_POINT('Ctrl Pts',(0.4411341352876,3.35074642236925,54.1145833333334));
#5076=CARTESIAN_POINT('Ctrl Pts',(-1.12006516023992,2.70407650059443,54.1979166666667));
#5077=CARTESIAN_POINT('Ctrl Pts',(-2.68126445576744,2.05740657881962,54.28125));
#5078=CARTESIAN_POINT('Ctrl Pts',(-2.90183152341091,0.382033367635013,54.3645833333334));
#5079=CARTESIAN_POINT('Ctrl Pts',(-3.12239859105437,-1.29333984354959,54.4479166666667));
#5080=CARTESIAN_POINT('Ctrl Pts',(-1.78176636317033,-2.32204313295938,54.53125));
#5081=CARTESIAN_POINT('Ctrl Pts',(-0.441134135286294,-3.35074642236918,
54.6145833333334));
#5082=CARTESIAN_POINT('Ctrl Pts',(1.12006516024122,-2.70407650059436,54.6979166666667));
#5083=CARTESIAN_POINT('Ctrl Pts',(2.68126445576874,-2.05740657881954,54.78125));
#5084=CARTESIAN_POINT('Ctrl Pts',(2.90183152341221,-0.382033367634942,54.8645833333333));
#5085=CARTESIAN_POINT('Ctrl Pts',(3.12239859105568,1.29333984354966,54.9479166666667));
#5086=CARTESIAN_POINT('Ctrl Pts',(1.78176636317165,2.32204313295945,55.03125));
#5087=CARTESIAN_POINT('Ctrl Pts',(0.441134135287609,3.35074642236925,55.1145833333333));
#5088=CARTESIAN_POINT('Ctrl Pts',(-1.1200651602399,2.70407650059443,55.1979166666667));
#5089=CARTESIAN_POINT('Ctrl Pts',(-2.68126445576742,2.05740657881962,55.2812500000001));
#5090=CARTESIAN_POINT('Ctrl Pts',(-2.90183152341089,0.382033367635013,55.3645833333334));
#5091=CARTESIAN_POINT('Ctrl Pts',(-3.12239859105437,-1.29333984354959,55.4479166666667));
#5092=CARTESIAN_POINT('Ctrl Pts',(-1.78176636317032,-2.32204313295938,55.53125));
#5093=CARTESIAN_POINT('Ctrl Pts',(-0.441134135286281,-3.35074642236918,
55.6145833333333));
#5094=CARTESIAN_POINT('Ctrl Pts',(1.12006516024123,-2.70407650059436,55.6979166666667));
#5095=CARTESIAN_POINT('Ctrl Pts',(2.68126445576875,-2.05740657881954,55.78125));
#5096=CARTESIAN_POINT('Ctrl Pts',(2.90183152341222,-0.382033367634942,55.8645833333333));
#5097=CARTESIAN_POINT('Ctrl Pts',(3.1223985910557,1.29333984354966,55.9479166666667));
#5098=CARTESIAN_POINT('Ctrl Pts',(1.78176636317166,2.32204313295945,56.03125));
#5099=CARTESIAN_POINT('Ctrl Pts',(0.441134135287622,3.35074642236925,56.1145833333333));
#5100=CARTESIAN_POINT('Ctrl Pts',(-1.12006516023989,2.70407650059443,56.1979166666667));
#5101=CARTESIAN_POINT('Ctrl Pts',(-2.68126445576741,2.05740657881962,56.2812500000001));
#5102=CARTESIAN_POINT('Ctrl Pts',(-2.90183152341088,0.382033367635013,56.3645833333334));
#5103=CARTESIAN_POINT('Ctrl Pts',(-3.12239859105435,-1.29333984354959,56.4479166666667));
#5104=CARTESIAN_POINT('Ctrl Pts',(-1.78176636317031,-2.32204313295938,56.53125));
#5105=CARTESIAN_POINT('Ctrl Pts',(-0.441134135286272,-3.35074642236918,
56.6145833333334));
#5106=CARTESIAN_POINT('Ctrl Pts',(1.12006516024124,-2.70407650059436,56.6979166666667));
#5107=CARTESIAN_POINT('Ctrl Pts',(2.68126445576877,-2.05740657881954,56.78125));
#5108=CARTESIAN_POINT('Ctrl Pts',(2.90183152341223,-0.382033367634942,56.8645833333333));
#5109=CARTESIAN_POINT('Ctrl Pts',(3.12239859105571,1.29333984354966,56.9479166666667));
#5110=CARTESIAN_POINT('Ctrl Pts',(1.78176636317168,2.32204313295945,57.03125));
#5111=CARTESIAN_POINT('Ctrl Pts',(0.441134135287635,3.35074642236925,57.1145833333333));
#5112=CARTESIAN_POINT('Ctrl Pts',(-1.12006516023988,2.70407650059443,57.1979166666667));
#5113=CARTESIAN_POINT('Ctrl Pts',(-2.6812644557674,2.05740657881962,57.2812500000001));
#5114=CARTESIAN_POINT('Ctrl Pts',(-2.90183152341087,0.382033367635013,57.3645833333334));
#5115=CARTESIAN_POINT('Ctrl Pts',(-3.12239859105434,-1.29333984354959,57.4479166666667));
#5116=CARTESIAN_POINT('Ctrl Pts',(-1.7817663631703,-2.32204313295939,57.53125));
#5117=CARTESIAN_POINT('Ctrl Pts',(-0.441134135286259,-3.35074642236918,
57.6145833333334));
#5118=CARTESIAN_POINT('Ctrl Pts',(1.12006516024125,-2.70407650059437,57.6979166666667));
#5119=CARTESIAN_POINT('Ctrl Pts',(2.68126445576878,-2.05740657881955,57.78125));
#5120=CARTESIAN_POINT('Ctrl Pts',(2.90183152341225,-0.382033367634946,57.8645833333333));
#5121=CARTESIAN_POINT('Ctrl Pts',(3.12239859105572,1.29333984354966,57.9479166666667));
#5122=CARTESIAN_POINT('Ctrl Pts',(1.78176636317168,2.32204313295945,58.03125));
#5123=CARTESIAN_POINT('Ctrl Pts',(0.441134135287649,3.35074642236924,58.1145833333333));
#5124=CARTESIAN_POINT('Ctrl Pts',(-1.12006516023987,2.70407650059443,58.1979166666667));
#5125=CARTESIAN_POINT('Ctrl Pts',(-2.68126445576739,2.05740657881961,58.2812500000001));
#5126=CARTESIAN_POINT('Ctrl Pts',(-2.90183152341086,0.382033367635009,58.3645833333334));
#5127=CARTESIAN_POINT('Ctrl Pts',(-3.12239859105433,-1.2933398435496,58.4479166666667));
#5128=CARTESIAN_POINT('Ctrl Pts',(-1.78176636317029,-2.32204313295939,58.53125));
#5129=CARTESIAN_POINT('Ctrl Pts',(-0.441134135286245,-3.35074642236918,
58.6145833333334));
#5130=CARTESIAN_POINT('Ctrl Pts',(1.12006516024127,-2.70407650059437,58.6979166666667));
#5131=CARTESIAN_POINT('Ctrl Pts',(2.68126445576879,-2.05740657881955,58.78125));
#5132=CARTESIAN_POINT('Ctrl Pts',(2.90183152341226,-0.382033367634946,58.8645833333333));
#5133=CARTESIAN_POINT('Ctrl Pts',(3.12239859105573,1.29333984354966,58.9479166666666));
#5134=CARTESIAN_POINT('Ctrl Pts',(1.7817663631717,2.32204313295945,59.03125));
#5135=CARTESIAN_POINT('Ctrl Pts',(0.441134135287657,3.35074642236924,59.1145833333333));
#5136=CARTESIAN_POINT('Ctrl Pts',(-1.12006516023986,2.70407650059443,59.1979166666667));
#5137=CARTESIAN_POINT('Ctrl Pts',(-2.68126445576737,2.05740657881961,59.2812500000001));
#5138=CARTESIAN_POINT('Ctrl Pts',(-2.90183152341084,0.382033367635009,59.3645833333334));
#5139=CARTESIAN_POINT('Ctrl Pts',(-3.12239859105432,-1.2933398435496,59.4479166666667));
#5140=CARTESIAN_POINT('Ctrl Pts',(-1.78176636317028,-2.32204313295939,59.5312500000001));
#5141=CARTESIAN_POINT('Ctrl Pts',(-0.441134135286232,-3.35074642236918,
59.6145833333334));
#5142=CARTESIAN_POINT('Ctrl Pts',(1.12006516024128,-2.70407650059437,59.6979166666667));
#5143=CARTESIAN_POINT('Ctrl Pts',(2.6812644557688,-2.05740657881955,59.78125));
#5144=CARTESIAN_POINT('Ctrl Pts',(2.90183152341227,-0.382033367634946,59.8645833333333));
#5145=CARTESIAN_POINT('Ctrl Pts',(3.12239859105574,1.29333984354966,59.9479166666667));
#5146=CARTESIAN_POINT('Ctrl Pts',(1.78176636317171,2.32204313295945,60.03125));
#5147=CARTESIAN_POINT('Ctrl Pts',(0.441134135287671,3.35074642236924,60.1145833333333));
#5148=CARTESIAN_POINT('Ctrl Pts',(-1.12006516023984,2.70407650059443,60.1979166666667));
#5149=CARTESIAN_POINT('Ctrl Pts',(-2.68126445576736,2.05740657881961,60.2812500000001));
#5150=CARTESIAN_POINT('Ctrl Pts',(-2.90183152341083,0.382033367635009,60.3645833333334));
#5151=CARTESIAN_POINT('Ctrl Pts',(-3.1223985910543,-1.2933398435496,60.4479166666667));
#5152=CARTESIAN_POINT('Ctrl Pts',(-1.78176636317026,-2.32204313295939,60.53125));
#5153=CARTESIAN_POINT('Ctrl Pts',(-0.441134135286223,-3.35074642236918,
60.6145833333334));
#5154=CARTESIAN_POINT('Ctrl Pts',(1.12006516024129,-2.70407650059437,60.6979166666667));
#5155=CARTESIAN_POINT('Ctrl Pts',(2.68126445576882,-2.05740657881955,60.78125));
#5156=CARTESIAN_POINT('Ctrl Pts',(2.90183152341228,-0.382033367634946,60.8645833333333));
#5157=CARTESIAN_POINT('Ctrl Pts',(3.12239859105576,1.29333984354966,60.9479166666667));
#5158=CARTESIAN_POINT('Ctrl Pts',(1.78176636317172,2.32204313295945,61.03125));
#5159=CARTESIAN_POINT('Ctrl Pts',(0.441134135287684,3.35074642236924,61.1145833333333));
#5160=CARTESIAN_POINT('Ctrl Pts',(-1.12006516023983,2.70407650059443,61.1979166666667));
#5161=CARTESIAN_POINT('Ctrl Pts',(-2.68126445576735,2.05740657881961,61.2812500000001));
#5162=CARTESIAN_POINT('Ctrl Pts',(-2.90183152341082,0.382033367635009,61.3645833333334));
#5163=CARTESIAN_POINT('Ctrl Pts',(-3.12239859105429,-1.2933398435496,61.4479166666667));
#5164=CARTESIAN_POINT('Ctrl Pts',(-1.78176636317025,-2.32204313295939,61.53125));
#5165=CARTESIAN_POINT('Ctrl Pts',(-0.44113413528621,-3.35074642236918,61.6145833333334));
#5166=CARTESIAN_POINT('Ctrl Pts',(1.1200651602413,-2.70407650059437,61.6979166666667));
#5167=CARTESIAN_POINT('Ctrl Pts',(2.68126445576883,-2.05740657881955,61.78125));
#5168=CARTESIAN_POINT('Ctrl Pts',(2.9018315234123,-0.382033367634946,61.8645833333333));
#5169=CARTESIAN_POINT('Ctrl Pts',(3.12239859105577,1.29333984354966,61.9479166666667));
#5170=CARTESIAN_POINT('Ctrl Pts',(1.78176636317173,2.32204313295945,62.03125));
#5171=CARTESIAN_POINT('Ctrl Pts',(0.441134135287693,3.35074642236924,62.1145833333334));
#5172=CARTESIAN_POINT('Ctrl Pts',(-1.12006516023982,2.70407650059443,62.1979166666667));
#5173=CARTESIAN_POINT('Ctrl Pts',(-2.68126445576734,2.05740657881961,62.2812500000001));
#5174=CARTESIAN_POINT('Ctrl Pts',(-2.90183152341081,0.382033367635009,62.3645833333334));
#5175=CARTESIAN_POINT('Ctrl Pts',(-3.12239859105428,-1.2933398435496,62.4479166666667));
#5176=CARTESIAN_POINT('Ctrl Pts',(-1.78176636317024,-2.32204313295939,62.53125));
#5177=CARTESIAN_POINT('Ctrl Pts',(-0.441134135286196,-3.35074642236918,
62.6145833333334));
#5178=CARTESIAN_POINT('Ctrl Pts',(1.12006516024131,-2.70407650059437,62.6979166666667));
#5179=CARTESIAN_POINT('Ctrl Pts',(2.68126445576884,-2.05740657881955,62.78125));
#5180=CARTESIAN_POINT('Ctrl Pts',(2.90183152341231,-0.382033367634946,62.8645833333333));
#5181=CARTESIAN_POINT('Ctrl Pts',(3.12239859105578,1.29333984354966,62.9479166666667));
#5182=CARTESIAN_POINT('Ctrl Pts',(1.78176636317175,2.32204313295945,63.03125));
#5183=CARTESIAN_POINT('Ctrl Pts',(0.441134135287706,3.35074642236924,63.1145833333333));
#5184=CARTESIAN_POINT('Ctrl Pts',(-1.12006516023981,2.70407650059443,63.1979166666667));
#5185=CARTESIAN_POINT('Ctrl Pts',(-2.68126445576733,2.05740657881961,63.2812500000001));
#5186=CARTESIAN_POINT('Ctrl Pts',(-2.9018315234108,0.382033367635009,63.3645833333334));
#5187=CARTESIAN_POINT('Ctrl Pts',(-3.12239859105427,-1.2933398435496,63.4479166666667));
#5188=CARTESIAN_POINT('Ctrl Pts',(-1.78176636317023,-2.32204313295939,63.5312500000001));
#5189=CARTESIAN_POINT('Ctrl Pts',(-0.441134135286188,-3.35074642236918,
63.6145833333334));
#5190=CARTESIAN_POINT('Ctrl Pts',(1.12006516024133,-2.70407650059437,63.6979166666667));
#5191=CARTESIAN_POINT('Ctrl Pts',(2.68126445576885,-2.05740657881955,63.78125));
#5192=CARTESIAN_POINT('Ctrl Pts',(2.90183152341232,-0.382033367634946,63.8645833333333));
#5193=CARTESIAN_POINT('Ctrl Pts',(3.12239859105579,1.29333984354966,63.9479166666667));
#5194=CARTESIAN_POINT('Ctrl Pts',(1.78176636317176,2.32204313295945,64.03125));
#5195=CARTESIAN_POINT('Ctrl Pts',(0.44113413528772,3.35074642236924,64.1145833333333));
#5196=CARTESIAN_POINT('Ctrl Pts',(-1.1200651602398,2.70407650059443,64.1979166666667));
#5197=CARTESIAN_POINT('Ctrl Pts',(-2.68126445576732,2.05740657881961,64.2812500000001));
#5198=CARTESIAN_POINT('Ctrl Pts',(-2.90183152341079,0.382033367635009,64.3645833333334));
#5199=CARTESIAN_POINT('Ctrl Pts',(-3.12239859105425,-1.2933398435496,64.4479166666667));
#5200=CARTESIAN_POINT('Ctrl Pts',(-1.78176636317021,-2.32204313295939,64.53125));
#5201=CARTESIAN_POINT('Ctrl Pts',(-0.441134135286174,-3.35074642236918,
64.6145833333334));
#5202=CARTESIAN_POINT('Ctrl Pts',(1.12006516024134,-2.70407650059437,64.6979166666667));
#5203=CARTESIAN_POINT('Ctrl Pts',(2.68126445576887,-2.05740657881955,64.78125));
#5204=CARTESIAN_POINT('Ctrl Pts',(2.90183152341233,-0.382033367634946,64.8645833333333));
#5205=CARTESIAN_POINT('Ctrl Pts',(3.1223985910558,1.29333984354966,64.9479166666667));
#5206=CARTESIAN_POINT('Ctrl Pts',(1.78176636317177,2.32204313295945,65.03125));
#5207=CARTESIAN_POINT('Ctrl Pts',(0.441134135287728,3.35074642236924,65.1145833333333));
#5208=CARTESIAN_POINT('Ctrl Pts',(-1.12006516023978,2.70407650059443,65.1979166666667));
#5209=CARTESIAN_POINT('Ctrl Pts',(-2.6812644557673,2.05740657881961,65.2812500000001));
#5210=CARTESIAN_POINT('Ctrl Pts',(-2.90183152341077,0.382033367635009,65.3645833333334));
#5211=CARTESIAN_POINT('Ctrl Pts',(-3.12239859105425,-1.2933398435496,65.4479166666667));
#5212=CARTESIAN_POINT('Ctrl Pts',(-1.7817663631702,-2.32204313295939,65.53125));
#5213=CARTESIAN_POINT('Ctrl Pts',(-0.441134135286161,-3.35074642236918,
65.6145833333334));
#5214=CARTESIAN_POINT('Ctrl Pts',(1.12006516024135,-2.70407650059437,65.6979166666667));
#5215=CARTESIAN_POINT('Ctrl Pts',(2.68126445576887,-2.05740657881955,65.78125));
#5216=CARTESIAN_POINT('Ctrl Pts',(2.90183152341234,-0.382033367634946,65.8645833333333));
#5217=CARTESIAN_POINT('Ctrl Pts',(3.12239859105581,1.29333984354966,65.9479166666667));
#5218=CARTESIAN_POINT('Ctrl Pts',(1.78176636317178,2.32204313295945,66.03125));
#5219=CARTESIAN_POINT('Ctrl Pts',(0.441134135287742,3.35074642236924,66.1145833333334));
#5220=CARTESIAN_POINT('Ctrl Pts',(-1.12006516023977,2.70407650059443,66.1979166666667));
#5221=CARTESIAN_POINT('Ctrl Pts',(-2.68126445576729,2.05740657881961,66.2812500000001));
#5222=CARTESIAN_POINT('Ctrl Pts',(-2.90183152341076,0.382033367635009,66.3645833333334));
#5223=CARTESIAN_POINT('Ctrl Pts',(-3.12239859105423,-1.2933398435496,66.4479166666667));
#5224=CARTESIAN_POINT('Ctrl Pts',(-1.78176636317019,-2.32204313295939,66.53125));
#5225=CARTESIAN_POINT('Ctrl Pts',(-0.441134135286148,-3.35074642236918,
66.6145833333334));
#5226=CARTESIAN_POINT('Ctrl Pts',(1.12006516024136,-2.70407650059437,66.6979166666667));
#5227=CARTESIAN_POINT('Ctrl Pts',(2.68126445576889,-2.05740657881955,66.78125));
#5228=CARTESIAN_POINT('Ctrl Pts',(2.90183152341235,-0.382033367634946,66.8645833333333));
#5229=CARTESIAN_POINT('Ctrl Pts',(3.12239859105583,1.29333984354966,66.9479166666667));
#5230=CARTESIAN_POINT('Ctrl Pts',(1.7817663631718,2.32204313295945,67.03125));
#5231=CARTESIAN_POINT('Ctrl Pts',(1.37126205106992,1.78706349776872,-4.37500000000001));
#5232=CARTESIAN_POINT('Ctrl Pts',(0.33950045957424,2.57876201208349,-4.29166666666667));
#5233=CARTESIAN_POINT('Ctrl Pts',(-0.86201136170859,2.08107952035654,-4.20833333333332));
#5234=CARTESIAN_POINT('Ctrl Pts',(-2.06352318299144,1.58339702862961,-4.12499999999997));
#5235=CARTESIAN_POINT('Ctrl Pts',(-2.23327341277858,0.294016022587882,-4.04166666666664));
#5236=CARTESIAN_POINT('Ctrl Pts',(-2.40302364256572,-0.995364983453837,
-3.9583333333333));
#5237=CARTESIAN_POINT('Ctrl Pts',(-1.37126205107003,-1.7870634977686,-3.87499999999998));
#5238=CARTESIAN_POINT('Ctrl Pts',(-0.339500459574342,-2.57876201208337,
-3.79166666666667));
#5239=CARTESIAN_POINT('Ctrl Pts',(0.862011361708497,-2.08107952035642,-3.70833333333334));
#5240=CARTESIAN_POINT('Ctrl Pts',(2.06352318299133,-1.58339702862948,-3.62500000000002));
#5241=CARTESIAN_POINT('Ctrl Pts',(2.23327341277849,-0.294016022587766,-3.54166666666669));
#5242=CARTESIAN_POINT('Ctrl Pts',(2.40302364256562,0.995364983453952,-3.45833333333336));
#5243=CARTESIAN_POINT('Ctrl Pts',(1.37126205106993,1.78706349776872,-3.37500000000002));
#5244=CARTESIAN_POINT('Ctrl Pts',(0.339500459574249,2.57876201208349,-3.29166666666667));
#5245=CARTESIAN_POINT('Ctrl Pts',(-0.862011361708577,2.08107952035654,-3.20833333333332));
#5246=CARTESIAN_POINT('Ctrl Pts',(-2.06352318299142,1.58339702862961,-3.12499999999997));
#5247=CARTESIAN_POINT('Ctrl Pts',(-2.23327341277856,0.294016022587882,-3.04166666666664));
#5248=CARTESIAN_POINT('Ctrl Pts',(-2.4030236425657,-0.995364983453837,-2.95833333333331));
#5249=CARTESIAN_POINT('Ctrl Pts',(-1.37126205107002,-1.7870634977686,-2.87499999999998));
#5250=CARTESIAN_POINT('Ctrl Pts',(-0.339500459574329,-2.57876201208337,
-2.79166666666666));
#5251=CARTESIAN_POINT('Ctrl Pts',(0.86201136170851,-2.08107952035642,-2.70833333333335));
#5252=CARTESIAN_POINT('Ctrl Pts',(2.06352318299134,-1.58339702862948,-2.62500000000002));
#5253=CARTESIAN_POINT('Ctrl Pts',(2.2332734127785,-0.294016022587766,-2.54166666666669));
#5254=CARTESIAN_POINT('Ctrl Pts',(2.40302364256563,0.995364983453952,-2.45833333333336));
#5255=CARTESIAN_POINT('Ctrl Pts',(1.37126205106995,1.78706349776872,-2.37500000000002));
#5256=CARTESIAN_POINT('Ctrl Pts',(0.339500459574262,2.57876201208349,-2.29166666666666));
#5257=CARTESIAN_POINT('Ctrl Pts',(-0.862011361708568,2.08107952035654,-2.20833333333332));
#5258=CARTESIAN_POINT('Ctrl Pts',(-2.06352318299142,1.58339702862961,-2.12499999999998));
#5259=CARTESIAN_POINT('Ctrl Pts',(-2.23327341277855,0.294016022587882,-2.04166666666664));
#5260=CARTESIAN_POINT('Ctrl Pts',(-2.40302364256569,-0.995364983453837,
-1.95833333333331));
#5261=CARTESIAN_POINT('Ctrl Pts',(-1.37126205107001,-1.7870634977686,-1.87499999999998));
#5262=CARTESIAN_POINT('Ctrl Pts',(-0.33950045957432,-2.57876201208337,-1.79166666666666));
#5263=CARTESIAN_POINT('Ctrl Pts',(0.862011361708523,-2.08107952035642,-1.70833333333335));
#5264=CARTESIAN_POINT('Ctrl Pts',(2.06352318299136,-1.58339702862948,-1.62500000000002));
#5265=CARTESIAN_POINT('Ctrl Pts',(2.23327341277851,-0.294016022587766,-1.54166666666669));
#5266=CARTESIAN_POINT('Ctrl Pts',(2.40302364256564,0.995364983453948,-1.45833333333337));
#5267=CARTESIAN_POINT('Ctrl Pts',(1.37126205106996,1.78706349776871,-1.37500000000001));
#5268=CARTESIAN_POINT('Ctrl Pts',(0.339500459574276,2.57876201208348,-1.29166666666666));
#5269=CARTESIAN_POINT('Ctrl Pts',(-0.862011361708555,2.08107952035653,-1.20833333333332));
#5270=CARTESIAN_POINT('Ctrl Pts',(-2.0635231829914,1.5833970286296,-1.12499999999997));
#5271=CARTESIAN_POINT('Ctrl Pts',(-2.23327341277854,0.294016022587877,-1.04166666666664));
#5272=CARTESIAN_POINT('Ctrl Pts',(-2.40302364256568,-0.995364983453841,
-0.958333333333301));
#5273=CARTESIAN_POINT('Ctrl Pts',(-1.37126205106999,-1.78706349776861,-0.874999999999977));
#5274=CARTESIAN_POINT('Ctrl Pts',(-0.339500459574307,-2.57876201208338,
-0.791666666666662));
#5275=CARTESIAN_POINT('Ctrl Pts',(0.862011361708532,-2.08107952035643,-0.708333333333346));
#5276=CARTESIAN_POINT('Ctrl Pts',(2.06352318299137,-1.58339702862949,-0.625000000000018));
#5277=CARTESIAN_POINT('Ctrl Pts',(2.23327341277852,-0.294016022587771,-0.541666666666694));
#5278=CARTESIAN_POINT('Ctrl Pts',(2.40302364256566,0.995364983453948,-0.458333333333365));
#5279=CARTESIAN_POINT('Ctrl Pts',(1.37126205106997,1.78706349776871,-0.37500000000001));
#5280=CARTESIAN_POINT('Ctrl Pts',(0.339500459574285,2.57876201208348,-0.291666666666668));
#5281=CARTESIAN_POINT('Ctrl Pts',(-0.862011361708541,2.08107952035653,-0.208333333333326));
#5282=CARTESIAN_POINT('Ctrl Pts',(-2.06352318299139,1.5833970286296,-0.124999999999975));
#5283=CARTESIAN_POINT('Ctrl Pts',(-2.23327341277853,0.294016022587877,-0.0416666666666377));
#5284=CARTESIAN_POINT('Ctrl Pts',(-2.40302364256567,-0.995364983453841,
0.0416666666666998));
#5285=CARTESIAN_POINT('Ctrl Pts',(-1.37126205106998,-1.78706349776861,0.125000000000015));
#5286=CARTESIAN_POINT('Ctrl Pts',(-0.339500459574293,-2.57876201208338,
0.208333333333339));
#5287=CARTESIAN_POINT('Ctrl Pts',(0.862011361708546,-2.08107952035643,0.291666666666655));
#5288=CARTESIAN_POINT('Ctrl Pts',(2.06352318299138,-1.58339702862949,0.374999999999974));
#5289=CARTESIAN_POINT('Ctrl Pts',(2.23327341277853,-0.294016022587771,0.458333333333307));
#5290=CARTESIAN_POINT('Ctrl Pts',(2.40302364256567,0.995364983453948,0.541666666666636));
#5291=CARTESIAN_POINT('Ctrl Pts',(1.37126205106998,1.78706349776871,0.624999999999987));
#5292=CARTESIAN_POINT('Ctrl Pts',(0.339500459574298,2.57876201208348,0.708333333333333));
#5293=CARTESIAN_POINT('Ctrl Pts',(-0.862011361708532,2.08107952035653,0.791666666666675));
#5294=CARTESIAN_POINT('Ctrl Pts',(-2.06352318299138,1.5833970286296,0.875000000000026));
#5295=CARTESIAN_POINT('Ctrl Pts',(-2.23327341277852,0.294016022587877,0.958333333333359));
#5296=CARTESIAN_POINT('Ctrl Pts',(-2.40302364256566,-0.995364983453841,
1.0416666666667));
#5297=CARTESIAN_POINT('Ctrl Pts',(-1.37126205106997,-1.78706349776861,1.12500000000002));
#5298=CARTESIAN_POINT('Ctrl Pts',(-0.339500459574285,-2.57876201208338,
1.20833333333334));
#5299=CARTESIAN_POINT('Ctrl Pts',(0.862011361708559,-2.08107952035643,1.29166666666666));
#5300=CARTESIAN_POINT('Ctrl Pts',(2.06352318299139,-1.58339702862949,1.37499999999998));
#5301=CARTESIAN_POINT('Ctrl Pts',(2.23327341277855,-0.294016022587771,1.4583333333333));
#5302=CARTESIAN_POINT('Ctrl Pts',(2.40302364256568,0.995364983453948,1.54166666666664));
#5303=CARTESIAN_POINT('Ctrl Pts',(1.37126205107,1.78706349776871,1.62499999999998));
#5304=CARTESIAN_POINT('Ctrl Pts',(0.339500459574311,2.57876201208348,1.70833333333333));
#5305=CARTESIAN_POINT('Ctrl Pts',(-0.862011361708519,2.08107952035653,1.79166666666668));
#5306=CARTESIAN_POINT('Ctrl Pts',(-2.06352318299137,1.5833970286296,1.87500000000003));
#5307=CARTESIAN_POINT('Ctrl Pts',(-2.2332734127785,0.294016022587877,1.95833333333336));
#5308=CARTESIAN_POINT('Ctrl Pts',(-2.40302364256564,-0.995364983453841,
2.0416666666667));
#5309=CARTESIAN_POINT('Ctrl Pts',(-1.37126205106996,-1.78706349776861,2.12500000000002));
#5310=CARTESIAN_POINT('Ctrl Pts',(-0.339500459574271,-2.57876201208338,
2.20833333333334));
#5311=CARTESIAN_POINT('Ctrl Pts',(0.862011361708568,-2.08107952035643,2.29166666666666));
#5312=CARTESIAN_POINT('Ctrl Pts',(2.06352318299141,-1.58339702862949,2.37499999999998));
#5313=CARTESIAN_POINT('Ctrl Pts',(2.23327341277856,-0.294016022587771,2.4583333333333));
#5314=CARTESIAN_POINT('Ctrl Pts',(2.40302364256569,0.995364983453948,2.54166666666664));
#5315=CARTESIAN_POINT('Ctrl Pts',(1.37126205107001,1.78706349776871,2.62499999999998));
#5316=CARTESIAN_POINT('Ctrl Pts',(0.339500459574325,2.57876201208348,2.70833333333333));
#5317=CARTESIAN_POINT('Ctrl Pts',(-0.862011361708506,2.08107952035653,2.79166666666668));
#5318=CARTESIAN_POINT('Ctrl Pts',(-2.06352318299135,1.5833970286296,2.87500000000003));
#5319=CARTESIAN_POINT('Ctrl Pts',(-2.23327341277849,0.294016022587877,2.95833333333336));
#5320=CARTESIAN_POINT('Ctrl Pts',(-2.40302364256563,-0.995364983453841,
3.0416666666667));
#5321=CARTESIAN_POINT('Ctrl Pts',(-1.37126205106994,-1.78706349776861,3.12500000000002));
#5322=CARTESIAN_POINT('Ctrl Pts',(-0.339500459574258,-2.57876201208338,
3.20833333333333));
#5323=CARTESIAN_POINT('Ctrl Pts',(0.862011361708581,-2.08107952035643,3.29166666666666));
#5324=CARTESIAN_POINT('Ctrl Pts',(2.06352318299142,-1.58339702862949,3.37499999999998));
#5325=CARTESIAN_POINT('Ctrl Pts',(2.23327341277857,-0.294016022587771,3.45833333333331));
#5326=CARTESIAN_POINT('Ctrl Pts',(2.4030236425657,0.995364983453948,3.54166666666663));
#5327=CARTESIAN_POINT('Ctrl Pts',(1.37126205107002,1.78706349776871,3.62499999999998));
#5328=CARTESIAN_POINT('Ctrl Pts',(0.339500459574333,2.57876201208348,3.70833333333334));
#5329=CARTESIAN_POINT('Ctrl Pts',(-0.862011361708497,2.08107952035653,3.79166666666668));
#5330=CARTESIAN_POINT('Ctrl Pts',(-2.06352318299134,1.5833970286296,3.87500000000002));
#5331=CARTESIAN_POINT('Ctrl Pts',(-2.23327341277848,0.294016022587877,3.95833333333336));
#5332=CARTESIAN_POINT('Ctrl Pts',(-2.40302364256562,-0.995364983453841,
4.0416666666667));
#5333=CARTESIAN_POINT('Ctrl Pts',(-1.37126205106993,-1.78706349776861,4.12500000000001));
#5334=CARTESIAN_POINT('Ctrl Pts',(-0.339500459574245,-2.57876201208338,
4.20833333333333));
#5335=CARTESIAN_POINT('Ctrl Pts',(0.862011361708594,-2.08107952035643,4.29166666666666));
#5336=CARTESIAN_POINT('Ctrl Pts',(2.06352318299143,-1.58339702862949,4.37499999999998));
#5337=CARTESIAN_POINT('Ctrl Pts',(2.23327341277858,-0.294016022587771,4.4583333333333));
#5338=CARTESIAN_POINT('Ctrl Pts',(2.40302364256572,0.995364983453948,4.54166666666663));
#5339=CARTESIAN_POINT('Ctrl Pts',(1.37126205107003,1.78706349776871,4.62499999999999));
#5340=CARTESIAN_POINT('Ctrl Pts',(0.339500459574347,2.57876201208348,4.70833333333333));
#5341=CARTESIAN_POINT('Ctrl Pts',(-0.862011361708483,2.08107952035653,4.79166666666668));
#5342=CARTESIAN_POINT('Ctrl Pts',(-2.06352318299133,1.5833970286296,4.87500000000003));
#5343=CARTESIAN_POINT('Ctrl Pts',(-2.23327341277847,0.294016022587877,4.95833333333336));
#5344=CARTESIAN_POINT('Ctrl Pts',(-2.40302364256561,-0.995364983453841,
5.0416666666667));
#5345=CARTESIAN_POINT('Ctrl Pts',(-1.37126205106992,-1.78706349776861,5.12500000000002));
#5346=CARTESIAN_POINT('Ctrl Pts',(-0.339500459574236,-2.57876201208338,
5.20833333333334));
#5347=CARTESIAN_POINT('Ctrl Pts',(0.862011361708608,-2.08107952035643,5.29166666666666));
#5348=CARTESIAN_POINT('Ctrl Pts',(2.06352318299144,-1.58339702862949,5.37499999999997));
#5349=CARTESIAN_POINT('Ctrl Pts',(2.2332734127786,-0.294016022587771,5.45833333333331));
#5350=CARTESIAN_POINT('Ctrl Pts',(2.40302364256573,0.995364983453948,5.54166666666664));
#5351=CARTESIAN_POINT('Ctrl Pts',(1.37126205107004,1.78706349776871,5.62499999999999));
#5352=CARTESIAN_POINT('Ctrl Pts',(0.33950045957436,2.57876201208348,5.70833333333333));
#5353=CARTESIAN_POINT('Ctrl Pts',(-0.86201136170847,2.08107952035653,5.79166666666667));
#5354=CARTESIAN_POINT('Ctrl Pts',(-2.06352318299132,1.5833970286296,5.87500000000003));
#5355=CARTESIAN_POINT('Ctrl Pts',(-2.23327341277846,0.294016022587877,5.95833333333336));
#5356=CARTESIAN_POINT('Ctrl Pts',(-2.40302364256559,-0.995364983453841,
6.04166666666669));
#5357=CARTESIAN_POINT('Ctrl Pts',(-1.37126205106991,-1.78706349776861,6.12500000000002));
#5358=CARTESIAN_POINT('Ctrl Pts',(-0.339500459574222,-2.57876201208338,
6.20833333333334));
#5359=CARTESIAN_POINT('Ctrl Pts',(0.862011361708617,-2.08107952035643,6.29166666666666));
#5360=CARTESIAN_POINT('Ctrl Pts',(2.06352318299145,-1.58339702862949,6.37499999999998));
#5361=CARTESIAN_POINT('Ctrl Pts',(2.23327341277861,-0.294016022587771,6.45833333333331));
#5362=CARTESIAN_POINT('Ctrl Pts',(2.40302364256574,0.995364983453948,6.54166666666664));
#5363=CARTESIAN_POINT('Ctrl Pts',(1.37126205107005,1.78706349776871,6.62499999999998));
#5364=CARTESIAN_POINT('Ctrl Pts',(0.339500459574369,2.57876201208348,6.70833333333333));
#5365=CARTESIAN_POINT('Ctrl Pts',(-0.862011361708457,2.08107952035653,6.79166666666668));
#5366=CARTESIAN_POINT('Ctrl Pts',(-2.0635231829913,1.5833970286296,6.87500000000003));
#5367=CARTESIAN_POINT('Ctrl Pts',(-2.23327341277844,0.294016022587877,6.95833333333336));
#5368=CARTESIAN_POINT('Ctrl Pts',(-2.40302364256558,-0.995364983453841,
7.0416666666667));
#5369=CARTESIAN_POINT('Ctrl Pts',(-1.3712620510699,-1.78706349776861,7.12500000000002));
#5370=CARTESIAN_POINT('Ctrl Pts',(-0.339500459574209,-2.57876201208338,
7.20833333333334));
#5371=CARTESIAN_POINT('Ctrl Pts',(0.86201136170863,-2.08107952035643,7.29166666666666));
#5372=CARTESIAN_POINT('Ctrl Pts',(2.06352318299146,-1.58339702862949,7.37499999999997));
#5373=CARTESIAN_POINT('Ctrl Pts',(2.23327341277862,-0.294016022587771,7.45833333333331));
#5374=CARTESIAN_POINT('Ctrl Pts',(2.40302364256575,0.995364983453948,7.54166666666664));
#5375=CARTESIAN_POINT('Ctrl Pts',(1.37126205107007,1.78706349776871,7.62499999999998));
#5376=CARTESIAN_POINT('Ctrl Pts',(0.339500459574382,2.57876201208348,7.70833333333334));
#5377=CARTESIAN_POINT('Ctrl Pts',(-0.862011361708448,2.08107952035653,7.79166666666668));
#5378=CARTESIAN_POINT('Ctrl Pts',(-2.06352318299129,1.5833970286296,7.87500000000002));
#5379=CARTESIAN_POINT('Ctrl Pts',(-2.23327341277843,0.294016022587877,7.95833333333336));
#5380=CARTESIAN_POINT('Ctrl Pts',(-2.40302364256557,-0.995364983453841,
8.04166666666669));
#5381=CARTESIAN_POINT('Ctrl Pts',(-1.37126205106989,-1.78706349776861,8.12500000000002));
#5382=CARTESIAN_POINT('Ctrl Pts',(-0.3395004595742,-2.57876201208338,8.20833333333334));
#5383=CARTESIAN_POINT('Ctrl Pts',(0.862011361708643,-2.08107952035643,8.29166666666666));
#5384=CARTESIAN_POINT('Ctrl Pts',(2.06352318299148,-1.58339702862949,8.37499999999997));
#5385=CARTESIAN_POINT('Ctrl Pts',(2.23327341277863,-0.294016022587771,8.45833333333331));
#5386=CARTESIAN_POINT('Ctrl Pts',(2.40302364256576,0.995364983453948,8.54166666666664));
#5387=CARTESIAN_POINT('Ctrl Pts',(1.37126205107008,1.78706349776871,8.62499999999998));
#5388=CARTESIAN_POINT('Ctrl Pts',(0.339500459574396,2.57876201208348,8.70833333333333));
#5389=CARTESIAN_POINT('Ctrl Pts',(-0.862011361708435,2.08107952035653,8.79166666666667));
#5390=CARTESIAN_POINT('Ctrl Pts',(-2.06352318299128,1.5833970286296,8.87500000000002));
#5391=CARTESIAN_POINT('Ctrl Pts',(-2.23327341277842,0.294016022587877,8.95833333333336));
#5392=CARTESIAN_POINT('Ctrl Pts',(-2.40302364256556,-0.995364983453841,
9.04166666666669));
#5393=CARTESIAN_POINT('Ctrl Pts',(-1.37126205106987,-1.78706349776861,9.12500000000001));
#5394=CARTESIAN_POINT('Ctrl Pts',(-0.339500459574187,-2.57876201208338,
9.20833333333333));
#5395=CARTESIAN_POINT('Ctrl Pts',(0.862011361708652,-2.08107952035643,9.29166666666666));
#5396=CARTESIAN_POINT('Ctrl Pts',(2.06352318299149,-1.58339702862949,9.37499999999997));
#5397=CARTESIAN_POINT('Ctrl Pts',(2.23327341277864,-0.294016022587771,9.45833333333331));
#5398=CARTESIAN_POINT('Ctrl Pts',(2.40302364256578,0.995364983453948,9.54166666666664));
#5399=CARTESIAN_POINT('Ctrl Pts',(1.37126205107009,1.78706349776871,9.62499999999998));
#5400=CARTESIAN_POINT('Ctrl Pts',(0.339500459574404,2.57876201208348,9.70833333333333));
#5401=CARTESIAN_POINT('Ctrl Pts',(-0.862011361708421,2.08107952035653,9.79166666666668));
#5402=CARTESIAN_POINT('Ctrl Pts',(-2.06352318299127,1.5833970286296,9.87500000000002));
#5403=CARTESIAN_POINT('Ctrl Pts',(-2.23327341277841,0.294016022587877,9.95833333333336));
#5404=CARTESIAN_POINT('Ctrl Pts',(-2.40302364256555,-0.995364983453841,
10.0416666666667));
#5405=CARTESIAN_POINT('Ctrl Pts',(-1.37126205106986,-1.78706349776861,10.125));
#5406=CARTESIAN_POINT('Ctrl Pts',(-0.339500459574174,-2.57876201208338,
10.2083333333333));
#5407=CARTESIAN_POINT('Ctrl Pts',(0.862011361708666,-2.08107952035643,10.2916666666667));
#5408=CARTESIAN_POINT('Ctrl Pts',(2.0635231829915,-1.58339702862949,10.375));
#5409=CARTESIAN_POINT('Ctrl Pts',(2.23327341277866,-0.294016022587775,10.4583333333333));
#5410=CARTESIAN_POINT('Ctrl Pts',(2.40302364256579,0.995364983453944,10.5416666666666));
#5411=CARTESIAN_POINT('Ctrl Pts',(1.3712620510701,1.78706349776871,10.625));
#5412=CARTESIAN_POINT('Ctrl Pts',(0.339500459574418,2.57876201208348,10.7083333333333));
#5413=CARTESIAN_POINT('Ctrl Pts',(-0.862011361708412,2.08107952035653,10.7916666666667));
#5414=CARTESIAN_POINT('Ctrl Pts',(-2.06352318299126,1.5833970286296,10.875));
#5415=CARTESIAN_POINT('Ctrl Pts',(-2.2332734127784,0.294016022587873,10.9583333333334));
#5416=CARTESIAN_POINT('Ctrl Pts',(-2.40302364256554,-0.995364983453846,
11.0416666666667));
#5417=CARTESIAN_POINT('Ctrl Pts',(-1.37126205106985,-1.78706349776861,11.125));
#5418=CARTESIAN_POINT('Ctrl Pts',(-0.33950045957416,-2.57876201208338,11.2083333333333));
#5419=CARTESIAN_POINT('Ctrl Pts',(0.862011361708679,-2.08107952035643,11.2916666666667));
#5420=CARTESIAN_POINT('Ctrl Pts',(2.06352318299151,-1.58339702862949,11.375));
#5421=CARTESIAN_POINT('Ctrl Pts',(2.23327341277867,-0.294016022587775,11.4583333333333));
#5422=CARTESIAN_POINT('Ctrl Pts',(2.4030236425658,0.995364983453944,11.5416666666666));
#5423=CARTESIAN_POINT('Ctrl Pts',(1.37126205107012,1.78706349776871,11.625));
#5424=CARTESIAN_POINT('Ctrl Pts',(0.339500459574431,2.57876201208348,11.7083333333333));
#5425=CARTESIAN_POINT('Ctrl Pts',(-0.862011361708399,2.08107952035653,11.7916666666667));
#5426=CARTESIAN_POINT('Ctrl Pts',(-2.06352318299125,1.5833970286296,11.875));
#5427=CARTESIAN_POINT('Ctrl Pts',(-2.23327341277838,0.294016022587873,11.9583333333334));
#5428=CARTESIAN_POINT('Ctrl Pts',(-2.40302364256552,-0.995364983453846,
12.0416666666667));
#5429=CARTESIAN_POINT('Ctrl Pts',(-1.37126205106984,-1.78706349776861,12.125));
#5430=CARTESIAN_POINT('Ctrl Pts',(-0.339500459574151,-2.57876201208338,
12.2083333333333));
#5431=CARTESIAN_POINT('Ctrl Pts',(0.862011361708688,-2.08107952035643,12.2916666666667));
#5432=CARTESIAN_POINT('Ctrl Pts',(2.06352318299153,-1.58339702862949,12.375));
#5433=CARTESIAN_POINT('Ctrl Pts',(2.23327341277868,-0.294016022587775,12.4583333333333));
#5434=CARTESIAN_POINT('Ctrl Pts',(2.40302364256581,0.995364983453944,12.5416666666666));
#5435=CARTESIAN_POINT('Ctrl Pts',(1.37126205107013,1.78706349776871,12.625));
#5436=CARTESIAN_POINT('Ctrl Pts',(0.339500459574444,2.57876201208348,12.7083333333333));
#5437=CARTESIAN_POINT('Ctrl Pts',(-0.862011361708386,2.08107952035653,12.7916666666667));
#5438=CARTESIAN_POINT('Ctrl Pts',(-2.06352318299123,1.5833970286296,12.875));
#5439=CARTESIAN_POINT('Ctrl Pts',(-2.23327341277837,0.294016022587873,12.9583333333334));
#5440=CARTESIAN_POINT('Ctrl Pts',(-2.40302364256551,-0.995364983453846,
13.0416666666667));
#5441=CARTESIAN_POINT('Ctrl Pts',(-1.37126205106982,-1.78706349776861,13.125));
#5442=CARTESIAN_POINT('Ctrl Pts',(-0.339500459574138,-2.57876201208338,
13.2083333333333));
#5443=CARTESIAN_POINT('Ctrl Pts',(0.862011361708701,-2.08107952035643,13.2916666666667));
#5444=CARTESIAN_POINT('Ctrl Pts',(2.06352318299154,-1.58339702862949,13.375));
#5445=CARTESIAN_POINT('Ctrl Pts',(2.23327341277869,-0.294016022587775,13.4583333333333));
#5446=CARTESIAN_POINT('Ctrl Pts',(2.40302364256582,0.995364983453944,13.5416666666666));
#5447=CARTESIAN_POINT('Ctrl Pts',(1.37126205107014,1.78706349776871,13.625));
#5448=CARTESIAN_POINT('Ctrl Pts',(0.339500459574453,2.57876201208348,13.7083333333333));
#5449=CARTESIAN_POINT('Ctrl Pts',(-0.862011361708372,2.08107952035653,13.7916666666667));
#5450=CARTESIAN_POINT('Ctrl Pts',(-2.06352318299122,1.5833970286296,13.875));
#5451=CARTESIAN_POINT('Ctrl Pts',(-2.23327341277836,0.294016022587873,13.9583333333334));
#5452=CARTESIAN_POINT('Ctrl Pts',(-2.4030236425655,-0.995364983453846,14.0416666666667));
#5453=CARTESIAN_POINT('Ctrl Pts',(-1.37126205106981,-1.78706349776861,14.125));
#5454=CARTESIAN_POINT('Ctrl Pts',(-0.339500459574125,-2.57876201208338,
14.2083333333333));
#5455=CARTESIAN_POINT('Ctrl Pts',(0.862011361708714,-2.08107952035643,14.2916666666667));
#5456=CARTESIAN_POINT('Ctrl Pts',(2.06352318299155,-1.58339702862949,14.375));
#5457=CARTESIAN_POINT('Ctrl Pts',(2.2332734127787,-0.294016022587775,14.4583333333333));
#5458=CARTESIAN_POINT('Ctrl Pts',(2.40302364256584,0.995364983453944,14.5416666666666));
#5459=CARTESIAN_POINT('Ctrl Pts',(1.37126205107015,1.78706349776871,14.625));
#5460=CARTESIAN_POINT('Ctrl Pts',(0.339500459574467,2.57876201208348,14.7083333333333));
#5461=CARTESIAN_POINT('Ctrl Pts',(-0.862011361708364,2.08107952035653,14.7916666666667));
#5462=CARTESIAN_POINT('Ctrl Pts',(-2.06352318299121,1.5833970286296,14.875));
#5463=CARTESIAN_POINT('Ctrl Pts',(-2.23327341277835,0.294016022587873,14.9583333333334));
#5464=CARTESIAN_POINT('Ctrl Pts',(-2.40302364256549,-0.995364983453846,
15.0416666666667));
#5465=CARTESIAN_POINT('Ctrl Pts',(-1.3712620510698,-1.78706349776861,15.125));
#5466=CARTESIAN_POINT('Ctrl Pts',(-0.339500459574116,-2.57876201208338,
15.2083333333333));
#5467=CARTESIAN_POINT('Ctrl Pts',(0.862011361708728,-2.08107952035643,15.2916666666667));
#5468=CARTESIAN_POINT('Ctrl Pts',(2.06352318299156,-1.58339702862949,15.375));
#5469=CARTESIAN_POINT('Ctrl Pts',(2.23327341277872,-0.294016022587775,15.4583333333333));
#5470=CARTESIAN_POINT('Ctrl Pts',(2.40302364256585,0.995364983453944,15.5416666666666));
#5471=CARTESIAN_POINT('Ctrl Pts',(1.37126205107017,1.78706349776871,15.625));
#5472=CARTESIAN_POINT('Ctrl Pts',(0.33950045957448,2.57876201208348,15.7083333333333));
#5473=CARTESIAN_POINT('Ctrl Pts',(-0.86201136170835,2.08107952035653,15.7916666666667));
#5474=CARTESIAN_POINT('Ctrl Pts',(-2.0635231829912,1.5833970286296,15.875));
#5475=CARTESIAN_POINT('Ctrl Pts',(-2.23327341277834,0.294016022587873,15.9583333333334));
#5476=CARTESIAN_POINT('Ctrl Pts',(-2.40302364256547,-0.995364983453846,
16.0416666666667));
#5477=CARTESIAN_POINT('Ctrl Pts',(-1.37126205106979,-1.78706349776861,16.125));
#5478=CARTESIAN_POINT('Ctrl Pts',(-0.339500459574102,-2.57876201208338,
16.2083333333333));
#5479=CARTESIAN_POINT('Ctrl Pts',(0.862011361708737,-2.08107952035643,16.2916666666667));
#5480=CARTESIAN_POINT('Ctrl Pts',(2.06352318299158,-1.58339702862949,16.375));
#5481=CARTESIAN_POINT('Ctrl Pts',(2.23327341277873,-0.294016022587775,16.4583333333333));
#5482=CARTESIAN_POINT('Ctrl Pts',(2.40302364256586,0.995364983453944,16.5416666666666));
#5483=CARTESIAN_POINT('Ctrl Pts',(1.37126205107017,1.78706349776871,16.625));
#5484=CARTESIAN_POINT('Ctrl Pts',(0.339500459574489,2.57876201208348,16.7083333333333));
#5485=CARTESIAN_POINT('Ctrl Pts',(-0.862011361708337,2.08107952035653,16.7916666666667));
#5486=CARTESIAN_POINT('Ctrl Pts',(-2.06352318299118,1.5833970286296,16.875));
#5487=CARTESIAN_POINT('Ctrl Pts',(-2.23327341277832,0.294016022587873,16.9583333333334));
#5488=CARTESIAN_POINT('Ctrl Pts',(-2.40302364256546,-0.995364983453846,
17.0416666666667));
#5489=CARTESIAN_POINT('Ctrl Pts',(-1.37126205106977,-1.78706349776861,17.125));
#5490=CARTESIAN_POINT('Ctrl Pts',(-0.339500459574089,-2.57876201208338,
17.2083333333333));
#5491=CARTESIAN_POINT('Ctrl Pts',(0.86201136170875,-2.08107952035643,17.2916666666667));
#5492=CARTESIAN_POINT('Ctrl Pts',(2.06352318299158,-1.58339702862949,17.375));
#5493=CARTESIAN_POINT('Ctrl Pts',(2.23327341277874,-0.294016022587775,17.4583333333333));
#5494=CARTESIAN_POINT('Ctrl Pts',(2.40302364256587,0.995364983453944,17.5416666666666));
#5495=CARTESIAN_POINT('Ctrl Pts',(1.37126205107019,1.78706349776871,17.625));
#5496=CARTESIAN_POINT('Ctrl Pts',(0.339500459574502,2.57876201208348,17.7083333333333));
#5497=CARTESIAN_POINT('Ctrl Pts',(-0.862011361708328,2.08107952035653,17.7916666666667));
#5498=CARTESIAN_POINT('Ctrl Pts',(-2.06352318299117,1.5833970286296,17.875));
#5499=CARTESIAN_POINT('Ctrl Pts',(-2.23327341277831,0.294016022587873,17.9583333333334));
#5500=CARTESIAN_POINT('Ctrl Pts',(-2.40302364256545,-0.995364983453846,
18.0416666666667));
#5501=CARTESIAN_POINT('Ctrl Pts',(-1.37126205106977,-1.78706349776861,18.125));
#5502=CARTESIAN_POINT('Ctrl Pts',(-0.33950045957408,-2.57876201208338,18.2083333333333));
#5503=CARTESIAN_POINT('Ctrl Pts',(0.862011361708763,-2.08107952035643,18.2916666666667));
#5504=CARTESIAN_POINT('Ctrl Pts',(2.0635231829916,-1.58339702862949,18.375));
#5505=CARTESIAN_POINT('Ctrl Pts',(2.23327341277875,-0.294016022587775,18.4583333333333));
#5506=CARTESIAN_POINT('Ctrl Pts',(2.40302364256588,0.995364983453944,18.5416666666666));
#5507=CARTESIAN_POINT('Ctrl Pts',(1.3712620510702,1.78706349776871,18.625));
#5508=CARTESIAN_POINT('Ctrl Pts',(0.339500459574515,2.57876201208348,18.7083333333333));
#5509=CARTESIAN_POINT('Ctrl Pts',(-0.862011361708315,2.08107952035653,18.7916666666667));
#5510=CARTESIAN_POINT('Ctrl Pts',(-2.06352318299116,1.5833970286296,18.875));
#5511=CARTESIAN_POINT('Ctrl Pts',(-2.2332734127783,0.294016022587873,18.9583333333334));
#5512=CARTESIAN_POINT('Ctrl Pts',(-2.40302364256544,-0.995364983453846,
19.0416666666667));
#5513=CARTESIAN_POINT('Ctrl Pts',(-1.37126205106975,-1.78706349776861,19.125));
#5514=CARTESIAN_POINT('Ctrl Pts',(-0.339500459574067,-2.57876201208338,
19.2083333333333));
#5515=CARTESIAN_POINT('Ctrl Pts',(0.862011361708772,-2.08107952035643,19.2916666666667));
#5516=CARTESIAN_POINT('Ctrl Pts',(2.06352318299161,-1.58339702862949,19.375));
#5517=CARTESIAN_POINT('Ctrl Pts',(2.23327341277876,-0.294016022587775,19.4583333333333));
#5518=CARTESIAN_POINT('Ctrl Pts',(2.4030236425659,0.995364983453944,19.5416666666666));
#5519=CARTESIAN_POINT('Ctrl Pts',(1.37126205107021,1.78706349776871,19.625));
#5520=CARTESIAN_POINT('Ctrl Pts',(0.339500459574529,2.57876201208348,19.7083333333333));
#5521=CARTESIAN_POINT('Ctrl Pts',(-0.862011361708301,2.08107952035653,19.7916666666667));
#5522=CARTESIAN_POINT('Ctrl Pts',(-2.06352318299115,1.5833970286296,19.875));
#5523=CARTESIAN_POINT('Ctrl Pts',(-2.23327341277829,0.294016022587873,19.9583333333334));
#5524=CARTESIAN_POINT('Ctrl Pts',(-2.40302364256543,-0.995364983453846,
20.0416666666667));
#5525=CARTESIAN_POINT('Ctrl Pts',(-1.37126205106974,-1.78706349776861,20.125));
#5526=CARTESIAN_POINT('Ctrl Pts',(-0.339500459574054,-2.57876201208338,
20.2083333333333));
#5527=CARTESIAN_POINT('Ctrl Pts',(0.862011361708785,-2.08107952035643,20.2916666666667));
#5528=CARTESIAN_POINT('Ctrl Pts',(2.06352318299162,-1.58339702862949,20.375));
#5529=CARTESIAN_POINT('Ctrl Pts',(2.23327341277878,-0.294016022587775,20.4583333333333));
#5530=CARTESIAN_POINT('Ctrl Pts',(2.40302364256591,0.995364983453944,20.5416666666666));
#5531=CARTESIAN_POINT('Ctrl Pts',(1.37126205107022,1.78706349776871,20.625));
#5532=CARTESIAN_POINT('Ctrl Pts',(0.339500459574538,2.57876201208348,20.7083333333333));
#5533=CARTESIAN_POINT('Ctrl Pts',(-0.862011361708293,2.08107952035653,20.7916666666667));
#5534=CARTESIAN_POINT('Ctrl Pts',(-2.06352318299114,1.5833970286296,20.875));
#5535=CARTESIAN_POINT('Ctrl Pts',(-2.23327341277828,0.294016022587873,20.9583333333334));
#5536=CARTESIAN_POINT('Ctrl Pts',(-2.40302364256542,-0.995364983453846,
21.0416666666667));
#5537=CARTESIAN_POINT('Ctrl Pts',(-1.37126205106973,-1.78706349776861,21.125));
#5538=CARTESIAN_POINT('Ctrl Pts',(-0.33950045957404,-2.57876201208338,21.2083333333333));
#5539=CARTESIAN_POINT('Ctrl Pts',(0.862011361708799,-2.08107952035643,21.2916666666667));
#5540=CARTESIAN_POINT('Ctrl Pts',(2.06352318299163,-1.58339702862949,21.375));
#5541=CARTESIAN_POINT('Ctrl Pts',(2.23327341277879,-0.294016022587775,21.4583333333333));
#5542=CARTESIAN_POINT('Ctrl Pts',(2.40302364256592,0.995364983453944,21.5416666666666));
#5543=CARTESIAN_POINT('Ctrl Pts',(1.37126205107024,1.78706349776871,21.625));
#5544=CARTESIAN_POINT('Ctrl Pts',(0.339500459574551,2.57876201208348,21.7083333333333));
#5545=CARTESIAN_POINT('Ctrl Pts',(-0.862011361708279,2.08107952035653,21.7916666666667));
#5546=CARTESIAN_POINT('Ctrl Pts',(-2.06352318299113,1.5833970286296,21.875));
#5547=CARTESIAN_POINT('Ctrl Pts',(-2.23327341277826,0.294016022587873,21.9583333333334));
#5548=CARTESIAN_POINT('Ctrl Pts',(-2.4030236425654,-0.995364983453846,22.0416666666667));
#5549=CARTESIAN_POINT('Ctrl Pts',(-1.37126205106972,-1.78706349776862,22.125));
#5550=CARTESIAN_POINT('Ctrl Pts',(-0.339500459574031,-2.57876201208338,
22.2083333333333));
#5551=CARTESIAN_POINT('Ctrl Pts',(0.862011361708812,-2.08107952035644,22.2916666666667));
#5552=CARTESIAN_POINT('Ctrl Pts',(2.06352318299165,-1.58339702862949,22.375));
#5553=CARTESIAN_POINT('Ctrl Pts',(2.2332734127788,-0.29401602258778,22.4583333333333));
#5554=CARTESIAN_POINT('Ctrl Pts',(2.40302364256593,0.995364983453939,22.5416666666666));
#5555=CARTESIAN_POINT('Ctrl Pts',(1.37126205107025,1.78706349776871,22.625));
#5556=CARTESIAN_POINT('Ctrl Pts',(0.339500459574564,2.57876201208347,22.7083333333333));
#5557=CARTESIAN_POINT('Ctrl Pts',(-0.862011361708266,2.08107952035653,22.7916666666667));
#5558=CARTESIAN_POINT('Ctrl Pts',(-2.06352318299111,1.58339702862959,22.875));
#5559=CARTESIAN_POINT('Ctrl Pts',(-2.23327341277825,0.294016022587869,22.9583333333334));
#5560=CARTESIAN_POINT('Ctrl Pts',(-2.40302364256539,-0.99536498345385,23.0416666666667));
#5561=CARTESIAN_POINT('Ctrl Pts',(-1.3712620510697,-1.78706349776862,23.125));
#5562=CARTESIAN_POINT('Ctrl Pts',(-0.339500459574018,-2.57876201208338,
23.2083333333333));
#5563=CARTESIAN_POINT('Ctrl Pts',(0.862011361708821,-2.08107952035644,23.2916666666667));
#5564=CARTESIAN_POINT('Ctrl Pts',(2.06352318299166,-1.58339702862949,23.375));
#5565=CARTESIAN_POINT('Ctrl Pts',(2.23327341277881,-0.29401602258778,23.4583333333333));
#5566=CARTESIAN_POINT('Ctrl Pts',(2.40302364256594,0.995364983453939,23.5416666666666));
#5567=CARTESIAN_POINT('Ctrl Pts',(1.37126205107026,1.78706349776871,23.625));
#5568=CARTESIAN_POINT('Ctrl Pts',(0.339500459574573,2.57876201208347,23.7083333333333));
#5569=CARTESIAN_POINT('Ctrl Pts',(-0.862011361708253,2.08107952035653,23.7916666666667));
#5570=CARTESIAN_POINT('Ctrl Pts',(-2.0635231829911,1.58339702862959,23.875));
#5571=CARTESIAN_POINT('Ctrl Pts',(-2.23327341277824,0.294016022587869,23.9583333333334));
#5572=CARTESIAN_POINT('Ctrl Pts',(-2.40302364256538,-0.99536498345385,24.0416666666667));
#5573=CARTESIAN_POINT('Ctrl Pts',(-1.37126205106969,-1.78706349776862,24.125));
#5574=CARTESIAN_POINT('Ctrl Pts',(-0.339500459574005,-2.57876201208338,
24.2083333333333));
#5575=CARTESIAN_POINT('Ctrl Pts',(0.862011361708834,-2.08107952035644,24.2916666666667));
#5576=CARTESIAN_POINT('Ctrl Pts',(2.06352318299167,-1.58339702862949,24.375));
#5577=CARTESIAN_POINT('Ctrl Pts',(2.23327341277882,-0.29401602258778,24.4583333333333));
#5578=CARTESIAN_POINT('Ctrl Pts',(2.40302364256596,0.995364983453939,24.5416666666666));
#5579=CARTESIAN_POINT('Ctrl Pts',(1.37126205107027,1.78706349776871,24.625));
#5580=CARTESIAN_POINT('Ctrl Pts',(0.339500459574587,2.57876201208347,24.7083333333333));
#5581=CARTESIAN_POINT('Ctrl Pts',(-0.862011361708244,2.08107952035653,24.7916666666667));
#5582=CARTESIAN_POINT('Ctrl Pts',(-2.06352318299109,1.58339702862959,24.875));
#5583=CARTESIAN_POINT('Ctrl Pts',(-2.23327341277823,0.294016022587869,24.9583333333334));
#5584=CARTESIAN_POINT('Ctrl Pts',(-2.40302364256537,-0.99536498345385,25.0416666666667));
#5585=CARTESIAN_POINT('Ctrl Pts',(-1.37126205106968,-1.78706349776862,25.125));
#5586=CARTESIAN_POINT('Ctrl Pts',(-0.339500459573996,-2.57876201208338,
25.2083333333333));
#5587=CARTESIAN_POINT('Ctrl Pts',(0.862011361708848,-2.08107952035644,25.2916666666667));
#5588=CARTESIAN_POINT('Ctrl Pts',(2.06352318299168,-1.58339702862949,25.375));
#5589=CARTESIAN_POINT('Ctrl Pts',(2.23327341277884,-0.29401602258778,25.4583333333333));
#5590=CARTESIAN_POINT('Ctrl Pts',(2.40302364256597,0.995364983453939,25.5416666666666));
#5591=CARTESIAN_POINT('Ctrl Pts',(1.37126205107029,1.78706349776871,25.625));
#5592=CARTESIAN_POINT('Ctrl Pts',(0.3395004595746,2.57876201208347,25.7083333333333));
#5593=CARTESIAN_POINT('Ctrl Pts',(-0.86201136170823,2.08107952035653,25.7916666666667));
#5594=CARTESIAN_POINT('Ctrl Pts',(-2.06352318299108,1.58339702862959,25.875));
#5595=CARTESIAN_POINT('Ctrl Pts',(-2.23327341277822,0.294016022587869,25.9583333333334));
#5596=CARTESIAN_POINT('Ctrl Pts',(-2.40302364256535,-0.99536498345385,26.0416666666667));
#5597=CARTESIAN_POINT('Ctrl Pts',(-1.37126205106967,-1.78706349776862,26.125));
#5598=CARTESIAN_POINT('Ctrl Pts',(-0.339500459573983,-2.57876201208338,
26.2083333333333));
#5599=CARTESIAN_POINT('Ctrl Pts',(0.862011361708857,-2.08107952035644,26.2916666666667));
#5600=CARTESIAN_POINT('Ctrl Pts',(2.0635231829917,-1.58339702862949,26.375));
#5601=CARTESIAN_POINT('Ctrl Pts',(2.23327341277885,-0.29401602258778,26.4583333333333));
#5602=CARTESIAN_POINT('Ctrl Pts',(2.40302364256598,0.995364983453939,26.5416666666666));
#5603=CARTESIAN_POINT('Ctrl Pts',(1.37126205107029,1.78706349776871,26.625));
#5604=CARTESIAN_POINT('Ctrl Pts',(0.339500459574613,2.57876201208347,26.7083333333333));
#5605=CARTESIAN_POINT('Ctrl Pts',(-0.862011361708217,2.08107952035653,26.7916666666667));
#5606=CARTESIAN_POINT('Ctrl Pts',(-2.06352318299106,1.58339702862959,26.875));
#5607=CARTESIAN_POINT('Ctrl Pts',(-2.23327341277821,0.294016022587869,26.9583333333334));
#5608=CARTESIAN_POINT('Ctrl Pts',(-2.40302364256535,-0.99536498345385,27.0416666666667));
#5609=CARTESIAN_POINT('Ctrl Pts',(-1.37126205106965,-1.78706349776862,27.125));
#5610=CARTESIAN_POINT('Ctrl Pts',(-0.339500459573969,-2.57876201208338,
27.2083333333333));
#5611=CARTESIAN_POINT('Ctrl Pts',(0.86201136170887,-2.08107952035644,27.2916666666667));
#5612=CARTESIAN_POINT('Ctrl Pts',(2.0635231829917,-1.58339702862949,27.375));
#5613=CARTESIAN_POINT('Ctrl Pts',(2.23327341277886,-0.29401602258778,27.4583333333333));
#5614=CARTESIAN_POINT('Ctrl Pts',(2.40302364256599,0.995364983453939,27.5416666666666));
#5615=CARTESIAN_POINT('Ctrl Pts',(1.37126205107031,1.78706349776871,27.625));
#5616=CARTESIAN_POINT('Ctrl Pts',(0.339500459574622,2.57876201208347,27.7083333333333));
#5617=CARTESIAN_POINT('Ctrl Pts',(-0.862011361708208,2.08107952035653,27.7916666666667));
#5618=CARTESIAN_POINT('Ctrl Pts',(-2.06352318299105,1.58339702862959,27.875));
#5619=CARTESIAN_POINT('Ctrl Pts',(-2.23327341277819,0.294016022587869,27.9583333333334));
#5620=CARTESIAN_POINT('Ctrl Pts',(-2.40302364256533,-0.99536498345385,28.0416666666667));
#5621=CARTESIAN_POINT('Ctrl Pts',(-1.37126205106965,-1.78706349776862,28.125));
#5622=CARTESIAN_POINT('Ctrl Pts',(-0.339500459573956,-2.57876201208338,
28.2083333333333));
#5623=CARTESIAN_POINT('Ctrl Pts',(0.862011361708883,-2.08107952035644,28.2916666666667));
#5624=CARTESIAN_POINT('Ctrl Pts',(2.06352318299172,-1.58339702862949,28.375));
#5625=CARTESIAN_POINT('Ctrl Pts',(2.23327341277887,-0.29401602258778,28.4583333333333));
#5626=CARTESIAN_POINT('Ctrl Pts',(2.403023642566,0.995364983453939,28.5416666666666));
#5627=CARTESIAN_POINT('Ctrl Pts',(1.37126205107032,1.78706349776871,28.625));
#5628=CARTESIAN_POINT('Ctrl Pts',(0.339500459574635,2.57876201208347,28.7083333333333));
#5629=CARTESIAN_POINT('Ctrl Pts',(-0.862011361708195,2.08107952035653,28.7916666666667));
#5630=CARTESIAN_POINT('Ctrl Pts',(-2.06352318299104,1.58339702862959,28.875));
#5631=CARTESIAN_POINT('Ctrl Pts',(-2.23327341277818,0.294016022587869,28.9583333333334));
#5632=CARTESIAN_POINT('Ctrl Pts',(-2.40302364256532,-0.99536498345385,29.0416666666667));
#5633=CARTESIAN_POINT('Ctrl Pts',(-1.37126205106963,-1.78706349776862,29.125));
#5634=CARTESIAN_POINT('Ctrl Pts',(-0.339500459573947,-2.57876201208338,
29.2083333333333));
#5635=CARTESIAN_POINT('Ctrl Pts',(0.862011361708892,-2.08107952035644,29.2916666666667));
#5636=CARTESIAN_POINT('Ctrl Pts',(2.06352318299173,-1.58339702862949,29.375));
#5637=CARTESIAN_POINT('Ctrl Pts',(2.23327341277888,-0.29401602258778,29.4583333333333));
#5638=CARTESIAN_POINT('Ctrl Pts',(2.40302364256602,0.995364983453939,29.5416666666666));
#5639=CARTESIAN_POINT('Ctrl Pts',(1.37126205107033,1.78706349776871,29.625));
#5640=CARTESIAN_POINT('Ctrl Pts',(0.339500459574649,2.57876201208347,29.7083333333333));
#5641=CARTESIAN_POINT('Ctrl Pts',(-0.862011361708181,2.08107952035653,29.7916666666667));
#5642=CARTESIAN_POINT('Ctrl Pts',(-2.06352318299103,1.58339702862959,29.875));
#5643=CARTESIAN_POINT('Ctrl Pts',(-2.23327341277817,0.294016022587869,29.9583333333334));
#5644=CARTESIAN_POINT('Ctrl Pts',(-2.40302364256531,-0.99536498345385,30.0416666666667));
#5645=CARTESIAN_POINT('Ctrl Pts',(-1.37126205106962,-1.78706349776862,30.125));
#5646=CARTESIAN_POINT('Ctrl Pts',(-0.339500459573934,-2.57876201208338,
30.2083333333333));
#5647=CARTESIAN_POINT('Ctrl Pts',(0.862011361708905,-2.08107952035644,30.2916666666667));
#5648=CARTESIAN_POINT('Ctrl Pts',(2.06352318299174,-1.58339702862949,30.375));
#5649=CARTESIAN_POINT('Ctrl Pts',(2.2332734127789,-0.29401602258778,30.4583333333333));
#5650=CARTESIAN_POINT('Ctrl Pts',(2.40302364256603,0.995364983453939,30.5416666666666));
#5651=CARTESIAN_POINT('Ctrl Pts',(1.37126205107034,1.78706349776871,30.625));
#5652=CARTESIAN_POINT('Ctrl Pts',(0.339500459574658,2.57876201208347,30.7083333333333));
#5653=CARTESIAN_POINT('Ctrl Pts',(-0.862011361708168,2.08107952035653,30.7916666666667));
#5654=CARTESIAN_POINT('Ctrl Pts',(-2.06352318299102,1.58339702862959,30.875));
#5655=CARTESIAN_POINT('Ctrl Pts',(-2.23327341277816,0.294016022587869,30.9583333333334));
#5656=CARTESIAN_POINT('Ctrl Pts',(-2.4030236425653,-0.99536498345385,31.0416666666667));
#5657=CARTESIAN_POINT('Ctrl Pts',(-1.37126205106961,-1.78706349776862,31.125));
#5658=CARTESIAN_POINT('Ctrl Pts',(-0.33950045957392,-2.57876201208338,31.2083333333333));
#5659=CARTESIAN_POINT('Ctrl Pts',(0.862011361708919,-2.08107952035644,31.2916666666667));
#5660=CARTESIAN_POINT('Ctrl Pts',(2.06352318299175,-1.58339702862949,31.375));
#5661=CARTESIAN_POINT('Ctrl Pts',(2.23327341277891,-0.29401602258778,31.4583333333333));
#5662=CARTESIAN_POINT('Ctrl Pts',(2.40302364256604,0.995364983453939,31.5416666666666));
#5663=CARTESIAN_POINT('Ctrl Pts',(1.37126205107036,1.78706349776871,31.625));
#5664=CARTESIAN_POINT('Ctrl Pts',(0.339500459574671,2.57876201208347,31.7083333333333));
#5665=CARTESIAN_POINT('Ctrl Pts',(-0.862011361708159,2.08107952035653,31.7916666666667));
#5666=CARTESIAN_POINT('Ctrl Pts',(-2.06352318299101,1.58339702862959,31.875));
#5667=CARTESIAN_POINT('Ctrl Pts',(-2.23327341277814,0.294016022587869,31.9583333333334));
#5668=CARTESIAN_POINT('Ctrl Pts',(-2.40302364256528,-0.99536498345385,32.0416666666667));
#5669=CARTESIAN_POINT('Ctrl Pts',(-1.3712620510696,-1.78706349776862,32.125));
#5670=CARTESIAN_POINT('Ctrl Pts',(-0.339500459573912,-2.57876201208338,
32.2083333333333));
#5671=CARTESIAN_POINT('Ctrl Pts',(0.862011361708932,-2.08107952035644,32.2916666666667));
#5672=CARTESIAN_POINT('Ctrl Pts',(2.06352318299177,-1.58339702862949,32.375));
#5673=CARTESIAN_POINT('Ctrl Pts',(2.23327341277892,-0.29401602258778,32.4583333333333));
#5674=CARTESIAN_POINT('Ctrl Pts',(2.40302364256605,0.995364983453939,32.5416666666666));
#5675=CARTESIAN_POINT('Ctrl Pts',(1.37126205107037,1.78706349776871,32.625));
#5676=CARTESIAN_POINT('Ctrl Pts',(0.339500459574684,2.57876201208347,32.7083333333333));
#5677=CARTESIAN_POINT('Ctrl Pts',(-0.862011361708146,2.08107952035653,32.7916666666667));
#5678=CARTESIAN_POINT('Ctrl Pts',(-2.06352318299099,1.58339702862959,32.875));
#5679=CARTESIAN_POINT('Ctrl Pts',(-2.23327341277813,0.294016022587869,32.9583333333333));
#5680=CARTESIAN_POINT('Ctrl Pts',(-2.40302364256527,-0.99536498345385,33.0416666666667));
#5681=CARTESIAN_POINT('Ctrl Pts',(-1.37126205106958,-1.78706349776862,33.125));
#5682=CARTESIAN_POINT('Ctrl Pts',(-0.339500459573898,-2.57876201208338,
33.2083333333333));
#5683=CARTESIAN_POINT('Ctrl Pts',(0.862011361708941,-2.08107952035644,33.2916666666667));
#5684=CARTESIAN_POINT('Ctrl Pts',(2.06352318299178,-1.58339702862949,33.375));
#5685=CARTESIAN_POINT('Ctrl Pts',(2.23327341277893,-0.29401602258778,33.4583333333333));
#5686=CARTESIAN_POINT('Ctrl Pts',(2.40302364256606,0.995364983453939,33.5416666666666));
#5687=CARTESIAN_POINT('Ctrl Pts',(1.37126205107038,1.78706349776871,33.625));
#5688=CARTESIAN_POINT('Ctrl Pts',(0.339500459574693,2.57876201208347,33.7083333333333));
#5689=CARTESIAN_POINT('Ctrl Pts',(-0.862011361708133,2.08107952035653,33.7916666666667));
#5690=CARTESIAN_POINT('Ctrl Pts',(-2.06352318299098,1.58339702862959,33.875));
#5691=CARTESIAN_POINT('Ctrl Pts',(-2.23327341277812,0.294016022587864,33.9583333333333));
#5692=CARTESIAN_POINT('Ctrl Pts',(-2.40302364256526,-0.995364983453855,
34.0416666666667));
#5693=CARTESIAN_POINT('Ctrl Pts',(-1.37126205106957,-1.78706349776862,34.125));
#5694=CARTESIAN_POINT('Ctrl Pts',(-0.339500459573885,-2.57876201208339,
34.2083333333333));
#5695=CARTESIAN_POINT('Ctrl Pts',(0.862011361708954,-2.08107952035644,34.2916666666667));
#5696=CARTESIAN_POINT('Ctrl Pts',(2.06352318299179,-1.5833970286295,34.375));
#5697=CARTESIAN_POINT('Ctrl Pts',(2.23327341277894,-0.294016022587784,34.4583333333333));
#5698=CARTESIAN_POINT('Ctrl Pts',(2.40302364256608,0.995364983453935,34.5416666666666));
#5699=CARTESIAN_POINT('Ctrl Pts',(1.37126205107039,1.7870634977687,34.625));
#5700=CARTESIAN_POINT('Ctrl Pts',(0.339500459574706,2.57876201208347,34.7083333333333));
#5701=CARTESIAN_POINT('Ctrl Pts',(-0.862011361708124,2.08107952035652,34.7916666666667));
#5702=CARTESIAN_POINT('Ctrl Pts',(-2.06352318299097,1.58339702862959,34.875));
#5703=CARTESIAN_POINT('Ctrl Pts',(-2.23327341277811,0.294016022587864,34.9583333333334));
#5704=CARTESIAN_POINT('Ctrl Pts',(-2.40302364256525,-0.995364983453855,
35.0416666666667));
#5705=CARTESIAN_POINT('Ctrl Pts',(-1.37126205106956,-1.78706349776862,35.125));
#5706=CARTESIAN_POINT('Ctrl Pts',(-0.339500459573872,-2.57876201208339,
35.2083333333333));
#5707=CARTESIAN_POINT('Ctrl Pts',(0.862011361708968,-2.08107952035644,35.2916666666667));
#5708=CARTESIAN_POINT('Ctrl Pts',(2.0635231829918,-1.5833970286295,35.375));
#5709=CARTESIAN_POINT('Ctrl Pts',(2.23327341277896,-0.294016022587784,35.4583333333333));
#5710=CARTESIAN_POINT('Ctrl Pts',(2.40302364256609,0.995364983453935,35.5416666666666));
#5711=CARTESIAN_POINT('Ctrl Pts',(1.37126205107041,1.7870634977687,35.625));
#5712=CARTESIAN_POINT('Ctrl Pts',(0.33950045957472,2.57876201208347,35.7083333333333));
#5713=CARTESIAN_POINT('Ctrl Pts',(-0.86201136170811,2.08107952035652,35.7916666666667));
#5714=CARTESIAN_POINT('Ctrl Pts',(-2.06352318299096,1.58339702862959,35.875));
#5715=CARTESIAN_POINT('Ctrl Pts',(-2.23327341277809,0.294016022587864,35.9583333333334));
#5716=CARTESIAN_POINT('Ctrl Pts',(-2.40302364256523,-0.995364983453855,
36.0416666666667));
#5717=CARTESIAN_POINT('Ctrl Pts',(-1.37126205106955,-1.78706349776862,36.125));
#5718=CARTESIAN_POINT('Ctrl Pts',(-0.339500459573863,-2.57876201208339,
36.2083333333333));
#5719=CARTESIAN_POINT('Ctrl Pts',(0.862011361708976,-2.08107952035644,36.2916666666666));
#5720=CARTESIAN_POINT('Ctrl Pts',(2.06352318299182,-1.5833970286295,36.375));
#5721=CARTESIAN_POINT('Ctrl Pts',(2.23327341277897,-0.294016022587784,36.4583333333333));
#5722=CARTESIAN_POINT('Ctrl Pts',(2.4030236425661,0.995364983453935,36.5416666666666));
#5723=CARTESIAN_POINT('Ctrl Pts',(1.37126205107041,1.7870634977687,36.625));
#5724=CARTESIAN_POINT('Ctrl Pts',(0.339500459574733,2.57876201208347,36.7083333333333));
#5725=CARTESIAN_POINT('Ctrl Pts',(-0.862011361708097,2.08107952035652,36.7916666666667));
#5726=CARTESIAN_POINT('Ctrl Pts',(-2.06352318299095,1.58339702862959,36.875));
#5727=CARTESIAN_POINT('Ctrl Pts',(-2.23327341277809,0.294016022587864,36.9583333333334));
#5728=CARTESIAN_POINT('Ctrl Pts',(-2.40302364256523,-0.995364983453855,
37.0416666666667));
#5729=CARTESIAN_POINT('Ctrl Pts',(-1.37126205106954,-1.78706349776862,37.125));
#5730=CARTESIAN_POINT('Ctrl Pts',(-0.339500459573849,-2.57876201208339,
37.2083333333333));
#5731=CARTESIAN_POINT('Ctrl Pts',(0.86201136170899,-2.08107952035644,37.2916666666667));
#5732=CARTESIAN_POINT('Ctrl Pts',(2.06352318299182,-1.5833970286295,37.375));
#5733=CARTESIAN_POINT('Ctrl Pts',(2.23327341277898,-0.294016022587784,37.4583333333333));
#5734=CARTESIAN_POINT('Ctrl Pts',(2.40302364256611,0.995364983453935,37.5416666666666));
#5735=CARTESIAN_POINT('Ctrl Pts',(1.37126205107043,1.7870634977687,37.625));
#5736=CARTESIAN_POINT('Ctrl Pts',(0.339500459574742,2.57876201208347,37.7083333333333));
#5737=CARTESIAN_POINT('Ctrl Pts',(-0.862011361708084,2.08107952035652,37.7916666666667));
#5738=CARTESIAN_POINT('Ctrl Pts',(-2.06352318299093,1.58339702862959,37.875));
#5739=CARTESIAN_POINT('Ctrl Pts',(-2.23327341277807,0.294016022587864,37.9583333333334));
#5740=CARTESIAN_POINT('Ctrl Pts',(-2.40302364256521,-0.995364983453855,
38.0416666666667));
#5741=CARTESIAN_POINT('Ctrl Pts',(-1.37126205106953,-1.78706349776862,38.125));
#5742=CARTESIAN_POINT('Ctrl Pts',(-0.339500459573836,-2.57876201208339,
38.2083333333333));
#5743=CARTESIAN_POINT('Ctrl Pts',(0.862011361709003,-2.08107952035644,38.2916666666667));
#5744=CARTESIAN_POINT('Ctrl Pts',(2.06352318299184,-1.5833970286295,38.375));
#5745=CARTESIAN_POINT('Ctrl Pts',(2.23327341277899,-0.294016022587784,38.4583333333333));
#5746=CARTESIAN_POINT('Ctrl Pts',(2.40302364256613,0.995364983453935,38.5416666666666));
#5747=CARTESIAN_POINT('Ctrl Pts',(1.37126205107044,1.7870634977687,38.625));
#5748=CARTESIAN_POINT('Ctrl Pts',(0.339500459574755,2.57876201208347,38.7083333333333));
#5749=CARTESIAN_POINT('Ctrl Pts',(-0.862011361708075,2.08107952035652,38.7916666666667));
#5750=CARTESIAN_POINT('Ctrl Pts',(-2.06352318299092,1.58339702862959,38.875));
#5751=CARTESIAN_POINT('Ctrl Pts',(-2.23327341277806,0.294016022587864,38.9583333333334));
#5752=CARTESIAN_POINT('Ctrl Pts',(-2.4030236425652,-0.995364983453855,39.0416666666667));
#5753=CARTESIAN_POINT('Ctrl Pts',(-1.37126205106951,-1.78706349776862,39.125));
#5754=CARTESIAN_POINT('Ctrl Pts',(-0.339500459573827,-2.57876201208339,
39.2083333333333));
#5755=CARTESIAN_POINT('Ctrl Pts',(0.862011361709016,-2.08107952035644,39.2916666666667));
#5756=CARTESIAN_POINT('Ctrl Pts',(2.06352318299185,-1.5833970286295,39.375));
#5757=CARTESIAN_POINT('Ctrl Pts',(2.233273412779,-0.294016022587784,39.4583333333333));
#5758=CARTESIAN_POINT('Ctrl Pts',(2.40302364256614,0.995364983453935,39.5416666666666));
#5759=CARTESIAN_POINT('Ctrl Pts',(1.37126205107045,1.7870634977687,39.625));
#5760=CARTESIAN_POINT('Ctrl Pts',(0.339500459574769,2.57876201208347,39.7083333333333));
#5761=CARTESIAN_POINT('Ctrl Pts',(-0.862011361708062,2.08107952035652,39.7916666666667));
#5762=CARTESIAN_POINT('Ctrl Pts',(-2.06352318299091,1.58339702862959,39.875));
#5763=CARTESIAN_POINT('Ctrl Pts',(-2.23327341277805,0.294016022587864,39.9583333333334));
#5764=CARTESIAN_POINT('Ctrl Pts',(-2.40302364256519,-0.995364983453855,
40.0416666666667));
#5765=CARTESIAN_POINT('Ctrl Pts',(-1.3712620510695,-1.78706349776862,40.125));
#5766=CARTESIAN_POINT('Ctrl Pts',(-0.339500459573814,-2.57876201208339,
40.2083333333333));
#5767=CARTESIAN_POINT('Ctrl Pts',(0.862011361709025,-2.08107952035644,40.2916666666667));
#5768=CARTESIAN_POINT('Ctrl Pts',(2.06352318299186,-1.5833970286295,40.375));
#5769=CARTESIAN_POINT('Ctrl Pts',(2.23327341277902,-0.294016022587784,40.4583333333333));
#5770=CARTESIAN_POINT('Ctrl Pts',(2.40302364256615,0.995364983453935,40.5416666666666));
#5771=CARTESIAN_POINT('Ctrl Pts',(1.37126205107046,1.7870634977687,40.625));
#5772=CARTESIAN_POINT('Ctrl Pts',(0.339500459574777,2.57876201208347,40.7083333333333));
#5773=CARTESIAN_POINT('Ctrl Pts',(-0.862011361708048,2.08107952035652,40.7916666666667));
#5774=CARTESIAN_POINT('Ctrl Pts',(-2.0635231829909,1.58339702862959,40.875));
#5775=CARTESIAN_POINT('Ctrl Pts',(-2.23327341277804,0.294016022587864,40.9583333333333));
#5776=CARTESIAN_POINT('Ctrl Pts',(-2.40302364256518,-0.995364983453855,
41.0416666666667));
#5777=CARTESIAN_POINT('Ctrl Pts',(-1.37126205106949,-1.78706349776862,41.125));
#5778=CARTESIAN_POINT('Ctrl Pts',(-0.3395004595738,-2.57876201208339,41.2083333333333));
#5779=CARTESIAN_POINT('Ctrl Pts',(0.862011361709039,-2.08107952035644,41.2916666666667));
#5780=CARTESIAN_POINT('Ctrl Pts',(2.06352318299187,-1.5833970286295,41.375));
#5781=CARTESIAN_POINT('Ctrl Pts',(2.23327341277903,-0.294016022587784,41.4583333333333));
#5782=CARTESIAN_POINT('Ctrl Pts',(2.40302364256616,0.995364983453935,41.5416666666666));
#5783=CARTESIAN_POINT('Ctrl Pts',(1.37126205107048,1.7870634977687,41.625));
#5784=CARTESIAN_POINT('Ctrl Pts',(0.339500459574791,2.57876201208347,41.7083333333333));
#5785=CARTESIAN_POINT('Ctrl Pts',(-0.862011361708039,2.08107952035652,41.7916666666667));
#5786=CARTESIAN_POINT('Ctrl Pts',(-2.06352318299088,1.58339702862959,41.875));
#5787=CARTESIAN_POINT('Ctrl Pts',(-2.23327341277802,0.294016022587864,41.9583333333334));
#5788=CARTESIAN_POINT('Ctrl Pts',(-2.40302364256516,-0.995364983453855,
42.0416666666667));
#5789=CARTESIAN_POINT('Ctrl Pts',(-1.37126205106948,-1.78706349776862,42.125));
#5790=CARTESIAN_POINT('Ctrl Pts',(-0.339500459573792,-2.57876201208339,
42.2083333333333));
#5791=CARTESIAN_POINT('Ctrl Pts',(0.862011361709052,-2.08107952035644,42.2916666666667));
#5792=CARTESIAN_POINT('Ctrl Pts',(2.06352318299189,-1.5833970286295,42.375));
#5793=CARTESIAN_POINT('Ctrl Pts',(2.23327341277904,-0.294016022587784,42.4583333333333));
#5794=CARTESIAN_POINT('Ctrl Pts',(2.40302364256617,0.995364983453935,42.5416666666666));
#5795=CARTESIAN_POINT('Ctrl Pts',(1.37126205107049,1.7870634977687,42.625));
#5796=CARTESIAN_POINT('Ctrl Pts',(0.339500459574804,2.57876201208347,42.7083333333333));
#5797=CARTESIAN_POINT('Ctrl Pts',(-0.862011361708026,2.08107952035652,42.7916666666667));
#5798=CARTESIAN_POINT('Ctrl Pts',(-2.06352318299087,1.58339702862959,42.875));
#5799=CARTESIAN_POINT('Ctrl Pts',(-2.23327341277801,0.294016022587864,42.9583333333334));
#5800=CARTESIAN_POINT('Ctrl Pts',(-2.40302364256515,-0.995364983453855,
43.0416666666667));
#5801=CARTESIAN_POINT('Ctrl Pts',(-1.37126205106946,-1.78706349776862,43.125));
#5802=CARTESIAN_POINT('Ctrl Pts',(-0.339500459573778,-2.57876201208339,
43.2083333333333));
#5803=CARTESIAN_POINT('Ctrl Pts',(0.862011361709061,-2.08107952035644,43.2916666666667));
#5804=CARTESIAN_POINT('Ctrl Pts',(2.0635231829919,-1.5833970286295,43.375));
#5805=CARTESIAN_POINT('Ctrl Pts',(2.23327341277905,-0.294016022587784,43.4583333333333));
#5806=CARTESIAN_POINT('Ctrl Pts',(2.40302364256618,0.995364983453935,43.5416666666666));
#5807=CARTESIAN_POINT('Ctrl Pts',(1.3712620510705,1.7870634977687,43.625));
#5808=CARTESIAN_POINT('Ctrl Pts',(0.339500459574817,2.57876201208347,43.7083333333333));
#5809=CARTESIAN_POINT('Ctrl Pts',(-0.862011361708013,2.08107952035652,43.7916666666667));
#5810=CARTESIAN_POINT('Ctrl Pts',(-2.06352318299086,1.58339702862959,43.875));
#5811=CARTESIAN_POINT('Ctrl Pts',(-2.233273412778,0.294016022587864,43.9583333333334));
#5812=CARTESIAN_POINT('Ctrl Pts',(-2.40302364256514,-0.995364983453855,
44.0416666666667));
#5813=CARTESIAN_POINT('Ctrl Pts',(-1.37126205106945,-1.78706349776862,44.125));
#5814=CARTESIAN_POINT('Ctrl Pts',(-0.339500459573765,-2.57876201208339,
44.2083333333333));
#5815=CARTESIAN_POINT('Ctrl Pts',(0.862011361709074,-2.08107952035644,44.2916666666667));
#5816=CARTESIAN_POINT('Ctrl Pts',(2.06352318299191,-1.5833970286295,44.375));
#5817=CARTESIAN_POINT('Ctrl Pts',(2.23327341277907,-0.294016022587784,44.4583333333333));
#5818=CARTESIAN_POINT('Ctrl Pts',(2.4030236425662,0.995364983453935,44.5416666666666));
#5819=CARTESIAN_POINT('Ctrl Pts',(1.37126205107051,1.7870634977687,44.625));
#5820=CARTESIAN_POINT('Ctrl Pts',(0.339500459574826,2.57876201208347,44.7083333333333));
#5821=CARTESIAN_POINT('Ctrl Pts',(-0.862011361708004,2.08107952035652,44.7916666666667));
#5822=CARTESIAN_POINT('Ctrl Pts',(-2.06352318299085,1.58339702862959,44.875));
#5823=CARTESIAN_POINT('Ctrl Pts',(-2.23327341277799,0.294016022587864,44.9583333333334));
#5824=CARTESIAN_POINT('Ctrl Pts',(-2.40302364256513,-0.995364983453855,
45.0416666666667));
#5825=CARTESIAN_POINT('Ctrl Pts',(-1.37126205106944,-1.78706349776862,45.125));
#5826=CARTESIAN_POINT('Ctrl Pts',(-0.339500459573752,-2.57876201208339,
45.2083333333333));
#5827=CARTESIAN_POINT('Ctrl Pts',(0.862011361709087,-2.08107952035644,45.2916666666667));
#5828=CARTESIAN_POINT('Ctrl Pts',(2.06352318299192,-1.5833970286295,45.375));
#5829=CARTESIAN_POINT('Ctrl Pts',(2.23327341277908,-0.294016022587784,45.4583333333333));
#5830=CARTESIAN_POINT('Ctrl Pts',(2.40302364256621,0.995364983453935,45.5416666666666));
#5831=CARTESIAN_POINT('Ctrl Pts',(1.37126205107053,1.7870634977687,45.625));
#5832=CARTESIAN_POINT('Ctrl Pts',(0.33950045957484,2.57876201208346,45.7083333333333));
#5833=CARTESIAN_POINT('Ctrl Pts',(-0.862011361707991,2.08107952035652,45.7916666666667));
#5834=CARTESIAN_POINT('Ctrl Pts',(-2.06352318299084,1.58339702862958,45.875));
#5835=CARTESIAN_POINT('Ctrl Pts',(-2.23327341277797,0.29401602258786,45.9583333333334));
#5836=CARTESIAN_POINT('Ctrl Pts',(-2.40302364256511,-0.995364983453859,
46.0416666666667));
#5837=CARTESIAN_POINT('Ctrl Pts',(-1.37126205106943,-1.78706349776863,46.125));
#5838=CARTESIAN_POINT('Ctrl Pts',(-0.339500459573743,-2.57876201208339,
46.2083333333333));
#5839=CARTESIAN_POINT('Ctrl Pts',(0.862011361709101,-2.08107952035645,46.2916666666667));
#5840=CARTESIAN_POINT('Ctrl Pts',(2.06352318299194,-1.5833970286295,46.375));
#5841=CARTESIAN_POINT('Ctrl Pts',(2.23327341277909,-0.294016022587789,46.4583333333333));
#5842=CARTESIAN_POINT('Ctrl Pts',(2.40302364256622,0.99536498345393,46.5416666666666));
#5843=CARTESIAN_POINT('Ctrl Pts',(1.37126205107053,1.7870634977687,46.625));
#5844=CARTESIAN_POINT('Ctrl Pts',(0.339500459574853,2.57876201208346,46.7083333333333));
#5845=CARTESIAN_POINT('Ctrl Pts',(-0.862011361707977,2.08107952035652,46.7916666666667));
#5846=CARTESIAN_POINT('Ctrl Pts',(-2.06352318299083,1.58339702862958,46.875));
#5847=CARTESIAN_POINT('Ctrl Pts',(-2.23327341277797,0.29401602258786,46.9583333333334));
#5848=CARTESIAN_POINT('Ctrl Pts',(-2.4030236425651,-0.995364983453859,47.0416666666667));
#5849=CARTESIAN_POINT('Ctrl Pts',(-1.37126205106942,-1.78706349776863,47.125));
#5850=CARTESIAN_POINT('Ctrl Pts',(-0.339500459573729,-2.57876201208339,
47.2083333333333));
#5851=CARTESIAN_POINT('Ctrl Pts',(0.86201136170911,-2.08107952035645,47.2916666666667));
#5852=CARTESIAN_POINT('Ctrl Pts',(2.06352318299194,-1.5833970286295,47.375));
#5853=CARTESIAN_POINT('Ctrl Pts',(2.2332734127791,-0.294016022587789,47.4583333333333));
#5854=CARTESIAN_POINT('Ctrl Pts',(2.40302364256623,0.99536498345393,47.5416666666666));
#5855=CARTESIAN_POINT('Ctrl Pts',(1.37126205107055,1.7870634977687,47.625));
#5856=CARTESIAN_POINT('Ctrl Pts',(0.339500459574862,2.57876201208346,47.7083333333333));
#5857=CARTESIAN_POINT('Ctrl Pts',(-0.862011361707964,2.08107952035652,47.7916666666667));
#5858=CARTESIAN_POINT('Ctrl Pts',(-2.06352318299081,1.58339702862958,47.875));
#5859=CARTESIAN_POINT('Ctrl Pts',(-2.23327341277795,0.29401602258786,47.9583333333333));
#5860=CARTESIAN_POINT('Ctrl Pts',(-2.40302364256509,-0.995364983453859,
48.0416666666667));
#5861=CARTESIAN_POINT('Ctrl Pts',(-1.37126205106941,-1.78706349776863,48.125));
#5862=CARTESIAN_POINT('Ctrl Pts',(-0.339500459573716,-2.57876201208339,
48.2083333333333));
#5863=CARTESIAN_POINT('Ctrl Pts',(0.862011361709123,-2.08107952035645,48.2916666666667));
#5864=CARTESIAN_POINT('Ctrl Pts',(2.06352318299196,-1.5833970286295,48.375));
#5865=CARTESIAN_POINT('Ctrl Pts',(2.23327341277911,-0.294016022587789,48.4583333333333));
#5866=CARTESIAN_POINT('Ctrl Pts',(2.40302364256625,0.99536498345393,48.5416666666666));
#5867=CARTESIAN_POINT('Ctrl Pts',(1.37126205107056,1.7870634977687,48.625));
#5868=CARTESIAN_POINT('Ctrl Pts',(0.339500459574875,2.57876201208346,48.7083333333333));
#5869=CARTESIAN_POINT('Ctrl Pts',(-0.862011361707955,2.08107952035652,48.7916666666667));
#5870=CARTESIAN_POINT('Ctrl Pts',(-2.0635231829908,1.58339702862958,48.875));
#5871=CARTESIAN_POINT('Ctrl Pts',(-2.23327341277794,0.29401602258786,48.9583333333333));
#5872=CARTESIAN_POINT('Ctrl Pts',(-2.40302364256508,-0.995364983453859,
49.0416666666667));
#5873=CARTESIAN_POINT('Ctrl Pts',(-1.37126205106939,-1.78706349776863,49.125));
#5874=CARTESIAN_POINT('Ctrl Pts',(-0.339500459573707,-2.57876201208339,
49.2083333333333));
#5875=CARTESIAN_POINT('Ctrl Pts',(0.862011361709136,-2.08107952035645,49.2916666666667));
#5876=CARTESIAN_POINT('Ctrl Pts',(2.06352318299197,-1.5833970286295,49.375));
#5877=CARTESIAN_POINT('Ctrl Pts',(2.23327341277912,-0.294016022587789,49.4583333333333));
#5878=CARTESIAN_POINT('Ctrl Pts',(2.40302364256626,0.99536498345393,49.5416666666666));
#5879=CARTESIAN_POINT('Ctrl Pts',(1.37126205107057,1.7870634977687,49.625));
#5880=CARTESIAN_POINT('Ctrl Pts',(0.339500459574889,2.57876201208346,49.7083333333333));
#5881=CARTESIAN_POINT('Ctrl Pts',(-0.862011361707942,2.08107952035652,49.7916666666667));
#5882=CARTESIAN_POINT('Ctrl Pts',(-2.06352318299079,1.58339702862958,49.875));
#5883=CARTESIAN_POINT('Ctrl Pts',(-2.23327341277793,0.29401602258786,49.9583333333334));
#5884=CARTESIAN_POINT('Ctrl Pts',(-2.40302364256507,-0.995364983453859,
50.0416666666667));
#5885=CARTESIAN_POINT('Ctrl Pts',(-1.37126205106938,-1.78706349776863,50.125));
#5886=CARTESIAN_POINT('Ctrl Pts',(-0.339500459573694,-2.57876201208339,
50.2083333333333));
#5887=CARTESIAN_POINT('Ctrl Pts',(0.862011361709145,-2.08107952035645,50.2916666666667));
#5888=CARTESIAN_POINT('Ctrl Pts',(2.06352318299198,-1.5833970286295,50.375));
#5889=CARTESIAN_POINT('Ctrl Pts',(2.23327341277914,-0.294016022587789,50.4583333333333));
#5890=CARTESIAN_POINT('Ctrl Pts',(2.40302364256627,0.99536498345393,50.5416666666666));
#5891=CARTESIAN_POINT('Ctrl Pts',(1.37126205107058,1.7870634977687,50.625));
#5892=CARTESIAN_POINT('Ctrl Pts',(0.339500459574897,2.57876201208346,50.7083333333333));
#5893=CARTESIAN_POINT('Ctrl Pts',(-0.862011361707928,2.08107952035652,50.7916666666667));
#5894=CARTESIAN_POINT('Ctrl Pts',(-2.06352318299078,1.58339702862958,50.875));
#5895=CARTESIAN_POINT('Ctrl Pts',(-2.23327341277792,0.29401602258786,50.9583333333333));
#5896=CARTESIAN_POINT('Ctrl Pts',(-2.40302364256506,-0.995364983453859,
51.0416666666667));
#5897=CARTESIAN_POINT('Ctrl Pts',(-1.37126205106937,-1.78706349776863,51.125));
#5898=CARTESIAN_POINT('Ctrl Pts',(-0.339500459573681,-2.57876201208339,
51.2083333333333));
#5899=CARTESIAN_POINT('Ctrl Pts',(0.862011361709158,-2.08107952035645,51.2916666666666));
#5900=CARTESIAN_POINT('Ctrl Pts',(2.06352318299199,-1.5833970286295,51.375));
#5901=CARTESIAN_POINT('Ctrl Pts',(2.23327341277915,-0.294016022587789,51.4583333333333));
#5902=CARTESIAN_POINT('Ctrl Pts',(2.40302364256628,0.99536498345393,51.5416666666666));
#5903=CARTESIAN_POINT('Ctrl Pts',(1.3712620510706,1.7870634977687,51.625));
#5904=CARTESIAN_POINT('Ctrl Pts',(0.339500459574911,2.57876201208346,51.7083333333333));
#5905=CARTESIAN_POINT('Ctrl Pts',(-0.862011361707919,2.08107952035652,51.7916666666667));
#5906=CARTESIAN_POINT('Ctrl Pts',(-2.06352318299076,1.58339702862958,51.875));
#5907=CARTESIAN_POINT('Ctrl Pts',(-2.2332734127779,0.29401602258786,51.9583333333333));
#5908=CARTESIAN_POINT('Ctrl Pts',(-2.40302364256504,-0.995364983453859,
52.0416666666667));
#5909=CARTESIAN_POINT('Ctrl Pts',(-1.37126205106936,-1.78706349776863,52.125));
#5910=CARTESIAN_POINT('Ctrl Pts',(-0.339500459573667,-2.57876201208339,
52.2083333333333));
#5911=CARTESIAN_POINT('Ctrl Pts',(0.862011361709172,-2.08107952035645,52.2916666666666));
#5912=CARTESIAN_POINT('Ctrl Pts',(2.06352318299201,-1.5833970286295,52.375));
#5913=CARTESIAN_POINT('Ctrl Pts',(2.23327341277916,-0.294016022587789,52.4583333333333));
#5914=CARTESIAN_POINT('Ctrl Pts',(2.40302364256629,0.99536498345393,52.5416666666666));
#5915=CARTESIAN_POINT('Ctrl Pts',(1.37126205107061,1.7870634977687,52.625));
#5916=CARTESIAN_POINT('Ctrl Pts',(0.339500459574924,2.57876201208346,52.7083333333333));
#5917=CARTESIAN_POINT('Ctrl Pts',(-0.862011361707906,2.08107952035652,52.7916666666667));
#5918=CARTESIAN_POINT('Ctrl Pts',(-2.06352318299075,1.58339702862958,52.875));
#5919=CARTESIAN_POINT('Ctrl Pts',(-2.23327341277789,0.29401602258786,52.9583333333334));
#5920=CARTESIAN_POINT('Ctrl Pts',(-2.40302364256503,-0.995364983453859,
53.0416666666667));
#5921=CARTESIAN_POINT('Ctrl Pts',(-1.37126205106934,-1.78706349776863,53.125));
#5922=CARTESIAN_POINT('Ctrl Pts',(-0.339500459573658,-2.57876201208339,
53.2083333333333));
#5923=CARTESIAN_POINT('Ctrl Pts',(0.862011361709181,-2.08107952035645,53.2916666666666));
#5924=CARTESIAN_POINT('Ctrl Pts',(2.06352318299202,-1.5833970286295,53.375));
#5925=CARTESIAN_POINT('Ctrl Pts',(2.23327341277917,-0.294016022587789,53.4583333333333));
#5926=CARTESIAN_POINT('Ctrl Pts',(2.4030236425663,0.99536498345393,53.5416666666666));
#5927=CARTESIAN_POINT('Ctrl Pts',(1.37126205107062,1.7870634977687,53.625));
#5928=CARTESIAN_POINT('Ctrl Pts',(0.339500459574937,2.57876201208346,53.7083333333333));
#5929=CARTESIAN_POINT('Ctrl Pts',(-0.862011361707893,2.08107952035652,53.7916666666667));
#5930=CARTESIAN_POINT('Ctrl Pts',(-2.06352318299074,1.58339702862958,53.875));
#5931=CARTESIAN_POINT('Ctrl Pts',(-2.23327341277788,0.29401602258786,53.9583333333334));
#5932=CARTESIAN_POINT('Ctrl Pts',(-2.40302364256502,-0.995364983453859,
54.0416666666667));
#5933=CARTESIAN_POINT('Ctrl Pts',(-1.37126205106933,-1.78706349776863,54.125));
#5934=CARTESIAN_POINT('Ctrl Pts',(-0.339500459573645,-2.57876201208339,
54.2083333333333));
#5935=CARTESIAN_POINT('Ctrl Pts',(0.862011361709194,-2.08107952035645,54.2916666666667));
#5936=CARTESIAN_POINT('Ctrl Pts',(2.06352318299203,-1.5833970286295,54.375));
#5937=CARTESIAN_POINT('Ctrl Pts',(2.23327341277919,-0.294016022587789,54.4583333333333));
#5938=CARTESIAN_POINT('Ctrl Pts',(2.40302364256632,0.99536498345393,54.5416666666666));
#5939=CARTESIAN_POINT('Ctrl Pts',(1.37126205107063,1.7870634977687,54.625));
#5940=CARTESIAN_POINT('Ctrl Pts',(0.339500459574946,2.57876201208346,54.7083333333333));
#5941=CARTESIAN_POINT('Ctrl Pts',(-0.86201136170788,2.08107952035652,54.7916666666667));
#5942=CARTESIAN_POINT('Ctrl Pts',(-2.06352318299073,1.58339702862958,54.875));
#5943=CARTESIAN_POINT('Ctrl Pts',(-2.23327341277787,0.29401602258786,54.9583333333334));
#5944=CARTESIAN_POINT('Ctrl Pts',(-2.40302364256501,-0.995364983453859,
55.0416666666667));
#5945=CARTESIAN_POINT('Ctrl Pts',(-1.37126205106932,-1.78706349776863,55.125));
#5946=CARTESIAN_POINT('Ctrl Pts',(-0.339500459573632,-2.57876201208339,
55.2083333333333));
#5947=CARTESIAN_POINT('Ctrl Pts',(0.862011361709207,-2.08107952035645,55.2916666666667));
#5948=CARTESIAN_POINT('Ctrl Pts',(2.06352318299204,-1.5833970286295,55.375));
#5949=CARTESIAN_POINT('Ctrl Pts',(2.2332734127792,-0.294016022587789,55.4583333333333));
#5950=CARTESIAN_POINT('Ctrl Pts',(2.40302364256633,0.99536498345393,55.5416666666666));
#5951=CARTESIAN_POINT('Ctrl Pts',(1.37126205107065,1.7870634977687,55.625));
#5952=CARTESIAN_POINT('Ctrl Pts',(0.33950045957496,2.57876201208346,55.7083333333333));
#5953=CARTESIAN_POINT('Ctrl Pts',(-0.862011361707871,2.08107952035652,55.7916666666667));
#5954=CARTESIAN_POINT('Ctrl Pts',(-2.06352318299072,1.58339702862958,55.875));
#5955=CARTESIAN_POINT('Ctrl Pts',(-2.23327341277785,0.29401602258786,55.9583333333333));
#5956=CARTESIAN_POINT('Ctrl Pts',(-2.40302364256499,-0.995364983453859,
56.0416666666667));
#5957=CARTESIAN_POINT('Ctrl Pts',(-1.37126205106931,-1.78706349776863,56.125));
#5958=CARTESIAN_POINT('Ctrl Pts',(-0.339500459573623,-2.57876201208339,
56.2083333333333));
#5959=CARTESIAN_POINT('Ctrl Pts',(0.862011361709221,-2.08107952035645,56.2916666666666));
#5960=CARTESIAN_POINT('Ctrl Pts',(2.06352318299206,-1.5833970286295,56.375));
#5961=CARTESIAN_POINT('Ctrl Pts',(2.23327341277921,-0.294016022587789,56.4583333333333));
#5962=CARTESIAN_POINT('Ctrl Pts',(2.40302364256634,0.99536498345393,56.5416666666666));
#5963=CARTESIAN_POINT('Ctrl Pts',(1.37126205107065,1.7870634977687,56.625));
#5964=CARTESIAN_POINT('Ctrl Pts',(0.339500459574973,2.57876201208346,56.7083333333333));
#5965=CARTESIAN_POINT('Ctrl Pts',(-0.862011361707857,2.08107952035652,56.7916666666667));
#5966=CARTESIAN_POINT('Ctrl Pts',(-2.06352318299071,1.58339702862958,56.875));
#5967=CARTESIAN_POINT('Ctrl Pts',(-2.23327341277785,0.29401602258786,56.9583333333333));
#5968=CARTESIAN_POINT('Ctrl Pts',(-2.40302364256498,-0.995364983453859,
57.0416666666667));
#5969=CARTESIAN_POINT('Ctrl Pts',(-1.3712620510693,-1.78706349776863,57.125));
#5970=CARTESIAN_POINT('Ctrl Pts',(-0.33950045957361,-2.57876201208339,57.2083333333333));
#5971=CARTESIAN_POINT('Ctrl Pts',(0.86201136170923,-2.08107952035645,57.2916666666666));
#5972=CARTESIAN_POINT('Ctrl Pts',(2.06352318299207,-1.5833970286295,57.375));
#5973=CARTESIAN_POINT('Ctrl Pts',(2.23327341277922,-0.294016022587789,57.4583333333333));
#5974=CARTESIAN_POINT('Ctrl Pts',(2.40302364256635,0.995364983453926,57.5416666666666));
#5975=CARTESIAN_POINT('Ctrl Pts',(1.37126205107067,1.78706349776869,57.625));
#5976=CARTESIAN_POINT('Ctrl Pts',(0.339500459574982,2.57876201208346,57.7083333333333));
#5977=CARTESIAN_POINT('Ctrl Pts',(-0.862011361707844,2.08107952035651,57.7916666666667));
#5978=CARTESIAN_POINT('Ctrl Pts',(-2.06352318299069,1.58339702862958,57.875));
#5979=CARTESIAN_POINT('Ctrl Pts',(-2.23327341277783,0.294016022587855,57.9583333333333));
#5980=CARTESIAN_POINT('Ctrl Pts',(-2.40302364256497,-0.995364983453864,
58.0416666666667));
#5981=CARTESIAN_POINT('Ctrl Pts',(-1.37126205106928,-1.78706349776863,58.125));
#5982=CARTESIAN_POINT('Ctrl Pts',(-0.339500459573596,-2.5787620120834,58.2083333333333));
#5983=CARTESIAN_POINT('Ctrl Pts',(0.862011361709243,-2.08107952035645,58.2916666666666));
#5984=CARTESIAN_POINT('Ctrl Pts',(2.06352318299208,-1.58339702862951,58.375));
#5985=CARTESIAN_POINT('Ctrl Pts',(2.23327341277923,-0.294016022587793,58.4583333333333));
#5986=CARTESIAN_POINT('Ctrl Pts',(2.40302364256637,0.995364983453926,58.5416666666666));
#5987=CARTESIAN_POINT('Ctrl Pts',(1.37126205107068,1.78706349776869,58.625));
#5988=CARTESIAN_POINT('Ctrl Pts',(0.339500459574995,2.57876201208346,58.7083333333333));
#5989=CARTESIAN_POINT('Ctrl Pts',(-0.862011361707835,2.08107952035651,58.7916666666667));
#5990=CARTESIAN_POINT('Ctrl Pts',(-2.06352318299068,1.58339702862958,58.875));
#5991=CARTESIAN_POINT('Ctrl Pts',(-2.23327341277782,0.294016022587855,58.9583333333333));
#5992=CARTESIAN_POINT('Ctrl Pts',(-2.40302364256496,-0.995364983453864,
59.0416666666667));
#5993=CARTESIAN_POINT('Ctrl Pts',(-1.37126205106927,-1.78706349776863,59.125));
#5994=CARTESIAN_POINT('Ctrl Pts',(-0.339500459573587,-2.5787620120834,59.2083333333333));
#5995=CARTESIAN_POINT('Ctrl Pts',(0.862011361709256,-2.08107952035645,59.2916666666667));
#5996=CARTESIAN_POINT('Ctrl Pts',(2.06352318299209,-1.58339702862951,59.375));
#5997=CARTESIAN_POINT('Ctrl Pts',(2.23327341277924,-0.294016022587793,59.4583333333333));
#5998=CARTESIAN_POINT('Ctrl Pts',(2.40302364256638,0.995364983453926,59.5416666666666));
#5999=CARTESIAN_POINT('Ctrl Pts',(1.37126205107069,1.78706349776869,59.625));
#6000=CARTESIAN_POINT('Ctrl Pts',(0.339500459575008,2.57876201208346,59.7083333333333));
#6001=CARTESIAN_POINT('Ctrl Pts',(-0.862011361707822,2.08107952035651,59.7916666666667));
#6002=CARTESIAN_POINT('Ctrl Pts',(-2.06352318299067,1.58339702862958,59.875));
#6003=CARTESIAN_POINT('Ctrl Pts',(-2.23327341277781,0.294016022587855,59.9583333333334));
#6004=CARTESIAN_POINT('Ctrl Pts',(-2.40302364256495,-0.995364983453864,
60.0416666666667));
#6005=CARTESIAN_POINT('Ctrl Pts',(-1.37126205106926,-1.78706349776863,60.125));
#6006=CARTESIAN_POINT('Ctrl Pts',(-0.339500459573574,-2.5787620120834,60.2083333333333));
#6007=CARTESIAN_POINT('Ctrl Pts',(0.862011361709265,-2.08107952035645,60.2916666666667));
#6008=CARTESIAN_POINT('Ctrl Pts',(2.0635231829921,-1.58339702862951,60.375));
#6009=CARTESIAN_POINT('Ctrl Pts',(2.23327341277926,-0.294016022587793,60.4583333333333));
#6010=CARTESIAN_POINT('Ctrl Pts',(2.40302364256639,0.995364983453926,60.5416666666666));
#6011=CARTESIAN_POINT('Ctrl Pts',(1.3712620510707,1.78706349776869,60.625));
#6012=CARTESIAN_POINT('Ctrl Pts',(0.339500459575022,2.57876201208346,60.7083333333333));
#6013=CARTESIAN_POINT('Ctrl Pts',(-0.862011361707808,2.08107952035651,60.7916666666667));
#6014=CARTESIAN_POINT('Ctrl Pts',(-2.06352318299066,1.58339702862958,60.875));
#6015=CARTESIAN_POINT('Ctrl Pts',(-2.2332734127778,0.294016022587855,60.9583333333333));
#6016=CARTESIAN_POINT('Ctrl Pts',(-2.40302364256494,-0.995364983453864,
61.0416666666667));
#6017=CARTESIAN_POINT('Ctrl Pts',(-1.37126205106925,-1.78706349776863,61.125));
#6018=CARTESIAN_POINT('Ctrl Pts',(-0.339500459573561,-2.5787620120834,61.2083333333333));
#6019=CARTESIAN_POINT('Ctrl Pts',(0.862011361709278,-2.08107952035645,61.2916666666666));
#6020=CARTESIAN_POINT('Ctrl Pts',(2.06352318299211,-1.58339702862951,61.375));
#6021=CARTESIAN_POINT('Ctrl Pts',(2.23327341277927,-0.294016022587793,61.4583333333333));
#6022=CARTESIAN_POINT('Ctrl Pts',(2.4030236425664,0.995364983453926,61.5416666666666));
#6023=CARTESIAN_POINT('Ctrl Pts',(1.37126205107072,1.78706349776869,61.625));
#6024=CARTESIAN_POINT('Ctrl Pts',(0.339500459575031,2.57876201208346,61.7083333333333));
#6025=CARTESIAN_POINT('Ctrl Pts',(-0.8620113617078,2.08107952035651,61.7916666666667));
#6026=CARTESIAN_POINT('Ctrl Pts',(-2.06352318299064,1.58339702862958,61.875));
#6027=CARTESIAN_POINT('Ctrl Pts',(-2.23327341277778,0.294016022587855,61.9583333333333));
#6028=CARTESIAN_POINT('Ctrl Pts',(-2.40302364256492,-0.995364983453864,
62.0416666666667));
#6029=CARTESIAN_POINT('Ctrl Pts',(-1.37126205106924,-1.78706349776863,62.125));
#6030=CARTESIAN_POINT('Ctrl Pts',(-0.339500459573547,-2.5787620120834,62.2083333333333));
#6031=CARTESIAN_POINT('Ctrl Pts',(0.862011361709292,-2.08107952035645,62.2916666666666));
#6032=CARTESIAN_POINT('Ctrl Pts',(2.06352318299213,-1.58339702862951,62.375));
#6033=CARTESIAN_POINT('Ctrl Pts',(2.23327341277928,-0.294016022587793,62.4583333333333));
#6034=CARTESIAN_POINT('Ctrl Pts',(2.40302364256641,0.995364983453926,62.5416666666666));
#6035=CARTESIAN_POINT('Ctrl Pts',(1.37126205107073,1.78706349776869,62.625));
#6036=CARTESIAN_POINT('Ctrl Pts',(0.339500459575044,2.57876201208346,62.7083333333333));
#6037=CARTESIAN_POINT('Ctrl Pts',(-0.862011361707786,2.08107952035651,62.7916666666667));
#6038=CARTESIAN_POINT('Ctrl Pts',(-2.06352318299063,1.58339702862958,62.875));
#6039=CARTESIAN_POINT('Ctrl Pts',(-2.23327341277777,0.294016022587855,62.9583333333333));
#6040=CARTESIAN_POINT('Ctrl Pts',(-2.40302364256491,-0.995364983453864,
63.0416666666667));
#6041=CARTESIAN_POINT('Ctrl Pts',(-1.37126205106922,-1.78706349776863,63.125));
#6042=CARTESIAN_POINT('Ctrl Pts',(-0.339500459573538,-2.5787620120834,63.2083333333333));
#6043=CARTESIAN_POINT('Ctrl Pts',(0.862011361709305,-2.08107952035645,63.2916666666667));
#6044=CARTESIAN_POINT('Ctrl Pts',(2.06352318299214,-1.58339702862951,63.375));
#6045=CARTESIAN_POINT('Ctrl Pts',(2.23327341277929,-0.294016022587793,63.4583333333333));
#6046=CARTESIAN_POINT('Ctrl Pts',(2.40302364256642,0.995364983453926,63.5416666666666));
#6047=CARTESIAN_POINT('Ctrl Pts',(1.37126205107074,1.78706349776869,63.625));
#6048=CARTESIAN_POINT('Ctrl Pts',(0.339500459575057,2.57876201208346,63.7083333333333));
#6049=CARTESIAN_POINT('Ctrl Pts',(-0.862011361707773,2.08107952035651,63.7916666666667));
#6050=CARTESIAN_POINT('Ctrl Pts',(-2.06352318299062,1.58339702862958,63.875));
#6051=CARTESIAN_POINT('Ctrl Pts',(-2.23327341277776,0.294016022587855,63.9583333333333));
#6052=CARTESIAN_POINT('Ctrl Pts',(-2.4030236425649,-0.995364983453864,64.0416666666667));
#6053=CARTESIAN_POINT('Ctrl Pts',(-1.37126205106921,-1.78706349776863,64.125));
#6054=CARTESIAN_POINT('Ctrl Pts',(-0.339500459573525,-2.5787620120834,64.2083333333333));
#6055=CARTESIAN_POINT('Ctrl Pts',(0.862011361709314,-2.08107952035645,64.2916666666667));
#6056=CARTESIAN_POINT('Ctrl Pts',(2.06352318299215,-1.58339702862951,64.375));
#6057=CARTESIAN_POINT('Ctrl Pts',(2.23327341277931,-0.294016022587793,64.4583333333333));
#6058=CARTESIAN_POINT('Ctrl Pts',(2.40302364256644,0.995364983453926,64.5416666666666));
#6059=CARTESIAN_POINT('Ctrl Pts',(1.37126205107075,1.78706349776869,64.625));
#6060=CARTESIAN_POINT('Ctrl Pts',(0.339500459575066,2.57876201208346,64.7083333333333));
#6061=CARTESIAN_POINT('Ctrl Pts',(-0.86201136170776,2.08107952035651,64.7916666666667));
#6062=CARTESIAN_POINT('Ctrl Pts',(-2.06352318299061,1.58339702862958,64.875));
#6063=CARTESIAN_POINT('Ctrl Pts',(-2.23327341277775,0.294016022587855,64.9583333333334));
#6064=CARTESIAN_POINT('Ctrl Pts',(-2.40302364256489,-0.995364983453864,
65.0416666666667));
#6065=CARTESIAN_POINT('Ctrl Pts',(-1.3712620510692,-1.78706349776863,65.125));
#6066=CARTESIAN_POINT('Ctrl Pts',(-0.339500459573512,-2.5787620120834,65.2083333333333));
#6067=CARTESIAN_POINT('Ctrl Pts',(0.862011361709327,-2.08107952035645,65.2916666666667));
#6068=CARTESIAN_POINT('Ctrl Pts',(2.06352318299216,-1.58339702862951,65.375));
#6069=CARTESIAN_POINT('Ctrl Pts',(2.23327341277932,-0.294016022587793,65.4583333333333));
#6070=CARTESIAN_POINT('Ctrl Pts',(2.40302364256645,0.995364983453926,65.5416666666666));
#6071=CARTESIAN_POINT('Ctrl Pts',(1.37126205107077,1.78706349776869,65.625));
#6072=CARTESIAN_POINT('Ctrl Pts',(0.339500459575079,2.57876201208346,65.7083333333333));
#6073=CARTESIAN_POINT('Ctrl Pts',(-0.862011361707751,2.08107952035651,65.7916666666667));
#6074=CARTESIAN_POINT('Ctrl Pts',(-2.06352318299059,1.58339702862958,65.875));
#6075=CARTESIAN_POINT('Ctrl Pts',(-2.23327341277773,0.294016022587855,65.9583333333333));
#6076=CARTESIAN_POINT('Ctrl Pts',(-2.40302364256487,-0.995364983453864,
66.0416666666667));
#6077=CARTESIAN_POINT('Ctrl Pts',(-1.37126205106919,-1.78706349776863,66.125));
#6078=CARTESIAN_POINT('Ctrl Pts',(-0.339500459573503,-2.5787620120834,66.2083333333333));
#6079=CARTESIAN_POINT('Ctrl Pts',(0.862011361709341,-2.08107952035645,66.2916666666666));
#6080=CARTESIAN_POINT('Ctrl Pts',(2.06352318299218,-1.58339702862951,66.375));
#6081=CARTESIAN_POINT('Ctrl Pts',(2.23327341277933,-0.294016022587793,66.4583333333333));
#6082=CARTESIAN_POINT('Ctrl Pts',(2.40302364256646,0.995364983453926,66.5416666666666));
#6083=CARTESIAN_POINT('Ctrl Pts',(1.37126205107078,1.78706349776869,66.625));
#6084=CARTESIAN_POINT('',(-2.29099055930059,0.0161280075265556,4.));
#6085=CARTESIAN_POINT('Ctrl Pts',(-2.23049942154564,-0.314369031945161,
4.));
#6086=CARTESIAN_POINT('Ctrl Pts',(-2.25859821000572,-0.208049405662568,
4.));
#6087=CARTESIAN_POINT('Ctrl Pts',(-2.27910367382993,-0.0980478282063409,
4.));
#6088=CARTESIAN_POINT('Ctrl Pts',(-2.29099055930059,0.0161280075265559,
4.));
#6089=CARTESIAN_POINT('Ctrl Pts',(-1.37126205106998,-1.78706349776861,0.125000000000015));
#6090=CARTESIAN_POINT('Ctrl Pts',(-0.339500459574293,-2.57876201208338,
0.208333333333339));
#6091=CARTESIAN_POINT('Ctrl Pts',(0.862011361708546,-2.08107952035643,0.291666666666655));
#6092=CARTESIAN_POINT('Ctrl Pts',(2.06352318299138,-1.58339702862949,0.374999999999974));
#6093=CARTESIAN_POINT('Ctrl Pts',(2.23327341277853,-0.294016022587771,0.458333333333307));
#6094=CARTESIAN_POINT('Ctrl Pts',(2.40302364256568,0.995364983453944,0.541666666666636));
#6095=CARTESIAN_POINT('Ctrl Pts',(1.37126205106998,1.78706349776871,0.624999999999987));
#6096=CARTESIAN_POINT('Ctrl Pts',(0.339500459574298,2.57876201208348,0.708333333333333));
#6097=CARTESIAN_POINT('Ctrl Pts',(-0.862011361708532,2.08107952035653,0.791666666666675));
#6098=CARTESIAN_POINT('Ctrl Pts',(-2.06352318299138,1.5833970286296,0.875000000000026));
#6099=CARTESIAN_POINT('Ctrl Pts',(-2.23327341277852,0.294016022587877,0.958333333333359));
#6100=CARTESIAN_POINT('Ctrl Pts',(-2.40302364256566,-0.995364983453841,
1.0416666666667));
#6101=CARTESIAN_POINT('Ctrl Pts',(-1.37126205106997,-1.78706349776861,1.12500000000002));
#6102=CARTESIAN_POINT('',(-2.29889263021482,0.112950152110599,0.));
#6103=CARTESIAN_POINT('Ctrl Pts',(-2.29889263021482,0.112950152110602,-3.54002769587719E-16));
#6104=CARTESIAN_POINT('Ctrl Pts',(-2.29034652094912,-0.0313962569895877,
-3.54002769587719E-16));
#6105=CARTESIAN_POINT('Ctrl Pts',(-2.26745345402856,-0.174543112802882,
7.31900488007387E-17));
#6106=CARTESIAN_POINT('Ctrl Pts',(-2.23049942154569,-0.314369031945118,
7.31900488007387E-17));
#6107=CARTESIAN_POINT('Ctrl Pts',(2.41062930190266,1.56668164243758,-0.0529033502609287));
#6108=CARTESIAN_POINT('Ctrl Pts',(2.24344637167063,1.74321821208315,-0.0657692211690857));
#6109=CARTESIAN_POINT('Ctrl Pts',(2.05350998232906,1.89781565068503,-0.0793732269179446));
#6110=CARTESIAN_POINT('Ctrl Pts',(1.52465027415703,2.23142726707273,-0.111465539174099));
#6111=CARTESIAN_POINT('Ctrl Pts',(1.17238000747637,2.36885878735496,-0.127520969043284));
#6112=CARTESIAN_POINT('Ctrl Pts',(0.435632735601599,2.50043264441883,-0.142906612758525));
#6113=CARTESIAN_POINT('Ctrl Pts',(0.0637555444405402,2.49734839977196,-0.142514706578507));
#6114=CARTESIAN_POINT('Ctrl Pts',(-0.586784178734227,2.36965316085867,-0.127642936064326));
#6115=CARTESIAN_POINT('Ctrl Pts',(-0.837428931480306,2.27520800709145,-0.1169741922374));
#6116=CARTESIAN_POINT('Ctrl Pts',(-1.32080351734552,2.0305776166605,-0.091612427365276));
#6117=CARTESIAN_POINT('Ctrl Pts',(-1.57732380410216,1.83258788900875,-0.0725692025249055));
#6118=CARTESIAN_POINT('Ctrl Pts',(-1.92205387473041,1.42786203074888,-0.0426174154575387));
#6119=CARTESIAN_POINT('Ctrl Pts',(-2.03627508894329,1.24849966916526,-0.0313234653518134));
#6120=CARTESIAN_POINT('Ctrl Pts',(-2.20421756682423,0.870803863552887,-0.0135127883815559));
#6121=CARTESIAN_POINT('Ctrl Pts',(-2.25945217701183,0.676267450591478,-0.00693344102228498));
#6122=CARTESIAN_POINT('Ctrl Pts',(-2.30691845368705,0.309833401312939,-0.00027683245339515));
#6123=CARTESIAN_POINT('Ctrl Pts',(-2.30291181676084,0.180835446738105,-3.64772569371395E-16));
#6124=CARTESIAN_POINT('Ctrl Pts',(-2.29889263021482,0.112950152110602,-3.54322352165946E-16));
#6125=CARTESIAN_POINT('Ctrl Pts',(-1.75018910839399,-2.2808908533293,0.500000000000043));
#6126=CARTESIAN_POINT('Ctrl Pts',(-0.95123664401802,-2.89394864135728,0.550558690665116));
#6127=CARTESIAN_POINT('Ctrl Pts',(0.173786884918865,-3.03989269113379,0.616323810536854));
#6128=CARTESIAN_POINT('Ctrl Pts',(1.1002148680458,-2.65615365596067,0.666666666666682));
#6129=CARTESIAN_POINT('Ctrl Pts',(2.02663885316129,-2.2724162768181,0.717009305541287));
#6130=CARTESIAN_POINT('Ctrl Pts',(2.71956851756646,-1.36905677745859,0.783010008672327));
#6131=CARTESIAN_POINT('Ctrl Pts',(2.85040397643979,-0.375262802631302,0.833333333333335));
#6132=CARTESIAN_POINT('Ctrl Pts',(2.98124394860744,0.618565454069797,0.883658393945557));
#6133=CARTESIAN_POINT('Ctrl Pts',(2.54813617265884,1.66860453594044,0.949504932285561));
#6134=CARTESIAN_POINT('Ctrl Pts',(1.75018910839396,2.28089085332944,1.));
#6135=CARTESIAN_POINT('Ctrl Pts',(0.952634527395295,2.89287600771596,1.05047023089258));
#6136=CARTESIAN_POINT('Ctrl Pts',(-0.173064369264706,3.04019196691687,1.11628454844386));
#6137=CARTESIAN_POINT('Ctrl Pts',(-1.10021486804578,2.65615365596077,1.16666666666671));
#6138=CARTESIAN_POINT('Ctrl Pts',(-2.02727204550909,2.27215399996015,1.21704371373264));
#6139=CARTESIAN_POINT('Ctrl Pts',(-2.7196041632055,1.36878602194945,1.28302371907691));
#6140=CARTESIAN_POINT('Ctrl Pts',(-2.85040397643978,0.37526280263136,1.33333333333341));
#6141=CARTESIAN_POINT('Ctrl Pts',(-2.98120671925452,-0.618282669059558,
1.38364407439627));
#6142=CARTESIAN_POINT('Ctrl Pts',(-2.54719361112072,-1.66932778884632,1.4495645787344));
#6143=CARTESIAN_POINT('Ctrl Pts',(-1.75018910839398,-2.2808908533293,1.50000000000004));
#6144=CARTESIAN_POINT('Ctrl Pts',(-2.29099055930059,0.0161280075265549,
4.));
#6145=CARTESIAN_POINT('Ctrl Pts',(-2.31492345689457,0.2460081212912,4.));
#6146=CARTESIAN_POINT('Ctrl Pts',(-2.29268256144853,0.45406854467428,3.99604145980137));
#6147=CARTESIAN_POINT('Ctrl Pts',(-2.2166476350837,0.811724169605284,3.98540056631096));
#6148=CARTESIAN_POINT('Ctrl Pts',(-2.15180786776128,0.990929328219292,3.97750705278669));
#6149=CARTESIAN_POINT('Ctrl Pts',(-1.93037390606608,1.41780645850922,3.95365945646997));
#6150=CARTESIAN_POINT('Ctrl Pts',(-1.7460286164034,1.64629569299773,3.93596901505644));
#6151=CARTESIAN_POINT('Ctrl Pts',(-1.27130353620364,2.05417487715523,3.89961617957108));
#6152=CARTESIAN_POINT('Ctrl Pts',(-1.02503880312983,2.17309599590863,3.8862964268968));
#6153=CARTESIAN_POINT('Ctrl Pts',(-0.692674993672803,2.31642067063404,3.87070809255003));
#6154=CARTESIAN_POINT('Ctrl Pts',(-0.489539301749237,2.37852428228379,3.86346455335548));
#6155=CARTESIAN_POINT('Ctrl Pts',(-0.0106091009600493,2.47017882897066,
3.85265001455302));
#6156=CARTESIAN_POINT('Ctrl Pts',(0.266897386167091,2.48380781739691,3.85095037796694));
#6157=CARTESIAN_POINT('Ctrl Pts',(0.866095738483528,2.42971042045377,3.85744309642451));
#6158=CARTESIAN_POINT('Ctrl Pts',(1.18402286883368,2.34719079732428,3.86747852979837));
#6159=CARTESIAN_POINT('Ctrl Pts',(1.70831210105031,2.11098149964466,3.89294623375965));
#6160=CARTESIAN_POINT('Ctrl Pts',(1.92635537108624,1.97655763616153,3.90664328275864));
#6161=CARTESIAN_POINT('Ctrl Pts',(2.23306658655387,1.73060717901623,3.92838229821535));
#6162=CARTESIAN_POINT('Ctrl Pts',(2.33896470116876,1.63201623779349,3.93649276922633));
#6163=CARTESIAN_POINT('Ctrl Pts',(2.43667577548179,1.52585587953879,3.94433226477376));
#6164=CARTESIAN_POINT('Origin',(-5.32907051820075E-14,5.77315972805081E-14,
-3.99999999999999));
#6165=CARTESIAN_POINT('Ctrl Pts',(-1.75018910839378,-2.28089085332931,17.625));
#6166=CARTESIAN_POINT('Ctrl Pts',(-2.54714113493685,-1.66936805523828,17.5745678994915));
#6167=CARTESIAN_POINT('Ctrl Pts',(-2.98120547454957,-0.618273214588165,
17.5086435956446));
#6168=CARTESIAN_POINT('Ctrl Pts',(-2.85040397643959,0.375262802631373,17.4583333333333));
#6169=CARTESIAN_POINT('Ctrl Pts',(-2.71960526273737,1.3687776701742,17.4080241419906));
#6170=CARTESIAN_POINT('Ctrl Pts',(-2.02731785387039,2.27213502551554,17.3420462029965));
#6171=CARTESIAN_POINT('Ctrl Pts',(-1.10021486804559,2.65615365596076,17.2916666666667));
#6172=CARTESIAN_POINT('Ctrl Pts',(-0.173027056151778,3.04020742251421,17.2412825208187));
#6173=CARTESIAN_POINT('Ctrl Pts',(0.952675658659157,2.89284444658731,17.1754676280558));
#6174=CARTESIAN_POINT('Ctrl Pts',(1.75018910839421,2.2808908533294,17.125));
#6175=CARTESIAN_POINT('Ctrl Pts',(2.5480744770022,1.66865187668294,17.0745088364623));
#6176=CARTESIAN_POINT('Ctrl Pts',(2.9812407978855,0.61854152195925,17.0086571820813));
#6177=CARTESIAN_POINT('Ctrl Pts',(2.85040397643999,-0.375262802631329,16.9583333333333));
#6178=CARTESIAN_POINT('Ctrl Pts',(2.71957163119376,-1.36903312711282,16.9080112062686));
#6179=CARTESIAN_POINT('Ctrl Pts',(2.02667104909343,-2.27240294082644,16.8420110550946));
#6180=CARTESIAN_POINT('Ctrl Pts',(1.10021486804604,-2.65615365596065,16.7916666666666));
#6181=CARTESIAN_POINT('Ctrl Pts',(0.173568169050178,-3.03998328621299,16.7413119253372));
#6182=CARTESIAN_POINT('Ctrl Pts',(-0.951996499794014,-2.89336558351325,
16.6755106060607));
#6183=CARTESIAN_POINT('Ctrl Pts',(-1.75018910839381,-2.2808908533293,16.625));
#6184=CARTESIAN_POINT('Ctrl Pts',(1.37125792263585,1.78705811748868,-4.49999591435148));
#6185=CARTESIAN_POINT('Ctrl Pts',(0.339499437446289,2.57875424825093,-4.41666258101813));
#6186=CARTESIAN_POINT('Ctrl Pts',(-0.862008766466444,2.08107325488774,-4.33332924768478));
#6187=CARTESIAN_POINT('Ctrl Pts',(-2.06351697037918,1.58339226152455,-4.24999591435144));
#6188=CARTESIAN_POINT('Ctrl Pts',(-2.23326668910234,0.294015137399115,-4.1666625810181));
#6189=CARTESIAN_POINT('Ctrl Pts',(-2.40301640782552,-0.995361986726322,
-4.08332924768477));
#6190=CARTESIAN_POINT('Ctrl Pts',(-1.37125792263596,-1.78705811748857,-3.99999591435145));
#6191=CARTESIAN_POINT('Ctrl Pts',(-0.339499437446396,-2.57875424825081,
-3.91666258101814));
#6192=CARTESIAN_POINT('Ctrl Pts',(0.862008766466338,-2.08107325488762,-3.8333292476848));
#6193=CARTESIAN_POINT('Ctrl Pts',(2.06351697037908,-1.58339226152444,-3.74999591435148));
#6194=CARTESIAN_POINT('Ctrl Pts',(2.23326668910225,-0.294015137398995,-3.66666258101816));
#6195=CARTESIAN_POINT('Ctrl Pts',(2.40301640782543,0.995361986726433,-3.58332924768482));
#6196=CARTESIAN_POINT('Ctrl Pts',(1.37125792263586,1.78705811748868,-3.49999591435147));
#6197=CARTESIAN_POINT('Ctrl Pts',(0.339499437446302,2.57875424825093,-3.41666258101813));
#6198=CARTESIAN_POINT('Ctrl Pts',(-0.862008766466431,2.08107325488774,-3.33332924768479));
#6199=CARTESIAN_POINT('Ctrl Pts',(-2.06351697037917,1.58339226152455,-3.24999591435144));
#6200=CARTESIAN_POINT('Ctrl Pts',(-2.23326668910233,0.294015137399115,-3.1666625810181));
#6201=CARTESIAN_POINT('Ctrl Pts',(-2.40301640782551,-0.995361986726322,
-3.08332924768477));
#6202=CARTESIAN_POINT('Ctrl Pts',(-1.37125792263594,-1.78705811748857,-2.99999591435145));
#6203=CARTESIAN_POINT('Ctrl Pts',(-0.339499437446387,-2.57875424825081,
-2.91666258101813));
#6204=CARTESIAN_POINT('Ctrl Pts',(0.862008766466351,-2.08107325488762,-2.83332924768481));
#6205=CARTESIAN_POINT('Ctrl Pts',(2.0635169703791,-1.58339226152444,-2.74999591435149));
#6206=CARTESIAN_POINT('Ctrl Pts',(2.23326668910226,-0.294015137398995,-2.66666258101816));
#6207=CARTESIAN_POINT('Ctrl Pts',(2.40301640782544,0.995361986726433,-2.58332924768482));
#6208=CARTESIAN_POINT('Ctrl Pts',(1.37125792263587,1.78705811748868,-2.49999591435147));
#6209=CARTESIAN_POINT('Ctrl Pts',(0.339499437446316,2.57875424825093,-2.41666258101813));
#6210=CARTESIAN_POINT('Ctrl Pts',(-0.862008766466418,2.08107325488774,-2.33332924768479));
#6211=CARTESIAN_POINT('Ctrl Pts',(-2.06351697037916,1.58339226152455,-2.24999591435143));
#6212=CARTESIAN_POINT('Ctrl Pts',(-2.23326668910232,0.294015137399115,-2.1666625810181));
#6213=CARTESIAN_POINT('Ctrl Pts',(-2.40301640782549,-0.995361986726322,
-2.08332924768477));
#6214=CARTESIAN_POINT('Ctrl Pts',(-1.37125792263593,-1.78705811748857,-1.99999591435144));
#6215=CARTESIAN_POINT('Ctrl Pts',(-0.339499437446373,-2.57875424825081,
-1.91666258101812));
#6216=CARTESIAN_POINT('Ctrl Pts',(0.86200876646636,-2.08107325488762,-1.83332924768481));
#6217=CARTESIAN_POINT('Ctrl Pts',(2.06351697037911,-1.58339226152444,-1.74999591435148));
#6218=CARTESIAN_POINT('Ctrl Pts',(2.23326668910227,-0.294015137398995,-1.66666258101815));
#6219=CARTESIAN_POINT('Ctrl Pts',(2.40301640782545,0.995361986726433,-1.58332924768482));
#6220=CARTESIAN_POINT('Ctrl Pts',(1.37125792263588,1.78705811748868,-1.49999591435147));
#6221=CARTESIAN_POINT('Ctrl Pts',(0.339499437446324,2.57875424825092,-1.41666258101813));
#6222=CARTESIAN_POINT('Ctrl Pts',(-0.862008766466404,2.08107325488774,-1.33332924768479));
#6223=CARTESIAN_POINT('Ctrl Pts',(-2.06351697037915,1.58339226152455,-1.24999591435143));
#6224=CARTESIAN_POINT('Ctrl Pts',(-2.23326668910231,0.294015137399111,-1.1666625810181));
#6225=CARTESIAN_POINT('Ctrl Pts',(-2.40301640782548,-0.995361986726326,
-1.08332924768476));
#6226=CARTESIAN_POINT('Ctrl Pts',(-1.37125792263592,-1.78705811748857,-0.999995914351444));
#6227=CARTESIAN_POINT('Ctrl Pts',(-0.33949943744636,-2.57875424825082,-0.916662581018128));
#6228=CARTESIAN_POINT('Ctrl Pts',(0.862008766466373,-2.08107325488763,-0.833329247684809));
#6229=CARTESIAN_POINT('Ctrl Pts',(2.06351697037912,-1.58339226152444,-0.749995914351476));
#6230=CARTESIAN_POINT('Ctrl Pts',(2.23326668910228,-0.294015137399,-0.666662581018151));
#6231=CARTESIAN_POINT('Ctrl Pts',(2.40301640782546,0.995361986726429,-0.583329247684827));
#6232=CARTESIAN_POINT('Ctrl Pts',(1.3712579226359,1.78705811748868,-0.499995914351472));
#6233=CARTESIAN_POINT('Ctrl Pts',(0.339499437446338,2.57875424825092,-0.41666258101813));
#6234=CARTESIAN_POINT('Ctrl Pts',(-0.862008766466396,2.08107325488774,-0.333329247684784));
#6235=CARTESIAN_POINT('Ctrl Pts',(-2.06351697037913,1.58339226152455,-0.249995914351442));
#6236=CARTESIAN_POINT('Ctrl Pts',(-2.2332666891023,0.294015137399111,-0.166662581018104));
#6237=CARTESIAN_POINT('Ctrl Pts',(-2.40301640782547,-0.995361986726326,
-0.0833292476847713));
#6238=CARTESIAN_POINT('Ctrl Pts',(-1.37125792263591,-1.78705811748857,4.08564855280957E-6));
#6239=CARTESIAN_POINT('Ctrl Pts',(-0.339499437446351,-2.57875424825082,
0.0833374189818725));
#6240=CARTESIAN_POINT('Ctrl Pts',(0.862008766466387,-2.08107325488763,0.166670752315192));
#6241=CARTESIAN_POINT('Ctrl Pts',(2.06351697037913,-1.58339226152444,0.250004085648512));
#6242=CARTESIAN_POINT('Ctrl Pts',(2.2332666891023,-0.294015137399,0.333337418981841));
#6243=CARTESIAN_POINT('Ctrl Pts',(2.40301640782547,0.995361986726429,0.416670752315178));
#6244=CARTESIAN_POINT('Ctrl Pts',(1.37125792263591,1.78705811748868,0.500004085648524));
#6245=CARTESIAN_POINT('Ctrl Pts',(0.339499437446351,2.57875424825092,0.583337418981871));
#6246=CARTESIAN_POINT('Ctrl Pts',(-0.862008766466382,2.08107325488774,0.666670752315217));
#6247=CARTESIAN_POINT('Ctrl Pts',(-2.06351697037912,1.58339226152455,0.750004085648563));
#6248=CARTESIAN_POINT('Ctrl Pts',(-2.23326668910229,0.294015137399111,0.833337418981897));
#6249=CARTESIAN_POINT('Ctrl Pts',(-2.40301640782546,-0.995361986726326,
0.916670752315238));
#6250=CARTESIAN_POINT('Ctrl Pts',(-1.3712579226359,-1.78705811748857,1.00000408564855));
#6251=CARTESIAN_POINT('Ctrl Pts',(-0.339499437446338,-2.57875424825082,
1.08333741898188));
#6252=CARTESIAN_POINT('Ctrl Pts',(0.862008766466396,-2.08107325488763,1.1666707523152));
#6253=CARTESIAN_POINT('Ctrl Pts',(2.06351697037915,-1.58339226152444,1.25000408564852));
#6254=CARTESIAN_POINT('Ctrl Pts',(2.23326668910231,-0.294015137399,1.33333741898184));
#6255=CARTESIAN_POINT('Ctrl Pts',(2.40301640782548,0.995361986726429,1.41667075231517));
#6256=CARTESIAN_POINT('Ctrl Pts',(1.37125792263592,1.78705811748868,1.50000408564853));
#6257=CARTESIAN_POINT('Ctrl Pts',(0.33949943744636,2.57875424825092,1.58333741898187));
#6258=CARTESIAN_POINT('Ctrl Pts',(-0.862008766466369,2.08107325488774,1.66667075231522));
#6259=CARTESIAN_POINT('Ctrl Pts',(-2.06351697037911,1.58339226152455,1.75000408564856));
#6260=CARTESIAN_POINT('Ctrl Pts',(-2.23326668910227,0.294015137399111,1.83333741898189));
#6261=CARTESIAN_POINT('Ctrl Pts',(-2.40301640782545,-0.995361986726326,
1.91667075231524));
#6262=CARTESIAN_POINT('Ctrl Pts',(-1.37125792263588,-1.78705811748857,2.00000408564855));
#6263=CARTESIAN_POINT('Ctrl Pts',(-0.339499437446324,-2.57875424825082,
2.08333741898187));
#6264=CARTESIAN_POINT('Ctrl Pts',(0.862008766466409,-2.08107325488763,2.16667075231519));
#6265=CARTESIAN_POINT('Ctrl Pts',(2.06351697037916,-1.58339226152444,2.25000408564851));
#6266=CARTESIAN_POINT('Ctrl Pts',(2.23326668910232,-0.294015137399,2.33333741898184));
#6267=CARTESIAN_POINT('Ctrl Pts',(2.4030164078255,0.995361986726429,2.41667075231518));
#6268=CARTESIAN_POINT('Ctrl Pts',(1.37125792263593,1.78705811748868,2.50000408564852));
#6269=CARTESIAN_POINT('Ctrl Pts',(0.339499437446373,2.57875424825092,2.58333741898186));
#6270=CARTESIAN_POINT('Ctrl Pts',(-0.86200876646636,2.08107325488774,2.66667075231521));
#6271=CARTESIAN_POINT('Ctrl Pts',(-2.0635169703791,1.58339226152455,2.75000408564857));
#6272=CARTESIAN_POINT('Ctrl Pts',(-2.23326668910226,0.294015137399111,2.8333374189819));
#6273=CARTESIAN_POINT('Ctrl Pts',(-2.40301640782544,-0.995361986726326,
2.91667075231523));
#6274=CARTESIAN_POINT('Ctrl Pts',(-1.37125792263587,-1.78705811748857,3.00000408564855));
#6275=CARTESIAN_POINT('Ctrl Pts',(-0.339499437446311,-2.57875424825082,
3.08333741898188));
#6276=CARTESIAN_POINT('Ctrl Pts',(0.862008766466422,-2.08107325488763,3.16667075231519));
#6277=CARTESIAN_POINT('Ctrl Pts',(2.06351697037917,-1.58339226152444,3.25000408564851));
#6278=CARTESIAN_POINT('Ctrl Pts',(2.23326668910233,-0.294015137399,3.33333741898184));
#6279=CARTESIAN_POINT('Ctrl Pts',(2.40301640782551,0.995361986726429,3.41667075231518));
#6280=CARTESIAN_POINT('Ctrl Pts',(1.37125792263594,1.78705811748868,3.50000408564852));
#6281=CARTESIAN_POINT('Ctrl Pts',(0.339499437446387,2.57875424825092,3.58333741898186));
#6282=CARTESIAN_POINT('Ctrl Pts',(-0.862008766466347,2.08107325488774,3.66667075231522));
#6283=CARTESIAN_POINT('Ctrl Pts',(-2.06351697037909,1.58339226152455,3.75000408564856));
#6284=CARTESIAN_POINT('Ctrl Pts',(-2.23326668910225,0.294015137399111,3.83333741898189));
#6285=CARTESIAN_POINT('Ctrl Pts',(-2.40301640782542,-0.995361986726326,
3.91667075231523));
#6286=CARTESIAN_POINT('Ctrl Pts',(-1.37125792263586,-1.78705811748857,4.00000408564855));
#6287=CARTESIAN_POINT('Ctrl Pts',(-0.339499437446302,-2.57875424825082,
4.08333741898187));
#6288=CARTESIAN_POINT('Ctrl Pts',(0.862008766466431,-2.08107325488763,4.1666707523152));
#6289=CARTESIAN_POINT('Ctrl Pts',(2.06351697037918,-1.58339226152444,4.25000408564851));
#6290=CARTESIAN_POINT('Ctrl Pts',(2.23326668910234,-0.294015137399,4.33333741898184));
#6291=CARTESIAN_POINT('Ctrl Pts',(2.40301640782552,0.995361986726429,4.41667075231518));
#6292=CARTESIAN_POINT('Ctrl Pts',(1.37125792263595,1.78705811748868,4.50000408564853));
#6293=CARTESIAN_POINT('Ctrl Pts',(0.3394994374464,2.57875424825092,4.58333741898187));
#6294=CARTESIAN_POINT('Ctrl Pts',(-0.862008766466333,2.08107325488774,4.66667075231522));
#6295=CARTESIAN_POINT('Ctrl Pts',(-2.06351697037908,1.58339226152455,4.75000408564857));
#6296=CARTESIAN_POINT('Ctrl Pts',(-2.23326668910224,0.294015137399111,4.83333741898189));
#6297=CARTESIAN_POINT('Ctrl Pts',(-2.40301640782541,-0.995361986726326,
4.91667075231524));
#6298=CARTESIAN_POINT('Ctrl Pts',(-1.37125792263585,-1.78705811748857,5.00000408564856));
#6299=CARTESIAN_POINT('Ctrl Pts',(-0.339499437446289,-2.57875424825082,
5.08333741898187));
#6300=CARTESIAN_POINT('Ctrl Pts',(0.862008766466444,-2.08107325488763,5.16667075231519));
#6301=CARTESIAN_POINT('Ctrl Pts',(2.06351697037919,-1.58339226152444,5.25000408564852));
#6302=CARTESIAN_POINT('Ctrl Pts',(2.23326668910236,-0.294015137399,5.33333741898184));
#6303=CARTESIAN_POINT('Ctrl Pts',(2.40301640782553,0.995361986726429,5.41667075231517));
#6304=CARTESIAN_POINT('Ctrl Pts',(1.37125792263597,1.78705811748868,5.50000408564853));
#6305=CARTESIAN_POINT('Ctrl Pts',(0.339499437446409,2.57875424825092,5.58333741898188));
#6306=CARTESIAN_POINT('Ctrl Pts',(-0.86200876646632,2.08107325488774,5.66667075231521));
#6307=CARTESIAN_POINT('Ctrl Pts',(-2.06351697037906,1.58339226152455,5.75000408564857));
#6308=CARTESIAN_POINT('Ctrl Pts',(-2.23326668910222,0.294015137399111,5.8333374189819));
#6309=CARTESIAN_POINT('Ctrl Pts',(-2.4030164078254,-0.995361986726326,5.91667075231523));
#6310=CARTESIAN_POINT('Ctrl Pts',(-1.37125792263584,-1.78705811748857,6.00000408564855));
#6311=CARTESIAN_POINT('Ctrl Pts',(-0.339499437446276,-2.57875424825082,
6.08333741898186));
#6312=CARTESIAN_POINT('Ctrl Pts',(0.862008766466458,-2.08107325488763,6.16667075231519));
#6313=CARTESIAN_POINT('Ctrl Pts',(2.0635169703792,-1.58339226152444,6.25000408564852));
#6314=CARTESIAN_POINT('Ctrl Pts',(2.23326668910237,-0.294015137399,6.33333741898185));
#6315=CARTESIAN_POINT('Ctrl Pts',(2.40301640782555,0.995361986726429,6.41667075231518));
#6316=CARTESIAN_POINT('Ctrl Pts',(1.37125792263598,1.78705811748868,6.50000408564852));
#6317=CARTESIAN_POINT('Ctrl Pts',(0.339499437446422,2.57875424825092,6.58333741898187));
#6318=CARTESIAN_POINT('Ctrl Pts',(-0.862008766466311,2.08107325488774,6.66667075231521));
#6319=CARTESIAN_POINT('Ctrl Pts',(-2.06351697037905,1.58339226152455,6.75000408564856));
#6320=CARTESIAN_POINT('Ctrl Pts',(-2.23326668910221,0.294015137399111,6.8333374189819));
#6321=CARTESIAN_POINT('Ctrl Pts',(-2.40301640782539,-0.995361986726326,
6.91667075231523));
#6322=CARTESIAN_POINT('Ctrl Pts',(-1.37125792263582,-1.78705811748857,7.00000408564855));
#6323=CARTESIAN_POINT('Ctrl Pts',(-0.339499437446267,-2.57875424825082,
7.08333741898188));
#6324=CARTESIAN_POINT('Ctrl Pts',(0.862008766466471,-2.08107325488763,7.1666707523152));
#6325=CARTESIAN_POINT('Ctrl Pts',(2.06351697037922,-1.58339226152444,7.2500040856485));
#6326=CARTESIAN_POINT('Ctrl Pts',(2.23326668910238,-0.294015137399,7.33333741898184));
#6327=CARTESIAN_POINT('Ctrl Pts',(2.40301640782556,0.995361986726429,7.41667075231518));
#6328=CARTESIAN_POINT('Ctrl Pts',(1.37125792263599,1.78705811748868,7.50000408564852));
#6329=CARTESIAN_POINT('Ctrl Pts',(0.339499437446436,2.57875424825092,7.58333741898187));
#6330=CARTESIAN_POINT('Ctrl Pts',(-0.862008766466298,2.08107325488774,7.66667075231522));
#6331=CARTESIAN_POINT('Ctrl Pts',(-2.06351697037904,1.58339226152455,7.75000408564856));
#6332=CARTESIAN_POINT('Ctrl Pts',(-2.2332666891022,0.294015137399111,7.83333741898189));
#6333=CARTESIAN_POINT('Ctrl Pts',(-2.40301640782537,-0.995361986726326,
7.91667075231523));
#6334=CARTESIAN_POINT('Ctrl Pts',(-1.37125792263581,-1.78705811748857,8.00000408564855));
#6335=CARTESIAN_POINT('Ctrl Pts',(-0.339499437446253,-2.57875424825082,
8.08333741898187));
#6336=CARTESIAN_POINT('Ctrl Pts',(0.86200876646648,-2.08107325488763,8.16667075231519));
#6337=CARTESIAN_POINT('Ctrl Pts',(2.06351697037923,-1.58339226152444,8.25000408564851));
#6338=CARTESIAN_POINT('Ctrl Pts',(2.23326668910239,-0.294015137399,8.33333741898184));
#6339=CARTESIAN_POINT('Ctrl Pts',(2.40301640782557,0.995361986726429,8.41667075231518));
#6340=CARTESIAN_POINT('Ctrl Pts',(1.371257922636,1.78705811748868,8.50000408564852));
#6341=CARTESIAN_POINT('Ctrl Pts',(0.339499437446444,2.57875424825092,8.58333741898186));
#6342=CARTESIAN_POINT('Ctrl Pts',(-0.862008766466285,2.08107325488774,8.66667075231521));
#6343=CARTESIAN_POINT('Ctrl Pts',(-2.06351697037903,1.58339226152455,8.75000408564856));
#6344=CARTESIAN_POINT('Ctrl Pts',(-2.23326668910219,0.294015137399111,8.83333741898189));
#6345=CARTESIAN_POINT('Ctrl Pts',(-2.40301640782536,-0.995361986726326,
8.91667075231523));
#6346=CARTESIAN_POINT('Ctrl Pts',(-1.3712579226358,-1.78705811748857,9.00000408564855));
#6347=CARTESIAN_POINT('Ctrl Pts',(-0.33949943744624,-2.57875424825082,9.08333741898187));
#6348=CARTESIAN_POINT('Ctrl Pts',(0.862008766466493,-2.08107325488763,9.16667075231519));
#6349=CARTESIAN_POINT('Ctrl Pts',(2.06351697037924,-1.58339226152444,9.25000408564851));
#6350=CARTESIAN_POINT('Ctrl Pts',(2.2332666891024,-0.294015137399,9.33333741898184));
#6351=CARTESIAN_POINT('Ctrl Pts',(2.40301640782558,0.995361986726429,9.41667075231518));
#6352=CARTESIAN_POINT('Ctrl Pts',(1.37125792263602,1.78705811748868,9.50000408564852));
#6353=CARTESIAN_POINT('Ctrl Pts',(0.339499437446458,2.57875424825092,9.58333741898187));
#6354=CARTESIAN_POINT('Ctrl Pts',(-0.862008766466276,2.08107325488774,9.66667075231521));
#6355=CARTESIAN_POINT('Ctrl Pts',(-2.06351697037901,1.58339226152455,9.75000408564856));
#6356=CARTESIAN_POINT('Ctrl Pts',(-2.23326668910218,0.294015137399111,9.8333374189819));
#6357=CARTESIAN_POINT('Ctrl Pts',(-2.40301640782535,-0.995361986726326,
9.91667075231523));
#6358=CARTESIAN_POINT('Ctrl Pts',(-1.37125792263579,-1.78705811748857,10.0000040856486));
#6359=CARTESIAN_POINT('Ctrl Pts',(-0.339499437446227,-2.57875424825082,
10.0833374189819));
#6360=CARTESIAN_POINT('Ctrl Pts',(0.862008766466507,-2.08107325488763,10.1666707523152));
#6361=CARTESIAN_POINT('Ctrl Pts',(2.06351697037925,-1.58339226152444,10.2500040856485));
#6362=CARTESIAN_POINT('Ctrl Pts',(2.23326668910242,-0.294015137399004,10.3333374189818));
#6363=CARTESIAN_POINT('Ctrl Pts',(2.40301640782559,0.995361986726424,10.4166707523152));
#6364=CARTESIAN_POINT('Ctrl Pts',(1.37125792263603,1.78705811748867,10.5000040856485));
#6365=CARTESIAN_POINT('Ctrl Pts',(0.339499437446471,2.57875424825092,10.5833374189819));
#6366=CARTESIAN_POINT('Ctrl Pts',(-0.862008766466262,2.08107325488773,10.6666707523152));
#6367=CARTESIAN_POINT('Ctrl Pts',(-2.063516970379,1.58339226152454,10.7500040856486));
#6368=CARTESIAN_POINT('Ctrl Pts',(-2.23326668910216,0.294015137399106,10.8333374189819));
#6369=CARTESIAN_POINT('Ctrl Pts',(-2.40301640782534,-0.995361986726331,
10.9166707523152));
#6370=CARTESIAN_POINT('Ctrl Pts',(-1.37125792263578,-1.78705811748858,11.0000040856486));
#6371=CARTESIAN_POINT('Ctrl Pts',(-0.339499437446218,-2.57875424825082,
11.0833374189819));
#6372=CARTESIAN_POINT('Ctrl Pts',(0.862008766466515,-2.08107325488763,11.1666707523152));
#6373=CARTESIAN_POINT('Ctrl Pts',(2.06351697037927,-1.58339226152445,11.2500040856485));
#6374=CARTESIAN_POINT('Ctrl Pts',(2.23326668910243,-0.294015137399004,11.3333374189818));
#6375=CARTESIAN_POINT('Ctrl Pts',(2.4030164078256,0.995361986726424,11.4166707523152));
#6376=CARTESIAN_POINT('Ctrl Pts',(1.37125792263604,1.78705811748867,11.5000040856485));
#6377=CARTESIAN_POINT('Ctrl Pts',(0.339499437446484,2.57875424825092,11.5833374189819));
#6378=CARTESIAN_POINT('Ctrl Pts',(-0.862008766466249,2.08107325488773,11.6666707523152));
#6379=CARTESIAN_POINT('Ctrl Pts',(-2.06351697037899,1.58339226152454,11.7500040856486));
#6380=CARTESIAN_POINT('Ctrl Pts',(-2.23326668910215,0.294015137399106,11.8333374189819));
#6381=CARTESIAN_POINT('Ctrl Pts',(-2.40301640782533,-0.995361986726331,
11.9166707523152));
#6382=CARTESIAN_POINT('Ctrl Pts',(-1.37125792263576,-1.78705811748858,12.0000040856485));
#6383=CARTESIAN_POINT('Ctrl Pts',(-0.339499437446205,-2.57875424825082,
12.0833374189819));
#6384=CARTESIAN_POINT('Ctrl Pts',(0.862008766466529,-2.08107325488763,12.1666707523152));
#6385=CARTESIAN_POINT('Ctrl Pts',(2.06351697037928,-1.58339226152445,12.2500040856485));
#6386=CARTESIAN_POINT('Ctrl Pts',(2.23326668910244,-0.294015137399004,12.3333374189818));
#6387=CARTESIAN_POINT('Ctrl Pts',(2.40301640782562,0.995361986726424,12.4166707523152));
#6388=CARTESIAN_POINT('Ctrl Pts',(1.37125792263605,1.78705811748867,12.5000040856485));
#6389=CARTESIAN_POINT('Ctrl Pts',(0.339499437446493,2.57875424825092,12.5833374189819));
#6390=CARTESIAN_POINT('Ctrl Pts',(-0.86200876646624,2.08107325488773,12.6666707523152));
#6391=CARTESIAN_POINT('Ctrl Pts',(-2.06351697037898,1.58339226152454,12.7500040856486));
#6392=CARTESIAN_POINT('Ctrl Pts',(-2.23326668910214,0.294015137399106,12.8333374189819));
#6393=CARTESIAN_POINT('Ctrl Pts',(-2.40301640782532,-0.995361986726331,
12.9166707523152));
#6394=CARTESIAN_POINT('Ctrl Pts',(-1.37125792263575,-1.78705811748858,13.0000040856485));
#6395=CARTESIAN_POINT('Ctrl Pts',(-0.339499437446191,-2.57875424825082,
13.0833374189819));
#6396=CARTESIAN_POINT('Ctrl Pts',(0.862008766466542,-2.08107325488763,13.1666707523152));
#6397=CARTESIAN_POINT('Ctrl Pts',(2.06351697037929,-1.58339226152445,13.2500040856485));
#6398=CARTESIAN_POINT('Ctrl Pts',(2.23326668910245,-0.294015137399004,13.3333374189818));
#6399=CARTESIAN_POINT('Ctrl Pts',(2.40301640782563,0.995361986726424,13.4166707523152));
#6400=CARTESIAN_POINT('Ctrl Pts',(1.37125792263606,1.78705811748867,13.5000040856485));
#6401=CARTESIAN_POINT('Ctrl Pts',(0.339499437446507,2.57875424825092,13.5833374189819));
#6402=CARTESIAN_POINT('Ctrl Pts',(-0.862008766466227,2.08107325488773,13.6666707523152));
#6403=CARTESIAN_POINT('Ctrl Pts',(-2.06351697037897,1.58339226152454,13.7500040856486));
#6404=CARTESIAN_POINT('Ctrl Pts',(-2.23326668910213,0.294015137399106,13.8333374189819));
#6405=CARTESIAN_POINT('Ctrl Pts',(-2.4030164078253,-0.995361986726331,13.9166707523152));
#6406=CARTESIAN_POINT('Ctrl Pts',(-1.37125792263574,-1.78705811748858,14.0000040856486));
#6407=CARTESIAN_POINT('Ctrl Pts',(-0.339499437446182,-2.57875424825082,
14.0833374189819));
#6408=CARTESIAN_POINT('Ctrl Pts',(0.862008766466555,-2.08107325488763,14.1666707523152));
#6409=CARTESIAN_POINT('Ctrl Pts',(2.0635169703793,-1.58339226152445,14.2500040856485));
#6410=CARTESIAN_POINT('Ctrl Pts',(2.23326668910246,-0.294015137399004,14.3333374189818));
#6411=CARTESIAN_POINT('Ctrl Pts',(2.40301640782564,0.995361986726424,14.4166707523152));
#6412=CARTESIAN_POINT('Ctrl Pts',(1.37125792263607,1.78705811748867,14.5000040856485));
#6413=CARTESIAN_POINT('Ctrl Pts',(0.33949943744652,2.57875424825092,14.5833374189819));
#6414=CARTESIAN_POINT('Ctrl Pts',(-0.862008766466213,2.08107325488773,14.6666707523152));
#6415=CARTESIAN_POINT('Ctrl Pts',(-2.06351697037896,1.58339226152454,14.7500040856486));
#6416=CARTESIAN_POINT('Ctrl Pts',(-2.23326668910212,0.294015137399106,14.8333374189819));
#6417=CARTESIAN_POINT('Ctrl Pts',(-2.40301640782529,-0.995361986726331,
14.9166707523152));
#6418=CARTESIAN_POINT('Ctrl Pts',(-1.37125792263573,-1.78705811748858,15.0000040856486));
#6419=CARTESIAN_POINT('Ctrl Pts',(-0.339499437446169,-2.57875424825082,
15.0833374189819));
#6420=CARTESIAN_POINT('Ctrl Pts',(0.862008766466564,-2.08107325488763,15.1666707523152));
#6421=CARTESIAN_POINT('Ctrl Pts',(2.06351697037931,-1.58339226152445,15.2500040856485));
#6422=CARTESIAN_POINT('Ctrl Pts',(2.23326668910248,-0.294015137399004,15.3333374189818));
#6423=CARTESIAN_POINT('Ctrl Pts',(2.40301640782565,0.995361986726424,15.4166707523152));
#6424=CARTESIAN_POINT('Ctrl Pts',(1.37125792263609,1.78705811748867,15.5000040856485));
#6425=CARTESIAN_POINT('Ctrl Pts',(0.339499437446529,2.57875424825092,15.5833374189819));
#6426=CARTESIAN_POINT('Ctrl Pts',(-0.8620087664662,2.08107325488773,15.6666707523152));
#6427=CARTESIAN_POINT('Ctrl Pts',(-2.06351697037894,1.58339226152454,15.7500040856486));
#6428=CARTESIAN_POINT('Ctrl Pts',(-2.2332666891021,0.294015137399106,15.8333374189819));
#6429=CARTESIAN_POINT('Ctrl Pts',(-2.40301640782528,-0.995361986726331,
15.9166707523152));
#6430=CARTESIAN_POINT('Ctrl Pts',(-1.37125792263571,-1.78705811748858,16.0000040856486));
#6431=CARTESIAN_POINT('Ctrl Pts',(-0.339499437446156,-2.57875424825082,
16.0833374189819));
#6432=CARTESIAN_POINT('Ctrl Pts',(0.862008766466578,-2.08107325488763,16.1666707523152));
#6433=CARTESIAN_POINT('Ctrl Pts',(2.06351697037932,-1.58339226152445,16.2500040856485));
#6434=CARTESIAN_POINT('Ctrl Pts',(2.23326668910249,-0.294015137399004,16.3333374189818));
#6435=CARTESIAN_POINT('Ctrl Pts',(2.40301640782567,0.995361986726424,16.4166707523152));
#6436=CARTESIAN_POINT('Ctrl Pts',(1.3712579226361,1.78705811748867,16.5000040856485));
#6437=CARTESIAN_POINT('Ctrl Pts',(0.339499437446542,2.57875424825092,16.5833374189819));
#6438=CARTESIAN_POINT('Ctrl Pts',(-0.862008766466191,2.08107325488773,16.6666707523152));
#6439=CARTESIAN_POINT('Ctrl Pts',(-2.06351697037893,1.58339226152454,16.7500040856486));
#6440=CARTESIAN_POINT('Ctrl Pts',(-2.23326668910209,0.294015137399106,16.8333374189819));
#6441=CARTESIAN_POINT('Ctrl Pts',(-2.40301640782527,-0.995361986726331,
16.9166707523152));
#6442=CARTESIAN_POINT('Ctrl Pts',(-1.3712579226357,-1.78705811748858,17.0000040856486));
#6443=CARTESIAN_POINT('Ctrl Pts',(-0.339499437446147,-2.57875424825082,
17.0833374189819));
#6444=CARTESIAN_POINT('Ctrl Pts',(0.862008766466591,-2.08107325488763,17.1666707523152));
#6445=CARTESIAN_POINT('Ctrl Pts',(2.06351697037934,-1.58339226152445,17.2500040856485));
#6446=CARTESIAN_POINT('Ctrl Pts',(2.2332666891025,-0.294015137399004,17.3333374189818));
#6447=CARTESIAN_POINT('Ctrl Pts',(2.40301640782568,0.995361986726424,17.4166707523152));
#6448=CARTESIAN_POINT('Ctrl Pts',(1.37125792263611,1.78705811748867,17.5000040856485));
#6449=CARTESIAN_POINT('Ctrl Pts',(0.339499437446555,2.57875424825092,17.5833374189819));
#6450=CARTESIAN_POINT('Ctrl Pts',(-0.862008766466178,2.08107325488773,17.6666707523152));
#6451=CARTESIAN_POINT('Ctrl Pts',(-2.06351697037892,1.58339226152454,17.7500040856486));
#6452=CARTESIAN_POINT('Ctrl Pts',(-2.23326668910208,0.294015137399106,17.8333374189819));
#6453=CARTESIAN_POINT('Ctrl Pts',(-2.40301640782525,-0.995361986726331,
17.9166707523152));
#6454=CARTESIAN_POINT('Ctrl Pts',(-1.37125792263569,-1.78705811748858,18.0000040856486));
#6455=CARTESIAN_POINT('Ctrl Pts',(-0.339499437446134,-2.57875424825082,
18.0833374189819));
#6456=CARTESIAN_POINT('Ctrl Pts',(0.8620087664666,-2.08107325488763,18.1666707523152));
#6457=CARTESIAN_POINT('Ctrl Pts',(2.06351697037935,-1.58339226152445,18.2500040856485));
#6458=CARTESIAN_POINT('Ctrl Pts',(2.23326668910251,-0.294015137399004,18.3333374189818));
#6459=CARTESIAN_POINT('Ctrl Pts',(2.40301640782569,0.995361986726424,18.4166707523152));
#6460=CARTESIAN_POINT('Ctrl Pts',(1.37125792263612,1.78705811748867,18.5000040856485));
#6461=CARTESIAN_POINT('Ctrl Pts',(0.339499437446569,2.57875424825092,18.5833374189819));
#6462=CARTESIAN_POINT('Ctrl Pts',(-0.862008766466165,2.08107325488773,18.6666707523152));
#6463=CARTESIAN_POINT('Ctrl Pts',(-2.06351697037891,1.58339226152454,18.7500040856486));
#6464=CARTESIAN_POINT('Ctrl Pts',(-2.23326668910207,0.294015137399106,18.8333374189819));
#6465=CARTESIAN_POINT('Ctrl Pts',(-2.40301640782524,-0.995361986726331,
18.9166707523152));
#6466=CARTESIAN_POINT('Ctrl Pts',(-1.37125792263568,-1.78705811748858,19.0000040856486));
#6467=CARTESIAN_POINT('Ctrl Pts',(-0.33949943744612,-2.57875424825082,19.0833374189819));
#6468=CARTESIAN_POINT('Ctrl Pts',(0.862008766466613,-2.08107325488763,19.1666707523152));
#6469=CARTESIAN_POINT('Ctrl Pts',(2.06351697037936,-1.58339226152445,19.2500040856485));
#6470=CARTESIAN_POINT('Ctrl Pts',(2.23326668910253,-0.294015137399004,19.3333374189818));
#6471=CARTESIAN_POINT('Ctrl Pts',(2.4030164078257,0.995361986726424,19.4166707523152));
#6472=CARTESIAN_POINT('Ctrl Pts',(1.37125792263614,1.78705811748867,19.5000040856485));
#6473=CARTESIAN_POINT('Ctrl Pts',(0.339499437446578,2.57875424825092,19.5833374189819));
#6474=CARTESIAN_POINT('Ctrl Pts',(-0.862008766466156,2.08107325488773,19.6666707523152));
#6475=CARTESIAN_POINT('Ctrl Pts',(-2.06351697037889,1.58339226152454,19.7500040856486));
#6476=CARTESIAN_POINT('Ctrl Pts',(-2.23326668910206,0.294015137399106,19.8333374189819));
#6477=CARTESIAN_POINT('Ctrl Pts',(-2.40301640782523,-0.995361986726331,
19.9166707523152));
#6478=CARTESIAN_POINT('Ctrl Pts',(-1.37125792263567,-1.78705811748858,20.0000040856485));
#6479=CARTESIAN_POINT('Ctrl Pts',(-0.339499437446107,-2.57875424825082,
20.0833374189819));
#6480=CARTESIAN_POINT('Ctrl Pts',(0.862008766466626,-2.08107325488763,20.1666707523152));
#6481=CARTESIAN_POINT('Ctrl Pts',(2.06351697037937,-1.58339226152445,20.2500040856485));
#6482=CARTESIAN_POINT('Ctrl Pts',(2.23326668910254,-0.294015137399004,20.3333374189818));
#6483=CARTESIAN_POINT('Ctrl Pts',(2.40301640782571,0.995361986726424,20.4166707523152));
#6484=CARTESIAN_POINT('Ctrl Pts',(1.37125792263615,1.78705811748867,20.5000040856485));
#6485=CARTESIAN_POINT('Ctrl Pts',(0.339499437446591,2.57875424825092,20.5833374189819));
#6486=CARTESIAN_POINT('Ctrl Pts',(-0.862008766466142,2.08107325488773,20.6666707523152));
#6487=CARTESIAN_POINT('Ctrl Pts',(-2.06351697037888,1.58339226152454,20.7500040856486));
#6488=CARTESIAN_POINT('Ctrl Pts',(-2.23326668910204,0.294015137399106,20.8333374189819));
#6489=CARTESIAN_POINT('Ctrl Pts',(-2.40301640782522,-0.995361986726331,
20.9166707523152));
#6490=CARTESIAN_POINT('Ctrl Pts',(-1.37125792263566,-1.78705811748858,21.0000040856485));
#6491=CARTESIAN_POINT('Ctrl Pts',(-0.339499437446098,-2.57875424825082,
21.0833374189819));
#6492=CARTESIAN_POINT('Ctrl Pts',(0.86200876646664,-2.08107325488763,21.1666707523152));
#6493=CARTESIAN_POINT('Ctrl Pts',(2.06351697037939,-1.58339226152445,21.2500040856485));
#6494=CARTESIAN_POINT('Ctrl Pts',(2.23326668910255,-0.294015137399004,21.3333374189818));
#6495=CARTESIAN_POINT('Ctrl Pts',(2.40301640782572,0.995361986726424,21.4166707523152));
#6496=CARTESIAN_POINT('Ctrl Pts',(1.37125792263616,1.78705811748867,21.5000040856485));
#6497=CARTESIAN_POINT('Ctrl Pts',(0.339499437446604,2.57875424825092,21.5833374189819));
#6498=CARTESIAN_POINT('Ctrl Pts',(-0.862008766466129,2.08107325488773,21.6666707523152));
#6499=CARTESIAN_POINT('Ctrl Pts',(-2.06351697037887,1.58339226152454,21.7500040856486));
#6500=CARTESIAN_POINT('Ctrl Pts',(-2.23326668910203,0.294015137399106,21.8333374189819));
#6501=CARTESIAN_POINT('Ctrl Pts',(-2.4030164078252,-0.995361986726331,21.9166707523152));
#6502=CARTESIAN_POINT('Ctrl Pts',(-1.37125792263564,-1.78705811748858,22.0000040856485));
#6503=CARTESIAN_POINT('Ctrl Pts',(-0.339499437446085,-2.57875424825082,
22.0833374189819));
#6504=CARTESIAN_POINT('Ctrl Pts',(0.862008766466649,-2.08107325488764,22.1666707523152));
#6505=CARTESIAN_POINT('Ctrl Pts',(2.0635169703794,-1.58339226152445,22.2500040856485));
#6506=CARTESIAN_POINT('Ctrl Pts',(2.23326668910256,-0.294015137399009,22.3333374189818));
#6507=CARTESIAN_POINT('Ctrl Pts',(2.40301640782574,0.99536198672642,22.4166707523152));
#6508=CARTESIAN_POINT('Ctrl Pts',(1.37125792263617,1.78705811748867,22.5000040856485));
#6509=CARTESIAN_POINT('Ctrl Pts',(0.339499437446613,2.57875424825091,22.5833374189819));
#6510=CARTESIAN_POINT('Ctrl Pts',(-0.862008766466116,2.08107325488773,22.6666707523152));
#6511=CARTESIAN_POINT('Ctrl Pts',(-2.06351697037886,1.58339226152454,22.7500040856486));
#6512=CARTESIAN_POINT('Ctrl Pts',(-2.23326668910202,0.294015137399102,22.8333374189819));
#6513=CARTESIAN_POINT('Ctrl Pts',(-2.4030164078252,-0.995361986726335,22.9166707523152));
#6514=CARTESIAN_POINT('Ctrl Pts',(-1.37125792263563,-1.78705811748858,23.0000040856486));
#6515=CARTESIAN_POINT('Ctrl Pts',(-0.339499437446071,-2.57875424825083,
23.0833374189819));
#6516=CARTESIAN_POINT('Ctrl Pts',(0.862008766466662,-2.08107325488764,23.1666707523152));
#6517=CARTESIAN_POINT('Ctrl Pts',(2.06351697037941,-1.58339226152445,23.2500040856485));
#6518=CARTESIAN_POINT('Ctrl Pts',(2.23326668910257,-0.294015137399009,23.3333374189818));
#6519=CARTESIAN_POINT('Ctrl Pts',(2.40301640782575,0.99536198672642,23.4166707523152));
#6520=CARTESIAN_POINT('Ctrl Pts',(1.37125792263618,1.78705811748867,23.5000040856485));
#6521=CARTESIAN_POINT('Ctrl Pts',(0.339499437446626,2.57875424825091,23.5833374189819));
#6522=CARTESIAN_POINT('Ctrl Pts',(-0.862008766466107,2.08107325488773,23.6666707523152));
#6523=CARTESIAN_POINT('Ctrl Pts',(-2.06351697037885,1.58339226152454,23.7500040856486));
#6524=CARTESIAN_POINT('Ctrl Pts',(-2.23326668910201,0.294015137399102,23.8333374189819));
#6525=CARTESIAN_POINT('Ctrl Pts',(-2.40301640782518,-0.995361986726335,
23.9166707523152));
#6526=CARTESIAN_POINT('Ctrl Pts',(-1.37125792263562,-1.78705811748858,24.0000040856485));
#6527=CARTESIAN_POINT('Ctrl Pts',(-0.339499437446062,-2.57875424825083,
24.0833374189819));
#6528=CARTESIAN_POINT('Ctrl Pts',(0.862008766466675,-2.08107325488764,24.1666707523152));
#6529=CARTESIAN_POINT('Ctrl Pts',(2.06351697037942,-1.58339226152445,24.2500040856485));
#6530=CARTESIAN_POINT('Ctrl Pts',(2.23326668910258,-0.294015137399009,24.3333374189818));
#6531=CARTESIAN_POINT('Ctrl Pts',(2.40301640782576,0.99536198672642,24.4166707523152));
#6532=CARTESIAN_POINT('Ctrl Pts',(1.3712579226362,1.78705811748867,24.5000040856485));
#6533=CARTESIAN_POINT('Ctrl Pts',(0.33949943744664,2.57875424825091,24.5833374189819));
#6534=CARTESIAN_POINT('Ctrl Pts',(-0.862008766466094,2.08107325488773,24.6666707523152));
#6535=CARTESIAN_POINT('Ctrl Pts',(-2.06351697037884,1.58339226152454,24.7500040856486));
#6536=CARTESIAN_POINT('Ctrl Pts',(-2.233266689102,0.294015137399102,24.8333374189819));
#6537=CARTESIAN_POINT('Ctrl Pts',(-2.40301640782517,-0.995361986726335,
24.9166707523152));
#6538=CARTESIAN_POINT('Ctrl Pts',(-1.37125792263561,-1.78705811748858,25.0000040856486));
#6539=CARTESIAN_POINT('Ctrl Pts',(-0.339499437446049,-2.57875424825083,
25.0833374189819));
#6540=CARTESIAN_POINT('Ctrl Pts',(0.862008766466684,-2.08107325488764,25.1666707523152));
#6541=CARTESIAN_POINT('Ctrl Pts',(2.06351697037944,-1.58339226152445,25.2500040856485));
#6542=CARTESIAN_POINT('Ctrl Pts',(2.2332666891026,-0.294015137399009,25.3333374189818));
#6543=CARTESIAN_POINT('Ctrl Pts',(2.40301640782577,0.99536198672642,25.4166707523152));
#6544=CARTESIAN_POINT('Ctrl Pts',(1.37125792263621,1.78705811748867,25.5000040856485));
#6545=CARTESIAN_POINT('Ctrl Pts',(0.339499437446649,2.57875424825091,25.5833374189819));
#6546=CARTESIAN_POINT('Ctrl Pts',(-0.86200876646608,2.08107325488773,25.6666707523152));
#6547=CARTESIAN_POINT('Ctrl Pts',(-2.06351697037882,1.58339226152454,25.7500040856486));
#6548=CARTESIAN_POINT('Ctrl Pts',(-2.23326668910198,0.294015137399102,25.8333374189819));
#6549=CARTESIAN_POINT('Ctrl Pts',(-2.40301640782516,-0.995361986726335,
25.9166707523152));
#6550=CARTESIAN_POINT('Ctrl Pts',(-1.37125792263559,-1.78705811748858,26.0000040856486));
#6551=CARTESIAN_POINT('Ctrl Pts',(-0.339499437446036,-2.57875424825083,
26.0833374189819));
#6552=CARTESIAN_POINT('Ctrl Pts',(0.862008766466698,-2.08107325488764,26.1666707523152));
#6553=CARTESIAN_POINT('Ctrl Pts',(2.06351697037944,-1.58339226152445,26.2500040856485));
#6554=CARTESIAN_POINT('Ctrl Pts',(2.23326668910261,-0.294015137399009,26.3333374189818));
#6555=CARTESIAN_POINT('Ctrl Pts',(2.40301640782579,0.99536198672642,26.4166707523152));
#6556=CARTESIAN_POINT('Ctrl Pts',(1.37125792263622,1.78705811748867,26.5000040856485));
#6557=CARTESIAN_POINT('Ctrl Pts',(0.339499437446662,2.57875424825091,26.5833374189819));
#6558=CARTESIAN_POINT('Ctrl Pts',(-0.862008766466071,2.08107325488773,26.6666707523152));
#6559=CARTESIAN_POINT('Ctrl Pts',(-2.06351697037881,1.58339226152454,26.7500040856486));
#6560=CARTESIAN_POINT('Ctrl Pts',(-2.23326668910197,0.294015137399102,26.8333374189819));
#6561=CARTESIAN_POINT('Ctrl Pts',(-2.40301640782515,-0.995361986726335,
26.9166707523152));
#6562=CARTESIAN_POINT('Ctrl Pts',(-1.37125792263558,-1.78705811748858,27.0000040856485));
#6563=CARTESIAN_POINT('Ctrl Pts',(-0.339499437446023,-2.57875424825083,
27.0833374189819));
#6564=CARTESIAN_POINT('Ctrl Pts',(0.862008766466711,-2.08107325488764,27.1666707523152));
#6565=CARTESIAN_POINT('Ctrl Pts',(2.06351697037946,-1.58339226152445,27.2500040856485));
#6566=CARTESIAN_POINT('Ctrl Pts',(2.23326668910262,-0.294015137399009,27.3333374189818));
#6567=CARTESIAN_POINT('Ctrl Pts',(2.4030164078258,0.99536198672642,27.4166707523152));
#6568=CARTESIAN_POINT('Ctrl Pts',(1.37125792263623,1.78705811748867,27.5000040856485));
#6569=CARTESIAN_POINT('Ctrl Pts',(0.339499437446675,2.57875424825091,27.5833374189819));
#6570=CARTESIAN_POINT('Ctrl Pts',(-0.862008766466058,2.08107325488773,27.6666707523152));
#6571=CARTESIAN_POINT('Ctrl Pts',(-2.0635169703788,1.58339226152454,27.7500040856486));
#6572=CARTESIAN_POINT('Ctrl Pts',(-2.23326668910196,0.294015137399102,27.8333374189819));
#6573=CARTESIAN_POINT('Ctrl Pts',(-2.40301640782513,-0.995361986726335,
27.9166707523152));
#6574=CARTESIAN_POINT('Ctrl Pts',(-1.37125792263557,-1.78705811748858,28.0000040856486));
#6575=CARTESIAN_POINT('Ctrl Pts',(-0.339499437446014,-2.57875424825083,
28.0833374189819));
#6576=CARTESIAN_POINT('Ctrl Pts',(0.86200876646672,-2.08107325488764,28.1666707523152));
#6577=CARTESIAN_POINT('Ctrl Pts',(2.06351697037947,-1.58339226152445,28.2500040856485));
#6578=CARTESIAN_POINT('Ctrl Pts',(2.23326668910263,-0.294015137399009,28.3333374189818));
#6579=CARTESIAN_POINT('Ctrl Pts',(2.40301640782581,0.99536198672642,28.4166707523152));
#6580=CARTESIAN_POINT('Ctrl Pts',(1.37125792263624,1.78705811748867,28.5000040856485));
#6581=CARTESIAN_POINT('Ctrl Pts',(0.339499437446689,2.57875424825091,28.5833374189819));
#6582=CARTESIAN_POINT('Ctrl Pts',(-0.862008766466045,2.08107325488773,28.6666707523152));
#6583=CARTESIAN_POINT('Ctrl Pts',(-2.06351697037879,1.58339226152454,28.7500040856486));
#6584=CARTESIAN_POINT('Ctrl Pts',(-2.23326668910195,0.294015137399102,28.8333374189819));
#6585=CARTESIAN_POINT('Ctrl Pts',(-2.40301640782512,-0.995361986726335,
28.9166707523152));
#6586=CARTESIAN_POINT('Ctrl Pts',(-1.37125792263556,-1.78705811748858,29.0000040856486));
#6587=CARTESIAN_POINT('Ctrl Pts',(-0.339499437446,-2.57875424825083,29.0833374189819));
#6588=CARTESIAN_POINT('Ctrl Pts',(0.862008766466733,-2.08107325488764,29.1666707523152));
#6589=CARTESIAN_POINT('Ctrl Pts',(2.06351697037948,-1.58339226152445,29.2500040856485));
#6590=CARTESIAN_POINT('Ctrl Pts',(2.23326668910265,-0.294015137399009,29.3333374189818));
#6591=CARTESIAN_POINT('Ctrl Pts',(2.40301640782582,0.99536198672642,29.4166707523152));
#6592=CARTESIAN_POINT('Ctrl Pts',(1.37125792263626,1.78705811748867,29.5000040856485));
#6593=CARTESIAN_POINT('Ctrl Pts',(0.339499437446698,2.57875424825091,29.5833374189819));
#6594=CARTESIAN_POINT('Ctrl Pts',(-0.862008766466031,2.08107325488773,29.6666707523152));
#6595=CARTESIAN_POINT('Ctrl Pts',(-2.06351697037877,1.58339226152454,29.7500040856486));
#6596=CARTESIAN_POINT('Ctrl Pts',(-2.23326668910194,0.294015137399102,29.8333374189819));
#6597=CARTESIAN_POINT('Ctrl Pts',(-2.40301640782511,-0.995361986726335,
29.9166707523152));
#6598=CARTESIAN_POINT('Ctrl Pts',(-1.37125792263555,-1.78705811748858,30.0000040856485));
#6599=CARTESIAN_POINT('Ctrl Pts',(-0.339499437445987,-2.57875424825083,
30.0833374189819));
#6600=CARTESIAN_POINT('Ctrl Pts',(0.862008766466746,-2.08107325488764,30.1666707523152));
#6601=CARTESIAN_POINT('Ctrl Pts',(2.06351697037949,-1.58339226152445,30.2500040856485));
#6602=CARTESIAN_POINT('Ctrl Pts',(2.23326668910266,-0.294015137399009,30.3333374189818));
#6603=CARTESIAN_POINT('Ctrl Pts',(2.40301640782584,0.99536198672642,30.4166707523152));
#6604=CARTESIAN_POINT('Ctrl Pts',(1.37125792263627,1.78705811748867,30.5000040856485));
#6605=CARTESIAN_POINT('Ctrl Pts',(0.339499437446711,2.57875424825091,30.5833374189819));
#6606=CARTESIAN_POINT('Ctrl Pts',(-0.862008766466023,2.08107325488773,30.6666707523152));
#6607=CARTESIAN_POINT('Ctrl Pts',(-2.06351697037876,1.58339226152454,30.7500040856486));
#6608=CARTESIAN_POINT('Ctrl Pts',(-2.23326668910192,0.294015137399102,30.8333374189819));
#6609=CARTESIAN_POINT('Ctrl Pts',(-2.4030164078251,-0.995361986726335,30.9166707523152));
#6610=CARTESIAN_POINT('Ctrl Pts',(-1.37125792263554,-1.78705811748858,31.0000040856485));
#6611=CARTESIAN_POINT('Ctrl Pts',(-0.339499437445978,-2.57875424825083,
31.0833374189819));
#6612=CARTESIAN_POINT('Ctrl Pts',(0.86200876646676,-2.08107325488764,31.1666707523152));
#6613=CARTESIAN_POINT('Ctrl Pts',(2.06351697037951,-1.58339226152445,31.2500040856485));
#6614=CARTESIAN_POINT('Ctrl Pts',(2.23326668910267,-0.294015137399009,31.3333374189818));
#6615=CARTESIAN_POINT('Ctrl Pts',(2.40301640782584,0.99536198672642,31.4166707523152));
#6616=CARTESIAN_POINT('Ctrl Pts',(1.37125792263628,1.78705811748867,31.5000040856485));
#6617=CARTESIAN_POINT('Ctrl Pts',(0.339499437446724,2.57875424825091,31.5833374189819));
#6618=CARTESIAN_POINT('Ctrl Pts',(-0.862008766466009,2.08107325488773,31.6666707523152));
#6619=CARTESIAN_POINT('Ctrl Pts',(-2.06351697037875,1.58339226152454,31.7500040856486));
#6620=CARTESIAN_POINT('Ctrl Pts',(-2.23326668910191,0.294015137399102,31.8333374189819));
#6621=CARTESIAN_POINT('Ctrl Pts',(-2.40301640782508,-0.995361986726335,
31.9166707523152));
#6622=CARTESIAN_POINT('Ctrl Pts',(-1.37125792263552,-1.78705811748858,32.0000040856485));
#6623=CARTESIAN_POINT('Ctrl Pts',(-0.339499437445965,-2.57875424825083,
32.0833374189819));
#6624=CARTESIAN_POINT('Ctrl Pts',(0.862008766466769,-2.08107325488764,32.1666707523152));
#6625=CARTESIAN_POINT('Ctrl Pts',(2.06351697037952,-1.58339226152445,32.2500040856485));
#6626=CARTESIAN_POINT('Ctrl Pts',(2.23326668910268,-0.294015137399009,32.3333374189818));
#6627=CARTESIAN_POINT('Ctrl Pts',(2.40301640782586,0.99536198672642,32.4166707523152));
#6628=CARTESIAN_POINT('Ctrl Pts',(1.37125792263629,1.78705811748867,32.5000040856485));
#6629=CARTESIAN_POINT('Ctrl Pts',(0.339499437446733,2.57875424825091,32.5833374189819));
#6630=CARTESIAN_POINT('Ctrl Pts',(-0.862008766465996,2.08107325488773,32.6666707523152));
#6631=CARTESIAN_POINT('Ctrl Pts',(-2.06351697037874,1.58339226152454,32.7500040856486));
#6632=CARTESIAN_POINT('Ctrl Pts',(-2.2332666891019,0.294015137399102,32.8333374189819));
#6633=CARTESIAN_POINT('Ctrl Pts',(-2.40301640782508,-0.995361986726335,
32.9166707523152));
#6634=CARTESIAN_POINT('Ctrl Pts',(-1.37125792263551,-1.78705811748858,33.0000040856485));
#6635=CARTESIAN_POINT('Ctrl Pts',(-0.339499437445951,-2.57875424825083,
33.0833374189819));
#6636=CARTESIAN_POINT('Ctrl Pts',(0.862008766466782,-2.08107325488764,33.1666707523152));
#6637=CARTESIAN_POINT('Ctrl Pts',(2.06351697037953,-1.58339226152445,33.2500040856485));
#6638=CARTESIAN_POINT('Ctrl Pts',(2.23326668910269,-0.294015137399009,33.3333374189818));
#6639=CARTESIAN_POINT('Ctrl Pts',(2.40301640782587,0.99536198672642,33.4166707523152));
#6640=CARTESIAN_POINT('Ctrl Pts',(1.3712579226363,1.78705811748867,33.5000040856485));
#6641=CARTESIAN_POINT('Ctrl Pts',(0.339499437446746,2.57875424825091,33.5833374189819));
#6642=CARTESIAN_POINT('Ctrl Pts',(-0.862008766465987,2.08107325488773,33.6666707523152));
#6643=CARTESIAN_POINT('Ctrl Pts',(-2.06351697037872,1.58339226152454,33.7500040856486));
#6644=CARTESIAN_POINT('Ctrl Pts',(-2.23326668910189,0.294015137399102,33.8333374189819));
#6645=CARTESIAN_POINT('Ctrl Pts',(-2.40301640782506,-0.99536198672634,33.9166707523152));
#6646=CARTESIAN_POINT('Ctrl Pts',(-1.3712579226355,-1.78705811748859,34.0000040856486));
#6647=CARTESIAN_POINT('Ctrl Pts',(-0.339499437445943,-2.57875424825083,
34.0833374189819));
#6648=CARTESIAN_POINT('Ctrl Pts',(0.862008766466795,-2.08107325488764,34.1666707523152));
#6649=CARTESIAN_POINT('Ctrl Pts',(2.06351697037954,-1.58339226152445,34.2500040856485));
#6650=CARTESIAN_POINT('Ctrl Pts',(2.2332666891027,-0.294015137399013,34.3333374189818));
#6651=CARTESIAN_POINT('Ctrl Pts',(2.40301640782588,0.995361986726415,34.4166707523152));
#6652=CARTESIAN_POINT('Ctrl Pts',(1.37125792263632,1.78705811748866,34.5000040856485));
#6653=CARTESIAN_POINT('Ctrl Pts',(0.33949943744676,2.57875424825091,34.5833374189819));
#6654=CARTESIAN_POINT('Ctrl Pts',(-0.862008766465974,2.08107325488772,34.6666707523152));
#6655=CARTESIAN_POINT('Ctrl Pts',(-2.06351697037872,1.58339226152453,34.7500040856486));
#6656=CARTESIAN_POINT('Ctrl Pts',(-2.23326668910188,0.294015137399097,34.8333374189819));
#6657=CARTESIAN_POINT('Ctrl Pts',(-2.40301640782505,-0.99536198672634,34.9166707523152));
#6658=CARTESIAN_POINT('Ctrl Pts',(-1.37125792263549,-1.78705811748859,35.0000040856486));
#6659=CARTESIAN_POINT('Ctrl Pts',(-0.339499437445929,-2.57875424825083,
35.0833374189819));
#6660=CARTESIAN_POINT('Ctrl Pts',(0.862008766466804,-2.08107325488764,35.1666707523152));
#6661=CARTESIAN_POINT('Ctrl Pts',(2.06351697037956,-1.58339226152445,35.2500040856485));
#6662=CARTESIAN_POINT('Ctrl Pts',(2.23326668910272,-0.294015137399013,35.3333374189818));
#6663=CARTESIAN_POINT('Ctrl Pts',(2.40301640782589,0.995361986726415,35.4166707523152));
#6664=CARTESIAN_POINT('Ctrl Pts',(1.37125792263633,1.78705811748866,35.5000040856485));
#6665=CARTESIAN_POINT('Ctrl Pts',(0.339499437446773,2.57875424825091,35.5833374189819));
#6666=CARTESIAN_POINT('Ctrl Pts',(-0.86200876646596,2.08107325488772,35.6666707523152));
#6667=CARTESIAN_POINT('Ctrl Pts',(-2.0635169703787,1.58339226152453,35.7500040856486));
#6668=CARTESIAN_POINT('Ctrl Pts',(-2.23326668910186,0.294015137399097,35.8333374189819));
#6669=CARTESIAN_POINT('Ctrl Pts',(-2.40301640782504,-0.99536198672634,35.9166707523152));
#6670=CARTESIAN_POINT('Ctrl Pts',(-1.37125792263547,-1.78705811748859,36.0000040856486));
#6671=CARTESIAN_POINT('Ctrl Pts',(-0.339499437445916,-2.57875424825083,
36.0833374189819));
#6672=CARTESIAN_POINT('Ctrl Pts',(0.862008766466817,-2.08107325488764,36.1666707523152));
#6673=CARTESIAN_POINT('Ctrl Pts',(2.06351697037956,-1.58339226152445,36.2500040856485));
#6674=CARTESIAN_POINT('Ctrl Pts',(2.23326668910273,-0.294015137399013,36.3333374189818));
#6675=CARTESIAN_POINT('Ctrl Pts',(2.40301640782591,0.995361986726415,36.4166707523152));
#6676=CARTESIAN_POINT('Ctrl Pts',(1.37125792263634,1.78705811748866,36.5000040856485));
#6677=CARTESIAN_POINT('Ctrl Pts',(0.339499437446782,2.57875424825091,36.5833374189819));
#6678=CARTESIAN_POINT('Ctrl Pts',(-0.862008766465951,2.08107325488772,36.6666707523152));
#6679=CARTESIAN_POINT('Ctrl Pts',(-2.06351697037869,1.58339226152453,36.7500040856486));
#6680=CARTESIAN_POINT('Ctrl Pts',(-2.23326668910185,0.294015137399097,36.8333374189819));
#6681=CARTESIAN_POINT('Ctrl Pts',(-2.40301640782503,-0.99536198672634,36.9166707523152));
#6682=CARTESIAN_POINT('Ctrl Pts',(-1.37125792263546,-1.78705811748859,37.0000040856485));
#6683=CARTESIAN_POINT('Ctrl Pts',(-0.339499437445903,-2.57875424825083,
37.0833374189819));
#6684=CARTESIAN_POINT('Ctrl Pts',(0.862008766466831,-2.08107325488764,37.1666707523152));
#6685=CARTESIAN_POINT('Ctrl Pts',(2.06351697037958,-1.58339226152445,37.2500040856485));
#6686=CARTESIAN_POINT('Ctrl Pts',(2.23326668910274,-0.294015137399013,37.3333374189818));
#6687=CARTESIAN_POINT('Ctrl Pts',(2.40301640782592,0.995361986726415,37.4166707523152));
#6688=CARTESIAN_POINT('Ctrl Pts',(1.37125792263635,1.78705811748866,37.5000040856485));
#6689=CARTESIAN_POINT('Ctrl Pts',(0.339499437446795,2.57875424825091,37.5833374189819));
#6690=CARTESIAN_POINT('Ctrl Pts',(-0.862008766465938,2.08107325488772,37.6666707523152));
#6691=CARTESIAN_POINT('Ctrl Pts',(-2.06351697037868,1.58339226152453,37.7500040856486));
#6692=CARTESIAN_POINT('Ctrl Pts',(-2.23326668910184,0.294015137399097,37.8333374189819));
#6693=CARTESIAN_POINT('Ctrl Pts',(-2.40301640782501,-0.99536198672634,37.9166707523152));
#6694=CARTESIAN_POINT('Ctrl Pts',(-1.37125792263545,-1.78705811748859,38.0000040856485));
#6695=CARTESIAN_POINT('Ctrl Pts',(-0.339499437445894,-2.57875424825083,
38.0833374189819));
#6696=CARTESIAN_POINT('Ctrl Pts',(0.862008766466844,-2.08107325488764,38.1666707523152));
#6697=CARTESIAN_POINT('Ctrl Pts',(2.06351697037959,-1.58339226152445,38.2500040856485));
#6698=CARTESIAN_POINT('Ctrl Pts',(2.23326668910275,-0.294015137399013,38.3333374189818));
#6699=CARTESIAN_POINT('Ctrl Pts',(2.40301640782593,0.995361986726415,38.4166707523152));
#6700=CARTESIAN_POINT('Ctrl Pts',(1.37125792263636,1.78705811748866,38.5000040856485));
#6701=CARTESIAN_POINT('Ctrl Pts',(0.339499437446809,2.57875424825091,38.5833374189819));
#6702=CARTESIAN_POINT('Ctrl Pts',(-0.862008766465925,2.08107325488772,38.6666707523152));
#6703=CARTESIAN_POINT('Ctrl Pts',(-2.06351697037867,1.58339226152453,38.7500040856486));
#6704=CARTESIAN_POINT('Ctrl Pts',(-2.23326668910183,0.294015137399097,38.8333374189819));
#6705=CARTESIAN_POINT('Ctrl Pts',(-2.403016407825,-0.99536198672634,38.9166707523152));
#6706=CARTESIAN_POINT('Ctrl Pts',(-1.37125792263544,-1.78705811748859,39.0000040856486));
#6707=CARTESIAN_POINT('Ctrl Pts',(-0.33949943744588,-2.57875424825083,39.0833374189819));
#6708=CARTESIAN_POINT('Ctrl Pts',(0.862008766466853,-2.08107325488764,39.1666707523152));
#6709=CARTESIAN_POINT('Ctrl Pts',(2.0635169703796,-1.58339226152445,39.2500040856485));
#6710=CARTESIAN_POINT('Ctrl Pts',(2.23326668910277,-0.294015137399013,39.3333374189818));
#6711=CARTESIAN_POINT('Ctrl Pts',(2.40301640782594,0.995361986726415,39.4166707523152));
#6712=CARTESIAN_POINT('Ctrl Pts',(1.37125792263638,1.78705811748866,39.5000040856485));
#6713=CARTESIAN_POINT('Ctrl Pts',(0.339499437446817,2.57875424825091,39.5833374189819));
#6714=CARTESIAN_POINT('Ctrl Pts',(-0.862008766465912,2.08107325488772,39.6666707523152));
#6715=CARTESIAN_POINT('Ctrl Pts',(-2.06351697037865,1.58339226152453,39.7500040856486));
#6716=CARTESIAN_POINT('Ctrl Pts',(-2.23326668910182,0.294015137399097,39.8333374189819));
#6717=CARTESIAN_POINT('Ctrl Pts',(-2.40301640782499,-0.99536198672634,39.9166707523152));
#6718=CARTESIAN_POINT('Ctrl Pts',(-1.37125792263543,-1.78705811748859,40.0000040856485));
#6719=CARTESIAN_POINT('Ctrl Pts',(-0.339499437445867,-2.57875424825083,
40.0833374189819));
#6720=CARTESIAN_POINT('Ctrl Pts',(0.862008766466866,-2.08107325488764,40.1666707523152));
#6721=CARTESIAN_POINT('Ctrl Pts',(2.06351697037961,-1.58339226152445,40.2500040856485));
#6722=CARTESIAN_POINT('Ctrl Pts',(2.23326668910278,-0.294015137399013,40.3333374189818));
#6723=CARTESIAN_POINT('Ctrl Pts',(2.40301640782596,0.995361986726415,40.4166707523152));
#6724=CARTESIAN_POINT('Ctrl Pts',(1.37125792263639,1.78705811748866,40.5000040856485));
#6725=CARTESIAN_POINT('Ctrl Pts',(0.339499437446831,2.57875424825091,40.5833374189819));
#6726=CARTESIAN_POINT('Ctrl Pts',(-0.862008766465903,2.08107325488772,40.6666707523152));
#6727=CARTESIAN_POINT('Ctrl Pts',(-2.06351697037864,1.58339226152453,40.7500040856486));
#6728=CARTESIAN_POINT('Ctrl Pts',(-2.2332666891018,0.294015137399097,40.8333374189819));
#6729=CARTESIAN_POINT('Ctrl Pts',(-2.40301640782498,-0.99536198672634,40.9166707523152));
#6730=CARTESIAN_POINT('Ctrl Pts',(-1.37125792263542,-1.78705811748859,41.0000040856486));
#6731=CARTESIAN_POINT('Ctrl Pts',(-0.339499437445858,-2.57875424825083,
41.0833374189819));
#6732=CARTESIAN_POINT('Ctrl Pts',(0.86200876646688,-2.08107325488764,41.1666707523152));
#6733=CARTESIAN_POINT('Ctrl Pts',(2.06351697037963,-1.58339226152445,41.2500040856485));
#6734=CARTESIAN_POINT('Ctrl Pts',(2.23326668910279,-0.294015137399013,41.3333374189818));
#6735=CARTESIAN_POINT('Ctrl Pts',(2.40301640782596,0.995361986726415,41.4166707523152));
#6736=CARTESIAN_POINT('Ctrl Pts',(1.3712579226364,1.78705811748866,41.5000040856485));
#6737=CARTESIAN_POINT('Ctrl Pts',(0.339499437446844,2.57875424825091,41.5833374189819));
#6738=CARTESIAN_POINT('Ctrl Pts',(-0.862008766465889,2.08107325488772,41.6666707523152));
#6739=CARTESIAN_POINT('Ctrl Pts',(-2.06351697037863,1.58339226152453,41.7500040856486));
#6740=CARTESIAN_POINT('Ctrl Pts',(-2.23326668910179,0.294015137399097,41.8333374189819));
#6741=CARTESIAN_POINT('Ctrl Pts',(-2.40301640782496,-0.99536198672634,41.9166707523152));
#6742=CARTESIAN_POINT('Ctrl Pts',(-1.3712579226354,-1.78705811748859,42.0000040856485));
#6743=CARTESIAN_POINT('Ctrl Pts',(-0.339499437445845,-2.57875424825083,
42.0833374189819));
#6744=CARTESIAN_POINT('Ctrl Pts',(0.862008766466889,-2.08107325488764,42.1666707523152));
#6745=CARTESIAN_POINT('Ctrl Pts',(2.06351697037964,-1.58339226152445,42.2500040856485));
#6746=CARTESIAN_POINT('Ctrl Pts',(2.2332666891028,-0.294015137399013,42.3333374189818));
#6747=CARTESIAN_POINT('Ctrl Pts',(2.40301640782598,0.995361986726415,42.4166707523152));
#6748=CARTESIAN_POINT('Ctrl Pts',(1.37125792263641,1.78705811748866,42.5000040856485));
#6749=CARTESIAN_POINT('Ctrl Pts',(0.339499437446853,2.57875424825091,42.5833374189819));
#6750=CARTESIAN_POINT('Ctrl Pts',(-0.862008766465876,2.08107325488772,42.6666707523152));
#6751=CARTESIAN_POINT('Ctrl Pts',(-2.06351697037862,1.58339226152453,42.7500040856486));
#6752=CARTESIAN_POINT('Ctrl Pts',(-2.23326668910178,0.294015137399097,42.8333374189819));
#6753=CARTESIAN_POINT('Ctrl Pts',(-2.40301640782496,-0.99536198672634,42.9166707523152));
#6754=CARTESIAN_POINT('Ctrl Pts',(-1.37125792263539,-1.78705811748859,43.0000040856486));
#6755=CARTESIAN_POINT('Ctrl Pts',(-0.339499437445832,-2.57875424825083,
43.0833374189819));
#6756=CARTESIAN_POINT('Ctrl Pts',(0.862008766466902,-2.08107325488764,43.1666707523152));
#6757=CARTESIAN_POINT('Ctrl Pts',(2.06351697037965,-1.58339226152445,43.2500040856485));
#6758=CARTESIAN_POINT('Ctrl Pts',(2.23326668910282,-0.294015137399013,43.3333374189818));
#6759=CARTESIAN_POINT('Ctrl Pts',(2.40301640782599,0.995361986726415,43.4166707523152));
#6760=CARTESIAN_POINT('Ctrl Pts',(1.37125792263642,1.78705811748866,43.5000040856485));
#6761=CARTESIAN_POINT('Ctrl Pts',(0.339499437446866,2.57875424825091,43.5833374189819));
#6762=CARTESIAN_POINT('Ctrl Pts',(-0.862008766465867,2.08107325488772,43.6666707523152));
#6763=CARTESIAN_POINT('Ctrl Pts',(-2.0635169703786,1.58339226152453,43.7500040856486));
#6764=CARTESIAN_POINT('Ctrl Pts',(-2.23326668910177,0.294015137399097,43.8333374189819));
#6765=CARTESIAN_POINT('Ctrl Pts',(-2.40301640782494,-0.99536198672634,43.9166707523152));
#6766=CARTESIAN_POINT('Ctrl Pts',(-1.37125792263538,-1.78705811748859,44.0000040856486));
#6767=CARTESIAN_POINT('Ctrl Pts',(-0.339499437445818,-2.57875424825083,
44.0833374189819));
#6768=CARTESIAN_POINT('Ctrl Pts',(0.862008766466915,-2.08107325488764,44.1666707523152));
#6769=CARTESIAN_POINT('Ctrl Pts',(2.06351697037966,-1.58339226152445,44.2500040856485));
#6770=CARTESIAN_POINT('Ctrl Pts',(2.23326668910282,-0.294015137399013,44.3333374189818));
#6771=CARTESIAN_POINT('Ctrl Pts',(2.403016407826,0.995361986726415,44.4166707523152));
#6772=CARTESIAN_POINT('Ctrl Pts',(1.37125792263644,1.78705811748866,44.5000040856485));
#6773=CARTESIAN_POINT('Ctrl Pts',(0.33949943744688,2.57875424825091,44.5833374189819));
#6774=CARTESIAN_POINT('Ctrl Pts',(-0.862008766465854,2.08107325488772,44.6666707523152));
#6775=CARTESIAN_POINT('Ctrl Pts',(-2.0635169703786,1.58339226152453,44.7500040856486));
#6776=CARTESIAN_POINT('Ctrl Pts',(-2.23326668910175,0.294015137399097,44.8333374189819));
#6777=CARTESIAN_POINT('Ctrl Pts',(-2.40301640782493,-0.99536198672634,44.9166707523152));
#6778=CARTESIAN_POINT('Ctrl Pts',(-1.37125792263537,-1.78705811748859,45.0000040856485));
#6779=CARTESIAN_POINT('Ctrl Pts',(-0.339499437445809,-2.57875424825083,
45.0833374189819));
#6780=CARTESIAN_POINT('Ctrl Pts',(0.862008766466924,-2.08107325488764,45.1666707523152));
#6781=CARTESIAN_POINT('Ctrl Pts',(2.06351697037968,-1.58339226152445,45.2500040856485));
#6782=CARTESIAN_POINT('Ctrl Pts',(2.23326668910284,-0.294015137399013,45.3333374189818));
#6783=CARTESIAN_POINT('Ctrl Pts',(2.40301640782601,0.995361986726415,45.4166707523152));
#6784=CARTESIAN_POINT('Ctrl Pts',(1.37125792263645,1.78705811748866,45.5000040856485));
#6785=CARTESIAN_POINT('Ctrl Pts',(0.339499437446893,2.57875424825091,45.5833374189819));
#6786=CARTESIAN_POINT('Ctrl Pts',(-0.86200876646584,2.08107325488772,45.6666707523152));
#6787=CARTESIAN_POINT('Ctrl Pts',(-2.06351697037858,1.58339226152453,45.7500040856486));
#6788=CARTESIAN_POINT('Ctrl Pts',(-2.23326668910174,0.294015137399093,45.8333374189819));
#6789=CARTESIAN_POINT('Ctrl Pts',(-2.40301640782492,-0.995361986726344,
45.9166707523152));
#6790=CARTESIAN_POINT('Ctrl Pts',(-1.37125792263535,-1.78705811748859,46.0000040856485));
#6791=CARTESIAN_POINT('Ctrl Pts',(-0.339499437445796,-2.57875424825083,
46.0833374189819));
#6792=CARTESIAN_POINT('Ctrl Pts',(0.862008766466937,-2.08107325488764,46.1666707523152));
#6793=CARTESIAN_POINT('Ctrl Pts',(2.06351697037968,-1.58339226152446,46.2500040856485));
#6794=CARTESIAN_POINT('Ctrl Pts',(2.23326668910285,-0.294015137399017,46.3333374189818));
#6795=CARTESIAN_POINT('Ctrl Pts',(2.40301640782603,0.995361986726411,46.4166707523152));
#6796=CARTESIAN_POINT('Ctrl Pts',(1.37125792263646,1.78705811748866,46.5000040856485));
#6797=CARTESIAN_POINT('Ctrl Pts',(0.339499437446902,2.57875424825091,46.5833374189819));
#6798=CARTESIAN_POINT('Ctrl Pts',(-0.862008766465827,2.08107325488772,46.6666707523152));
#6799=CARTESIAN_POINT('Ctrl Pts',(-2.06351697037857,1.58339226152453,46.7500040856486));
#6800=CARTESIAN_POINT('Ctrl Pts',(-2.23326668910173,0.294015137399093,46.8333374189819));
#6801=CARTESIAN_POINT('Ctrl Pts',(-2.40301640782491,-0.995361986726344,
46.9166707523152));
#6802=CARTESIAN_POINT('Ctrl Pts',(-1.37125792263534,-1.78705811748859,47.0000040856485));
#6803=CARTESIAN_POINT('Ctrl Pts',(-0.339499437445783,-2.57875424825083,
47.0833374189819));
#6804=CARTESIAN_POINT('Ctrl Pts',(0.862008766466951,-2.08107325488764,47.1666707523152));
#6805=CARTESIAN_POINT('Ctrl Pts',(2.0635169703797,-1.58339226152446,47.2500040856485));
#6806=CARTESIAN_POINT('Ctrl Pts',(2.23326668910286,-0.294015137399017,47.3333374189818));
#6807=CARTESIAN_POINT('Ctrl Pts',(2.40301640782604,0.995361986726411,47.4166707523152));
#6808=CARTESIAN_POINT('Ctrl Pts',(1.37125792263647,1.78705811748866,47.5000040856485));
#6809=CARTESIAN_POINT('Ctrl Pts',(0.339499437446915,2.57875424825091,47.5833374189819));
#6810=CARTESIAN_POINT('Ctrl Pts',(-0.862008766465818,2.08107325488772,47.6666707523152));
#6811=CARTESIAN_POINT('Ctrl Pts',(-2.06351697037856,1.58339226152453,47.7500040856486));
#6812=CARTESIAN_POINT('Ctrl Pts',(-2.23326668910172,0.294015137399093,47.8333374189819));
#6813=CARTESIAN_POINT('Ctrl Pts',(-2.40301640782489,-0.995361986726344,
47.9166707523152));
#6814=CARTESIAN_POINT('Ctrl Pts',(-1.37125792263533,-1.78705811748859,48.0000040856486));
#6815=CARTESIAN_POINT('Ctrl Pts',(-0.339499437445774,-2.57875424825083,
48.0833374189819));
#6816=CARTESIAN_POINT('Ctrl Pts',(0.862008766466964,-2.08107325488764,48.1666707523152));
#6817=CARTESIAN_POINT('Ctrl Pts',(2.06351697037971,-1.58339226152446,48.2500040856485));
#6818=CARTESIAN_POINT('Ctrl Pts',(2.23326668910287,-0.294015137399017,48.3333374189818));
#6819=CARTESIAN_POINT('Ctrl Pts',(2.40301640782605,0.995361986726411,48.4166707523152));
#6820=CARTESIAN_POINT('Ctrl Pts',(1.37125792263648,1.78705811748866,48.5000040856485));
#6821=CARTESIAN_POINT('Ctrl Pts',(0.339499437446928,2.57875424825091,48.5833374189819));
#6822=CARTESIAN_POINT('Ctrl Pts',(-0.862008766465805,2.08107325488772,48.6666707523152));
#6823=CARTESIAN_POINT('Ctrl Pts',(-2.06351697037855,1.58339226152453,48.7500040856485));
#6824=CARTESIAN_POINT('Ctrl Pts',(-2.23326668910171,0.294015137399093,48.8333374189819));
#6825=CARTESIAN_POINT('Ctrl Pts',(-2.40301640782488,-0.995361986726344,
48.9166707523152));
#6826=CARTESIAN_POINT('Ctrl Pts',(-1.37125792263532,-1.78705811748859,49.0000040856486));
#6827=CARTESIAN_POINT('Ctrl Pts',(-0.33949943744576,-2.57875424825083,49.0833374189819));
#6828=CARTESIAN_POINT('Ctrl Pts',(0.862008766466973,-2.08107325488764,49.1666707523152));
#6829=CARTESIAN_POINT('Ctrl Pts',(2.06351697037972,-1.58339226152446,49.2500040856485));
#6830=CARTESIAN_POINT('Ctrl Pts',(2.23326668910289,-0.294015137399017,49.3333374189818));
#6831=CARTESIAN_POINT('Ctrl Pts',(2.40301640782606,0.995361986726411,49.4166707523152));
#6832=CARTESIAN_POINT('Ctrl Pts',(1.3712579226365,1.78705811748866,49.5000040856485));
#6833=CARTESIAN_POINT('Ctrl Pts',(0.339499437446937,2.57875424825091,49.5833374189819));
#6834=CARTESIAN_POINT('Ctrl Pts',(-0.862008766465792,2.08107325488772,49.6666707523152));
#6835=CARTESIAN_POINT('Ctrl Pts',(-2.06351697037853,1.58339226152453,49.7500040856486));
#6836=CARTESIAN_POINT('Ctrl Pts',(-2.2332666891017,0.294015137399093,49.8333374189819));
#6837=CARTESIAN_POINT('Ctrl Pts',(-2.40301640782487,-0.995361986726344,
49.9166707523152));
#6838=CARTESIAN_POINT('Ctrl Pts',(-1.3712579226353,-1.78705811748859,50.0000040856485));
#6839=CARTESIAN_POINT('Ctrl Pts',(-0.339499437445747,-2.57875424825083,
50.0833374189819));
#6840=CARTESIAN_POINT('Ctrl Pts',(0.862008766466986,-2.08107325488764,50.1666707523152));
#6841=CARTESIAN_POINT('Ctrl Pts',(2.06351697037973,-1.58339226152446,50.2500040856485));
#6842=CARTESIAN_POINT('Ctrl Pts',(2.2332666891029,-0.294015137399017,50.3333374189818));
#6843=CARTESIAN_POINT('Ctrl Pts',(2.40301640782608,0.995361986726411,50.4166707523152));
#6844=CARTESIAN_POINT('Ctrl Pts',(1.37125792263651,1.78705811748866,50.5000040856485));
#6845=CARTESIAN_POINT('Ctrl Pts',(0.339499437446951,2.57875424825091,50.5833374189819));
#6846=CARTESIAN_POINT('Ctrl Pts',(-0.862008766465783,2.08107325488772,50.6666707523152));
#6847=CARTESIAN_POINT('Ctrl Pts',(-2.06351697037852,1.58339226152453,50.7500040856486));
#6848=CARTESIAN_POINT('Ctrl Pts',(-2.23326668910168,0.294015137399093,50.8333374189819));
#6849=CARTESIAN_POINT('Ctrl Pts',(-2.40301640782486,-0.995361986726344,
50.9166707523152));
#6850=CARTESIAN_POINT('Ctrl Pts',(-1.3712579226353,-1.78705811748859,51.0000040856485));
#6851=CARTESIAN_POINT('Ctrl Pts',(-0.339499437445738,-2.57875424825083,
51.0833374189819));
#6852=CARTESIAN_POINT('Ctrl Pts',(0.862008766467,-2.08107325488764,51.1666707523152));
#6853=CARTESIAN_POINT('Ctrl Pts',(2.06351697037975,-1.58339226152446,51.2500040856485));
#6854=CARTESIAN_POINT('Ctrl Pts',(2.23326668910291,-0.294015137399017,51.3333374189818));
#6855=CARTESIAN_POINT('Ctrl Pts',(2.40301640782608,0.995361986726411,51.4166707523152));
#6856=CARTESIAN_POINT('Ctrl Pts',(1.37125792263652,1.78705811748866,51.5000040856485));
#6857=CARTESIAN_POINT('Ctrl Pts',(0.339499437446964,2.57875424825091,51.5833374189819));
#6858=CARTESIAN_POINT('Ctrl Pts',(-0.862008766465769,2.08107325488772,51.6666707523152));
#6859=CARTESIAN_POINT('Ctrl Pts',(-2.06351697037851,1.58339226152453,51.7500040856486));
#6860=CARTESIAN_POINT('Ctrl Pts',(-2.23326668910167,0.294015137399093,51.8333374189819));
#6861=CARTESIAN_POINT('Ctrl Pts',(-2.40301640782485,-0.995361986726344,
51.9166707523152));
#6862=CARTESIAN_POINT('Ctrl Pts',(-1.37125792263528,-1.78705811748859,52.0000040856485));
#6863=CARTESIAN_POINT('Ctrl Pts',(-0.339499437445725,-2.57875424825083,
52.0833374189819));
#6864=CARTESIAN_POINT('Ctrl Pts',(0.862008766467008,-2.08107325488764,52.1666707523152));
#6865=CARTESIAN_POINT('Ctrl Pts',(2.06351697037976,-1.58339226152446,52.2500040856485));
#6866=CARTESIAN_POINT('Ctrl Pts',(2.23326668910292,-0.294015137399017,52.3333374189818));
#6867=CARTESIAN_POINT('Ctrl Pts',(2.4030164078261,0.995361986726411,52.4166707523152));
#6868=CARTESIAN_POINT('Ctrl Pts',(1.37125792263653,1.78705811748866,52.5000040856485));
#6869=CARTESIAN_POINT('Ctrl Pts',(0.339499437446977,2.57875424825091,52.5833374189819));
#6870=CARTESIAN_POINT('Ctrl Pts',(-0.862008766465756,2.08107325488772,52.6666707523152));
#6871=CARTESIAN_POINT('Ctrl Pts',(-2.0635169703785,1.58339226152453,52.7500040856486));
#6872=CARTESIAN_POINT('Ctrl Pts',(-2.23326668910166,0.294015137399093,52.8333374189819));
#6873=CARTESIAN_POINT('Ctrl Pts',(-2.40301640782484,-0.995361986726344,
52.9166707523152));
#6874=CARTESIAN_POINT('Ctrl Pts',(-1.37125792263527,-1.78705811748859,53.0000040856485));
#6875=CARTESIAN_POINT('Ctrl Pts',(-0.339499437445712,-2.57875424825083,
53.0833374189819));
#6876=CARTESIAN_POINT('Ctrl Pts',(0.862008766467022,-2.08107325488764,53.1666707523152));
#6877=CARTESIAN_POINT('Ctrl Pts',(2.06351697037977,-1.58339226152446,53.2500040856485));
#6878=CARTESIAN_POINT('Ctrl Pts',(2.23326668910294,-0.294015137399017,53.3333374189818));
#6879=CARTESIAN_POINT('Ctrl Pts',(2.40301640782611,0.995361986726411,53.4166707523152));
#6880=CARTESIAN_POINT('Ctrl Pts',(1.37125792263654,1.78705811748866,53.5000040856485));
#6881=CARTESIAN_POINT('Ctrl Pts',(0.339499437446986,2.57875424825091,53.5833374189819));
#6882=CARTESIAN_POINT('Ctrl Pts',(-0.862008766465747,2.08107325488772,53.6666707523152));
#6883=CARTESIAN_POINT('Ctrl Pts',(-2.06351697037849,1.58339226152453,53.7500040856485));
#6884=CARTESIAN_POINT('Ctrl Pts',(-2.23326668910165,0.294015137399093,53.8333374189819));
#6885=CARTESIAN_POINT('Ctrl Pts',(-2.40301640782482,-0.995361986726344,
53.9166707523152));
#6886=CARTESIAN_POINT('Ctrl Pts',(-1.37125792263526,-1.78705811748859,54.0000040856486));
#6887=CARTESIAN_POINT('Ctrl Pts',(-0.339499437445698,-2.57875424825083,
54.0833374189819));
#6888=CARTESIAN_POINT('Ctrl Pts',(0.862008766467035,-2.08107325488764,54.1666707523152));
#6889=CARTESIAN_POINT('Ctrl Pts',(2.06351697037978,-1.58339226152446,54.2500040856485));
#6890=CARTESIAN_POINT('Ctrl Pts',(2.23326668910294,-0.294015137399017,54.3333374189818));
#6891=CARTESIAN_POINT('Ctrl Pts',(2.40301640782612,0.995361986726411,54.4166707523152));
#6892=CARTESIAN_POINT('Ctrl Pts',(1.37125792263656,1.78705811748866,54.5000040856485));
#6893=CARTESIAN_POINT('Ctrl Pts',(0.339499437447,2.57875424825091,54.5833374189819));
#6894=CARTESIAN_POINT('Ctrl Pts',(-0.862008766465734,2.08107325488772,54.6666707523152));
#6895=CARTESIAN_POINT('Ctrl Pts',(-2.06351697037848,1.58339226152453,54.7500040856486));
#6896=CARTESIAN_POINT('Ctrl Pts',(-2.23326668910163,0.294015137399093,54.8333374189819));
#6897=CARTESIAN_POINT('Ctrl Pts',(-2.40301640782481,-0.995361986726344,
54.9166707523152));
#6898=CARTESIAN_POINT('Ctrl Pts',(-1.37125792263525,-1.78705811748859,55.0000040856485));
#6899=CARTESIAN_POINT('Ctrl Pts',(-0.339499437445689,-2.57875424825083,
55.0833374189819));
#6900=CARTESIAN_POINT('Ctrl Pts',(0.862008766467048,-2.08107325488764,55.1666707523152));
#6901=CARTESIAN_POINT('Ctrl Pts',(2.0635169703798,-1.58339226152446,55.2500040856485));
#6902=CARTESIAN_POINT('Ctrl Pts',(2.23326668910296,-0.294015137399017,55.3333374189818));
#6903=CARTESIAN_POINT('Ctrl Pts',(2.40301640782613,0.995361986726411,55.4166707523152));
#6904=CARTESIAN_POINT('Ctrl Pts',(1.37125792263657,1.78705811748866,55.5000040856485));
#6905=CARTESIAN_POINT('Ctrl Pts',(0.339499437447013,2.57875424825091,55.5833374189819));
#6906=CARTESIAN_POINT('Ctrl Pts',(-0.862008766465721,2.08107325488772,55.6666707523152));
#6907=CARTESIAN_POINT('Ctrl Pts',(-2.06351697037846,1.58339226152453,55.7500040856486));
#6908=CARTESIAN_POINT('Ctrl Pts',(-2.23326668910163,0.294015137399093,55.8333374189819));
#6909=CARTESIAN_POINT('Ctrl Pts',(-2.4030164078248,-0.995361986726344,55.9166707523152));
#6910=CARTESIAN_POINT('Ctrl Pts',(-1.37125792263523,-1.78705811748859,56.0000040856485));
#6911=CARTESIAN_POINT('Ctrl Pts',(-0.339499437445676,-2.57875424825083,
56.0833374189819));
#6912=CARTESIAN_POINT('Ctrl Pts',(0.862008766467057,-2.08107325488764,56.1666707523152));
#6913=CARTESIAN_POINT('Ctrl Pts',(2.0635169703798,-1.58339226152446,56.2500040856485));
#6914=CARTESIAN_POINT('Ctrl Pts',(2.23326668910297,-0.294015137399017,56.3333374189818));
#6915=CARTESIAN_POINT('Ctrl Pts',(2.40301640782615,0.995361986726411,56.4166707523152));
#6916=CARTESIAN_POINT('Ctrl Pts',(1.37125792263658,1.78705811748866,56.5000040856485));
#6917=CARTESIAN_POINT('Ctrl Pts',(0.339499437447022,2.57875424825091,56.5833374189819));
#6918=CARTESIAN_POINT('Ctrl Pts',(-0.862008766465707,2.08107325488772,56.6666707523152));
#6919=CARTESIAN_POINT('Ctrl Pts',(-2.06351697037845,1.58339226152453,56.7500040856486));
#6920=CARTESIAN_POINT('Ctrl Pts',(-2.23326668910161,0.294015137399093,56.8333374189819));
#6921=CARTESIAN_POINT('Ctrl Pts',(-2.40301640782479,-0.995361986726344,
56.9166707523152));
#6922=CARTESIAN_POINT('Ctrl Pts',(-1.37125792263523,-1.78705811748859,57.0000040856486));
#6923=CARTESIAN_POINT('Ctrl Pts',(-0.339499437445663,-2.57875424825083,
57.0833374189819));
#6924=CARTESIAN_POINT('Ctrl Pts',(0.862008766467071,-2.08107325488764,57.1666707523152));
#6925=CARTESIAN_POINT('Ctrl Pts',(2.06351697037982,-1.58339226152446,57.2500040856485));
#6926=CARTESIAN_POINT('Ctrl Pts',(2.23326668910298,-0.294015137399017,57.3333374189818));
#6927=CARTESIAN_POINT('Ctrl Pts',(2.40301640782616,0.995361986726411,57.4166707523152));
#6928=CARTESIAN_POINT('Ctrl Pts',(1.37125792263659,1.78705811748865,57.5000040856485));
#6929=CARTESIAN_POINT('Ctrl Pts',(0.339499437447035,2.5787542482509,57.5833374189819));
#6930=CARTESIAN_POINT('Ctrl Pts',(-0.862008766465698,2.08107325488772,57.6666707523152));
#6931=CARTESIAN_POINT('Ctrl Pts',(-2.06351697037844,1.58339226152453,57.7500040856486));
#6932=CARTESIAN_POINT('Ctrl Pts',(-2.2332666891016,0.294015137399088,57.8333374189819));
#6933=CARTESIAN_POINT('Ctrl Pts',(-2.40301640782477,-0.995361986726349,
57.9166707523152));
#6934=CARTESIAN_POINT('Ctrl Pts',(-1.37125792263521,-1.7870581174886,58.0000040856486));
#6935=CARTESIAN_POINT('Ctrl Pts',(-0.339499437445654,-2.57875424825084,
58.0833374189819));
#6936=CARTESIAN_POINT('Ctrl Pts',(0.862008766467084,-2.08107325488765,58.1666707523152));
#6937=CARTESIAN_POINT('Ctrl Pts',(2.06351697037983,-1.58339226152446,58.2500040856485));
#6938=CARTESIAN_POINT('Ctrl Pts',(2.23326668910299,-0.294015137399022,58.3333374189818));
#6939=CARTESIAN_POINT('Ctrl Pts',(2.40301640782617,0.995361986726406,58.4166707523152));
#6940=CARTESIAN_POINT('Ctrl Pts',(1.37125792263661,1.78705811748865,58.5000040856485));
#6941=CARTESIAN_POINT('Ctrl Pts',(0.339499437447048,2.5787542482509,58.5833374189819));
#6942=CARTESIAN_POINT('Ctrl Pts',(-0.862008766465685,2.08107325488772,58.6666707523152));
#6943=CARTESIAN_POINT('Ctrl Pts',(-2.06351697037843,1.58339226152453,58.7500040856486));
#6944=CARTESIAN_POINT('Ctrl Pts',(-2.23326668910159,0.294015137399088,58.8333374189819));
#6945=CARTESIAN_POINT('Ctrl Pts',(-2.40301640782476,-0.995361986726349,
58.9166707523152));
#6946=CARTESIAN_POINT('Ctrl Pts',(-1.3712579226352,-1.7870581174886,59.0000040856486));
#6947=CARTESIAN_POINT('Ctrl Pts',(-0.339499437445641,-2.57875424825084,
59.0833374189819));
#6948=CARTESIAN_POINT('Ctrl Pts',(0.862008766467093,-2.08107325488765,59.1666707523152));
#6949=CARTESIAN_POINT('Ctrl Pts',(2.06351697037984,-1.58339226152446,59.2500040856485));
#6950=CARTESIAN_POINT('Ctrl Pts',(2.23326668910301,-0.294015137399022,59.3333374189818));
#6951=CARTESIAN_POINT('Ctrl Pts',(2.40301640782618,0.995361986726406,59.4166707523152));
#6952=CARTESIAN_POINT('Ctrl Pts',(1.37125792263662,1.78705811748865,59.5000040856485));
#6953=CARTESIAN_POINT('Ctrl Pts',(0.339499437447057,2.5787542482509,59.5833374189819));
#6954=CARTESIAN_POINT('Ctrl Pts',(-0.862008766465672,2.08107325488772,59.6666707523152));
#6955=CARTESIAN_POINT('Ctrl Pts',(-2.06351697037841,1.58339226152453,59.7500040856486));
#6956=CARTESIAN_POINT('Ctrl Pts',(-2.23326668910158,0.294015137399088,59.8333374189819));
#6957=CARTESIAN_POINT('Ctrl Pts',(-2.40301640782475,-0.995361986726349,
59.9166707523152));
#6958=CARTESIAN_POINT('Ctrl Pts',(-1.37125792263519,-1.7870581174886,60.0000040856485));
#6959=CARTESIAN_POINT('Ctrl Pts',(-0.339499437445627,-2.57875424825084,
60.0833374189819));
#6960=CARTESIAN_POINT('Ctrl Pts',(0.862008766467106,-2.08107325488765,60.1666707523152));
#6961=CARTESIAN_POINT('Ctrl Pts',(2.06351697037985,-1.58339226152446,60.2500040856485));
#6962=CARTESIAN_POINT('Ctrl Pts',(2.23326668910302,-0.294015137399022,60.3333374189818));
#6963=CARTESIAN_POINT('Ctrl Pts',(2.4030164078262,0.995361986726406,60.4166707523152));
#6964=CARTESIAN_POINT('Ctrl Pts',(1.37125792263663,1.78705811748865,60.5000040856485));
#6965=CARTESIAN_POINT('Ctrl Pts',(0.339499437447071,2.5787542482509,60.5833374189819));
#6966=CARTESIAN_POINT('Ctrl Pts',(-0.862008766465663,2.08107325488772,60.6666707523152));
#6967=CARTESIAN_POINT('Ctrl Pts',(-2.0635169703784,1.58339226152453,60.7500040856486));
#6968=CARTESIAN_POINT('Ctrl Pts',(-2.23326668910156,0.294015137399088,60.8333374189819));
#6969=CARTESIAN_POINT('Ctrl Pts',(-2.40301640782474,-0.995361986726349,
60.9166707523152));
#6970=CARTESIAN_POINT('Ctrl Pts',(-1.37125792263518,-1.7870581174886,61.0000040856486));
#6971=CARTESIAN_POINT('Ctrl Pts',(-0.339499437445614,-2.57875424825084,
61.0833374189819));
#6972=CARTESIAN_POINT('Ctrl Pts',(0.862008766467119,-2.08107325488765,61.1666707523152));
#6973=CARTESIAN_POINT('Ctrl Pts',(2.06351697037987,-1.58339226152446,61.2500040856485));
#6974=CARTESIAN_POINT('Ctrl Pts',(2.23326668910303,-0.294015137399022,61.3333374189818));
#6975=CARTESIAN_POINT('Ctrl Pts',(2.4030164078262,0.995361986726406,61.4166707523152));
#6976=CARTESIAN_POINT('Ctrl Pts',(1.37125792263664,1.78705811748865,61.5000040856485));
#6977=CARTESIAN_POINT('Ctrl Pts',(0.339499437447084,2.5787542482509,61.5833374189819));
#6978=CARTESIAN_POINT('Ctrl Pts',(-0.86200876646565,2.08107325488772,61.6666707523152));
#6979=CARTESIAN_POINT('Ctrl Pts',(-2.06351697037839,1.58339226152453,61.7500040856486));
#6980=CARTESIAN_POINT('Ctrl Pts',(-2.23326668910155,0.294015137399088,61.8333374189819));
#6981=CARTESIAN_POINT('Ctrl Pts',(-2.40301640782473,-0.995361986726349,
61.9166707523152));
#6982=CARTESIAN_POINT('Ctrl Pts',(-1.37125792263516,-1.7870581174886,62.0000040856486));
#6983=CARTESIAN_POINT('Ctrl Pts',(-0.339499437445605,-2.57875424825084,
62.0833374189819));
#6984=CARTESIAN_POINT('Ctrl Pts',(0.862008766467128,-2.08107325488765,62.1666707523152));
#6985=CARTESIAN_POINT('Ctrl Pts',(2.06351697037988,-1.58339226152446,62.2500040856485));
#6986=CARTESIAN_POINT('Ctrl Pts',(2.23326668910304,-0.294015137399022,62.3333374189818));
#6987=CARTESIAN_POINT('Ctrl Pts',(2.40301640782622,0.995361986726406,62.4166707523152));
#6988=CARTESIAN_POINT('Ctrl Pts',(1.37125792263665,1.78705811748865,62.5000040856485));
#6989=CARTESIAN_POINT('Ctrl Pts',(0.339499437447097,2.5787542482509,62.5833374189819));
#6990=CARTESIAN_POINT('Ctrl Pts',(-0.862008766465636,2.08107325488772,62.6666707523152));
#6991=CARTESIAN_POINT('Ctrl Pts',(-2.06351697037838,1.58339226152453,62.7500040856486));
#6992=CARTESIAN_POINT('Ctrl Pts',(-2.23326668910154,0.294015137399088,62.8333374189819));
#6993=CARTESIAN_POINT('Ctrl Pts',(-2.40301640782471,-0.995361986726349,
62.9166707523152));
#6994=CARTESIAN_POINT('Ctrl Pts',(-1.37125792263515,-1.7870581174886,63.0000040856486));
#6995=CARTESIAN_POINT('Ctrl Pts',(-0.339499437445592,-2.57875424825084,
63.0833374189819));
#6996=CARTESIAN_POINT('Ctrl Pts',(0.862008766467142,-2.08107325488765,63.1666707523152));
#6997=CARTESIAN_POINT('Ctrl Pts',(2.06351697037989,-1.58339226152446,63.2500040856485));
#6998=CARTESIAN_POINT('Ctrl Pts',(2.23326668910306,-0.294015137399022,63.3333374189818));
#6999=CARTESIAN_POINT('Ctrl Pts',(2.40301640782623,0.995361986726406,63.4166707523152));
#7000=CARTESIAN_POINT('Ctrl Pts',(1.37125792263666,1.78705811748865,63.5000040856485));
#7001=CARTESIAN_POINT('Ctrl Pts',(0.339499437447106,2.5787542482509,63.5833374189819));
#7002=CARTESIAN_POINT('Ctrl Pts',(-0.862008766465623,2.08107325488772,63.6666707523152));
#7003=CARTESIAN_POINT('Ctrl Pts',(-2.06351697037837,1.58339226152453,63.7500040856485));
#7004=CARTESIAN_POINT('Ctrl Pts',(-2.23326668910153,0.294015137399088,63.8333374189819));
#7005=CARTESIAN_POINT('Ctrl Pts',(-2.4030164078247,-0.995361986726349,63.9166707523152));
#7006=CARTESIAN_POINT('Ctrl Pts',(-1.37125792263514,-1.7870581174886,64.0000040856486));
#7007=CARTESIAN_POINT('Ctrl Pts',(-0.339499437445578,-2.57875424825084,
64.0833374189819));
#7008=CARTESIAN_POINT('Ctrl Pts',(0.862008766467155,-2.08107325488765,64.1666707523152));
#7009=CARTESIAN_POINT('Ctrl Pts',(2.0635169703799,-1.58339226152446,64.2500040856485));
#7010=CARTESIAN_POINT('Ctrl Pts',(2.23326668910306,-0.294015137399022,64.3333374189818));
#7011=CARTESIAN_POINT('Ctrl Pts',(2.40301640782624,0.995361986726406,64.4166707523152));
#7012=CARTESIAN_POINT('Ctrl Pts',(1.37125792263668,1.78705811748865,64.5000040856485));
#7013=CARTESIAN_POINT('Ctrl Pts',(0.339499437447119,2.5787542482509,64.5833374189819));
#7014=CARTESIAN_POINT('Ctrl Pts',(-0.862008766465614,2.08107325488772,64.6666707523152));
#7015=CARTESIAN_POINT('Ctrl Pts',(-2.06351697037836,1.58339226152453,64.7500040856485));
#7016=CARTESIAN_POINT('Ctrl Pts',(-2.23326668910151,0.294015137399088,64.8333374189819));
#7017=CARTESIAN_POINT('Ctrl Pts',(-2.40301640782469,-0.995361986726349,
64.9166707523152));
#7018=CARTESIAN_POINT('Ctrl Pts',(-1.37125792263513,-1.7870581174886,65.0000040856486));
#7019=CARTESIAN_POINT('Ctrl Pts',(-0.33949943744557,-2.57875424825084,65.0833374189819));
#7020=CARTESIAN_POINT('Ctrl Pts',(0.862008766467168,-2.08107325488765,65.1666707523152));
#7021=CARTESIAN_POINT('Ctrl Pts',(2.06351697037991,-1.58339226152446,65.2500040856485));
#7022=CARTESIAN_POINT('Ctrl Pts',(2.23326668910308,-0.294015137399022,65.3333374189818));
#7023=CARTESIAN_POINT('Ctrl Pts',(2.40301640782625,0.995361986726406,65.4166707523152));
#7024=CARTESIAN_POINT('Ctrl Pts',(1.37125792263669,1.78705811748865,65.5000040856485));
#7025=CARTESIAN_POINT('Ctrl Pts',(0.339499437447133,2.5787542482509,65.5833374189819));
#7026=CARTESIAN_POINT('Ctrl Pts',(-0.862008766465601,2.08107325488772,65.6666707523152));
#7027=CARTESIAN_POINT('Ctrl Pts',(-2.06351697037834,1.58339226152453,65.7500040856486));
#7028=CARTESIAN_POINT('Ctrl Pts',(-2.23326668910151,0.294015137399088,65.8333374189819));
#7029=CARTESIAN_POINT('Ctrl Pts',(-2.40301640782468,-0.995361986726349,
65.9166707523152));
#7030=CARTESIAN_POINT('Ctrl Pts',(-1.37125792263511,-1.7870581174886,66.0000040856485));
#7031=CARTESIAN_POINT('Ctrl Pts',(-0.339499437445556,-2.57875424825084,
66.0833374189819));
#7032=CARTESIAN_POINT('Ctrl Pts',(0.862008766467177,-2.08107325488765,66.1666707523152));
#7033=CARTESIAN_POINT('Ctrl Pts',(2.06351697037993,-1.58339226152446,66.2500040856485));
#7034=CARTESIAN_POINT('Ctrl Pts',(2.23326668910309,-0.294015137399022,66.3333374189818));
#7035=CARTESIAN_POINT('Ctrl Pts',(2.40301640782627,0.995361986726406,66.4166707523152));
#7036=CARTESIAN_POINT('Ctrl Pts',(1.3712579226367,1.78705811748865,66.5000040856485));
#7037=CARTESIAN_POINT('Ctrl Pts',(1.78176636317093,2.32204313295948,-4.90625000000003));
#7038=CARTESIAN_POINT('Ctrl Pts',(0.441134135286889,3.35074642236927,-4.82291666666669));
#7039=CARTESIAN_POINT('Ctrl Pts',(-1.12006516024063,2.70407650059445,-4.73958333333333));
#7040=CARTESIAN_POINT('Ctrl Pts',(-2.68126445576814,2.05740657881964,-4.65624999999999));
#7041=CARTESIAN_POINT('Ctrl Pts',(-2.90183152341161,0.382033367635035,-4.57291666666665));
#7042=CARTESIAN_POINT('Ctrl Pts',(-3.12239859105508,-1.29333984354957,-4.48958333333331));
#7043=CARTESIAN_POINT('Ctrl Pts',(-1.78176636317104,-2.32204313295936,-4.40624999999999));
#7044=CARTESIAN_POINT('Ctrl Pts',(-0.441134135287,-3.35074642236915,-4.32291666666669));
#7045=CARTESIAN_POINT('Ctrl Pts',(1.12006516024051,-2.70407650059434,-4.23958333333336));
#7046=CARTESIAN_POINT('Ctrl Pts',(2.68126445576804,-2.05740657881952,-4.15625000000005));
#7047=CARTESIAN_POINT('Ctrl Pts',(2.9018315234115,-0.38203336763492,-4.07291666666672));
#7048=CARTESIAN_POINT('Ctrl Pts',(3.12239859105498,1.29333984354969,-3.98958333333339));
#7049=CARTESIAN_POINT('Ctrl Pts',(1.78176636317094,2.32204313295948,-3.90625000000004));
#7050=CARTESIAN_POINT('Ctrl Pts',(0.441134135286902,3.35074642236927,-3.82291666666669));
#7051=CARTESIAN_POINT('Ctrl Pts',(-1.12006516024061,2.70407650059445,-3.73958333333333));
#7052=CARTESIAN_POINT('Ctrl Pts',(-2.68126445576813,2.05740657881964,-3.65624999999997));
#7053=CARTESIAN_POINT('Ctrl Pts',(-2.9018315234116,0.382033367635035,-3.57291666666665));
#7054=CARTESIAN_POINT('Ctrl Pts',(-3.12239859105507,-1.29333984354957,-3.48958333333331));
#7055=CARTESIAN_POINT('Ctrl Pts',(-1.78176636317103,-2.32204313295936,-3.40624999999999));
#7056=CARTESIAN_POINT('Ctrl Pts',(-0.441134135286991,-3.35074642236915,
-3.32291666666668));
#7057=CARTESIAN_POINT('Ctrl Pts',(1.12006516024052,-2.70407650059434,-3.23958333333337));
#7058=CARTESIAN_POINT('Ctrl Pts',(2.68126445576805,-2.05740657881952,-3.15625000000005));
#7059=CARTESIAN_POINT('Ctrl Pts',(2.90183152341152,-0.38203336763492,-3.07291666666672));
#7060=CARTESIAN_POINT('Ctrl Pts',(3.12239859105499,1.29333984354969,-2.98958333333339));
#7061=CARTESIAN_POINT('Ctrl Pts',(1.78176636317095,2.32204313295948,-2.90625000000003));
#7062=CARTESIAN_POINT('Ctrl Pts',(0.441134135286916,3.35074642236927,-2.82291666666668));
#7063=CARTESIAN_POINT('Ctrl Pts',(-1.1200651602406,2.70407650059445,-2.73958333333333));
#7064=CARTESIAN_POINT('Ctrl Pts',(-2.68126445576812,2.05740657881964,-2.65624999999999));
#7065=CARTESIAN_POINT('Ctrl Pts',(-2.90183152341159,0.382033367635035,-2.57291666666665));
#7066=CARTESIAN_POINT('Ctrl Pts',(-3.12239859105506,-1.29333984354957,-2.48958333333331));
#7067=CARTESIAN_POINT('Ctrl Pts',(-1.78176636317102,-2.32204313295936,-2.40624999999999));
#7068=CARTESIAN_POINT('Ctrl Pts',(-0.441134135286978,-3.35074642236915,
-2.32291666666668));
#7069=CARTESIAN_POINT('Ctrl Pts',(1.12006516024053,-2.70407650059434,-2.23958333333337));
#7070=CARTESIAN_POINT('Ctrl Pts',(2.68126445576806,-2.05740657881952,-2.15625000000004));
#7071=CARTESIAN_POINT('Ctrl Pts',(2.90183152341153,-0.38203336763492,-2.07291666666672));
#7072=CARTESIAN_POINT('Ctrl Pts',(3.122398591055,1.29333984354969,-1.98958333333339));
#7073=CARTESIAN_POINT('Ctrl Pts',(1.78176636317096,2.32204313295948,-1.90625000000003));
#7074=CARTESIAN_POINT('Ctrl Pts',(0.441134135286925,3.35074642236927,-1.82291666666669));
#7075=CARTESIAN_POINT('Ctrl Pts',(-1.12006516024059,2.70407650059445,-1.73958333333333));
#7076=CARTESIAN_POINT('Ctrl Pts',(-2.68126445576811,2.05740657881964,-1.65624999999998));
#7077=CARTESIAN_POINT('Ctrl Pts',(-2.90183152341158,0.382033367635035,-1.57291666666665));
#7078=CARTESIAN_POINT('Ctrl Pts',(-3.12239859105505,-1.29333984354957,-1.48958333333331));
#7079=CARTESIAN_POINT('Ctrl Pts',(-1.78176636317101,-2.32204313295937,-1.40625));
#7080=CARTESIAN_POINT('Ctrl Pts',(-0.441134135286965,-3.35074642236916,
-1.32291666666668));
#7081=CARTESIAN_POINT('Ctrl Pts',(1.12006516024055,-2.70407650059434,-1.23958333333337));
#7082=CARTESIAN_POINT('Ctrl Pts',(2.68126445576807,-2.05740657881953,-1.15625000000005));
#7083=CARTESIAN_POINT('Ctrl Pts',(2.90183152341154,-0.382033367634924,-1.07291666666672));
#7084=CARTESIAN_POINT('Ctrl Pts',(3.12239859105501,1.29333984354968,-0.989583333333388));
#7085=CARTESIAN_POINT('Ctrl Pts',(1.78176636317098,2.32204313295947,-0.906250000000042));
#7086=CARTESIAN_POINT('Ctrl Pts',(0.441134135286938,3.35074642236926,-0.822916666666691));
#7087=CARTESIAN_POINT('Ctrl Pts',(-1.12006516024058,2.70407650059445,-0.739583333333336));
#7088=CARTESIAN_POINT('Ctrl Pts',(-2.6812644557681,2.05740657881964,-0.656249999999989));
#7089=CARTESIAN_POINT('Ctrl Pts',(-2.90183152341156,0.382033367635031,-0.572916666666643));
#7090=CARTESIAN_POINT('Ctrl Pts',(-3.12239859105504,-1.29333984354957,-0.48958333333331));
#7091=CARTESIAN_POINT('Ctrl Pts',(-1.781766363171,-2.32204313295937,-0.406249999999999));
#7092=CARTESIAN_POINT('Ctrl Pts',(-0.441134135286956,-3.35074642236916,
-0.322916666666684));
#7093=CARTESIAN_POINT('Ctrl Pts',(1.12006516024056,-2.70407650059434,-0.239583333333364));
#7094=CARTESIAN_POINT('Ctrl Pts',(2.68126445576808,-2.05740657881953,-0.156250000000053));
#7095=CARTESIAN_POINT('Ctrl Pts',(2.90183152341155,-0.382033367634924,-0.0729166666667158));
#7096=CARTESIAN_POINT('Ctrl Pts',(3.12239859105502,1.29333984354968,0.0104166666666128));
#7097=CARTESIAN_POINT('Ctrl Pts',(1.78176636317099,2.32204313295947,0.0937499999999591));
#7098=CARTESIAN_POINT('Ctrl Pts',(0.441134135286951,3.35074642236926,0.177083333333314));
#7099=CARTESIAN_POINT('Ctrl Pts',(-1.12006516024056,2.70407650059445,0.260416666666665));
#7100=CARTESIAN_POINT('Ctrl Pts',(-2.68126445576808,2.05740657881964,0.34375000000002));
#7101=CARTESIAN_POINT('Ctrl Pts',(-2.90183152341156,0.382033367635031,0.427083333333353));
#7102=CARTESIAN_POINT('Ctrl Pts',(-3.12239859105502,-1.29333984354957,0.510416666666687));
#7103=CARTESIAN_POINT('Ctrl Pts',(-1.78176636317098,-2.32204313295937,0.593749999999997));
#7104=CARTESIAN_POINT('Ctrl Pts',(-0.441134135286942,-3.35074642236916,
0.677083333333326));
#7105=CARTESIAN_POINT('Ctrl Pts',(1.12006516024057,-2.70407650059434,0.760416666666637));
#7106=CARTESIAN_POINT('Ctrl Pts',(2.68126445576809,-2.05740657881953,0.843749999999952));
#7107=CARTESIAN_POINT('Ctrl Pts',(2.90183152341156,-0.382033367634924,0.927083333333285));
#7108=CARTESIAN_POINT('Ctrl Pts',(3.12239859105503,1.29333984354968,1.01041666666661));
#7109=CARTESIAN_POINT('Ctrl Pts',(1.781766363171,2.32204313295947,1.09374999999996));
#7110=CARTESIAN_POINT('Ctrl Pts',(0.44113413528696,3.35074642236926,1.17708333333331));
#7111=CARTESIAN_POINT('Ctrl Pts',(-1.12006516024055,2.70407650059445,1.26041666666667));
#7112=CARTESIAN_POINT('Ctrl Pts',(-2.68126445576807,2.05740657881964,1.34375000000002));
#7113=CARTESIAN_POINT('Ctrl Pts',(-2.90183152341154,0.382033367635031,1.42708333333335));
#7114=CARTESIAN_POINT('Ctrl Pts',(-3.12239859105501,-1.29333984354957,1.51041666666669));
#7115=CARTESIAN_POINT('Ctrl Pts',(-1.78176636317097,-2.32204313295937,1.59375));
#7116=CARTESIAN_POINT('Ctrl Pts',(-0.441134135286929,-3.35074642236916,
1.67708333333332));
#7117=CARTESIAN_POINT('Ctrl Pts',(1.12006516024058,-2.70407650059434,1.76041666666663));
#7118=CARTESIAN_POINT('Ctrl Pts',(2.68126445576811,-2.05740657881953,1.84374999999994));
#7119=CARTESIAN_POINT('Ctrl Pts',(2.90183152341157,-0.382033367634924,1.92708333333328));
#7120=CARTESIAN_POINT('Ctrl Pts',(3.12239859105505,1.29333984354968,2.01041666666661));
#7121=CARTESIAN_POINT('Ctrl Pts',(1.78176636317101,2.32204313295947,2.09374999999996));
#7122=CARTESIAN_POINT('Ctrl Pts',(0.441134135286974,3.35074642236926,2.17708333333331));
#7123=CARTESIAN_POINT('Ctrl Pts',(-1.12006516024054,2.70407650059445,2.26041666666667));
#7124=CARTESIAN_POINT('Ctrl Pts',(-2.68126445576806,2.05740657881964,2.34375000000002));
#7125=CARTESIAN_POINT('Ctrl Pts',(-2.90183152341153,0.382033367635031,2.42708333333335));
#7126=CARTESIAN_POINT('Ctrl Pts',(-3.122398591055,-1.29333984354957,2.51041666666669));
#7127=CARTESIAN_POINT('Ctrl Pts',(-1.78176636317096,-2.32204313295937,2.59375));
#7128=CARTESIAN_POINT('Ctrl Pts',(-0.44113413528692,-3.35074642236916,2.67708333333331));
#7129=CARTESIAN_POINT('Ctrl Pts',(1.1200651602406,-2.70407650059434,2.76041666666663));
#7130=CARTESIAN_POINT('Ctrl Pts',(2.68126445576812,-2.05740657881953,2.84374999999995));
#7131=CARTESIAN_POINT('Ctrl Pts',(2.90183152341159,-0.382033367634924,2.92708333333328));
#7132=CARTESIAN_POINT('Ctrl Pts',(3.12239859105506,1.29333984354968,3.01041666666662));
#7133=CARTESIAN_POINT('Ctrl Pts',(1.78176636317103,2.32204313295947,3.09374999999996));
#7134=CARTESIAN_POINT('Ctrl Pts',(0.441134135286987,3.35074642236926,3.17708333333331));
#7135=CARTESIAN_POINT('Ctrl Pts',(-1.12006516024053,2.70407650059445,3.26041666666667));
#7136=CARTESIAN_POINT('Ctrl Pts',(-2.68126445576805,2.05740657881964,3.34375000000001));
#7137=CARTESIAN_POINT('Ctrl Pts',(-2.90183152341152,0.382033367635031,3.42708333333335));
#7138=CARTESIAN_POINT('Ctrl Pts',(-3.12239859105499,-1.29333984354957,3.51041666666669));
#7139=CARTESIAN_POINT('Ctrl Pts',(-1.78176636317095,-2.32204313295937,3.59375));
#7140=CARTESIAN_POINT('Ctrl Pts',(-0.441134135286907,-3.35074642236916,
3.67708333333332));
#7141=CARTESIAN_POINT('Ctrl Pts',(1.1200651602406,-2.70407650059434,3.76041666666663));
#7142=CARTESIAN_POINT('Ctrl Pts',(2.68126445576813,-2.05740657881953,3.84374999999995));
#7143=CARTESIAN_POINT('Ctrl Pts',(2.9018315234116,-0.382033367634924,3.92708333333328));
#7144=CARTESIAN_POINT('Ctrl Pts',(3.12239859105508,1.29333984354968,4.01041666666661));
#7145=CARTESIAN_POINT('Ctrl Pts',(1.78176636317104,2.32204313295947,4.09374999999997));
#7146=CARTESIAN_POINT('Ctrl Pts',(0.441134135287,3.35074642236926,4.17708333333331));
#7147=CARTESIAN_POINT('Ctrl Pts',(-1.12006516024052,2.70407650059445,4.26041666666666));
#7148=CARTESIAN_POINT('Ctrl Pts',(-2.68126445576804,2.05740657881964,4.34375000000002));
#7149=CARTESIAN_POINT('Ctrl Pts',(-2.90183152341151,0.382033367635031,4.42708333333335));
#7150=CARTESIAN_POINT('Ctrl Pts',(-3.12239859105498,-1.29333984354957,4.51041666666669));
#7151=CARTESIAN_POINT('Ctrl Pts',(-1.78176636317093,-2.32204313295937,4.59375000000001));
#7152=CARTESIAN_POINT('Ctrl Pts',(-0.441134135286894,-3.35074642236916,
4.67708333333332));
#7153=CARTESIAN_POINT('Ctrl Pts',(1.12006516024062,-2.70407650059434,4.76041666666664));
#7154=CARTESIAN_POINT('Ctrl Pts',(2.68126445576814,-2.05740657881953,4.84374999999996));
#7155=CARTESIAN_POINT('Ctrl Pts',(2.90183152341161,-0.382033367634924,4.92708333333328));
#7156=CARTESIAN_POINT('Ctrl Pts',(3.12239859105508,1.29333984354968,5.01041666666661));
#7157=CARTESIAN_POINT('Ctrl Pts',(1.78176636317105,2.32204313295947,5.09374999999997));
#7158=CARTESIAN_POINT('Ctrl Pts',(0.441134135287009,3.35074642236926,5.17708333333331));
#7159=CARTESIAN_POINT('Ctrl Pts',(-1.12006516024051,2.70407650059445,5.26041666666666));
#7160=CARTESIAN_POINT('Ctrl Pts',(-2.68126445576802,2.05740657881964,5.34375000000002));
#7161=CARTESIAN_POINT('Ctrl Pts',(-2.90183152341149,0.382033367635031,5.42708333333335));
#7162=CARTESIAN_POINT('Ctrl Pts',(-3.12239859105496,-1.29333984354957,5.51041666666669));
#7163=CARTESIAN_POINT('Ctrl Pts',(-1.78176636317092,-2.32204313295937,5.59375));
#7164=CARTESIAN_POINT('Ctrl Pts',(-0.44113413528688,-3.35074642236916,5.67708333333332));
#7165=CARTESIAN_POINT('Ctrl Pts',(1.12006516024063,-2.70407650059434,5.76041666666663));
#7166=CARTESIAN_POINT('Ctrl Pts',(2.68126445576816,-2.05740657881953,5.84374999999995));
#7167=CARTESIAN_POINT('Ctrl Pts',(2.90183152341162,-0.382033367634924,5.92708333333328));
#7168=CARTESIAN_POINT('Ctrl Pts',(3.12239859105509,1.29333984354968,6.01041666666661));
#7169=CARTESIAN_POINT('Ctrl Pts',(1.78176636317106,2.32204313295947,6.09374999999996));
#7170=CARTESIAN_POINT('Ctrl Pts',(0.441134135287022,3.35074642236926,6.17708333333331));
#7171=CARTESIAN_POINT('Ctrl Pts',(-1.12006516024049,2.70407650059445,6.26041666666667));
#7172=CARTESIAN_POINT('Ctrl Pts',(-2.68126445576801,2.05740657881964,6.34375000000002));
#7173=CARTESIAN_POINT('Ctrl Pts',(-2.90183152341148,0.382033367635031,6.42708333333335));
#7174=CARTESIAN_POINT('Ctrl Pts',(-3.12239859105495,-1.29333984354957,6.51041666666668));
#7175=CARTESIAN_POINT('Ctrl Pts',(-1.78176636317091,-2.32204313295937,6.59375));
#7176=CARTESIAN_POINT('Ctrl Pts',(-0.441134135286871,-3.35074642236916,
6.67708333333332));
#7177=CARTESIAN_POINT('Ctrl Pts',(1.12006516024064,-2.70407650059434,6.76041666666663));
#7178=CARTESIAN_POINT('Ctrl Pts',(2.68126445576817,-2.05740657881953,6.84374999999995));
#7179=CARTESIAN_POINT('Ctrl Pts',(2.90183152341164,-0.382033367634924,6.92708333333328));
#7180=CARTESIAN_POINT('Ctrl Pts',(3.12239859105511,1.29333984354968,7.01041666666661));
#7181=CARTESIAN_POINT('Ctrl Pts',(1.78176636317107,2.32204313295947,7.09374999999996));
#7182=CARTESIAN_POINT('Ctrl Pts',(0.441134135287036,3.35074642236926,7.17708333333331));
#7183=CARTESIAN_POINT('Ctrl Pts',(-1.12006516024048,2.70407650059445,7.26041666666667));
#7184=CARTESIAN_POINT('Ctrl Pts',(-2.681264455768,2.05740657881964,7.34375000000001));
#7185=CARTESIAN_POINT('Ctrl Pts',(-2.90183152341147,0.382033367635031,7.42708333333335));
#7186=CARTESIAN_POINT('Ctrl Pts',(-3.12239859105494,-1.29333984354957,7.51041666666668));
#7187=CARTESIAN_POINT('Ctrl Pts',(-1.7817663631709,-2.32204313295937,7.59375));
#7188=CARTESIAN_POINT('Ctrl Pts',(-0.441134135286858,-3.35074642236916,
7.67708333333332));
#7189=CARTESIAN_POINT('Ctrl Pts',(1.12006516024065,-2.70407650059434,7.76041666666663));
#7190=CARTESIAN_POINT('Ctrl Pts',(2.68126445576818,-2.05740657881953,7.84374999999995));
#7191=CARTESIAN_POINT('Ctrl Pts',(2.90183152341165,-0.382033367634924,7.92708333333328));
#7192=CARTESIAN_POINT('Ctrl Pts',(3.12239859105512,1.29333984354968,8.0104166666666));
#7193=CARTESIAN_POINT('Ctrl Pts',(1.78176636317108,2.32204313295947,8.09374999999996));
#7194=CARTESIAN_POINT('Ctrl Pts',(0.441134135287045,3.35074642236926,8.17708333333331));
#7195=CARTESIAN_POINT('Ctrl Pts',(-1.12006516024047,2.70407650059445,8.26041666666666));
#7196=CARTESIAN_POINT('Ctrl Pts',(-2.68126445576799,2.05740657881964,8.34375000000001));
#7197=CARTESIAN_POINT('Ctrl Pts',(-2.90183152341146,0.382033367635031,8.42708333333334));
#7198=CARTESIAN_POINT('Ctrl Pts',(-3.12239859105493,-1.29333984354957,8.51041666666669));
#7199=CARTESIAN_POINT('Ctrl Pts',(-1.78176636317089,-2.32204313295937,8.59375));
#7200=CARTESIAN_POINT('Ctrl Pts',(-0.441134135286845,-3.35074642236916,
8.67708333333332));
#7201=CARTESIAN_POINT('Ctrl Pts',(1.12006516024067,-2.70407650059434,8.76041666666663));
#7202=CARTESIAN_POINT('Ctrl Pts',(2.68126445576819,-2.05740657881953,8.84374999999995));
#7203=CARTESIAN_POINT('Ctrl Pts',(2.90183152341166,-0.382033367634924,8.92708333333328));
#7204=CARTESIAN_POINT('Ctrl Pts',(3.12239859105513,1.29333984354968,9.01041666666661));
#7205=CARTESIAN_POINT('Ctrl Pts',(1.7817663631711,2.32204313295947,9.09374999999996));
#7206=CARTESIAN_POINT('Ctrl Pts',(0.441134135287058,3.35074642236926,9.17708333333331));
#7207=CARTESIAN_POINT('Ctrl Pts',(-1.12006516024046,2.70407650059445,9.26041666666666));
#7208=CARTESIAN_POINT('Ctrl Pts',(-2.68126445576797,2.05740657881964,9.34375000000001));
#7209=CARTESIAN_POINT('Ctrl Pts',(-2.90183152341144,0.382033367635031,9.42708333333335));
#7210=CARTESIAN_POINT('Ctrl Pts',(-3.12239859105492,-1.29333984354957,9.51041666666669));
#7211=CARTESIAN_POINT('Ctrl Pts',(-1.78176636317088,-2.32204313295937,9.59375));
#7212=CARTESIAN_POINT('Ctrl Pts',(-0.441134135286836,-3.35074642236916,
9.67708333333332));
#7213=CARTESIAN_POINT('Ctrl Pts',(1.12006516024068,-2.70407650059434,9.76041666666663));
#7214=CARTESIAN_POINT('Ctrl Pts',(2.6812644557682,-2.05740657881953,9.84374999999995));
#7215=CARTESIAN_POINT('Ctrl Pts',(2.90183152341167,-0.382033367634924,9.92708333333328));
#7216=CARTESIAN_POINT('Ctrl Pts',(3.12239859105515,1.29333984354968,10.0104166666666));
#7217=CARTESIAN_POINT('Ctrl Pts',(1.78176636317111,2.32204313295947,10.09375));
#7218=CARTESIAN_POINT('Ctrl Pts',(0.441134135287071,3.35074642236926,10.1770833333333));
#7219=CARTESIAN_POINT('Ctrl Pts',(-1.12006516024044,2.70407650059445,10.2604166666667));
#7220=CARTESIAN_POINT('Ctrl Pts',(-2.68126445576796,2.05740657881963,10.34375));
#7221=CARTESIAN_POINT('Ctrl Pts',(-2.90183152341144,0.382033367635026,10.4270833333333));
#7222=CARTESIAN_POINT('Ctrl Pts',(-3.1223985910549,-1.29333984354958,10.5104166666667));
#7223=CARTESIAN_POINT('Ctrl Pts',(-1.78176636317086,-2.32204313295937,10.59375));
#7224=CARTESIAN_POINT('Ctrl Pts',(-0.441134135286823,-3.35074642236916,
10.6770833333333));
#7225=CARTESIAN_POINT('Ctrl Pts',(1.12006516024069,-2.70407650059435,10.7604166666666));
#7226=CARTESIAN_POINT('Ctrl Pts',(2.68126445576822,-2.05740657881953,10.84375));
#7227=CARTESIAN_POINT('Ctrl Pts',(2.90183152341168,-0.382033367634929,10.9270833333333));
#7228=CARTESIAN_POINT('Ctrl Pts',(3.12239859105516,1.29333984354968,11.0104166666666));
#7229=CARTESIAN_POINT('Ctrl Pts',(1.78176636317112,2.32204313295947,11.09375));
#7230=CARTESIAN_POINT('Ctrl Pts',(0.44113413528708,3.35074642236926,11.1770833333333));
#7231=CARTESIAN_POINT('Ctrl Pts',(-1.12006516024043,2.70407650059445,11.2604166666667));
#7232=CARTESIAN_POINT('Ctrl Pts',(-2.68126445576795,2.05740657881963,11.34375));
#7233=CARTESIAN_POINT('Ctrl Pts',(-2.90183152341142,0.382033367635026,11.4270833333333));
#7234=CARTESIAN_POINT('Ctrl Pts',(-3.12239859105489,-1.29333984354958,11.5104166666667));
#7235=CARTESIAN_POINT('Ctrl Pts',(-1.78176636317085,-2.32204313295937,11.59375));
#7236=CARTESIAN_POINT('Ctrl Pts',(-0.441134135286809,-3.35074642236916,
11.6770833333333));
#7237=CARTESIAN_POINT('Ctrl Pts',(1.1200651602407,-2.70407650059435,11.7604166666666));
#7238=CARTESIAN_POINT('Ctrl Pts',(2.68126445576823,-2.05740657881953,11.84375));
#7239=CARTESIAN_POINT('Ctrl Pts',(2.90183152341169,-0.382033367634929,11.9270833333333));
#7240=CARTESIAN_POINT('Ctrl Pts',(3.12239859105516,1.29333984354968,12.0104166666666));
#7241=CARTESIAN_POINT('Ctrl Pts',(1.78176636317113,2.32204313295947,12.09375));
#7242=CARTESIAN_POINT('Ctrl Pts',(0.441134135287093,3.35074642236926,12.1770833333333));
#7243=CARTESIAN_POINT('Ctrl Pts',(-1.12006516024042,2.70407650059445,12.2604166666667));
#7244=CARTESIAN_POINT('Ctrl Pts',(-2.68126445576794,2.05740657881963,12.34375));
#7245=CARTESIAN_POINT('Ctrl Pts',(-2.90183152341141,0.382033367635026,12.4270833333333));
#7246=CARTESIAN_POINT('Ctrl Pts',(-3.12239859105488,-1.29333984354958,12.5104166666667));
#7247=CARTESIAN_POINT('Ctrl Pts',(-1.78176636317084,-2.32204313295937,12.59375));
#7248=CARTESIAN_POINT('Ctrl Pts',(-0.441134135286796,-3.35074642236916,
12.6770833333333));
#7249=CARTESIAN_POINT('Ctrl Pts',(1.12006516024072,-2.70407650059435,12.7604166666666));
#7250=CARTESIAN_POINT('Ctrl Pts',(2.68126445576824,-2.05740657881953,12.8437499999999));
#7251=CARTESIAN_POINT('Ctrl Pts',(2.90183152341171,-0.382033367634929,12.9270833333333));
#7252=CARTESIAN_POINT('Ctrl Pts',(3.12239859105518,1.29333984354968,13.0104166666666));
#7253=CARTESIAN_POINT('Ctrl Pts',(1.78176636317115,2.32204313295947,13.09375));
#7254=CARTESIAN_POINT('Ctrl Pts',(0.441134135287107,3.35074642236926,13.1770833333333));
#7255=CARTESIAN_POINT('Ctrl Pts',(-1.12006516024041,2.70407650059445,13.2604166666667));
#7256=CARTESIAN_POINT('Ctrl Pts',(-2.68126445576793,2.05740657881963,13.34375));
#7257=CARTESIAN_POINT('Ctrl Pts',(-2.9018315234114,0.382033367635026,13.4270833333333));
#7258=CARTESIAN_POINT('Ctrl Pts',(-3.12239859105487,-1.29333984354958,13.5104166666667));
#7259=CARTESIAN_POINT('Ctrl Pts',(-1.78176636317083,-2.32204313295937,13.59375));
#7260=CARTESIAN_POINT('Ctrl Pts',(-0.441134135286787,-3.35074642236916,
13.6770833333333));
#7261=CARTESIAN_POINT('Ctrl Pts',(1.12006516024072,-2.70407650059435,13.7604166666666));
#7262=CARTESIAN_POINT('Ctrl Pts',(2.68126445576825,-2.05740657881953,13.8437499999999));
#7263=CARTESIAN_POINT('Ctrl Pts',(2.90183152341172,-0.382033367634929,13.9270833333333));
#7264=CARTESIAN_POINT('Ctrl Pts',(3.12239859105519,1.29333984354968,14.0104166666666));
#7265=CARTESIAN_POINT('Ctrl Pts',(1.78176636317116,2.32204313295947,14.09375));
#7266=CARTESIAN_POINT('Ctrl Pts',(0.44113413528712,3.35074642236926,14.1770833333333));
#7267=CARTESIAN_POINT('Ctrl Pts',(-1.1200651602404,2.70407650059445,14.2604166666667));
#7268=CARTESIAN_POINT('Ctrl Pts',(-2.68126445576792,2.05740657881963,14.34375));
#7269=CARTESIAN_POINT('Ctrl Pts',(-2.90183152341139,0.382033367635026,14.4270833333333));
#7270=CARTESIAN_POINT('Ctrl Pts',(-3.12239859105486,-1.29333984354958,14.5104166666667));
#7271=CARTESIAN_POINT('Ctrl Pts',(-1.78176636317081,-2.32204313295937,14.59375));
#7272=CARTESIAN_POINT('Ctrl Pts',(-0.441134135286774,-3.35074642236916,
14.6770833333333));
#7273=CARTESIAN_POINT('Ctrl Pts',(1.12006516024074,-2.70407650059435,14.7604166666666));
#7274=CARTESIAN_POINT('Ctrl Pts',(2.68126445576826,-2.05740657881953,14.8437499999999));
#7275=CARTESIAN_POINT('Ctrl Pts',(2.90183152341173,-0.382033367634929,14.9270833333333));
#7276=CARTESIAN_POINT('Ctrl Pts',(3.1223985910552,1.29333984354968,15.0104166666666));
#7277=CARTESIAN_POINT('Ctrl Pts',(1.78176636317117,2.32204313295947,15.09375));
#7278=CARTESIAN_POINT('Ctrl Pts',(0.441134135287129,3.35074642236926,15.1770833333333));
#7279=CARTESIAN_POINT('Ctrl Pts',(-1.12006516024038,2.70407650059445,15.2604166666667));
#7280=CARTESIAN_POINT('Ctrl Pts',(-2.6812644557679,2.05740657881963,15.34375));
#7281=CARTESIAN_POINT('Ctrl Pts',(-2.90183152341137,0.382033367635026,15.4270833333333));
#7282=CARTESIAN_POINT('Ctrl Pts',(-3.12239859105484,-1.29333984354958,15.5104166666667));
#7283=CARTESIAN_POINT('Ctrl Pts',(-1.7817663631708,-2.32204313295937,15.59375));
#7284=CARTESIAN_POINT('Ctrl Pts',(-0.44113413528676,-3.35074642236916,15.6770833333333));
#7285=CARTESIAN_POINT('Ctrl Pts',(1.12006516024075,-2.70407650059435,15.7604166666666));
#7286=CARTESIAN_POINT('Ctrl Pts',(2.68126445576828,-2.05740657881953,15.8437499999999));
#7287=CARTESIAN_POINT('Ctrl Pts',(2.90183152341174,-0.382033367634929,15.9270833333333));
#7288=CARTESIAN_POINT('Ctrl Pts',(3.12239859105522,1.29333984354968,16.0104166666666));
#7289=CARTESIAN_POINT('Ctrl Pts',(1.78176636317118,2.32204313295947,16.09375));
#7290=CARTESIAN_POINT('Ctrl Pts',(0.441134135287142,3.35074642236926,16.1770833333333));
#7291=CARTESIAN_POINT('Ctrl Pts',(-1.12006516024037,2.70407650059445,16.2604166666667));
#7292=CARTESIAN_POINT('Ctrl Pts',(-2.68126445576789,2.05740657881963,16.34375));
#7293=CARTESIAN_POINT('Ctrl Pts',(-2.90183152341136,0.382033367635026,16.4270833333333));
#7294=CARTESIAN_POINT('Ctrl Pts',(-3.12239859105483,-1.29333984354958,16.5104166666667));
#7295=CARTESIAN_POINT('Ctrl Pts',(-1.78176636317079,-2.32204313295937,16.59375));
#7296=CARTESIAN_POINT('Ctrl Pts',(-0.441134135286751,-3.35074642236916,
16.6770833333333));
#7297=CARTESIAN_POINT('Ctrl Pts',(1.12006516024076,-2.70407650059435,16.7604166666666));
#7298=CARTESIAN_POINT('Ctrl Pts',(2.68126445576829,-2.05740657881953,16.84375));
#7299=CARTESIAN_POINT('Ctrl Pts',(2.90183152341176,-0.382033367634929,16.9270833333333));
#7300=CARTESIAN_POINT('Ctrl Pts',(3.12239859105523,1.29333984354968,17.0104166666666));
#7301=CARTESIAN_POINT('Ctrl Pts',(1.78176636317119,2.32204313295947,17.09375));
#7302=CARTESIAN_POINT('Ctrl Pts',(0.441134135287156,3.35074642236926,17.1770833333333));
#7303=CARTESIAN_POINT('Ctrl Pts',(-1.12006516024036,2.70407650059445,17.2604166666667));
#7304=CARTESIAN_POINT('Ctrl Pts',(-2.68126445576788,2.05740657881963,17.34375));
#7305=CARTESIAN_POINT('Ctrl Pts',(-2.90183152341135,0.382033367635026,17.4270833333333));
#7306=CARTESIAN_POINT('Ctrl Pts',(-3.12239859105482,-1.29333984354958,17.5104166666667));
#7307=CARTESIAN_POINT('Ctrl Pts',(-1.78176636317078,-2.32204313295937,17.59375));
#7308=CARTESIAN_POINT('Ctrl Pts',(-0.441134135286738,-3.35074642236916,
17.6770833333333));
#7309=CARTESIAN_POINT('Ctrl Pts',(1.12006516024077,-2.70407650059435,17.7604166666666));
#7310=CARTESIAN_POINT('Ctrl Pts',(2.6812644557683,-2.05740657881953,17.8437499999999));
#7311=CARTESIAN_POINT('Ctrl Pts',(2.90183152341177,-0.382033367634929,17.9270833333333));
#7312=CARTESIAN_POINT('Ctrl Pts',(3.12239859105524,1.29333984354968,18.0104166666666));
#7313=CARTESIAN_POINT('Ctrl Pts',(1.7817663631712,2.32204313295947,18.09375));
#7314=CARTESIAN_POINT('Ctrl Pts',(0.441134135287164,3.35074642236926,18.1770833333333));
#7315=CARTESIAN_POINT('Ctrl Pts',(-1.12006516024035,2.70407650059445,18.2604166666667));
#7316=CARTESIAN_POINT('Ctrl Pts',(-2.68126445576787,2.05740657881963,18.34375));
#7317=CARTESIAN_POINT('Ctrl Pts',(-2.90183152341134,0.382033367635026,18.4270833333333));
#7318=CARTESIAN_POINT('Ctrl Pts',(-3.12239859105481,-1.29333984354958,18.5104166666667));
#7319=CARTESIAN_POINT('Ctrl Pts',(-1.78176636317076,-2.32204313295937,18.59375));
#7320=CARTESIAN_POINT('Ctrl Pts',(-0.441134135286725,-3.35074642236916,
18.6770833333333));
#7321=CARTESIAN_POINT('Ctrl Pts',(1.12006516024079,-2.70407650059435,18.7604166666666));
#7322=CARTESIAN_POINT('Ctrl Pts',(2.68126445576831,-2.05740657881953,18.84375));
#7323=CARTESIAN_POINT('Ctrl Pts',(2.90183152341178,-0.382033367634929,18.9270833333333));
#7324=CARTESIAN_POINT('Ctrl Pts',(3.12239859105525,1.29333984354968,19.0104166666666));
#7325=CARTESIAN_POINT('Ctrl Pts',(1.78176636317122,2.32204313295947,19.09375));
#7326=CARTESIAN_POINT('Ctrl Pts',(0.441134135287178,3.35074642236926,19.1770833333333));
#7327=CARTESIAN_POINT('Ctrl Pts',(-1.12006516024034,2.70407650059445,19.2604166666667));
#7328=CARTESIAN_POINT('Ctrl Pts',(-2.68126445576785,2.05740657881963,19.34375));
#7329=CARTESIAN_POINT('Ctrl Pts',(-2.90183152341132,0.382033367635026,19.4270833333333));
#7330=CARTESIAN_POINT('Ctrl Pts',(-3.1223985910548,-1.29333984354958,19.5104166666667));
#7331=CARTESIAN_POINT('Ctrl Pts',(-1.78176636317076,-2.32204313295937,19.59375));
#7332=CARTESIAN_POINT('Ctrl Pts',(-0.441134135286716,-3.35074642236916,
19.6770833333333));
#7333=CARTESIAN_POINT('Ctrl Pts',(1.1200651602408,-2.70407650059435,19.7604166666666));
#7334=CARTESIAN_POINT('Ctrl Pts',(2.68126445576832,-2.05740657881953,19.8437499999999));
#7335=CARTESIAN_POINT('Ctrl Pts',(2.90183152341179,-0.382033367634929,19.9270833333333));
#7336=CARTESIAN_POINT('Ctrl Pts',(3.12239859105526,1.29333984354968,20.0104166666666));
#7337=CARTESIAN_POINT('Ctrl Pts',(1.78176636317123,2.32204313295947,20.09375));
#7338=CARTESIAN_POINT('Ctrl Pts',(0.441134135287191,3.35074642236926,20.1770833333333));
#7339=CARTESIAN_POINT('Ctrl Pts',(-1.12006516024032,2.70407650059445,20.2604166666667));
#7340=CARTESIAN_POINT('Ctrl Pts',(-2.68126445576784,2.05740657881963,20.34375));
#7341=CARTESIAN_POINT('Ctrl Pts',(-2.90183152341131,0.382033367635026,20.4270833333333));
#7342=CARTESIAN_POINT('Ctrl Pts',(-3.12239859105478,-1.29333984354958,20.5104166666667));
#7343=CARTESIAN_POINT('Ctrl Pts',(-1.78176636317074,-2.32204313295937,20.59375));
#7344=CARTESIAN_POINT('Ctrl Pts',(-0.441134135286703,-3.35074642236916,
20.6770833333333));
#7345=CARTESIAN_POINT('Ctrl Pts',(1.12006516024081,-2.70407650059435,20.7604166666666));
#7346=CARTESIAN_POINT('Ctrl Pts',(2.68126445576834,-2.05740657881953,20.8437499999999));
#7347=CARTESIAN_POINT('Ctrl Pts',(2.9018315234118,-0.382033367634929,20.9270833333333));
#7348=CARTESIAN_POINT('Ctrl Pts',(3.12239859105528,1.29333984354968,21.0104166666666));
#7349=CARTESIAN_POINT('Ctrl Pts',(1.78176636317124,2.32204313295947,21.09375));
#7350=CARTESIAN_POINT('Ctrl Pts',(0.441134135287204,3.35074642236926,21.1770833333333));
#7351=CARTESIAN_POINT('Ctrl Pts',(-1.12006516024031,2.70407650059445,21.2604166666667));
#7352=CARTESIAN_POINT('Ctrl Pts',(-2.68126445576783,2.05740657881963,21.34375));
#7353=CARTESIAN_POINT('Ctrl Pts',(-2.9018315234113,0.382033367635026,21.4270833333333));
#7354=CARTESIAN_POINT('Ctrl Pts',(-3.12239859105477,-1.29333984354958,21.5104166666667));
#7355=CARTESIAN_POINT('Ctrl Pts',(-1.78176636317073,-2.32204313295937,21.59375));
#7356=CARTESIAN_POINT('Ctrl Pts',(-0.441134135286689,-3.35074642236916,
21.6770833333333));
#7357=CARTESIAN_POINT('Ctrl Pts',(1.12006516024082,-2.70407650059435,21.7604166666666));
#7358=CARTESIAN_POINT('Ctrl Pts',(2.68126445576835,-2.05740657881953,21.84375));
#7359=CARTESIAN_POINT('Ctrl Pts',(2.90183152341182,-0.382033367634929,21.9270833333333));
#7360=CARTESIAN_POINT('Ctrl Pts',(3.12239859105529,1.29333984354968,22.0104166666666));
#7361=CARTESIAN_POINT('Ctrl Pts',(1.78176636317125,2.32204313295947,22.09375));
#7362=CARTESIAN_POINT('Ctrl Pts',(0.441134135287213,3.35074642236926,22.1770833333333));
#7363=CARTESIAN_POINT('Ctrl Pts',(-1.1200651602403,2.70407650059444,22.2604166666667));
#7364=CARTESIAN_POINT('Ctrl Pts',(-2.68126445576782,2.05740657881963,22.34375));
#7365=CARTESIAN_POINT('Ctrl Pts',(-2.90183152341129,0.382033367635022,22.4270833333333));
#7366=CARTESIAN_POINT('Ctrl Pts',(-3.12239859105476,-1.29333984354958,22.5104166666667));
#7367=CARTESIAN_POINT('Ctrl Pts',(-1.78176636317072,-2.32204313295937,22.59375));
#7368=CARTESIAN_POINT('Ctrl Pts',(-0.441134135286676,-3.35074642236917,
22.6770833333333));
#7369=CARTESIAN_POINT('Ctrl Pts',(1.12006516024084,-2.70407650059435,22.7604166666666));
#7370=CARTESIAN_POINT('Ctrl Pts',(2.68126445576836,-2.05740657881953,22.84375));
#7371=CARTESIAN_POINT('Ctrl Pts',(2.90183152341183,-0.382033367634933,22.9270833333333));
#7372=CARTESIAN_POINT('Ctrl Pts',(3.1223985910553,1.29333984354967,23.0104166666666));
#7373=CARTESIAN_POINT('Ctrl Pts',(1.78176636317127,2.32204313295946,23.09375));
#7374=CARTESIAN_POINT('Ctrl Pts',(0.441134135287227,3.35074642236926,23.1770833333333));
#7375=CARTESIAN_POINT('Ctrl Pts',(-1.12006516024029,2.70407650059444,23.2604166666667));
#7376=CARTESIAN_POINT('Ctrl Pts',(-2.68126445576781,2.05740657881963,23.34375));
#7377=CARTESIAN_POINT('Ctrl Pts',(-2.90183152341128,0.382033367635022,23.4270833333333));
#7378=CARTESIAN_POINT('Ctrl Pts',(-3.12239859105475,-1.29333984354958,23.5104166666667));
#7379=CARTESIAN_POINT('Ctrl Pts',(-1.78176636317071,-2.32204313295937,23.59375));
#7380=CARTESIAN_POINT('Ctrl Pts',(-0.441134135286667,-3.35074642236917,
23.6770833333333));
#7381=CARTESIAN_POINT('Ctrl Pts',(1.12006516024085,-2.70407650059435,23.7604166666666));
#7382=CARTESIAN_POINT('Ctrl Pts',(2.68126445576837,-2.05740657881953,23.8437499999999));
#7383=CARTESIAN_POINT('Ctrl Pts',(2.90183152341184,-0.382033367634933,23.9270833333333));
#7384=CARTESIAN_POINT('Ctrl Pts',(3.12239859105532,1.29333984354967,24.0104166666666));
#7385=CARTESIAN_POINT('Ctrl Pts',(1.78176636317128,2.32204313295946,24.09375));
#7386=CARTESIAN_POINT('Ctrl Pts',(0.44113413528724,3.35074642236926,24.1770833333333));
#7387=CARTESIAN_POINT('Ctrl Pts',(-1.12006516024028,2.70407650059444,24.2604166666667));
#7388=CARTESIAN_POINT('Ctrl Pts',(-2.6812644557678,2.05740657881963,24.34375));
#7389=CARTESIAN_POINT('Ctrl Pts',(-2.90183152341127,0.382033367635022,24.4270833333333));
#7390=CARTESIAN_POINT('Ctrl Pts',(-3.12239859105473,-1.29333984354958,24.5104166666667));
#7391=CARTESIAN_POINT('Ctrl Pts',(-1.78176636317069,-2.32204313295937,24.59375));
#7392=CARTESIAN_POINT('Ctrl Pts',(-0.441134135286654,-3.35074642236917,
24.6770833333333));
#7393=CARTESIAN_POINT('Ctrl Pts',(1.12006516024086,-2.70407650059435,24.7604166666666));
#7394=CARTESIAN_POINT('Ctrl Pts',(2.68126445576838,-2.05740657881953,24.8437499999999));
#7395=CARTESIAN_POINT('Ctrl Pts',(2.90183152341185,-0.382033367634933,24.9270833333333));
#7396=CARTESIAN_POINT('Ctrl Pts',(3.12239859105532,1.29333984354967,25.0104166666666));
#7397=CARTESIAN_POINT('Ctrl Pts',(1.78176636317129,2.32204313295946,25.09375));
#7398=CARTESIAN_POINT('Ctrl Pts',(0.441134135287249,3.35074642236926,25.1770833333333));
#7399=CARTESIAN_POINT('Ctrl Pts',(-1.12006516024026,2.70407650059444,25.2604166666667));
#7400=CARTESIAN_POINT('Ctrl Pts',(-2.68126445576778,2.05740657881963,25.34375));
#7401=CARTESIAN_POINT('Ctrl Pts',(-2.90183152341125,0.382033367635022,25.4270833333333));
#7402=CARTESIAN_POINT('Ctrl Pts',(-3.12239859105472,-1.29333984354958,25.5104166666667));
#7403=CARTESIAN_POINT('Ctrl Pts',(-1.78176636317068,-2.32204313295937,25.59375));
#7404=CARTESIAN_POINT('Ctrl Pts',(-0.44113413528664,-3.35074642236917,25.6770833333333));
#7405=CARTESIAN_POINT('Ctrl Pts',(1.12006516024087,-2.70407650059435,25.7604166666666));
#7406=CARTESIAN_POINT('Ctrl Pts',(2.6812644557684,-2.05740657881953,25.8437499999999));
#7407=CARTESIAN_POINT('Ctrl Pts',(2.90183152341186,-0.382033367634933,25.9270833333333));
#7408=CARTESIAN_POINT('Ctrl Pts',(3.12239859105533,1.29333984354967,26.0104166666666));
#7409=CARTESIAN_POINT('Ctrl Pts',(1.7817663631713,2.32204313295946,26.09375));
#7410=CARTESIAN_POINT('Ctrl Pts',(0.441134135287262,3.35074642236926,26.1770833333333));
#7411=CARTESIAN_POINT('Ctrl Pts',(-1.12006516024025,2.70407650059444,26.2604166666667));
#7412=CARTESIAN_POINT('Ctrl Pts',(-2.68126445576777,2.05740657881963,26.34375));
#7413=CARTESIAN_POINT('Ctrl Pts',(-2.90183152341124,0.382033367635022,26.4270833333333));
#7414=CARTESIAN_POINT('Ctrl Pts',(-3.12239859105471,-1.29333984354958,26.5104166666667));
#7415=CARTESIAN_POINT('Ctrl Pts',(-1.78176636317067,-2.32204313295937,26.59375));
#7416=CARTESIAN_POINT('Ctrl Pts',(-0.441134135286632,-3.35074642236917,
26.6770833333333));
#7417=CARTESIAN_POINT('Ctrl Pts',(1.12006516024088,-2.70407650059435,26.7604166666666));
#7418=CARTESIAN_POINT('Ctrl Pts',(2.68126445576841,-2.05740657881953,26.84375));
#7419=CARTESIAN_POINT('Ctrl Pts',(2.90183152341188,-0.382033367634933,26.9270833333333));
#7420=CARTESIAN_POINT('Ctrl Pts',(3.12239859105535,1.29333984354967,27.0104166666666));
#7421=CARTESIAN_POINT('Ctrl Pts',(1.78176636317132,2.32204313295946,27.09375));
#7422=CARTESIAN_POINT('Ctrl Pts',(0.441134135287276,3.35074642236926,27.1770833333333));
#7423=CARTESIAN_POINT('Ctrl Pts',(-1.12006516024024,2.70407650059444,27.2604166666667));
#7424=CARTESIAN_POINT('Ctrl Pts',(-2.68126445576776,2.05740657881963,27.34375));
#7425=CARTESIAN_POINT('Ctrl Pts',(-2.90183152341123,0.382033367635022,27.4270833333333));
#7426=CARTESIAN_POINT('Ctrl Pts',(-3.1223985910547,-1.29333984354958,27.5104166666667));
#7427=CARTESIAN_POINT('Ctrl Pts',(-1.78176636317066,-2.32204313295937,27.59375));
#7428=CARTESIAN_POINT('Ctrl Pts',(-0.441134135286618,-3.35074642236917,
27.6770833333333));
#7429=CARTESIAN_POINT('Ctrl Pts',(1.12006516024089,-2.70407650059435,27.7604166666666));
#7430=CARTESIAN_POINT('Ctrl Pts',(2.68126445576842,-2.05740657881953,27.84375));
#7431=CARTESIAN_POINT('Ctrl Pts',(2.90183152341189,-0.382033367634933,27.9270833333333));
#7432=CARTESIAN_POINT('Ctrl Pts',(3.12239859105536,1.29333984354967,28.0104166666666));
#7433=CARTESIAN_POINT('Ctrl Pts',(1.78176636317132,2.32204313295946,28.09375));
#7434=CARTESIAN_POINT('Ctrl Pts',(0.441134135287284,3.35074642236926,28.1770833333333));
#7435=CARTESIAN_POINT('Ctrl Pts',(-1.12006516024023,2.70407650059444,28.2604166666667));
#7436=CARTESIAN_POINT('Ctrl Pts',(-2.68126445576775,2.05740657881963,28.34375));
#7437=CARTESIAN_POINT('Ctrl Pts',(-2.90183152341122,0.382033367635022,28.4270833333333));
#7438=CARTESIAN_POINT('Ctrl Pts',(-3.12239859105469,-1.29333984354958,28.5104166666667));
#7439=CARTESIAN_POINT('Ctrl Pts',(-1.78176636317064,-2.32204313295937,28.59375));
#7440=CARTESIAN_POINT('Ctrl Pts',(-0.441134135286605,-3.35074642236917,
28.6770833333333));
#7441=CARTESIAN_POINT('Ctrl Pts',(1.12006516024091,-2.70407650059435,28.7604166666666));
#7442=CARTESIAN_POINT('Ctrl Pts',(2.68126445576843,-2.05740657881953,28.84375));
#7443=CARTESIAN_POINT('Ctrl Pts',(2.9018315234119,-0.382033367634933,28.9270833333333));
#7444=CARTESIAN_POINT('Ctrl Pts',(3.12239859105537,1.29333984354967,29.0104166666666));
#7445=CARTESIAN_POINT('Ctrl Pts',(1.78176636317134,2.32204313295946,29.09375));
#7446=CARTESIAN_POINT('Ctrl Pts',(0.441134135287298,3.35074642236926,29.1770833333333));
#7447=CARTESIAN_POINT('Ctrl Pts',(-1.12006516024022,2.70407650059444,29.2604166666667));
#7448=CARTESIAN_POINT('Ctrl Pts',(-2.68126445576773,2.05740657881963,29.34375));
#7449=CARTESIAN_POINT('Ctrl Pts',(-2.9018315234112,0.382033367635022,29.4270833333333));
#7450=CARTESIAN_POINT('Ctrl Pts',(-3.12239859105468,-1.29333984354958,29.5104166666667));
#7451=CARTESIAN_POINT('Ctrl Pts',(-1.78176636317064,-2.32204313295937,29.59375));
#7452=CARTESIAN_POINT('Ctrl Pts',(-0.441134135286592,-3.35074642236917,
29.6770833333333));
#7453=CARTESIAN_POINT('Ctrl Pts',(1.12006516024092,-2.70407650059435,29.7604166666666));
#7454=CARTESIAN_POINT('Ctrl Pts',(2.68126445576844,-2.05740657881953,29.8437499999999));
#7455=CARTESIAN_POINT('Ctrl Pts',(2.90183152341191,-0.382033367634933,29.9270833333333));
#7456=CARTESIAN_POINT('Ctrl Pts',(3.12239859105539,1.29333984354967,30.0104166666666));
#7457=CARTESIAN_POINT('Ctrl Pts',(1.78176636317135,2.32204313295946,30.09375));
#7458=CARTESIAN_POINT('Ctrl Pts',(0.441134135287311,3.35074642236926,30.1770833333333));
#7459=CARTESIAN_POINT('Ctrl Pts',(-1.1200651602402,2.70407650059444,30.2604166666667));
#7460=CARTESIAN_POINT('Ctrl Pts',(-2.68126445576772,2.05740657881963,30.34375));
#7461=CARTESIAN_POINT('Ctrl Pts',(-2.90183152341119,0.382033367635022,30.4270833333333));
#7462=CARTESIAN_POINT('Ctrl Pts',(-3.12239859105466,-1.29333984354958,30.5104166666667));
#7463=CARTESIAN_POINT('Ctrl Pts',(-1.78176636317062,-2.32204313295937,30.59375));
#7464=CARTESIAN_POINT('Ctrl Pts',(-0.441134135286583,-3.35074642236917,
30.6770833333333));
#7465=CARTESIAN_POINT('Ctrl Pts',(1.12006516024093,-2.70407650059435,30.7604166666666));
#7466=CARTESIAN_POINT('Ctrl Pts',(2.68126445576846,-2.05740657881953,30.8437499999999));
#7467=CARTESIAN_POINT('Ctrl Pts',(2.90183152341192,-0.382033367634933,30.9270833333333));
#7468=CARTESIAN_POINT('Ctrl Pts',(3.1223985910554,1.29333984354967,31.0104166666666));
#7469=CARTESIAN_POINT('Ctrl Pts',(1.78176636317136,2.32204313295946,31.09375));
#7470=CARTESIAN_POINT('Ctrl Pts',(0.441134135287324,3.35074642236926,31.1770833333333));
#7471=CARTESIAN_POINT('Ctrl Pts',(-1.12006516024019,2.70407650059444,31.2604166666667));
#7472=CARTESIAN_POINT('Ctrl Pts',(-2.68126445576771,2.05740657881963,31.34375));
#7473=CARTESIAN_POINT('Ctrl Pts',(-2.90183152341118,0.382033367635022,31.4270833333333));
#7474=CARTESIAN_POINT('Ctrl Pts',(-3.12239859105465,-1.29333984354958,31.5104166666667));
#7475=CARTESIAN_POINT('Ctrl Pts',(-1.78176636317061,-2.32204313295937,31.59375));
#7476=CARTESIAN_POINT('Ctrl Pts',(-0.441134135286569,-3.35074642236917,
31.6770833333333));
#7477=CARTESIAN_POINT('Ctrl Pts',(1.12006516024094,-2.70407650059435,31.7604166666666));
#7478=CARTESIAN_POINT('Ctrl Pts',(2.68126445576847,-2.05740657881953,31.8437499999999));
#7479=CARTESIAN_POINT('Ctrl Pts',(2.90183152341194,-0.382033367634933,31.9270833333333));
#7480=CARTESIAN_POINT('Ctrl Pts',(3.1223985910554,1.29333984354967,32.0104166666666));
#7481=CARTESIAN_POINT('Ctrl Pts',(1.78176636317137,2.32204313295946,32.09375));
#7482=CARTESIAN_POINT('Ctrl Pts',(0.441134135287333,3.35074642236926,32.1770833333333));
#7483=CARTESIAN_POINT('Ctrl Pts',(-1.12006516024018,2.70407650059444,32.2604166666667));
#7484=CARTESIAN_POINT('Ctrl Pts',(-2.6812644557677,2.05740657881963,32.34375));
#7485=CARTESIAN_POINT('Ctrl Pts',(-2.90183152341117,0.382033367635022,32.4270833333333));
#7486=CARTESIAN_POINT('Ctrl Pts',(-3.12239859105464,-1.29333984354958,32.5104166666667));
#7487=CARTESIAN_POINT('Ctrl Pts',(-1.7817663631706,-2.32204313295937,32.59375));
#7488=CARTESIAN_POINT('Ctrl Pts',(-0.441134135286556,-3.35074642236917,
32.6770833333333));
#7489=CARTESIAN_POINT('Ctrl Pts',(1.12006516024096,-2.70407650059435,32.7604166666666));
#7490=CARTESIAN_POINT('Ctrl Pts',(2.68126445576848,-2.05740657881953,32.8437499999999));
#7491=CARTESIAN_POINT('Ctrl Pts',(2.90183152341195,-0.382033367634933,32.9270833333333));
#7492=CARTESIAN_POINT('Ctrl Pts',(3.12239859105542,1.29333984354967,33.0104166666666));
#7493=CARTESIAN_POINT('Ctrl Pts',(1.78176636317139,2.32204313295946,33.09375));
#7494=CARTESIAN_POINT('Ctrl Pts',(0.441134135287347,3.35074642236926,33.1770833333333));
#7495=CARTESIAN_POINT('Ctrl Pts',(-1.12006516024017,2.70407650059444,33.2604166666667));
#7496=CARTESIAN_POINT('Ctrl Pts',(-2.68126445576769,2.05740657881963,33.34375));
#7497=CARTESIAN_POINT('Ctrl Pts',(-2.90183152341116,0.382033367635022,33.4270833333333));
#7498=CARTESIAN_POINT('Ctrl Pts',(-3.12239859105463,-1.29333984354958,33.5104166666667));
#7499=CARTESIAN_POINT('Ctrl Pts',(-1.78176636317059,-2.32204313295937,33.59375));
#7500=CARTESIAN_POINT('Ctrl Pts',(-0.441134135286547,-3.35074642236917,
33.6770833333333));
#7501=CARTESIAN_POINT('Ctrl Pts',(1.12006516024097,-2.70407650059435,33.7604166666666));
#7502=CARTESIAN_POINT('Ctrl Pts',(2.68126445576849,-2.05740657881953,33.8437499999999));
#7503=CARTESIAN_POINT('Ctrl Pts',(2.90183152341196,-0.382033367634937,33.9270833333333));
#7504=CARTESIAN_POINT('Ctrl Pts',(3.12239859105543,1.29333984354967,34.0104166666666));
#7505=CARTESIAN_POINT('Ctrl Pts',(1.7817663631714,2.32204313295946,34.09375));
#7506=CARTESIAN_POINT('Ctrl Pts',(0.44113413528736,3.35074642236925,34.1770833333333));
#7507=CARTESIAN_POINT('Ctrl Pts',(-1.12006516024016,2.70407650059444,34.2604166666667));
#7508=CARTESIAN_POINT('Ctrl Pts',(-2.68126445576768,2.05740657881962,34.34375));
#7509=CARTESIAN_POINT('Ctrl Pts',(-2.90183152341115,0.382033367635017,34.4270833333333));
#7510=CARTESIAN_POINT('Ctrl Pts',(-3.12239859105461,-1.29333984354959,34.5104166666667));
#7511=CARTESIAN_POINT('Ctrl Pts',(-1.78176636317057,-2.32204313295938,34.59375));
#7512=CARTESIAN_POINT('Ctrl Pts',(-0.441134135286534,-3.35074642236917,
34.6770833333333));
#7513=CARTESIAN_POINT('Ctrl Pts',(1.12006516024098,-2.70407650059436,34.7604166666666));
#7514=CARTESIAN_POINT('Ctrl Pts',(2.68126445576851,-2.05740657881954,34.8437499999999));
#7515=CARTESIAN_POINT('Ctrl Pts',(2.90183152341197,-0.382033367634937,34.9270833333333));
#7516=CARTESIAN_POINT('Ctrl Pts',(3.12239859105544,1.29333984354967,35.0104166666666));
#7517=CARTESIAN_POINT('Ctrl Pts',(1.78176636317141,2.32204313295946,35.09375));
#7518=CARTESIAN_POINT('Ctrl Pts',(0.441134135287369,3.35074642236925,35.1770833333333));
#7519=CARTESIAN_POINT('Ctrl Pts',(-1.12006516024014,2.70407650059444,35.2604166666667));
#7520=CARTESIAN_POINT('Ctrl Pts',(-2.68126445576766,2.05740657881962,35.34375));
#7521=CARTESIAN_POINT('Ctrl Pts',(-2.90183152341113,0.382033367635017,35.4270833333333));
#7522=CARTESIAN_POINT('Ctrl Pts',(-3.1223985910546,-1.29333984354959,35.5104166666667));
#7523=CARTESIAN_POINT('Ctrl Pts',(-1.78176636317056,-2.32204313295938,35.59375));
#7524=CARTESIAN_POINT('Ctrl Pts',(-0.441134135286521,-3.35074642236917,
35.6770833333333));
#7525=CARTESIAN_POINT('Ctrl Pts',(1.12006516024099,-2.70407650059436,35.7604166666666));
#7526=CARTESIAN_POINT('Ctrl Pts',(2.68126445576852,-2.05740657881954,35.84375));
#7527=CARTESIAN_POINT('Ctrl Pts',(2.90183152341198,-0.382033367634937,35.9270833333333));
#7528=CARTESIAN_POINT('Ctrl Pts',(3.12239859105546,1.29333984354967,36.0104166666666));
#7529=CARTESIAN_POINT('Ctrl Pts',(1.78176636317142,2.32204313295946,36.09375));
#7530=CARTESIAN_POINT('Ctrl Pts',(0.441134135287382,3.35074642236925,36.1770833333333));
#7531=CARTESIAN_POINT('Ctrl Pts',(-1.12006516024013,2.70407650059444,36.2604166666667));
#7532=CARTESIAN_POINT('Ctrl Pts',(-2.68126445576765,2.05740657881962,36.34375));
#7533=CARTESIAN_POINT('Ctrl Pts',(-2.90183152341112,0.382033367635017,36.4270833333333));
#7534=CARTESIAN_POINT('Ctrl Pts',(-3.12239859105459,-1.29333984354959,36.5104166666667));
#7535=CARTESIAN_POINT('Ctrl Pts',(-1.78176636317055,-2.32204313295938,36.59375));
#7536=CARTESIAN_POINT('Ctrl Pts',(-0.441134135286512,-3.35074642236917,
36.6770833333333));
#7537=CARTESIAN_POINT('Ctrl Pts',(1.120065160241,-2.70407650059436,36.7604166666666));
#7538=CARTESIAN_POINT('Ctrl Pts',(2.68126445576853,-2.05740657881954,36.8437499999999));
#7539=CARTESIAN_POINT('Ctrl Pts',(2.901831523412,-0.382033367634937,36.9270833333333));
#7540=CARTESIAN_POINT('Ctrl Pts',(3.12239859105547,1.29333984354967,37.0104166666666));
#7541=CARTESIAN_POINT('Ctrl Pts',(1.78176636317144,2.32204313295946,37.09375));
#7542=CARTESIAN_POINT('Ctrl Pts',(0.441134135287395,3.35074642236925,37.1770833333333));
#7543=CARTESIAN_POINT('Ctrl Pts',(-1.12006516024012,2.70407650059444,37.2604166666667));
#7544=CARTESIAN_POINT('Ctrl Pts',(-2.68126445576764,2.05740657881962,37.34375));
#7545=CARTESIAN_POINT('Ctrl Pts',(-2.90183152341111,0.382033367635017,37.4270833333333));
#7546=CARTESIAN_POINT('Ctrl Pts',(-3.12239859105458,-1.29333984354959,37.5104166666667));
#7547=CARTESIAN_POINT('Ctrl Pts',(-1.78176636317054,-2.32204313295938,37.59375));
#7548=CARTESIAN_POINT('Ctrl Pts',(-0.441134135286498,-3.35074642236917,
37.6770833333333));
#7549=CARTESIAN_POINT('Ctrl Pts',(1.12006516024101,-2.70407650059436,37.7604166666666));
#7550=CARTESIAN_POINT('Ctrl Pts',(2.68126445576854,-2.05740657881954,37.8437499999999));
#7551=CARTESIAN_POINT('Ctrl Pts',(2.90183152341201,-0.382033367634937,37.9270833333333));
#7552=CARTESIAN_POINT('Ctrl Pts',(3.12239859105548,1.29333984354967,38.0104166666666));
#7553=CARTESIAN_POINT('Ctrl Pts',(1.78176636317144,2.32204313295946,38.09375));
#7554=CARTESIAN_POINT('Ctrl Pts',(0.441134135287409,3.35074642236925,38.1770833333333));
#7555=CARTESIAN_POINT('Ctrl Pts',(-1.12006516024011,2.70407650059444,38.2604166666667));
#7556=CARTESIAN_POINT('Ctrl Pts',(-2.68126445576763,2.05740657881962,38.34375));
#7557=CARTESIAN_POINT('Ctrl Pts',(-2.9018315234111,0.382033367635017,38.4270833333333));
#7558=CARTESIAN_POINT('Ctrl Pts',(-3.12239859105457,-1.29333984354959,38.5104166666667));
#7559=CARTESIAN_POINT('Ctrl Pts',(-1.78176636317052,-2.32204313295938,38.59375));
#7560=CARTESIAN_POINT('Ctrl Pts',(-0.441134135286485,-3.35074642236917,
38.6770833333333));
#7561=CARTESIAN_POINT('Ctrl Pts',(1.12006516024103,-2.70407650059436,38.7604166666666));
#7562=CARTESIAN_POINT('Ctrl Pts',(2.68126445576855,-2.05740657881954,38.8437499999999));
#7563=CARTESIAN_POINT('Ctrl Pts',(2.90183152341202,-0.382033367634937,38.9270833333333));
#7564=CARTESIAN_POINT('Ctrl Pts',(3.12239859105549,1.29333984354967,39.0104166666666));
#7565=CARTESIAN_POINT('Ctrl Pts',(1.78176636317146,2.32204313295946,39.09375));
#7566=CARTESIAN_POINT('Ctrl Pts',(0.441134135287418,3.35074642236925,39.1770833333333));
#7567=CARTESIAN_POINT('Ctrl Pts',(-1.1200651602401,2.70407650059444,39.2604166666667));
#7568=CARTESIAN_POINT('Ctrl Pts',(-2.68126445576761,2.05740657881962,39.34375));
#7569=CARTESIAN_POINT('Ctrl Pts',(-2.90183152341108,0.382033367635017,39.4270833333333));
#7570=CARTESIAN_POINT('Ctrl Pts',(-3.12239859105456,-1.29333984354959,39.5104166666667));
#7571=CARTESIAN_POINT('Ctrl Pts',(-1.78176636317052,-2.32204313295938,39.59375));
#7572=CARTESIAN_POINT('Ctrl Pts',(-0.441134135286472,-3.35074642236917,
39.6770833333333));
#7573=CARTESIAN_POINT('Ctrl Pts',(1.12006516024104,-2.70407650059436,39.7604166666666));
#7574=CARTESIAN_POINT('Ctrl Pts',(2.68126445576856,-2.05740657881954,39.8437499999999));
#7575=CARTESIAN_POINT('Ctrl Pts',(2.90183152341203,-0.382033367634937,39.9270833333333));
#7576=CARTESIAN_POINT('Ctrl Pts',(3.1223985910555,1.29333984354967,40.0104166666666));
#7577=CARTESIAN_POINT('Ctrl Pts',(1.78176636317147,2.32204313295946,40.09375));
#7578=CARTESIAN_POINT('Ctrl Pts',(0.441134135287431,3.35074642236925,40.1770833333333));
#7579=CARTESIAN_POINT('Ctrl Pts',(-1.12006516024008,2.70407650059444,40.2604166666667));
#7580=CARTESIAN_POINT('Ctrl Pts',(-2.6812644557676,2.05740657881962,40.34375));
#7581=CARTESIAN_POINT('Ctrl Pts',(-2.90183152341107,0.382033367635017,40.4270833333333));
#7582=CARTESIAN_POINT('Ctrl Pts',(-3.12239859105454,-1.29333984354959,40.5104166666667));
#7583=CARTESIAN_POINT('Ctrl Pts',(-1.7817663631705,-2.32204313295938,40.59375));
#7584=CARTESIAN_POINT('Ctrl Pts',(-0.441134135286463,-3.35074642236917,
40.6770833333333));
#7585=CARTESIAN_POINT('Ctrl Pts',(1.12006516024105,-2.70407650059436,40.7604166666666));
#7586=CARTESIAN_POINT('Ctrl Pts',(2.68126445576858,-2.05740657881954,40.8437499999999));
#7587=CARTESIAN_POINT('Ctrl Pts',(2.90183152341204,-0.382033367634937,40.9270833333333));
#7588=CARTESIAN_POINT('Ctrl Pts',(3.12239859105552,1.29333984354967,41.0104166666666));
#7589=CARTESIAN_POINT('Ctrl Pts',(1.78176636317148,2.32204313295946,41.09375));
#7590=CARTESIAN_POINT('Ctrl Pts',(0.441134135287444,3.35074642236925,41.1770833333333));
#7591=CARTESIAN_POINT('Ctrl Pts',(-1.12006516024007,2.70407650059444,41.2604166666667));
#7592=CARTESIAN_POINT('Ctrl Pts',(-2.68126445576759,2.05740657881962,41.34375));
#7593=CARTESIAN_POINT('Ctrl Pts',(-2.90183152341106,0.382033367635017,41.4270833333333));
#7594=CARTESIAN_POINT('Ctrl Pts',(-3.12239859105453,-1.29333984354959,41.5104166666667));
#7595=CARTESIAN_POINT('Ctrl Pts',(-1.78176636317049,-2.32204313295938,41.59375));
#7596=CARTESIAN_POINT('Ctrl Pts',(-0.44113413528645,-3.35074642236917,41.6770833333333));
#7597=CARTESIAN_POINT('Ctrl Pts',(1.12006516024106,-2.70407650059436,41.7604166666666));
#7598=CARTESIAN_POINT('Ctrl Pts',(2.68126445576859,-2.05740657881954,41.84375));
#7599=CARTESIAN_POINT('Ctrl Pts',(2.90183152341206,-0.382033367634937,41.9270833333333));
#7600=CARTESIAN_POINT('Ctrl Pts',(3.12239859105553,1.29333984354967,42.0104166666666));
#7601=CARTESIAN_POINT('Ctrl Pts',(1.78176636317149,2.32204313295946,42.09375));
#7602=CARTESIAN_POINT('Ctrl Pts',(0.441134135287453,3.35074642236925,42.1770833333333));
#7603=CARTESIAN_POINT('Ctrl Pts',(-1.12006516024006,2.70407650059444,42.2604166666667));
#7604=CARTESIAN_POINT('Ctrl Pts',(-2.68126445576758,2.05740657881962,42.34375));
#7605=CARTESIAN_POINT('Ctrl Pts',(-2.90183152341105,0.382033367635017,42.4270833333333));
#7606=CARTESIAN_POINT('Ctrl Pts',(-3.12239859105452,-1.29333984354959,42.5104166666667));
#7607=CARTESIAN_POINT('Ctrl Pts',(-1.78176636317048,-2.32204313295938,42.59375));
#7608=CARTESIAN_POINT('Ctrl Pts',(-0.441134135286436,-3.35074642236917,
42.6770833333333));
#7609=CARTESIAN_POINT('Ctrl Pts',(1.12006516024107,-2.70407650059436,42.7604166666666));
#7610=CARTESIAN_POINT('Ctrl Pts',(2.6812644557686,-2.05740657881954,42.8437499999999));
#7611=CARTESIAN_POINT('Ctrl Pts',(2.90183152341207,-0.382033367634937,42.9270833333333));
#7612=CARTESIAN_POINT('Ctrl Pts',(3.12239859105554,1.29333984354967,43.0104166666666));
#7613=CARTESIAN_POINT('Ctrl Pts',(1.78176636317151,2.32204313295946,43.09375));
#7614=CARTESIAN_POINT('Ctrl Pts',(0.441134135287466,3.35074642236925,43.1770833333333));
#7615=CARTESIAN_POINT('Ctrl Pts',(-1.12006516024005,2.70407650059444,43.2604166666667));
#7616=CARTESIAN_POINT('Ctrl Pts',(-2.68126445576756,2.05740657881962,43.34375));
#7617=CARTESIAN_POINT('Ctrl Pts',(-2.90183152341104,0.382033367635017,43.4270833333333));
#7618=CARTESIAN_POINT('Ctrl Pts',(-3.12239859105451,-1.29333984354959,43.5104166666667));
#7619=CARTESIAN_POINT('Ctrl Pts',(-1.78176636317047,-2.32204313295938,43.59375));
#7620=CARTESIAN_POINT('Ctrl Pts',(-0.441134135286427,-3.35074642236917,
43.6770833333333));
#7621=CARTESIAN_POINT('Ctrl Pts',(1.12006516024109,-2.70407650059436,43.7604166666666));
#7622=CARTESIAN_POINT('Ctrl Pts',(2.68126445576861,-2.05740657881954,43.84375));
#7623=CARTESIAN_POINT('Ctrl Pts',(2.90183152341208,-0.382033367634937,43.9270833333333));
#7624=CARTESIAN_POINT('Ctrl Pts',(3.12239859105556,1.29333984354967,44.0104166666666));
#7625=CARTESIAN_POINT('Ctrl Pts',(1.78176636317152,2.32204313295946,44.09375));
#7626=CARTESIAN_POINT('Ctrl Pts',(0.44113413528748,3.35074642236925,44.1770833333333));
#7627=CARTESIAN_POINT('Ctrl Pts',(-1.12006516024004,2.70407650059444,44.2604166666667));
#7628=CARTESIAN_POINT('Ctrl Pts',(-2.68126445576756,2.05740657881962,44.34375));
#7629=CARTESIAN_POINT('Ctrl Pts',(-2.90183152341103,0.382033367635017,44.4270833333333));
#7630=CARTESIAN_POINT('Ctrl Pts',(-3.12239859105449,-1.29333984354959,44.5104166666667));
#7631=CARTESIAN_POINT('Ctrl Pts',(-1.78176636317045,-2.32204313295938,44.59375));
#7632=CARTESIAN_POINT('Ctrl Pts',(-0.441134135286414,-3.35074642236917,
44.6770833333333));
#7633=CARTESIAN_POINT('Ctrl Pts',(1.1200651602411,-2.70407650059436,44.7604166666666));
#7634=CARTESIAN_POINT('Ctrl Pts',(2.68126445576863,-2.05740657881954,44.8437499999999));
#7635=CARTESIAN_POINT('Ctrl Pts',(2.90183152341209,-0.382033367634937,44.9270833333333));
#7636=CARTESIAN_POINT('Ctrl Pts',(3.12239859105556,1.29333984354967,45.0104166666666));
#7637=CARTESIAN_POINT('Ctrl Pts',(1.78176636317153,2.32204313295946,45.09375));
#7638=CARTESIAN_POINT('Ctrl Pts',(0.441134135287489,3.35074642236925,45.1770833333333));
#7639=CARTESIAN_POINT('Ctrl Pts',(-1.12006516024002,2.70407650059444,45.2604166666667));
#7640=CARTESIAN_POINT('Ctrl Pts',(-2.68126445576754,2.05740657881962,45.34375));
#7641=CARTESIAN_POINT('Ctrl Pts',(-2.90183152341101,0.382033367635017,45.4270833333334));
#7642=CARTESIAN_POINT('Ctrl Pts',(-3.12239859105448,-1.29333984354959,45.5104166666667));
#7643=CARTESIAN_POINT('Ctrl Pts',(-1.78176636317044,-2.32204313295938,45.59375));
#7644=CARTESIAN_POINT('Ctrl Pts',(-0.441134135286401,-3.35074642236917,
45.6770833333333));
#7645=CARTESIAN_POINT('Ctrl Pts',(1.12006516024111,-2.70407650059436,45.7604166666666));
#7646=CARTESIAN_POINT('Ctrl Pts',(2.68126445576863,-2.05740657881954,45.8437499999999));
#7647=CARTESIAN_POINT('Ctrl Pts',(2.90183152341211,-0.382033367634942,45.9270833333333));
#7648=CARTESIAN_POINT('Ctrl Pts',(3.12239859105557,1.29333984354966,46.0104166666666));
#7649=CARTESIAN_POINT('Ctrl Pts',(1.78176636317154,2.32204313295945,46.09375));
#7650=CARTESIAN_POINT('Ctrl Pts',(0.441134135287502,3.35074642236925,46.1770833333333));
#7651=CARTESIAN_POINT('Ctrl Pts',(-1.12006516024001,2.70407650059443,46.2604166666667));
#7652=CARTESIAN_POINT('Ctrl Pts',(-2.68126445576753,2.05740657881962,46.34375));
#7653=CARTESIAN_POINT('Ctrl Pts',(-2.901831523411,0.382033367635013,46.4270833333333));
#7654=CARTESIAN_POINT('Ctrl Pts',(-3.12239859105447,-1.29333984354959,46.5104166666667));
#7655=CARTESIAN_POINT('Ctrl Pts',(-1.78176636317043,-2.32204313295938,46.59375));
#7656=CARTESIAN_POINT('Ctrl Pts',(-0.441134135286387,-3.35074642236918,
46.6770833333333));
#7657=CARTESIAN_POINT('Ctrl Pts',(1.12006516024112,-2.70407650059436,46.7604166666666));
#7658=CARTESIAN_POINT('Ctrl Pts',(2.68126445576865,-2.05740657881954,46.8437499999999));
#7659=CARTESIAN_POINT('Ctrl Pts',(2.90183152341212,-0.382033367634942,46.9270833333333));
#7660=CARTESIAN_POINT('Ctrl Pts',(3.12239859105559,1.29333984354966,47.0104166666666));
#7661=CARTESIAN_POINT('Ctrl Pts',(1.78176636317156,2.32204313295945,47.09375));
#7662=CARTESIAN_POINT('Ctrl Pts',(0.441134135287515,3.35074642236925,47.1770833333333));
#7663=CARTESIAN_POINT('Ctrl Pts',(-1.12006516024,2.70407650059443,47.2604166666667));
#7664=CARTESIAN_POINT('Ctrl Pts',(-2.68126445576752,2.05740657881962,47.34375));
#7665=CARTESIAN_POINT('Ctrl Pts',(-2.90183152341099,0.382033367635013,47.4270833333333));
#7666=CARTESIAN_POINT('Ctrl Pts',(-3.12239859105446,-1.29333984354959,47.5104166666667));
#7667=CARTESIAN_POINT('Ctrl Pts',(-1.78176636317042,-2.32204313295938,47.59375));
#7668=CARTESIAN_POINT('Ctrl Pts',(-0.441134135286378,-3.35074642236918,
47.6770833333333));
#7669=CARTESIAN_POINT('Ctrl Pts',(1.12006516024113,-2.70407650059436,47.7604166666666));
#7670=CARTESIAN_POINT('Ctrl Pts',(2.68126445576866,-2.05740657881954,47.8437499999999));
#7671=CARTESIAN_POINT('Ctrl Pts',(2.90183152341213,-0.382033367634942,47.9270833333333));
#7672=CARTESIAN_POINT('Ctrl Pts',(3.1223985910556,1.29333984354966,48.0104166666666));
#7673=CARTESIAN_POINT('Ctrl Pts',(1.78176636317156,2.32204313295945,48.09375));
#7674=CARTESIAN_POINT('Ctrl Pts',(0.441134135287529,3.35074642236925,48.1770833333333));
#7675=CARTESIAN_POINT('Ctrl Pts',(-1.12006516023999,2.70407650059443,48.2604166666667));
#7676=CARTESIAN_POINT('Ctrl Pts',(-2.68126445576751,2.05740657881962,48.34375));
#7677=CARTESIAN_POINT('Ctrl Pts',(-2.90183152341098,0.382033367635013,48.4270833333333));
#7678=CARTESIAN_POINT('Ctrl Pts',(-3.12239859105444,-1.29333984354959,48.5104166666667));
#7679=CARTESIAN_POINT('Ctrl Pts',(-1.78176636317041,-2.32204313295938,48.59375));
#7680=CARTESIAN_POINT('Ctrl Pts',(-0.441134135286365,-3.35074642236918,
48.6770833333333));
#7681=CARTESIAN_POINT('Ctrl Pts',(1.12006516024115,-2.70407650059436,48.7604166666666));
#7682=CARTESIAN_POINT('Ctrl Pts',(2.68126445576867,-2.05740657881954,48.8437499999999));
#7683=CARTESIAN_POINT('Ctrl Pts',(2.90183152341214,-0.382033367634942,48.9270833333333));
#7684=CARTESIAN_POINT('Ctrl Pts',(3.12239859105561,1.29333984354966,49.0104166666666));
#7685=CARTESIAN_POINT('Ctrl Pts',(1.78176636317158,2.32204313295945,49.09375));
#7686=CARTESIAN_POINT('Ctrl Pts',(0.441134135287538,3.35074642236925,49.1770833333333));
#7687=CARTESIAN_POINT('Ctrl Pts',(-1.12006516023997,2.70407650059443,49.2604166666667));
#7688=CARTESIAN_POINT('Ctrl Pts',(-2.68126445576749,2.05740657881962,49.34375));
#7689=CARTESIAN_POINT('Ctrl Pts',(-2.90183152341096,0.382033367635013,49.4270833333333));
#7690=CARTESIAN_POINT('Ctrl Pts',(-3.12239859105444,-1.29333984354959,49.5104166666667));
#7691=CARTESIAN_POINT('Ctrl Pts',(-1.7817663631704,-2.32204313295938,49.59375));
#7692=CARTESIAN_POINT('Ctrl Pts',(-0.441134135286352,-3.35074642236918,
49.6770833333333));
#7693=CARTESIAN_POINT('Ctrl Pts',(1.12006516024116,-2.70407650059436,49.7604166666666));
#7694=CARTESIAN_POINT('Ctrl Pts',(2.68126445576868,-2.05740657881954,49.8437499999999));
#7695=CARTESIAN_POINT('Ctrl Pts',(2.90183152341215,-0.382033367634942,49.9270833333333));
#7696=CARTESIAN_POINT('Ctrl Pts',(3.12239859105563,1.29333984354966,50.0104166666666));
#7697=CARTESIAN_POINT('Ctrl Pts',(1.78176636317159,2.32204313295945,50.09375));
#7698=CARTESIAN_POINT('Ctrl Pts',(0.441134135287551,3.35074642236925,50.1770833333333));
#7699=CARTESIAN_POINT('Ctrl Pts',(-1.12006516023996,2.70407650059443,50.2604166666667));
#7700=CARTESIAN_POINT('Ctrl Pts',(-2.68126445576748,2.05740657881962,50.34375));
#7701=CARTESIAN_POINT('Ctrl Pts',(-2.90183152341095,0.382033367635013,50.4270833333333));
#7702=CARTESIAN_POINT('Ctrl Pts',(-3.12239859105442,-1.29333984354959,50.5104166666667));
#7703=CARTESIAN_POINT('Ctrl Pts',(-1.78176636317038,-2.32204313295938,50.59375));
#7704=CARTESIAN_POINT('Ctrl Pts',(-0.441134135286343,-3.35074642236918,
50.6770833333333));
#7705=CARTESIAN_POINT('Ctrl Pts',(1.12006516024117,-2.70407650059436,50.7604166666666));
#7706=CARTESIAN_POINT('Ctrl Pts',(2.6812644557687,-2.05740657881954,50.8437499999999));
#7707=CARTESIAN_POINT('Ctrl Pts',(2.90183152341216,-0.382033367634942,50.9270833333333));
#7708=CARTESIAN_POINT('Ctrl Pts',(3.12239859105564,1.29333984354966,51.0104166666666));
#7709=CARTESIAN_POINT('Ctrl Pts',(1.7817663631716,2.32204313295945,51.09375));
#7710=CARTESIAN_POINT('Ctrl Pts',(0.441134135287564,3.35074642236925,51.1770833333333));
#7711=CARTESIAN_POINT('Ctrl Pts',(-1.12006516023995,2.70407650059443,51.2604166666667));
#7712=CARTESIAN_POINT('Ctrl Pts',(-2.68126445576747,2.05740657881962,51.34375));
#7713=CARTESIAN_POINT('Ctrl Pts',(-2.90183152341094,0.382033367635013,51.4270833333333));
#7714=CARTESIAN_POINT('Ctrl Pts',(-3.12239859105441,-1.29333984354959,51.5104166666667));
#7715=CARTESIAN_POINT('Ctrl Pts',(-1.78176636317037,-2.32204313295938,51.59375));
#7716=CARTESIAN_POINT('Ctrl Pts',(-0.44113413528633,-3.35074642236918,51.6770833333333));
#7717=CARTESIAN_POINT('Ctrl Pts',(1.12006516024118,-2.70407650059436,51.7604166666666));
#7718=CARTESIAN_POINT('Ctrl Pts',(2.68126445576871,-2.05740657881954,51.8437499999999));
#7719=CARTESIAN_POINT('Ctrl Pts',(2.90183152341218,-0.382033367634942,51.9270833333333));
#7720=CARTESIAN_POINT('Ctrl Pts',(3.12239859105564,1.29333984354966,52.0104166666666));
#7721=CARTESIAN_POINT('Ctrl Pts',(1.78176636317161,2.32204313295945,52.09375));
#7722=CARTESIAN_POINT('Ctrl Pts',(0.441134135287573,3.35074642236925,52.1770833333333));
#7723=CARTESIAN_POINT('Ctrl Pts',(-1.12006516023994,2.70407650059443,52.2604166666667));
#7724=CARTESIAN_POINT('Ctrl Pts',(-2.68126445576746,2.05740657881962,52.34375));
#7725=CARTESIAN_POINT('Ctrl Pts',(-2.90183152341093,0.382033367635013,52.4270833333333));
#7726=CARTESIAN_POINT('Ctrl Pts',(-3.1223985910544,-1.29333984354959,52.5104166666667));
#7727=CARTESIAN_POINT('Ctrl Pts',(-1.78176636317036,-2.32204313295938,52.59375));
#7728=CARTESIAN_POINT('Ctrl Pts',(-0.441134135286316,-3.35074642236918,
52.6770833333333));
#7729=CARTESIAN_POINT('Ctrl Pts',(1.12006516024119,-2.70407650059436,52.7604166666666));
#7730=CARTESIAN_POINT('Ctrl Pts',(2.68126445576872,-2.05740657881954,52.8437499999999));
#7731=CARTESIAN_POINT('Ctrl Pts',(2.90183152341219,-0.382033367634942,52.9270833333333));
#7732=CARTESIAN_POINT('Ctrl Pts',(3.12239859105566,1.29333984354966,53.0104166666666));
#7733=CARTESIAN_POINT('Ctrl Pts',(1.78176636317163,2.32204313295945,53.09375));
#7734=CARTESIAN_POINT('Ctrl Pts',(0.441134135287586,3.35074642236925,53.1770833333333));
#7735=CARTESIAN_POINT('Ctrl Pts',(-1.12006516023993,2.70407650059443,53.2604166666667));
#7736=CARTESIAN_POINT('Ctrl Pts',(-2.68126445576744,2.05740657881962,53.34375));
#7737=CARTESIAN_POINT('Ctrl Pts',(-2.90183152341092,0.382033367635013,53.4270833333333));
#7738=CARTESIAN_POINT('Ctrl Pts',(-3.12239859105439,-1.29333984354959,53.5104166666667));
#7739=CARTESIAN_POINT('Ctrl Pts',(-1.78176636317035,-2.32204313295938,53.59375));
#7740=CARTESIAN_POINT('Ctrl Pts',(-0.441134135286303,-3.35074642236918,
53.6770833333333));
#7741=CARTESIAN_POINT('Ctrl Pts',(1.12006516024121,-2.70407650059436,53.7604166666666));
#7742=CARTESIAN_POINT('Ctrl Pts',(2.68126445576873,-2.05740657881954,53.8437499999999));
#7743=CARTESIAN_POINT('Ctrl Pts',(2.9018315234122,-0.382033367634942,53.9270833333333));
#7744=CARTESIAN_POINT('Ctrl Pts',(3.12239859105567,1.29333984354966,54.0104166666666));
#7745=CARTESIAN_POINT('Ctrl Pts',(1.78176636317164,2.32204313295945,54.09375));
#7746=CARTESIAN_POINT('Ctrl Pts',(0.4411341352876,3.35074642236925,54.1770833333333));
#7747=CARTESIAN_POINT('Ctrl Pts',(-1.12006516023992,2.70407650059443,54.2604166666667));
#7748=CARTESIAN_POINT('Ctrl Pts',(-2.68126445576744,2.05740657881962,54.34375));
#7749=CARTESIAN_POINT('Ctrl Pts',(-2.9018315234109,0.382033367635013,54.4270833333333));
#7750=CARTESIAN_POINT('Ctrl Pts',(-3.12239859105437,-1.29333984354959,54.5104166666667));
#7751=CARTESIAN_POINT('Ctrl Pts',(-1.78176636317033,-2.32204313295938,54.59375));
#7752=CARTESIAN_POINT('Ctrl Pts',(-0.441134135286294,-3.35074642236918,
54.6770833333333));
#7753=CARTESIAN_POINT('Ctrl Pts',(1.12006516024122,-2.70407650059436,54.7604166666666));
#7754=CARTESIAN_POINT('Ctrl Pts',(2.68126445576875,-2.05740657881954,54.8437499999999));
#7755=CARTESIAN_POINT('Ctrl Pts',(2.90183152341221,-0.382033367634942,54.9270833333333));
#7756=CARTESIAN_POINT('Ctrl Pts',(3.12239859105569,1.29333984354966,55.0104166666666));
#7757=CARTESIAN_POINT('Ctrl Pts',(1.78176636317165,2.32204313295945,55.09375));
#7758=CARTESIAN_POINT('Ctrl Pts',(0.441134135287613,3.35074642236925,55.1770833333333));
#7759=CARTESIAN_POINT('Ctrl Pts',(-1.1200651602399,2.70407650059443,55.2604166666667));
#7760=CARTESIAN_POINT('Ctrl Pts',(-2.68126445576742,2.05740657881962,55.34375));
#7761=CARTESIAN_POINT('Ctrl Pts',(-2.90183152341089,0.382033367635013,55.4270833333333));
#7762=CARTESIAN_POINT('Ctrl Pts',(-3.12239859105437,-1.29333984354959,55.5104166666667));
#7763=CARTESIAN_POINT('Ctrl Pts',(-1.78176636317032,-2.32204313295938,55.59375));
#7764=CARTESIAN_POINT('Ctrl Pts',(-0.441134135286281,-3.35074642236918,
55.6770833333333));
#7765=CARTESIAN_POINT('Ctrl Pts',(1.12006516024123,-2.70407650059436,55.7604166666666));
#7766=CARTESIAN_POINT('Ctrl Pts',(2.68126445576875,-2.05740657881954,55.8437499999999));
#7767=CARTESIAN_POINT('Ctrl Pts',(2.90183152341223,-0.382033367634942,55.9270833333333));
#7768=CARTESIAN_POINT('Ctrl Pts',(3.1223985910557,1.29333984354966,56.0104166666666));
#7769=CARTESIAN_POINT('Ctrl Pts',(1.78176636317166,2.32204313295945,56.09375));
#7770=CARTESIAN_POINT('Ctrl Pts',(0.441134135287622,3.35074642236925,56.1770833333333));
#7771=CARTESIAN_POINT('Ctrl Pts',(-1.12006516023989,2.70407650059443,56.2604166666667));
#7772=CARTESIAN_POINT('Ctrl Pts',(-2.68126445576741,2.05740657881962,56.34375));
#7773=CARTESIAN_POINT('Ctrl Pts',(-2.90183152341088,0.382033367635013,56.4270833333333));
#7774=CARTESIAN_POINT('Ctrl Pts',(-3.12239859105435,-1.29333984354959,56.5104166666667));
#7775=CARTESIAN_POINT('Ctrl Pts',(-1.78176636317031,-2.32204313295938,56.59375));
#7776=CARTESIAN_POINT('Ctrl Pts',(-0.441134135286267,-3.35074642236918,
56.6770833333333));
#7777=CARTESIAN_POINT('Ctrl Pts',(1.12006516024124,-2.70407650059436,56.7604166666666));
#7778=CARTESIAN_POINT('Ctrl Pts',(2.68126445576877,-2.05740657881954,56.8437499999999));
#7779=CARTESIAN_POINT('Ctrl Pts',(2.90183152341223,-0.382033367634942,56.9270833333333));
#7780=CARTESIAN_POINT('Ctrl Pts',(3.12239859105571,1.29333984354966,57.0104166666666));
#7781=CARTESIAN_POINT('Ctrl Pts',(1.78176636317168,2.32204313295945,57.09375));
#7782=CARTESIAN_POINT('Ctrl Pts',(0.441134135287635,3.35074642236925,57.1770833333333));
#7783=CARTESIAN_POINT('Ctrl Pts',(-1.12006516023988,2.70407650059443,57.2604166666667));
#7784=CARTESIAN_POINT('Ctrl Pts',(-2.6812644557674,2.05740657881962,57.34375));
#7785=CARTESIAN_POINT('Ctrl Pts',(-2.90183152341087,0.382033367635013,57.4270833333333));
#7786=CARTESIAN_POINT('Ctrl Pts',(-3.12239859105434,-1.2933398435496,57.5104166666667));
#7787=CARTESIAN_POINT('Ctrl Pts',(-1.7817663631703,-2.32204313295939,57.59375));
#7788=CARTESIAN_POINT('Ctrl Pts',(-0.441134135286259,-3.35074642236918,
57.6770833333333));
#7789=CARTESIAN_POINT('Ctrl Pts',(1.12006516024126,-2.70407650059437,57.7604166666666));
#7790=CARTESIAN_POINT('Ctrl Pts',(2.68126445576878,-2.05740657881955,57.8437499999999));
#7791=CARTESIAN_POINT('Ctrl Pts',(2.90183152341225,-0.382033367634946,57.9270833333333));
#7792=CARTESIAN_POINT('Ctrl Pts',(3.12239859105572,1.29333984354966,58.0104166666666));
#7793=CARTESIAN_POINT('Ctrl Pts',(1.78176636317168,2.32204313295945,58.09375));
#7794=CARTESIAN_POINT('Ctrl Pts',(0.441134135287649,3.35074642236924,58.1770833333333));
#7795=CARTESIAN_POINT('Ctrl Pts',(-1.12006516023987,2.70407650059443,58.2604166666667));
#7796=CARTESIAN_POINT('Ctrl Pts',(-2.68126445576739,2.05740657881961,58.34375));
#7797=CARTESIAN_POINT('Ctrl Pts',(-2.90183152341086,0.382033367635009,58.4270833333333));
#7798=CARTESIAN_POINT('Ctrl Pts',(-3.12239859105433,-1.2933398435496,58.5104166666667));
#7799=CARTESIAN_POINT('Ctrl Pts',(-1.78176636317029,-2.32204313295939,58.59375));
#7800=CARTESIAN_POINT('Ctrl Pts',(-0.441134135286245,-3.35074642236918,
58.6770833333333));
#7801=CARTESIAN_POINT('Ctrl Pts',(1.12006516024127,-2.70407650059437,58.7604166666666));
#7802=CARTESIAN_POINT('Ctrl Pts',(2.68126445576879,-2.05740657881955,58.84375));
#7803=CARTESIAN_POINT('Ctrl Pts',(2.90183152341226,-0.382033367634946,58.9270833333333));
#7804=CARTESIAN_POINT('Ctrl Pts',(3.12239859105573,1.29333984354966,59.0104166666666));
#7805=CARTESIAN_POINT('Ctrl Pts',(1.7817663631717,2.32204313295945,59.09375));
#7806=CARTESIAN_POINT('Ctrl Pts',(0.441134135287657,3.35074642236924,59.1770833333333));
#7807=CARTESIAN_POINT('Ctrl Pts',(-1.12006516023985,2.70407650059443,59.2604166666667));
#7808=CARTESIAN_POINT('Ctrl Pts',(-2.68126445576737,2.05740657881961,59.34375));
#7809=CARTESIAN_POINT('Ctrl Pts',(-2.90183152341084,0.382033367635009,59.4270833333333));
#7810=CARTESIAN_POINT('Ctrl Pts',(-3.12239859105432,-1.2933398435496,59.5104166666667));
#7811=CARTESIAN_POINT('Ctrl Pts',(-1.78176636317027,-2.32204313295939,59.59375));
#7812=CARTESIAN_POINT('Ctrl Pts',(-0.441134135286232,-3.35074642236918,
59.6770833333333));
#7813=CARTESIAN_POINT('Ctrl Pts',(1.12006516024128,-2.70407650059437,59.7604166666666));
#7814=CARTESIAN_POINT('Ctrl Pts',(2.6812644557688,-2.05740657881955,59.8437499999999));
#7815=CARTESIAN_POINT('Ctrl Pts',(2.90183152341227,-0.382033367634946,59.9270833333333));
#7816=CARTESIAN_POINT('Ctrl Pts',(3.12239859105574,1.29333984354966,60.0104166666666));
#7817=CARTESIAN_POINT('Ctrl Pts',(1.78176636317171,2.32204313295945,60.09375));
#7818=CARTESIAN_POINT('Ctrl Pts',(0.441134135287671,3.35074642236924,60.1770833333333));
#7819=CARTESIAN_POINT('Ctrl Pts',(-1.12006516023984,2.70407650059443,60.2604166666667));
#7820=CARTESIAN_POINT('Ctrl Pts',(-2.68126445576736,2.05740657881961,60.34375));
#7821=CARTESIAN_POINT('Ctrl Pts',(-2.90183152341083,0.382033367635009,60.4270833333333));
#7822=CARTESIAN_POINT('Ctrl Pts',(-3.1223985910543,-1.2933398435496,60.5104166666667));
#7823=CARTESIAN_POINT('Ctrl Pts',(-1.78176636317026,-2.32204313295939,60.59375));
#7824=CARTESIAN_POINT('Ctrl Pts',(-0.441134135286223,-3.35074642236918,
60.6770833333333));
#7825=CARTESIAN_POINT('Ctrl Pts',(1.12006516024129,-2.70407650059437,60.7604166666666));
#7826=CARTESIAN_POINT('Ctrl Pts',(2.68126445576882,-2.05740657881955,60.8437499999999));
#7827=CARTESIAN_POINT('Ctrl Pts',(2.90183152341228,-0.382033367634946,60.9270833333333));
#7828=CARTESIAN_POINT('Ctrl Pts',(3.12239859105576,1.29333984354966,61.0104166666666));
#7829=CARTESIAN_POINT('Ctrl Pts',(1.78176636317172,2.32204313295945,61.09375));
#7830=CARTESIAN_POINT('Ctrl Pts',(0.441134135287684,3.35074642236924,61.1770833333333));
#7831=CARTESIAN_POINT('Ctrl Pts',(-1.12006516023983,2.70407650059443,61.2604166666667));
#7832=CARTESIAN_POINT('Ctrl Pts',(-2.68126445576735,2.05740657881961,61.34375));
#7833=CARTESIAN_POINT('Ctrl Pts',(-2.90183152341082,0.382033367635009,61.4270833333333));
#7834=CARTESIAN_POINT('Ctrl Pts',(-3.12239859105429,-1.2933398435496,61.5104166666667));
#7835=CARTESIAN_POINT('Ctrl Pts',(-1.78176636317025,-2.32204313295939,61.59375));
#7836=CARTESIAN_POINT('Ctrl Pts',(-0.44113413528621,-3.35074642236918,61.6770833333333));
#7837=CARTESIAN_POINT('Ctrl Pts',(1.1200651602413,-2.70407650059437,61.7604166666666));
#7838=CARTESIAN_POINT('Ctrl Pts',(2.68126445576883,-2.05740657881955,61.84375));
#7839=CARTESIAN_POINT('Ctrl Pts',(2.9018315234123,-0.382033367634946,61.9270833333333));
#7840=CARTESIAN_POINT('Ctrl Pts',(3.12239859105577,1.29333984354966,62.0104166666666));
#7841=CARTESIAN_POINT('Ctrl Pts',(1.78176636317173,2.32204313295945,62.09375));
#7842=CARTESIAN_POINT('Ctrl Pts',(0.441134135287697,3.35074642236924,62.1770833333333));
#7843=CARTESIAN_POINT('Ctrl Pts',(-1.12006516023982,2.70407650059443,62.2604166666667));
#7844=CARTESIAN_POINT('Ctrl Pts',(-2.68126445576734,2.05740657881961,62.34375));
#7845=CARTESIAN_POINT('Ctrl Pts',(-2.90183152341081,0.382033367635009,62.4270833333333));
#7846=CARTESIAN_POINT('Ctrl Pts',(-3.12239859105428,-1.2933398435496,62.5104166666667));
#7847=CARTESIAN_POINT('Ctrl Pts',(-1.78176636317024,-2.32204313295939,62.59375));
#7848=CARTESIAN_POINT('Ctrl Pts',(-0.441134135286196,-3.35074642236918,
62.6770833333333));
#7849=CARTESIAN_POINT('Ctrl Pts',(1.12006516024131,-2.70407650059437,62.7604166666666));
#7850=CARTESIAN_POINT('Ctrl Pts',(2.68126445576884,-2.05740657881955,62.84375));
#7851=CARTESIAN_POINT('Ctrl Pts',(2.90183152341231,-0.382033367634946,62.9270833333333));
#7852=CARTESIAN_POINT('Ctrl Pts',(3.12239859105578,1.29333984354966,63.0104166666666));
#7853=CARTESIAN_POINT('Ctrl Pts',(1.78176636317175,2.32204313295945,63.09375));
#7854=CARTESIAN_POINT('Ctrl Pts',(0.441134135287706,3.35074642236924,63.1770833333333));
#7855=CARTESIAN_POINT('Ctrl Pts',(-1.12006516023981,2.70407650059443,63.2604166666667));
#7856=CARTESIAN_POINT('Ctrl Pts',(-2.68126445576732,2.05740657881961,63.34375));
#7857=CARTESIAN_POINT('Ctrl Pts',(-2.9018315234108,0.382033367635009,63.4270833333333));
#7858=CARTESIAN_POINT('Ctrl Pts',(-3.12239859105427,-1.2933398435496,63.5104166666667));
#7859=CARTESIAN_POINT('Ctrl Pts',(-1.78176636317023,-2.32204313295939,63.59375));
#7860=CARTESIAN_POINT('Ctrl Pts',(-0.441134135286183,-3.35074642236918,
63.6770833333333));
#7861=CARTESIAN_POINT('Ctrl Pts',(1.12006516024133,-2.70407650059437,63.7604166666666));
#7862=CARTESIAN_POINT('Ctrl Pts',(2.68126445576885,-2.05740657881955,63.8437499999999));
#7863=CARTESIAN_POINT('Ctrl Pts',(2.90183152341232,-0.382033367634946,63.9270833333333));
#7864=CARTESIAN_POINT('Ctrl Pts',(3.12239859105579,1.29333984354966,64.0104166666666));
#7865=CARTESIAN_POINT('Ctrl Pts',(1.78176636317176,2.32204313295945,64.09375));
#7866=CARTESIAN_POINT('Ctrl Pts',(0.44113413528772,3.35074642236924,64.1770833333333));
#7867=CARTESIAN_POINT('Ctrl Pts',(-1.1200651602398,2.70407650059443,64.2604166666667));
#7868=CARTESIAN_POINT('Ctrl Pts',(-2.68126445576732,2.05740657881961,64.34375));
#7869=CARTESIAN_POINT('Ctrl Pts',(-2.90183152341078,0.382033367635009,64.4270833333333));
#7870=CARTESIAN_POINT('Ctrl Pts',(-3.12239859105425,-1.2933398435496,64.5104166666667));
#7871=CARTESIAN_POINT('Ctrl Pts',(-1.78176636317021,-2.32204313295939,64.59375));
#7872=CARTESIAN_POINT('Ctrl Pts',(-0.441134135286174,-3.35074642236918,
64.6770833333333));
#7873=CARTESIAN_POINT('Ctrl Pts',(1.12006516024134,-2.70407650059437,64.7604166666666));
#7874=CARTESIAN_POINT('Ctrl Pts',(2.68126445576887,-2.05740657881955,64.8437499999999));
#7875=CARTESIAN_POINT('Ctrl Pts',(2.90183152341233,-0.382033367634946,64.9270833333333));
#7876=CARTESIAN_POINT('Ctrl Pts',(3.1223985910558,1.29333984354966,65.0104166666666));
#7877=CARTESIAN_POINT('Ctrl Pts',(1.78176636317177,2.32204313295945,65.0937499999999));
#7878=CARTESIAN_POINT('Ctrl Pts',(0.441134135287733,3.35074642236924,65.1770833333333));
#7879=CARTESIAN_POINT('Ctrl Pts',(-1.12006516023978,2.70407650059443,65.2604166666667));
#7880=CARTESIAN_POINT('Ctrl Pts',(-2.6812644557673,2.05740657881961,65.34375));
#7881=CARTESIAN_POINT('Ctrl Pts',(-2.90183152341077,0.382033367635009,65.4270833333334));
#7882=CARTESIAN_POINT('Ctrl Pts',(-3.12239859105424,-1.2933398435496,65.5104166666667));
#7883=CARTESIAN_POINT('Ctrl Pts',(-1.7817663631702,-2.32204313295939,65.59375));
#7884=CARTESIAN_POINT('Ctrl Pts',(-0.441134135286161,-3.35074642236918,
65.6770833333333));
#7885=CARTESIAN_POINT('Ctrl Pts',(1.12006516024135,-2.70407650059437,65.7604166666666));
#7886=CARTESIAN_POINT('Ctrl Pts',(2.68126445576887,-2.05740657881955,65.8437499999999));
#7887=CARTESIAN_POINT('Ctrl Pts',(2.90183152341235,-0.382033367634946,65.9270833333333));
#7888=CARTESIAN_POINT('Ctrl Pts',(3.12239859105581,1.29333984354966,66.0104166666666));
#7889=CARTESIAN_POINT('Ctrl Pts',(1.78176636317178,2.32204313295945,66.09375));
#7890=CARTESIAN_POINT('',(2.83796048396362,-0.00367257692822864,20.));
#7891=CARTESIAN_POINT('Ctrl Pts',(2.83796048396362,-0.00367257692823038,
20.));
#7892=CARTESIAN_POINT('Ctrl Pts',(2.81880358305572,-0.213457344841692,20.));
#7893=CARTESIAN_POINT('Ctrl Pts',(2.77756602747268,-0.421490421249547,19.9999999999999));
#7894=CARTESIAN_POINT('Ctrl Pts',(2.61271978687267,-0.927124493565487,19.9999999999999));
#7895=CARTESIAN_POINT('Ctrl Pts',(2.45814829915639,-1.21269360064421,20.));
#7896=CARTESIAN_POINT('Ctrl Pts',(2.04167873413248,-1.73017552443706,20.));
#7897=CARTESIAN_POINT('Ctrl Pts',(1.7777048248123,-1.95267078015271,20.));
#7898=CARTESIAN_POINT('Ctrl Pts',(1.24712986742771,-2.24775631309927,20.));
#7899=CARTESIAN_POINT('Ctrl Pts',(0.924693618726728,-2.38323169344455,20.0000000000602));
#7900=CARTESIAN_POINT('Ctrl Pts',(0.242183319164159,-2.45972769697329,20.0000000000602));
#7901=CARTESIAN_POINT('Ctrl Pts',(-0.0515158858357457,-2.43862887850238,
20.));
#7902=CARTESIAN_POINT('Ctrl Pts',(-0.52397041121963,-2.31514002437302,20.));
#7903=CARTESIAN_POINT('Ctrl Pts',(-0.706958826778602,-2.24216524993811,
20.));
#7904=CARTESIAN_POINT('Ctrl Pts',(-1.11128324289795,-2.01956971231862,20.));
#7905=CARTESIAN_POINT('Ctrl Pts',(-1.27266050573601,-1.88086609318774,20.));
#7906=CARTESIAN_POINT('Ctrl Pts',(-1.37126205106975,-1.78706349776863,20.));
#7907=CARTESIAN_POINT('Ctrl Pts',(2.8573764536864,0.317843989816448,19.9953002277022));
#7908=CARTESIAN_POINT('Ctrl Pts',(2.85418898035152,0.210597416311584,19.9984362539493));
#7909=CARTESIAN_POINT('Ctrl Pts',(2.84773884739689,0.103409028456942,20.));
#7910=CARTESIAN_POINT('Ctrl Pts',(2.83796048396361,-0.00367257692822844,
20.));
#7911=CARTESIAN_POINT('',(2.84342449290845,0.0650736785999806,16.));
#7912=CARTESIAN_POINT('Ctrl Pts',(2.84342449290845,0.0650736785999662,16.));
#7913=CARTESIAN_POINT('Ctrl Pts',(2.84958585641438,0.15612915047264,16.));
#7914=CARTESIAN_POINT('Ctrl Pts',(2.85344279013564,0.247194121677677,15.9988156685676));
#7915=CARTESIAN_POINT('Ctrl Pts',(2.85503175731782,0.33825828097833,15.9964455971068));
#7916=CARTESIAN_POINT('Ctrl Pts',(-1.37126205106981,-1.78706349776864,16.));
#7917=CARTESIAN_POINT('Ctrl Pts',(-1.24832096298454,-1.90402102725781,16.));
#7918=CARTESIAN_POINT('Ctrl Pts',(-1.03866454312146,-2.08008903883944,16.0000000000006));
#7919=CARTESIAN_POINT('Ctrl Pts',(-0.44617249449585,-2.35400989652393,16.0000000000006));
#7920=CARTESIAN_POINT('Ctrl Pts',(-0.139167099147715,-2.42785509719731,
16.));
#7921=CARTESIAN_POINT('Ctrl Pts',(0.421564544330331,-2.44995623587973,16.));
#7922=CARTESIAN_POINT('Ctrl Pts',(0.740881247354343,-2.42637397792535,16.0000000000058));
#7923=CARTESIAN_POINT('Ctrl Pts',(1.42592076116505,-2.17060832954275,16.0000000000058));
#7924=CARTESIAN_POINT('Ctrl Pts',(1.71090394312218,-1.9985757371294,16.));
#7925=CARTESIAN_POINT('Ctrl Pts',(2.21913958079617,-1.54442518932357,16.));
#7926=CARTESIAN_POINT('Ctrl Pts',(2.43202132414311,-1.26054286705132,16.0000000000005));
#7927=CARTESIAN_POINT('Ctrl Pts',(2.69659470465079,-0.706889528611587,16.0000000000005));
#7928=CARTESIAN_POINT('Ctrl Pts',(2.77174380207969,-0.459793713660375,16.));
#7929=CARTESIAN_POINT('Ctrl Pts',(2.82733071314791,-0.112586577440856,16.));
#7930=CARTESIAN_POINT('Ctrl Pts',(2.83740583756143,-0.0238727862747994,
16.));
#7931=CARTESIAN_POINT('Ctrl Pts',(2.84342449290845,0.0650736785999662,16.));
#7932=CARTESIAN_POINT('Ctrl Pts',(-1.37126205106979,-1.78706349776861,16.));
#7933=CARTESIAN_POINT('Ctrl Pts',(-0.339500459574102,-2.57876201208338,
16.0833333333333));
#7934=CARTESIAN_POINT('Ctrl Pts',(0.862011361708737,-2.08107952035643,16.1666666666667));
#7935=CARTESIAN_POINT('Ctrl Pts',(2.06352318299157,-1.58339702862949,16.25));
#7936=CARTESIAN_POINT('Ctrl Pts',(2.23327341277872,-0.294016022587775,16.3333333333333));
#7937=CARTESIAN_POINT('Ctrl Pts',(2.40302364256587,0.995364983453939,16.4166666666666));
#7938=CARTESIAN_POINT('Ctrl Pts',(1.37126205107017,1.78706349776871,16.5));
#7939=CARTESIAN_POINT('Ctrl Pts',(0.339500459574489,2.57876201208348,16.5833333333333));
#7940=CARTESIAN_POINT('Ctrl Pts',(-0.862011361708341,2.08107952035653,16.6666666666667));
#7941=CARTESIAN_POINT('Ctrl Pts',(-2.06352318299118,1.5833970286296,16.75));
#7942=CARTESIAN_POINT('Ctrl Pts',(-2.23327341277832,0.294016022587873,16.8333333333334));
#7943=CARTESIAN_POINT('Ctrl Pts',(-2.40302364256546,-0.995364983453846,
16.9166666666667));
#7944=CARTESIAN_POINT('Ctrl Pts',(-1.37126205106978,-1.78706349776861,17.));
#7945=CARTESIAN_POINT('Origin',(-5.32907051820075E-14,6.21724893790088E-14,
-4.4375));
#7946=CARTESIAN_POINT('Origin',(-5.32907051820075E-14,6.21724893790088E-14,
-4.4375));
#7947=CARTESIAN_POINT('Ctrl Pts',(-1.37126205106998,-1.78706349776861,1.77635683940025E-14));
#7948=CARTESIAN_POINT('Ctrl Pts',(-0.339500459574298,-2.57876201208338,
0.0833333333333375));
#7949=CARTESIAN_POINT('Ctrl Pts',(0.862011361708546,-2.08107952035643,0.166666666666653));
#7950=CARTESIAN_POINT('Ctrl Pts',(2.06352318299138,-1.58339702862949,0.249999999999977));
#7951=CARTESIAN_POINT('Ctrl Pts',(2.23327341277853,-0.294016022587771,0.333333333333306));
#7952=CARTESIAN_POINT('Ctrl Pts',(2.40302364256567,0.995364983453944,0.416666666666634));
#7953=CARTESIAN_POINT('Ctrl Pts',(1.37126205106998,1.78706349776871,0.499999999999985));
#7954=CARTESIAN_POINT('Ctrl Pts',(0.339500459574298,2.57876201208348,0.583333333333336));
#7955=CARTESIAN_POINT('Ctrl Pts',(-0.862011361708532,2.08107952035653,0.666666666666678));
#7956=CARTESIAN_POINT('Ctrl Pts',(-2.06352318299138,1.5833970286296,0.750000000000024));
#7957=CARTESIAN_POINT('Ctrl Pts',(-2.23327341277852,0.294016022587877,0.833333333333361));
#7958=CARTESIAN_POINT('Ctrl Pts',(-2.40302364256566,-0.995364983453841,
0.916666666666694));
#7959=CARTESIAN_POINT('Ctrl Pts',(-1.37126205106997,-1.78706349776861,1.00000000000001));
#7960=CARTESIAN_POINT('Origin',(-5.32907051820075E-14,5.77315972805081E-14,
-3.99999999999999));
#7961=CARTESIAN_POINT('Ctrl Pts',(-1.75018910839398,-2.2808908533293,1.62499999999999));
#7962=CARTESIAN_POINT('Ctrl Pts',(-2.54632910916622,-1.66999114452716,1.57461928547705));
#7963=CARTESIAN_POINT('Ctrl Pts',(-2.98162612523606,-0.621468373768574,
1.50880539078212));
#7964=CARTESIAN_POINT('Ctrl Pts',(-2.85040397643978,0.375262802631409,1.45833333333335));
#7965=CARTESIAN_POINT('Ctrl Pts',(-2.71911485582091,1.37250268052825,1.40783551647043));
#7966=CARTESIAN_POINT('Ctrl Pts',(-2.02633142657701,2.27254361707883,1.34199259972867));
#7967=CARTESIAN_POINT('Ctrl Pts',(-1.10021486804579,2.65615365596076,1.29166666666667));
#7968=CARTESIAN_POINT('Ctrl Pts',(-0.174130397122592,3.03975040372027,1.24134247727159));
#7969=CARTESIAN_POINT('Ctrl Pts',(0.954669699509711,2.89131436522741,1.17534144270803));
#7970=CARTESIAN_POINT('Ctrl Pts',(1.75018910839401,2.28089085332941,1.12499999999996));
#7971=CARTESIAN_POINT('Ctrl Pts',(2.54571197648892,1.67046468708575,1.0746583383888));
#7972=CARTESIAN_POINT('Ctrl Pts',(2.9818433944887,0.623118697587906,1.00888895919105));
#7973=CARTESIAN_POINT('Ctrl Pts',(2.85040397643979,-0.375262802631302,0.958333333333292));
#7974=CARTESIAN_POINT('Ctrl Pts',(2.71908098413463,-1.37275996152863,0.90782248838241));
#7975=CARTESIAN_POINT('Ctrl Pts',(2.02699061221048,-2.27227057344923,0.842028420416372));
#7976=CARTESIAN_POINT('Ctrl Pts',(1.10021486804581,-2.65615365596065,0.791666666666639));
#7977=CARTESIAN_POINT('Ctrl Pts',(0.173675169891463,-3.03993896501327,0.741317739850635));
#7978=CARTESIAN_POINT('Ctrl Pts',(-0.955060816435531,-2.89101425065465,
0.675316692349871));
#7979=CARTESIAN_POINT('Ctrl Pts',(-1.75018910839399,-2.2808908533293,0.624999999999997));
#7980=CARTESIAN_POINT('Ctrl Pts',(1.37125792263585,1.78705811748868,-4.49999591435148));
#7981=CARTESIAN_POINT('Ctrl Pts',(0.339499437446289,2.57875424825093,-4.41666258101813));
#7982=CARTESIAN_POINT('Ctrl Pts',(-0.862008766466444,2.08107325488774,-4.33332924768478));
#7983=CARTESIAN_POINT('Ctrl Pts',(-2.06351697037918,1.58339226152455,-4.24999591435144));
#7984=CARTESIAN_POINT('Ctrl Pts',(-2.23326668910234,0.294015137399115,-4.1666625810181));
#7985=CARTESIAN_POINT('Ctrl Pts',(-2.40301640782552,-0.995361986726322,
-4.08332924768477));
#7986=CARTESIAN_POINT('Ctrl Pts',(-1.37125792263596,-1.78705811748857,-3.99999591435145));
#7987=CARTESIAN_POINT('Ctrl Pts',(-0.339499437446396,-2.57875424825081,
-3.91666258101814));
#7988=CARTESIAN_POINT('Ctrl Pts',(0.862008766466338,-2.08107325488762,-3.8333292476848));
#7989=CARTESIAN_POINT('Ctrl Pts',(2.06351697037908,-1.58339226152444,-3.74999591435148));
#7990=CARTESIAN_POINT('Ctrl Pts',(2.23326668910225,-0.294015137398995,-3.66666258101816));
#7991=CARTESIAN_POINT('Ctrl Pts',(2.40301640782543,0.995361986726433,-3.58332924768482));
#7992=CARTESIAN_POINT('Ctrl Pts',(1.37125792263586,1.78705811748868,-3.49999591435147));
#7993=CARTESIAN_POINT('Ctrl Pts',(0.339499437446302,2.57875424825093,-3.41666258101813));
#7994=CARTESIAN_POINT('Ctrl Pts',(-0.862008766466431,2.08107325488774,-3.33332924768479));
#7995=CARTESIAN_POINT('Ctrl Pts',(-2.06351697037917,1.58339226152455,-3.24999591435144));
#7996=CARTESIAN_POINT('Ctrl Pts',(-2.23326668910233,0.294015137399115,-3.1666625810181));
#7997=CARTESIAN_POINT('Ctrl Pts',(-2.40301640782551,-0.995361986726322,
-3.08332924768477));
#7998=CARTESIAN_POINT('Ctrl Pts',(-1.37125792263594,-1.78705811748857,-2.99999591435145));
#7999=CARTESIAN_POINT('Ctrl Pts',(-0.339499437446387,-2.57875424825081,
-2.91666258101813));
#8000=CARTESIAN_POINT('Ctrl Pts',(0.862008766466351,-2.08107325488762,-2.83332924768481));
#8001=CARTESIAN_POINT('Ctrl Pts',(2.0635169703791,-1.58339226152444,-2.74999591435149));
#8002=CARTESIAN_POINT('Ctrl Pts',(2.23326668910226,-0.294015137398995,-2.66666258101816));
#8003=CARTESIAN_POINT('Ctrl Pts',(2.40301640782544,0.995361986726433,-2.58332924768482));
#8004=CARTESIAN_POINT('Ctrl Pts',(1.37125792263587,1.78705811748868,-2.49999591435147));
#8005=CARTESIAN_POINT('Ctrl Pts',(0.339499437446316,2.57875424825093,-2.41666258101813));
#8006=CARTESIAN_POINT('Ctrl Pts',(-0.862008766466418,2.08107325488774,-2.33332924768479));
#8007=CARTESIAN_POINT('Ctrl Pts',(-2.06351697037916,1.58339226152455,-2.24999591435143));
#8008=CARTESIAN_POINT('Ctrl Pts',(-2.23326668910232,0.294015137399115,-2.1666625810181));
#8009=CARTESIAN_POINT('Ctrl Pts',(-2.40301640782549,-0.995361986726322,
-2.08332924768477));
#8010=CARTESIAN_POINT('Ctrl Pts',(-1.37125792263593,-1.78705811748857,-1.99999591435144));
#8011=CARTESIAN_POINT('Ctrl Pts',(-0.339499437446373,-2.57875424825081,
-1.91666258101812));
#8012=CARTESIAN_POINT('Ctrl Pts',(0.86200876646636,-2.08107325488762,-1.83332924768481));
#8013=CARTESIAN_POINT('Ctrl Pts',(2.06351697037911,-1.58339226152444,-1.74999591435148));
#8014=CARTESIAN_POINT('Ctrl Pts',(2.23326668910227,-0.294015137398995,-1.66666258101815));
#8015=CARTESIAN_POINT('Ctrl Pts',(2.40301640782545,0.995361986726433,-1.58332924768482));
#8016=CARTESIAN_POINT('Ctrl Pts',(1.37125792263588,1.78705811748868,-1.49999591435147));
#8017=CARTESIAN_POINT('Ctrl Pts',(0.339499437446324,2.57875424825092,-1.41666258101813));
#8018=CARTESIAN_POINT('Ctrl Pts',(-0.862008766466404,2.08107325488774,-1.33332924768479));
#8019=CARTESIAN_POINT('Ctrl Pts',(-2.06351697037915,1.58339226152455,-1.24999591435143));
#8020=CARTESIAN_POINT('Ctrl Pts',(-2.23326668910231,0.294015137399111,-1.1666625810181));
#8021=CARTESIAN_POINT('Ctrl Pts',(-2.40301640782548,-0.995361986726326,
-1.08332924768476));
#8022=CARTESIAN_POINT('Ctrl Pts',(-1.37125792263592,-1.78705811748857,-0.999995914351444));
#8023=CARTESIAN_POINT('Ctrl Pts',(-0.33949943744636,-2.57875424825082,-0.916662581018128));
#8024=CARTESIAN_POINT('Ctrl Pts',(0.862008766466373,-2.08107325488763,-0.833329247684809));
#8025=CARTESIAN_POINT('Ctrl Pts',(2.06351697037912,-1.58339226152444,-0.749995914351476));
#8026=CARTESIAN_POINT('Ctrl Pts',(2.23326668910228,-0.294015137399,-0.666662581018151));
#8027=CARTESIAN_POINT('Ctrl Pts',(2.40301640782546,0.995361986726429,-0.583329247684827));
#8028=CARTESIAN_POINT('Ctrl Pts',(1.3712579226359,1.78705811748868,-0.499995914351472));
#8029=CARTESIAN_POINT('Ctrl Pts',(0.339499437446338,2.57875424825092,-0.41666258101813));
#8030=CARTESIAN_POINT('Ctrl Pts',(-0.862008766466396,2.08107325488774,-0.333329247684784));
#8031=CARTESIAN_POINT('Ctrl Pts',(-2.06351697037913,1.58339226152455,-0.249995914351442));
#8032=CARTESIAN_POINT('Ctrl Pts',(-2.2332666891023,0.294015137399111,-0.166662581018104));
#8033=CARTESIAN_POINT('Ctrl Pts',(-2.40301640782547,-0.995361986726326,
-0.0833292476847713));
#8034=CARTESIAN_POINT('Ctrl Pts',(-1.37125792263591,-1.78705811748857,4.08564855280957E-6));
#8035=CARTESIAN_POINT('Ctrl Pts',(-0.339499437446351,-2.57875424825082,
0.0833374189818725));
#8036=CARTESIAN_POINT('Ctrl Pts',(0.862008766466387,-2.08107325488763,0.166670752315192));
#8037=CARTESIAN_POINT('Ctrl Pts',(2.06351697037913,-1.58339226152444,0.250004085648512));
#8038=CARTESIAN_POINT('Ctrl Pts',(2.2332666891023,-0.294015137399,0.333337418981841));
#8039=CARTESIAN_POINT('Ctrl Pts',(2.40301640782547,0.995361986726429,0.416670752315178));
#8040=CARTESIAN_POINT('Ctrl Pts',(1.37125792263591,1.78705811748868,0.500004085648524));
#8041=CARTESIAN_POINT('Ctrl Pts',(0.339499437446351,2.57875424825092,0.583337418981871));
#8042=CARTESIAN_POINT('Ctrl Pts',(-0.862008766466382,2.08107325488774,0.666670752315217));
#8043=CARTESIAN_POINT('Ctrl Pts',(-2.06351697037912,1.58339226152455,0.750004085648563));
#8044=CARTESIAN_POINT('Ctrl Pts',(-2.23326668910229,0.294015137399111,0.833337418981897));
#8045=CARTESIAN_POINT('Ctrl Pts',(-2.40301640782546,-0.995361986726326,
0.916670752315238));
#8046=CARTESIAN_POINT('Ctrl Pts',(-1.3712579226359,-1.78705811748857,1.00000408564855));
#8047=CARTESIAN_POINT('Ctrl Pts',(-0.339499437446338,-2.57875424825082,
1.08333741898188));
#8048=CARTESIAN_POINT('Ctrl Pts',(0.862008766466396,-2.08107325488763,1.1666707523152));
#8049=CARTESIAN_POINT('Ctrl Pts',(2.06351697037915,-1.58339226152444,1.25000408564852));
#8050=CARTESIAN_POINT('Ctrl Pts',(2.23326668910231,-0.294015137399,1.33333741898184));
#8051=CARTESIAN_POINT('Ctrl Pts',(2.40301640782548,0.995361986726429,1.41667075231517));
#8052=CARTESIAN_POINT('Ctrl Pts',(1.37125792263592,1.78705811748868,1.50000408564853));
#8053=CARTESIAN_POINT('Ctrl Pts',(0.33949943744636,2.57875424825092,1.58333741898187));
#8054=CARTESIAN_POINT('Ctrl Pts',(-0.862008766466369,2.08107325488774,1.66667075231522));
#8055=CARTESIAN_POINT('Ctrl Pts',(-2.06351697037911,1.58339226152455,1.75000408564856));
#8056=CARTESIAN_POINT('Ctrl Pts',(-2.23326668910227,0.294015137399111,1.83333741898189));
#8057=CARTESIAN_POINT('Ctrl Pts',(-2.40301640782545,-0.995361986726326,
1.91667075231524));
#8058=CARTESIAN_POINT('Ctrl Pts',(-1.37125792263588,-1.78705811748857,2.00000408564855));
#8059=CARTESIAN_POINT('Ctrl Pts',(-0.339499437446324,-2.57875424825082,
2.08333741898187));
#8060=CARTESIAN_POINT('Ctrl Pts',(0.862008766466409,-2.08107325488763,2.16667075231519));
#8061=CARTESIAN_POINT('Ctrl Pts',(2.06351697037916,-1.58339226152444,2.25000408564851));
#8062=CARTESIAN_POINT('Ctrl Pts',(2.23326668910232,-0.294015137399,2.33333741898184));
#8063=CARTESIAN_POINT('Ctrl Pts',(2.4030164078255,0.995361986726429,2.41667075231518));
#8064=CARTESIAN_POINT('Ctrl Pts',(1.37125792263593,1.78705811748868,2.50000408564852));
#8065=CARTESIAN_POINT('Ctrl Pts',(0.339499437446373,2.57875424825092,2.58333741898186));
#8066=CARTESIAN_POINT('Ctrl Pts',(-0.86200876646636,2.08107325488774,2.66667075231521));
#8067=CARTESIAN_POINT('Ctrl Pts',(-2.0635169703791,1.58339226152455,2.75000408564857));
#8068=CARTESIAN_POINT('Ctrl Pts',(-2.23326668910226,0.294015137399111,2.8333374189819));
#8069=CARTESIAN_POINT('Ctrl Pts',(-2.40301640782544,-0.995361986726326,
2.91667075231523));
#8070=CARTESIAN_POINT('Ctrl Pts',(-1.37125792263587,-1.78705811748857,3.00000408564855));
#8071=CARTESIAN_POINT('Ctrl Pts',(-0.339499437446311,-2.57875424825082,
3.08333741898188));
#8072=CARTESIAN_POINT('Ctrl Pts',(0.862008766466422,-2.08107325488763,3.16667075231519));
#8073=CARTESIAN_POINT('Ctrl Pts',(2.06351697037917,-1.58339226152444,3.25000408564851));
#8074=CARTESIAN_POINT('Ctrl Pts',(2.23326668910233,-0.294015137399,3.33333741898184));
#8075=CARTESIAN_POINT('Ctrl Pts',(2.40301640782551,0.995361986726429,3.41667075231518));
#8076=CARTESIAN_POINT('Ctrl Pts',(1.37125792263594,1.78705811748868,3.50000408564852));
#8077=CARTESIAN_POINT('Ctrl Pts',(0.339499437446387,2.57875424825092,3.58333741898186));
#8078=CARTESIAN_POINT('Ctrl Pts',(-0.862008766466347,2.08107325488774,3.66667075231522));
#8079=CARTESIAN_POINT('Ctrl Pts',(-2.06351697037909,1.58339226152455,3.75000408564856));
#8080=CARTESIAN_POINT('Ctrl Pts',(-2.23326668910225,0.294015137399111,3.83333741898189));
#8081=CARTESIAN_POINT('Ctrl Pts',(-2.40301640782542,-0.995361986726326,
3.91667075231523));
#8082=CARTESIAN_POINT('Ctrl Pts',(-1.37125792263586,-1.78705811748857,4.00000408564855));
#8083=CARTESIAN_POINT('Ctrl Pts',(-0.339499437446302,-2.57875424825082,
4.08333741898187));
#8084=CARTESIAN_POINT('Ctrl Pts',(0.862008766466431,-2.08107325488763,4.1666707523152));
#8085=CARTESIAN_POINT('Ctrl Pts',(2.06351697037918,-1.58339226152444,4.25000408564851));
#8086=CARTESIAN_POINT('Ctrl Pts',(2.23326668910234,-0.294015137399,4.33333741898184));
#8087=CARTESIAN_POINT('Ctrl Pts',(2.40301640782552,0.995361986726429,4.41667075231518));
#8088=CARTESIAN_POINT('Ctrl Pts',(1.37125792263595,1.78705811748868,4.50000408564853));
#8089=CARTESIAN_POINT('Ctrl Pts',(0.3394994374464,2.57875424825092,4.58333741898187));
#8090=CARTESIAN_POINT('Ctrl Pts',(-0.862008766466333,2.08107325488774,4.66667075231522));
#8091=CARTESIAN_POINT('Ctrl Pts',(-2.06351697037908,1.58339226152455,4.75000408564857));
#8092=CARTESIAN_POINT('Ctrl Pts',(-2.23326668910224,0.294015137399111,4.83333741898189));
#8093=CARTESIAN_POINT('Ctrl Pts',(-2.40301640782541,-0.995361986726326,
4.91667075231524));
#8094=CARTESIAN_POINT('Ctrl Pts',(-1.37125792263585,-1.78705811748857,5.00000408564856));
#8095=CARTESIAN_POINT('Ctrl Pts',(-0.339499437446289,-2.57875424825082,
5.08333741898187));
#8096=CARTESIAN_POINT('Ctrl Pts',(0.862008766466444,-2.08107325488763,5.16667075231519));
#8097=CARTESIAN_POINT('Ctrl Pts',(2.06351697037919,-1.58339226152444,5.25000408564852));
#8098=CARTESIAN_POINT('Ctrl Pts',(2.23326668910236,-0.294015137399,5.33333741898184));
#8099=CARTESIAN_POINT('Ctrl Pts',(2.40301640782553,0.995361986726429,5.41667075231517));
#8100=CARTESIAN_POINT('Ctrl Pts',(1.37125792263597,1.78705811748868,5.50000408564853));
#8101=CARTESIAN_POINT('Ctrl Pts',(0.339499437446409,2.57875424825092,5.58333741898188));
#8102=CARTESIAN_POINT('Ctrl Pts',(-0.86200876646632,2.08107325488774,5.66667075231521));
#8103=CARTESIAN_POINT('Ctrl Pts',(-2.06351697037906,1.58339226152455,5.75000408564857));
#8104=CARTESIAN_POINT('Ctrl Pts',(-2.23326668910222,0.294015137399111,5.8333374189819));
#8105=CARTESIAN_POINT('Ctrl Pts',(-2.4030164078254,-0.995361986726326,5.91667075231523));
#8106=CARTESIAN_POINT('Ctrl Pts',(-1.37125792263584,-1.78705811748857,6.00000408564855));
#8107=CARTESIAN_POINT('Ctrl Pts',(-0.339499437446276,-2.57875424825082,
6.08333741898186));
#8108=CARTESIAN_POINT('Ctrl Pts',(0.862008766466458,-2.08107325488763,6.16667075231519));
#8109=CARTESIAN_POINT('Ctrl Pts',(2.0635169703792,-1.58339226152444,6.25000408564852));
#8110=CARTESIAN_POINT('Ctrl Pts',(2.23326668910237,-0.294015137399,6.33333741898185));
#8111=CARTESIAN_POINT('Ctrl Pts',(2.40301640782555,0.995361986726429,6.41667075231518));
#8112=CARTESIAN_POINT('Ctrl Pts',(1.37125792263598,1.78705811748868,6.50000408564852));
#8113=CARTESIAN_POINT('Ctrl Pts',(0.339499437446422,2.57875424825092,6.58333741898187));
#8114=CARTESIAN_POINT('Ctrl Pts',(-0.862008766466311,2.08107325488774,6.66667075231521));
#8115=CARTESIAN_POINT('Ctrl Pts',(-2.06351697037905,1.58339226152455,6.75000408564856));
#8116=CARTESIAN_POINT('Ctrl Pts',(-2.23326668910221,0.294015137399111,6.8333374189819));
#8117=CARTESIAN_POINT('Ctrl Pts',(-2.40301640782539,-0.995361986726326,
6.91667075231523));
#8118=CARTESIAN_POINT('Ctrl Pts',(-1.37125792263582,-1.78705811748857,7.00000408564855));
#8119=CARTESIAN_POINT('Ctrl Pts',(-0.339499437446267,-2.57875424825082,
7.08333741898188));
#8120=CARTESIAN_POINT('Ctrl Pts',(0.862008766466471,-2.08107325488763,7.1666707523152));
#8121=CARTESIAN_POINT('Ctrl Pts',(2.06351697037922,-1.58339226152444,7.2500040856485));
#8122=CARTESIAN_POINT('Ctrl Pts',(2.23326668910238,-0.294015137399,7.33333741898184));
#8123=CARTESIAN_POINT('Ctrl Pts',(2.40301640782556,0.995361986726429,7.41667075231518));
#8124=CARTESIAN_POINT('Ctrl Pts',(1.37125792263599,1.78705811748868,7.50000408564852));
#8125=CARTESIAN_POINT('Ctrl Pts',(0.339499437446436,2.57875424825092,7.58333741898187));
#8126=CARTESIAN_POINT('Ctrl Pts',(-0.862008766466298,2.08107325488774,7.66667075231522));
#8127=CARTESIAN_POINT('Ctrl Pts',(-2.06351697037904,1.58339226152455,7.75000408564856));
#8128=CARTESIAN_POINT('Ctrl Pts',(-2.2332666891022,0.294015137399111,7.83333741898189));
#8129=CARTESIAN_POINT('Ctrl Pts',(-2.40301640782537,-0.995361986726326,
7.91667075231523));
#8130=CARTESIAN_POINT('Ctrl Pts',(-1.37125792263581,-1.78705811748857,8.00000408564855));
#8131=CARTESIAN_POINT('Ctrl Pts',(-0.339499437446253,-2.57875424825082,
8.08333741898187));
#8132=CARTESIAN_POINT('Ctrl Pts',(0.86200876646648,-2.08107325488763,8.16667075231519));
#8133=CARTESIAN_POINT('Ctrl Pts',(2.06351697037923,-1.58339226152444,8.25000408564851));
#8134=CARTESIAN_POINT('Ctrl Pts',(2.23326668910239,-0.294015137399,8.33333741898184));
#8135=CARTESIAN_POINT('Ctrl Pts',(2.40301640782557,0.995361986726429,8.41667075231518));
#8136=CARTESIAN_POINT('Ctrl Pts',(1.371257922636,1.78705811748868,8.50000408564852));
#8137=CARTESIAN_POINT('Ctrl Pts',(0.339499437446444,2.57875424825092,8.58333741898186));
#8138=CARTESIAN_POINT('Ctrl Pts',(-0.862008766466285,2.08107325488774,8.66667075231521));
#8139=CARTESIAN_POINT('Ctrl Pts',(-2.06351697037903,1.58339226152455,8.75000408564856));
#8140=CARTESIAN_POINT('Ctrl Pts',(-2.23326668910219,0.294015137399111,8.83333741898189));
#8141=CARTESIAN_POINT('Ctrl Pts',(-2.40301640782536,-0.995361986726326,
8.91667075231523));
#8142=CARTESIAN_POINT('Ctrl Pts',(-1.3712579226358,-1.78705811748857,9.00000408564855));
#8143=CARTESIAN_POINT('Ctrl Pts',(-0.33949943744624,-2.57875424825082,9.08333741898187));
#8144=CARTESIAN_POINT('Ctrl Pts',(0.862008766466493,-2.08107325488763,9.16667075231519));
#8145=CARTESIAN_POINT('Ctrl Pts',(2.06351697037924,-1.58339226152444,9.25000408564851));
#8146=CARTESIAN_POINT('Ctrl Pts',(2.2332666891024,-0.294015137399,9.33333741898184));
#8147=CARTESIAN_POINT('Ctrl Pts',(2.40301640782558,0.995361986726429,9.41667075231518));
#8148=CARTESIAN_POINT('Ctrl Pts',(1.37125792263602,1.78705811748868,9.50000408564852));
#8149=CARTESIAN_POINT('Ctrl Pts',(0.339499437446458,2.57875424825092,9.58333741898187));
#8150=CARTESIAN_POINT('Ctrl Pts',(-0.862008766466276,2.08107325488774,9.66667075231521));
#8151=CARTESIAN_POINT('Ctrl Pts',(-2.06351697037901,1.58339226152455,9.75000408564856));
#8152=CARTESIAN_POINT('Ctrl Pts',(-2.23326668910218,0.294015137399111,9.8333374189819));
#8153=CARTESIAN_POINT('Ctrl Pts',(-2.40301640782535,-0.995361986726326,
9.91667075231523));
#8154=CARTESIAN_POINT('Ctrl Pts',(-1.37125792263579,-1.78705811748857,10.0000040856486));
#8155=CARTESIAN_POINT('Ctrl Pts',(-0.339499437446227,-2.57875424825082,
10.0833374189819));
#8156=CARTESIAN_POINT('Ctrl Pts',(0.862008766466507,-2.08107325488763,10.1666707523152));
#8157=CARTESIAN_POINT('Ctrl Pts',(2.06351697037925,-1.58339226152444,10.2500040856485));
#8158=CARTESIAN_POINT('Ctrl Pts',(2.23326668910242,-0.294015137399004,10.3333374189818));
#8159=CARTESIAN_POINT('Ctrl Pts',(2.40301640782559,0.995361986726424,10.4166707523152));
#8160=CARTESIAN_POINT('Ctrl Pts',(1.37125792263603,1.78705811748867,10.5000040856485));
#8161=CARTESIAN_POINT('Ctrl Pts',(0.339499437446471,2.57875424825092,10.5833374189819));
#8162=CARTESIAN_POINT('Ctrl Pts',(-0.862008766466262,2.08107325488773,10.6666707523152));
#8163=CARTESIAN_POINT('Ctrl Pts',(-2.063516970379,1.58339226152454,10.7500040856486));
#8164=CARTESIAN_POINT('Ctrl Pts',(-2.23326668910216,0.294015137399106,10.8333374189819));
#8165=CARTESIAN_POINT('Ctrl Pts',(-2.40301640782534,-0.995361986726331,
10.9166707523152));
#8166=CARTESIAN_POINT('Ctrl Pts',(-1.37125792263578,-1.78705811748858,11.0000040856486));
#8167=CARTESIAN_POINT('Ctrl Pts',(-0.339499437446218,-2.57875424825082,
11.0833374189819));
#8168=CARTESIAN_POINT('Ctrl Pts',(0.862008766466515,-2.08107325488763,11.1666707523152));
#8169=CARTESIAN_POINT('Ctrl Pts',(2.06351697037927,-1.58339226152445,11.2500040856485));
#8170=CARTESIAN_POINT('Ctrl Pts',(2.23326668910243,-0.294015137399004,11.3333374189818));
#8171=CARTESIAN_POINT('Ctrl Pts',(2.4030164078256,0.995361986726424,11.4166707523152));
#8172=CARTESIAN_POINT('Ctrl Pts',(1.37125792263604,1.78705811748867,11.5000040856485));
#8173=CARTESIAN_POINT('Ctrl Pts',(0.339499437446484,2.57875424825092,11.5833374189819));
#8174=CARTESIAN_POINT('Ctrl Pts',(-0.862008766466249,2.08107325488773,11.6666707523152));
#8175=CARTESIAN_POINT('Ctrl Pts',(-2.06351697037899,1.58339226152454,11.7500040856486));
#8176=CARTESIAN_POINT('Ctrl Pts',(-2.23326668910215,0.294015137399106,11.8333374189819));
#8177=CARTESIAN_POINT('Ctrl Pts',(-2.40301640782533,-0.995361986726331,
11.9166707523152));
#8178=CARTESIAN_POINT('Ctrl Pts',(-1.37125792263576,-1.78705811748858,12.0000040856485));
#8179=CARTESIAN_POINT('Ctrl Pts',(-0.339499437446205,-2.57875424825082,
12.0833374189819));
#8180=CARTESIAN_POINT('Ctrl Pts',(0.862008766466529,-2.08107325488763,12.1666707523152));
#8181=CARTESIAN_POINT('Ctrl Pts',(2.06351697037928,-1.58339226152445,12.2500040856485));
#8182=CARTESIAN_POINT('Ctrl Pts',(2.23326668910244,-0.294015137399004,12.3333374189818));
#8183=CARTESIAN_POINT('Ctrl Pts',(2.40301640782562,0.995361986726424,12.4166707523152));
#8184=CARTESIAN_POINT('Ctrl Pts',(1.37125792263605,1.78705811748867,12.5000040856485));
#8185=CARTESIAN_POINT('Ctrl Pts',(0.339499437446493,2.57875424825092,12.5833374189819));
#8186=CARTESIAN_POINT('Ctrl Pts',(-0.86200876646624,2.08107325488773,12.6666707523152));
#8187=CARTESIAN_POINT('Ctrl Pts',(-2.06351697037898,1.58339226152454,12.7500040856486));
#8188=CARTESIAN_POINT('Ctrl Pts',(-2.23326668910214,0.294015137399106,12.8333374189819));
#8189=CARTESIAN_POINT('Ctrl Pts',(-2.40301640782532,-0.995361986726331,
12.9166707523152));
#8190=CARTESIAN_POINT('Ctrl Pts',(-1.37125792263575,-1.78705811748858,13.0000040856485));
#8191=CARTESIAN_POINT('Ctrl Pts',(-0.339499437446191,-2.57875424825082,
13.0833374189819));
#8192=CARTESIAN_POINT('Ctrl Pts',(0.862008766466542,-2.08107325488763,13.1666707523152));
#8193=CARTESIAN_POINT('Ctrl Pts',(2.06351697037929,-1.58339226152445,13.2500040856485));
#8194=CARTESIAN_POINT('Ctrl Pts',(2.23326668910245,-0.294015137399004,13.3333374189818));
#8195=CARTESIAN_POINT('Ctrl Pts',(2.40301640782563,0.995361986726424,13.4166707523152));
#8196=CARTESIAN_POINT('Ctrl Pts',(1.37125792263606,1.78705811748867,13.5000040856485));
#8197=CARTESIAN_POINT('Ctrl Pts',(0.339499437446507,2.57875424825092,13.5833374189819));
#8198=CARTESIAN_POINT('Ctrl Pts',(-0.862008766466227,2.08107325488773,13.6666707523152));
#8199=CARTESIAN_POINT('Ctrl Pts',(-2.06351697037897,1.58339226152454,13.7500040856486));
#8200=CARTESIAN_POINT('Ctrl Pts',(-2.23326668910213,0.294015137399106,13.8333374189819));
#8201=CARTESIAN_POINT('Ctrl Pts',(-2.4030164078253,-0.995361986726331,13.9166707523152));
#8202=CARTESIAN_POINT('Ctrl Pts',(-1.37125792263574,-1.78705811748858,14.0000040856486));
#8203=CARTESIAN_POINT('Ctrl Pts',(-0.339499437446182,-2.57875424825082,
14.0833374189819));
#8204=CARTESIAN_POINT('Ctrl Pts',(0.862008766466555,-2.08107325488763,14.1666707523152));
#8205=CARTESIAN_POINT('Ctrl Pts',(2.0635169703793,-1.58339226152445,14.2500040856485));
#8206=CARTESIAN_POINT('Ctrl Pts',(2.23326668910246,-0.294015137399004,14.3333374189818));
#8207=CARTESIAN_POINT('Ctrl Pts',(2.40301640782564,0.995361986726424,14.4166707523152));
#8208=CARTESIAN_POINT('Ctrl Pts',(1.37125792263607,1.78705811748867,14.5000040856485));
#8209=CARTESIAN_POINT('Ctrl Pts',(0.33949943744652,2.57875424825092,14.5833374189819));
#8210=CARTESIAN_POINT('Ctrl Pts',(-0.862008766466213,2.08107325488773,14.6666707523152));
#8211=CARTESIAN_POINT('Ctrl Pts',(-2.06351697037896,1.58339226152454,14.7500040856486));
#8212=CARTESIAN_POINT('Ctrl Pts',(-2.23326668910212,0.294015137399106,14.8333374189819));
#8213=CARTESIAN_POINT('Ctrl Pts',(-2.40301640782529,-0.995361986726331,
14.9166707523152));
#8214=CARTESIAN_POINT('Ctrl Pts',(-1.37125792263573,-1.78705811748858,15.0000040856486));
#8215=CARTESIAN_POINT('Ctrl Pts',(-0.339499437446169,-2.57875424825082,
15.0833374189819));
#8216=CARTESIAN_POINT('Ctrl Pts',(0.862008766466564,-2.08107325488763,15.1666707523152));
#8217=CARTESIAN_POINT('Ctrl Pts',(2.06351697037931,-1.58339226152445,15.2500040856485));
#8218=CARTESIAN_POINT('Ctrl Pts',(2.23326668910248,-0.294015137399004,15.3333374189818));
#8219=CARTESIAN_POINT('Ctrl Pts',(2.40301640782565,0.995361986726424,15.4166707523152));
#8220=CARTESIAN_POINT('Ctrl Pts',(1.37125792263609,1.78705811748867,15.5000040856485));
#8221=CARTESIAN_POINT('Ctrl Pts',(0.339499437446529,2.57875424825092,15.5833374189819));
#8222=CARTESIAN_POINT('Ctrl Pts',(-0.8620087664662,2.08107325488773,15.6666707523152));
#8223=CARTESIAN_POINT('Ctrl Pts',(-2.06351697037894,1.58339226152454,15.7500040856486));
#8224=CARTESIAN_POINT('Ctrl Pts',(-2.2332666891021,0.294015137399106,15.8333374189819));
#8225=CARTESIAN_POINT('Ctrl Pts',(-2.40301640782528,-0.995361986726331,
15.9166707523152));
#8226=CARTESIAN_POINT('Ctrl Pts',(-1.37125792263571,-1.78705811748858,16.0000040856486));
#8227=CARTESIAN_POINT('Ctrl Pts',(-0.339499437446156,-2.57875424825082,
16.0833374189819));
#8228=CARTESIAN_POINT('Ctrl Pts',(0.862008766466578,-2.08107325488763,16.1666707523152));
#8229=CARTESIAN_POINT('Ctrl Pts',(2.06351697037932,-1.58339226152445,16.2500040856485));
#8230=CARTESIAN_POINT('Ctrl Pts',(2.23326668910249,-0.294015137399004,16.3333374189818));
#8231=CARTESIAN_POINT('Ctrl Pts',(2.40301640782567,0.995361986726424,16.4166707523152));
#8232=CARTESIAN_POINT('Ctrl Pts',(1.3712579226361,1.78705811748867,16.5000040856485));
#8233=CARTESIAN_POINT('Ctrl Pts',(0.339499437446542,2.57875424825092,16.5833374189819));
#8234=CARTESIAN_POINT('Ctrl Pts',(-0.862008766466191,2.08107325488773,16.6666707523152));
#8235=CARTESIAN_POINT('Ctrl Pts',(-2.06351697037893,1.58339226152454,16.7500040856486));
#8236=CARTESIAN_POINT('Ctrl Pts',(-2.23326668910209,0.294015137399106,16.8333374189819));
#8237=CARTESIAN_POINT('Ctrl Pts',(-2.40301640782527,-0.995361986726331,
16.9166707523152));
#8238=CARTESIAN_POINT('Ctrl Pts',(-1.3712579226357,-1.78705811748858,17.0000040856486));
#8239=CARTESIAN_POINT('Ctrl Pts',(-0.339499437446147,-2.57875424825082,
17.0833374189819));
#8240=CARTESIAN_POINT('Ctrl Pts',(0.862008766466591,-2.08107325488763,17.1666707523152));
#8241=CARTESIAN_POINT('Ctrl Pts',(2.06351697037934,-1.58339226152445,17.2500040856485));
#8242=CARTESIAN_POINT('Ctrl Pts',(2.2332666891025,-0.294015137399004,17.3333374189818));
#8243=CARTESIAN_POINT('Ctrl Pts',(2.40301640782568,0.995361986726424,17.4166707523152));
#8244=CARTESIAN_POINT('Ctrl Pts',(1.37125792263611,1.78705811748867,17.5000040856485));
#8245=CARTESIAN_POINT('Ctrl Pts',(0.339499437446555,2.57875424825092,17.5833374189819));
#8246=CARTESIAN_POINT('Ctrl Pts',(-0.862008766466178,2.08107325488773,17.6666707523152));
#8247=CARTESIAN_POINT('Ctrl Pts',(-2.06351697037892,1.58339226152454,17.7500040856486));
#8248=CARTESIAN_POINT('Ctrl Pts',(-2.23326668910208,0.294015137399106,17.8333374189819));
#8249=CARTESIAN_POINT('Ctrl Pts',(-2.40301640782525,-0.995361986726331,
17.9166707523152));
#8250=CARTESIAN_POINT('Ctrl Pts',(-1.37125792263569,-1.78705811748858,18.0000040856486));
#8251=CARTESIAN_POINT('Ctrl Pts',(-0.339499437446134,-2.57875424825082,
18.0833374189819));
#8252=CARTESIAN_POINT('Ctrl Pts',(0.8620087664666,-2.08107325488763,18.1666707523152));
#8253=CARTESIAN_POINT('Ctrl Pts',(2.06351697037935,-1.58339226152445,18.2500040856485));
#8254=CARTESIAN_POINT('Ctrl Pts',(2.23326668910251,-0.294015137399004,18.3333374189818));
#8255=CARTESIAN_POINT('Ctrl Pts',(2.40301640782569,0.995361986726424,18.4166707523152));
#8256=CARTESIAN_POINT('Ctrl Pts',(1.37125792263612,1.78705811748867,18.5000040856485));
#8257=CARTESIAN_POINT('Ctrl Pts',(0.339499437446569,2.57875424825092,18.5833374189819));
#8258=CARTESIAN_POINT('Ctrl Pts',(-0.862008766466165,2.08107325488773,18.6666707523152));
#8259=CARTESIAN_POINT('Ctrl Pts',(-2.06351697037891,1.58339226152454,18.7500040856486));
#8260=CARTESIAN_POINT('Ctrl Pts',(-2.23326668910207,0.294015137399106,18.8333374189819));
#8261=CARTESIAN_POINT('Ctrl Pts',(-2.40301640782524,-0.995361986726331,
18.9166707523152));
#8262=CARTESIAN_POINT('Ctrl Pts',(-1.37125792263568,-1.78705811748858,19.0000040856486));
#8263=CARTESIAN_POINT('Ctrl Pts',(-0.33949943744612,-2.57875424825082,19.0833374189819));
#8264=CARTESIAN_POINT('Ctrl Pts',(0.862008766466613,-2.08107325488763,19.1666707523152));
#8265=CARTESIAN_POINT('Ctrl Pts',(2.06351697037936,-1.58339226152445,19.2500040856485));
#8266=CARTESIAN_POINT('Ctrl Pts',(2.23326668910253,-0.294015137399004,19.3333374189818));
#8267=CARTESIAN_POINT('Ctrl Pts',(2.4030164078257,0.995361986726424,19.4166707523152));
#8268=CARTESIAN_POINT('Ctrl Pts',(1.37125792263614,1.78705811748867,19.5000040856485));
#8269=CARTESIAN_POINT('Ctrl Pts',(0.339499437446578,2.57875424825092,19.5833374189819));
#8270=CARTESIAN_POINT('Ctrl Pts',(-0.862008766466156,2.08107325488773,19.6666707523152));
#8271=CARTESIAN_POINT('Ctrl Pts',(-2.06351697037889,1.58339226152454,19.7500040856486));
#8272=CARTESIAN_POINT('Ctrl Pts',(-2.23326668910206,0.294015137399106,19.8333374189819));
#8273=CARTESIAN_POINT('Ctrl Pts',(-2.40301640782523,-0.995361986726331,
19.9166707523152));
#8274=CARTESIAN_POINT('Ctrl Pts',(-1.37125792263567,-1.78705811748858,20.0000040856485));
#8275=CARTESIAN_POINT('Ctrl Pts',(-0.339499437446107,-2.57875424825082,
20.0833374189819));
#8276=CARTESIAN_POINT('Ctrl Pts',(0.862008766466626,-2.08107325488763,20.1666707523152));
#8277=CARTESIAN_POINT('Ctrl Pts',(2.06351697037937,-1.58339226152445,20.2500040856485));
#8278=CARTESIAN_POINT('Ctrl Pts',(2.23326668910254,-0.294015137399004,20.3333374189818));
#8279=CARTESIAN_POINT('Ctrl Pts',(2.40301640782571,0.995361986726424,20.4166707523152));
#8280=CARTESIAN_POINT('Ctrl Pts',(1.37125792263615,1.78705811748867,20.5000040856485));
#8281=CARTESIAN_POINT('Ctrl Pts',(0.339499437446591,2.57875424825092,20.5833374189819));
#8282=CARTESIAN_POINT('Ctrl Pts',(-0.862008766466142,2.08107325488773,20.6666707523152));
#8283=CARTESIAN_POINT('Ctrl Pts',(-2.06351697037888,1.58339226152454,20.7500040856486));
#8284=CARTESIAN_POINT('Ctrl Pts',(-2.23326668910204,0.294015137399106,20.8333374189819));
#8285=CARTESIAN_POINT('Ctrl Pts',(-2.40301640782522,-0.995361986726331,
20.9166707523152));
#8286=CARTESIAN_POINT('Ctrl Pts',(-1.37125792263566,-1.78705811748858,21.0000040856485));
#8287=CARTESIAN_POINT('Ctrl Pts',(-0.339499437446098,-2.57875424825082,
21.0833374189819));
#8288=CARTESIAN_POINT('Ctrl Pts',(0.86200876646664,-2.08107325488763,21.1666707523152));
#8289=CARTESIAN_POINT('Ctrl Pts',(2.06351697037939,-1.58339226152445,21.2500040856485));
#8290=CARTESIAN_POINT('Ctrl Pts',(2.23326668910255,-0.294015137399004,21.3333374189818));
#8291=CARTESIAN_POINT('Ctrl Pts',(2.40301640782572,0.995361986726424,21.4166707523152));
#8292=CARTESIAN_POINT('Ctrl Pts',(1.37125792263616,1.78705811748867,21.5000040856485));
#8293=CARTESIAN_POINT('Ctrl Pts',(0.339499437446604,2.57875424825092,21.5833374189819));
#8294=CARTESIAN_POINT('Ctrl Pts',(-0.862008766466129,2.08107325488773,21.6666707523152));
#8295=CARTESIAN_POINT('Ctrl Pts',(-2.06351697037887,1.58339226152454,21.7500040856486));
#8296=CARTESIAN_POINT('Ctrl Pts',(-2.23326668910203,0.294015137399106,21.8333374189819));
#8297=CARTESIAN_POINT('Ctrl Pts',(-2.4030164078252,-0.995361986726331,21.9166707523152));
#8298=CARTESIAN_POINT('Ctrl Pts',(-1.37125792263564,-1.78705811748858,22.0000040856485));
#8299=CARTESIAN_POINT('Ctrl Pts',(-0.339499437446085,-2.57875424825082,
22.0833374189819));
#8300=CARTESIAN_POINT('Ctrl Pts',(0.862008766466649,-2.08107325488764,22.1666707523152));
#8301=CARTESIAN_POINT('Ctrl Pts',(2.0635169703794,-1.58339226152445,22.2500040856485));
#8302=CARTESIAN_POINT('Ctrl Pts',(2.23326668910256,-0.294015137399009,22.3333374189818));
#8303=CARTESIAN_POINT('Ctrl Pts',(2.40301640782574,0.99536198672642,22.4166707523152));
#8304=CARTESIAN_POINT('Ctrl Pts',(1.37125792263617,1.78705811748867,22.5000040856485));
#8305=CARTESIAN_POINT('Ctrl Pts',(0.339499437446613,2.57875424825091,22.5833374189819));
#8306=CARTESIAN_POINT('Ctrl Pts',(-0.862008766466116,2.08107325488773,22.6666707523152));
#8307=CARTESIAN_POINT('Ctrl Pts',(-2.06351697037886,1.58339226152454,22.7500040856486));
#8308=CARTESIAN_POINT('Ctrl Pts',(-2.23326668910202,0.294015137399102,22.8333374189819));
#8309=CARTESIAN_POINT('Ctrl Pts',(-2.4030164078252,-0.995361986726335,22.9166707523152));
#8310=CARTESIAN_POINT('Ctrl Pts',(-1.37125792263563,-1.78705811748858,23.0000040856486));
#8311=CARTESIAN_POINT('Ctrl Pts',(-0.339499437446071,-2.57875424825083,
23.0833374189819));
#8312=CARTESIAN_POINT('Ctrl Pts',(0.862008766466662,-2.08107325488764,23.1666707523152));
#8313=CARTESIAN_POINT('Ctrl Pts',(2.06351697037941,-1.58339226152445,23.2500040856485));
#8314=CARTESIAN_POINT('Ctrl Pts',(2.23326668910257,-0.294015137399009,23.3333374189818));
#8315=CARTESIAN_POINT('Ctrl Pts',(2.40301640782575,0.99536198672642,23.4166707523152));
#8316=CARTESIAN_POINT('Ctrl Pts',(1.37125792263618,1.78705811748867,23.5000040856485));
#8317=CARTESIAN_POINT('Ctrl Pts',(0.339499437446626,2.57875424825091,23.5833374189819));
#8318=CARTESIAN_POINT('Ctrl Pts',(-0.862008766466107,2.08107325488773,23.6666707523152));
#8319=CARTESIAN_POINT('Ctrl Pts',(-2.06351697037885,1.58339226152454,23.7500040856486));
#8320=CARTESIAN_POINT('Ctrl Pts',(-2.23326668910201,0.294015137399102,23.8333374189819));
#8321=CARTESIAN_POINT('Ctrl Pts',(-2.40301640782518,-0.995361986726335,
23.9166707523152));
#8322=CARTESIAN_POINT('Ctrl Pts',(-1.37125792263562,-1.78705811748858,24.0000040856485));
#8323=CARTESIAN_POINT('Ctrl Pts',(-0.339499437446062,-2.57875424825083,
24.0833374189819));
#8324=CARTESIAN_POINT('Ctrl Pts',(0.862008766466675,-2.08107325488764,24.1666707523152));
#8325=CARTESIAN_POINT('Ctrl Pts',(2.06351697037942,-1.58339226152445,24.2500040856485));
#8326=CARTESIAN_POINT('Ctrl Pts',(2.23326668910258,-0.294015137399009,24.3333374189818));
#8327=CARTESIAN_POINT('Ctrl Pts',(2.40301640782576,0.99536198672642,24.4166707523152));
#8328=CARTESIAN_POINT('Ctrl Pts',(1.3712579226362,1.78705811748867,24.5000040856485));
#8329=CARTESIAN_POINT('Ctrl Pts',(0.33949943744664,2.57875424825091,24.5833374189819));
#8330=CARTESIAN_POINT('Ctrl Pts',(-0.862008766466094,2.08107325488773,24.6666707523152));
#8331=CARTESIAN_POINT('Ctrl Pts',(-2.06351697037884,1.58339226152454,24.7500040856486));
#8332=CARTESIAN_POINT('Ctrl Pts',(-2.233266689102,0.294015137399102,24.8333374189819));
#8333=CARTESIAN_POINT('Ctrl Pts',(-2.40301640782517,-0.995361986726335,
24.9166707523152));
#8334=CARTESIAN_POINT('Ctrl Pts',(-1.37125792263561,-1.78705811748858,25.0000040856486));
#8335=CARTESIAN_POINT('Ctrl Pts',(-0.339499437446049,-2.57875424825083,
25.0833374189819));
#8336=CARTESIAN_POINT('Ctrl Pts',(0.862008766466684,-2.08107325488764,25.1666707523152));
#8337=CARTESIAN_POINT('Ctrl Pts',(2.06351697037944,-1.58339226152445,25.2500040856485));
#8338=CARTESIAN_POINT('Ctrl Pts',(2.2332666891026,-0.294015137399009,25.3333374189818));
#8339=CARTESIAN_POINT('Ctrl Pts',(2.40301640782577,0.99536198672642,25.4166707523152));
#8340=CARTESIAN_POINT('Ctrl Pts',(1.37125792263621,1.78705811748867,25.5000040856485));
#8341=CARTESIAN_POINT('Ctrl Pts',(0.339499437446649,2.57875424825091,25.5833374189819));
#8342=CARTESIAN_POINT('Ctrl Pts',(-0.86200876646608,2.08107325488773,25.6666707523152));
#8343=CARTESIAN_POINT('Ctrl Pts',(-2.06351697037882,1.58339226152454,25.7500040856486));
#8344=CARTESIAN_POINT('Ctrl Pts',(-2.23326668910198,0.294015137399102,25.8333374189819));
#8345=CARTESIAN_POINT('Ctrl Pts',(-2.40301640782516,-0.995361986726335,
25.9166707523152));
#8346=CARTESIAN_POINT('Ctrl Pts',(-1.37125792263559,-1.78705811748858,26.0000040856486));
#8347=CARTESIAN_POINT('Ctrl Pts',(-0.339499437446036,-2.57875424825083,
26.0833374189819));
#8348=CARTESIAN_POINT('Ctrl Pts',(0.862008766466698,-2.08107325488764,26.1666707523152));
#8349=CARTESIAN_POINT('Ctrl Pts',(2.06351697037944,-1.58339226152445,26.2500040856485));
#8350=CARTESIAN_POINT('Ctrl Pts',(2.23326668910261,-0.294015137399009,26.3333374189818));
#8351=CARTESIAN_POINT('Ctrl Pts',(2.40301640782579,0.99536198672642,26.4166707523152));
#8352=CARTESIAN_POINT('Ctrl Pts',(1.37125792263622,1.78705811748867,26.5000040856485));
#8353=CARTESIAN_POINT('Ctrl Pts',(0.339499437446662,2.57875424825091,26.5833374189819));
#8354=CARTESIAN_POINT('Ctrl Pts',(-0.862008766466071,2.08107325488773,26.6666707523152));
#8355=CARTESIAN_POINT('Ctrl Pts',(-2.06351697037881,1.58339226152454,26.7500040856486));
#8356=CARTESIAN_POINT('Ctrl Pts',(-2.23326668910197,0.294015137399102,26.8333374189819));
#8357=CARTESIAN_POINT('Ctrl Pts',(-2.40301640782515,-0.995361986726335,
26.9166707523152));
#8358=CARTESIAN_POINT('Ctrl Pts',(-1.37125792263558,-1.78705811748858,27.0000040856485));
#8359=CARTESIAN_POINT('Ctrl Pts',(-0.339499437446023,-2.57875424825083,
27.0833374189819));
#8360=CARTESIAN_POINT('Ctrl Pts',(0.862008766466711,-2.08107325488764,27.1666707523152));
#8361=CARTESIAN_POINT('Ctrl Pts',(2.06351697037946,-1.58339226152445,27.2500040856485));
#8362=CARTESIAN_POINT('Ctrl Pts',(2.23326668910262,-0.294015137399009,27.3333374189818));
#8363=CARTESIAN_POINT('Ctrl Pts',(2.4030164078258,0.99536198672642,27.4166707523152));
#8364=CARTESIAN_POINT('Ctrl Pts',(1.37125792263623,1.78705811748867,27.5000040856485));
#8365=CARTESIAN_POINT('Ctrl Pts',(0.339499437446675,2.57875424825091,27.5833374189819));
#8366=CARTESIAN_POINT('Ctrl Pts',(-0.862008766466058,2.08107325488773,27.6666707523152));
#8367=CARTESIAN_POINT('Ctrl Pts',(-2.0635169703788,1.58339226152454,27.7500040856486));
#8368=CARTESIAN_POINT('Ctrl Pts',(-2.23326668910196,0.294015137399102,27.8333374189819));
#8369=CARTESIAN_POINT('Ctrl Pts',(-2.40301640782513,-0.995361986726335,
27.9166707523152));
#8370=CARTESIAN_POINT('Ctrl Pts',(-1.37125792263557,-1.78705811748858,28.0000040856486));
#8371=CARTESIAN_POINT('Ctrl Pts',(-0.339499437446014,-2.57875424825083,
28.0833374189819));
#8372=CARTESIAN_POINT('Ctrl Pts',(0.86200876646672,-2.08107325488764,28.1666707523152));
#8373=CARTESIAN_POINT('Ctrl Pts',(2.06351697037947,-1.58339226152445,28.2500040856485));
#8374=CARTESIAN_POINT('Ctrl Pts',(2.23326668910263,-0.294015137399009,28.3333374189818));
#8375=CARTESIAN_POINT('Ctrl Pts',(2.40301640782581,0.99536198672642,28.4166707523152));
#8376=CARTESIAN_POINT('Ctrl Pts',(1.37125792263624,1.78705811748867,28.5000040856485));
#8377=CARTESIAN_POINT('Ctrl Pts',(0.339499437446689,2.57875424825091,28.5833374189819));
#8378=CARTESIAN_POINT('Ctrl Pts',(-0.862008766466045,2.08107325488773,28.6666707523152));
#8379=CARTESIAN_POINT('Ctrl Pts',(-2.06351697037879,1.58339226152454,28.7500040856486));
#8380=CARTESIAN_POINT('Ctrl Pts',(-2.23326668910195,0.294015137399102,28.8333374189819));
#8381=CARTESIAN_POINT('Ctrl Pts',(-2.40301640782512,-0.995361986726335,
28.9166707523152));
#8382=CARTESIAN_POINT('Ctrl Pts',(-1.37125792263556,-1.78705811748858,29.0000040856486));
#8383=CARTESIAN_POINT('Ctrl Pts',(-0.339499437446,-2.57875424825083,29.0833374189819));
#8384=CARTESIAN_POINT('Ctrl Pts',(0.862008766466733,-2.08107325488764,29.1666707523152));
#8385=CARTESIAN_POINT('Ctrl Pts',(2.06351697037948,-1.58339226152445,29.2500040856485));
#8386=CARTESIAN_POINT('Ctrl Pts',(2.23326668910265,-0.294015137399009,29.3333374189818));
#8387=CARTESIAN_POINT('Ctrl Pts',(2.40301640782582,0.99536198672642,29.4166707523152));
#8388=CARTESIAN_POINT('Ctrl Pts',(1.37125792263626,1.78705811748867,29.5000040856485));
#8389=CARTESIAN_POINT('Ctrl Pts',(0.339499437446698,2.57875424825091,29.5833374189819));
#8390=CARTESIAN_POINT('Ctrl Pts',(-0.862008766466031,2.08107325488773,29.6666707523152));
#8391=CARTESIAN_POINT('Ctrl Pts',(-2.06351697037877,1.58339226152454,29.7500040856486));
#8392=CARTESIAN_POINT('Ctrl Pts',(-2.23326668910194,0.294015137399102,29.8333374189819));
#8393=CARTESIAN_POINT('Ctrl Pts',(-2.40301640782511,-0.995361986726335,
29.9166707523152));
#8394=CARTESIAN_POINT('Ctrl Pts',(-1.37125792263555,-1.78705811748858,30.0000040856485));
#8395=CARTESIAN_POINT('Ctrl Pts',(-0.339499437445987,-2.57875424825083,
30.0833374189819));
#8396=CARTESIAN_POINT('Ctrl Pts',(0.862008766466746,-2.08107325488764,30.1666707523152));
#8397=CARTESIAN_POINT('Ctrl Pts',(2.06351697037949,-1.58339226152445,30.2500040856485));
#8398=CARTESIAN_POINT('Ctrl Pts',(2.23326668910266,-0.294015137399009,30.3333374189818));
#8399=CARTESIAN_POINT('Ctrl Pts',(2.40301640782584,0.99536198672642,30.4166707523152));
#8400=CARTESIAN_POINT('Ctrl Pts',(1.37125792263627,1.78705811748867,30.5000040856485));
#8401=CARTESIAN_POINT('Ctrl Pts',(0.339499437446711,2.57875424825091,30.5833374189819));
#8402=CARTESIAN_POINT('Ctrl Pts',(-0.862008766466023,2.08107325488773,30.6666707523152));
#8403=CARTESIAN_POINT('Ctrl Pts',(-2.06351697037876,1.58339226152454,30.7500040856486));
#8404=CARTESIAN_POINT('Ctrl Pts',(-2.23326668910192,0.294015137399102,30.8333374189819));
#8405=CARTESIAN_POINT('Ctrl Pts',(-2.4030164078251,-0.995361986726335,30.9166707523152));
#8406=CARTESIAN_POINT('Ctrl Pts',(-1.37125792263554,-1.78705811748858,31.0000040856485));
#8407=CARTESIAN_POINT('Ctrl Pts',(-0.339499437445978,-2.57875424825083,
31.0833374189819));
#8408=CARTESIAN_POINT('Ctrl Pts',(0.86200876646676,-2.08107325488764,31.1666707523152));
#8409=CARTESIAN_POINT('Ctrl Pts',(2.06351697037951,-1.58339226152445,31.2500040856485));
#8410=CARTESIAN_POINT('Ctrl Pts',(2.23326668910267,-0.294015137399009,31.3333374189818));
#8411=CARTESIAN_POINT('Ctrl Pts',(2.40301640782584,0.99536198672642,31.4166707523152));
#8412=CARTESIAN_POINT('Ctrl Pts',(1.37125792263628,1.78705811748867,31.5000040856485));
#8413=CARTESIAN_POINT('Ctrl Pts',(0.339499437446724,2.57875424825091,31.5833374189819));
#8414=CARTESIAN_POINT('Ctrl Pts',(-0.862008766466009,2.08107325488773,31.6666707523152));
#8415=CARTESIAN_POINT('Ctrl Pts',(-2.06351697037875,1.58339226152454,31.7500040856486));
#8416=CARTESIAN_POINT('Ctrl Pts',(-2.23326668910191,0.294015137399102,31.8333374189819));
#8417=CARTESIAN_POINT('Ctrl Pts',(-2.40301640782508,-0.995361986726335,
31.9166707523152));
#8418=CARTESIAN_POINT('Ctrl Pts',(-1.37125792263552,-1.78705811748858,32.0000040856485));
#8419=CARTESIAN_POINT('Ctrl Pts',(-0.339499437445965,-2.57875424825083,
32.0833374189819));
#8420=CARTESIAN_POINT('Ctrl Pts',(0.862008766466769,-2.08107325488764,32.1666707523152));
#8421=CARTESIAN_POINT('Ctrl Pts',(2.06351697037952,-1.58339226152445,32.2500040856485));
#8422=CARTESIAN_POINT('Ctrl Pts',(2.23326668910268,-0.294015137399009,32.3333374189818));
#8423=CARTESIAN_POINT('Ctrl Pts',(2.40301640782586,0.99536198672642,32.4166707523152));
#8424=CARTESIAN_POINT('Ctrl Pts',(1.37125792263629,1.78705811748867,32.5000040856485));
#8425=CARTESIAN_POINT('Ctrl Pts',(0.339499437446733,2.57875424825091,32.5833374189819));
#8426=CARTESIAN_POINT('Ctrl Pts',(-0.862008766465996,2.08107325488773,32.6666707523152));
#8427=CARTESIAN_POINT('Ctrl Pts',(-2.06351697037874,1.58339226152454,32.7500040856486));
#8428=CARTESIAN_POINT('Ctrl Pts',(-2.2332666891019,0.294015137399102,32.8333374189819));
#8429=CARTESIAN_POINT('Ctrl Pts',(-2.40301640782508,-0.995361986726335,
32.9166707523152));
#8430=CARTESIAN_POINT('Ctrl Pts',(-1.37125792263551,-1.78705811748858,33.0000040856485));
#8431=CARTESIAN_POINT('Ctrl Pts',(-0.339499437445951,-2.57875424825083,
33.0833374189819));
#8432=CARTESIAN_POINT('Ctrl Pts',(0.862008766466782,-2.08107325488764,33.1666707523152));
#8433=CARTESIAN_POINT('Ctrl Pts',(2.06351697037953,-1.58339226152445,33.2500040856485));
#8434=CARTESIAN_POINT('Ctrl Pts',(2.23326668910269,-0.294015137399009,33.3333374189818));
#8435=CARTESIAN_POINT('Ctrl Pts',(2.40301640782587,0.99536198672642,33.4166707523152));
#8436=CARTESIAN_POINT('Ctrl Pts',(1.3712579226363,1.78705811748867,33.5000040856485));
#8437=CARTESIAN_POINT('Ctrl Pts',(0.339499437446746,2.57875424825091,33.5833374189819));
#8438=CARTESIAN_POINT('Ctrl Pts',(-0.862008766465987,2.08107325488773,33.6666707523152));
#8439=CARTESIAN_POINT('Ctrl Pts',(-2.06351697037872,1.58339226152454,33.7500040856486));
#8440=CARTESIAN_POINT('Ctrl Pts',(-2.23326668910189,0.294015137399102,33.8333374189819));
#8441=CARTESIAN_POINT('Ctrl Pts',(-2.40301640782506,-0.99536198672634,33.9166707523152));
#8442=CARTESIAN_POINT('Ctrl Pts',(-1.3712579226355,-1.78705811748859,34.0000040856486));
#8443=CARTESIAN_POINT('Ctrl Pts',(-0.339499437445943,-2.57875424825083,
34.0833374189819));
#8444=CARTESIAN_POINT('Ctrl Pts',(0.862008766466795,-2.08107325488764,34.1666707523152));
#8445=CARTESIAN_POINT('Ctrl Pts',(2.06351697037954,-1.58339226152445,34.2500040856485));
#8446=CARTESIAN_POINT('Ctrl Pts',(2.2332666891027,-0.294015137399013,34.3333374189818));
#8447=CARTESIAN_POINT('Ctrl Pts',(2.40301640782588,0.995361986726415,34.4166707523152));
#8448=CARTESIAN_POINT('Ctrl Pts',(1.37125792263632,1.78705811748866,34.5000040856485));
#8449=CARTESIAN_POINT('Ctrl Pts',(0.33949943744676,2.57875424825091,34.5833374189819));
#8450=CARTESIAN_POINT('Ctrl Pts',(-0.862008766465974,2.08107325488772,34.6666707523152));
#8451=CARTESIAN_POINT('Ctrl Pts',(-2.06351697037872,1.58339226152453,34.7500040856486));
#8452=CARTESIAN_POINT('Ctrl Pts',(-2.23326668910188,0.294015137399097,34.8333374189819));
#8453=CARTESIAN_POINT('Ctrl Pts',(-2.40301640782505,-0.99536198672634,34.9166707523152));
#8454=CARTESIAN_POINT('Ctrl Pts',(-1.37125792263549,-1.78705811748859,35.0000040856486));
#8455=CARTESIAN_POINT('Ctrl Pts',(-0.339499437445929,-2.57875424825083,
35.0833374189819));
#8456=CARTESIAN_POINT('Ctrl Pts',(0.862008766466804,-2.08107325488764,35.1666707523152));
#8457=CARTESIAN_POINT('Ctrl Pts',(2.06351697037956,-1.58339226152445,35.2500040856485));
#8458=CARTESIAN_POINT('Ctrl Pts',(2.23326668910272,-0.294015137399013,35.3333374189818));
#8459=CARTESIAN_POINT('Ctrl Pts',(2.40301640782589,0.995361986726415,35.4166707523152));
#8460=CARTESIAN_POINT('Ctrl Pts',(1.37125792263633,1.78705811748866,35.5000040856485));
#8461=CARTESIAN_POINT('Ctrl Pts',(0.339499437446773,2.57875424825091,35.5833374189819));
#8462=CARTESIAN_POINT('Ctrl Pts',(-0.86200876646596,2.08107325488772,35.6666707523152));
#8463=CARTESIAN_POINT('Ctrl Pts',(-2.0635169703787,1.58339226152453,35.7500040856486));
#8464=CARTESIAN_POINT('Ctrl Pts',(-2.23326668910186,0.294015137399097,35.8333374189819));
#8465=CARTESIAN_POINT('Ctrl Pts',(-2.40301640782504,-0.99536198672634,35.9166707523152));
#8466=CARTESIAN_POINT('Ctrl Pts',(-1.37125792263547,-1.78705811748859,36.0000040856486));
#8467=CARTESIAN_POINT('Ctrl Pts',(-0.339499437445916,-2.57875424825083,
36.0833374189819));
#8468=CARTESIAN_POINT('Ctrl Pts',(0.862008766466817,-2.08107325488764,36.1666707523152));
#8469=CARTESIAN_POINT('Ctrl Pts',(2.06351697037956,-1.58339226152445,36.2500040856485));
#8470=CARTESIAN_POINT('Ctrl Pts',(2.23326668910273,-0.294015137399013,36.3333374189818));
#8471=CARTESIAN_POINT('Ctrl Pts',(2.40301640782591,0.995361986726415,36.4166707523152));
#8472=CARTESIAN_POINT('Ctrl Pts',(1.37125792263634,1.78705811748866,36.5000040856485));
#8473=CARTESIAN_POINT('Ctrl Pts',(0.339499437446782,2.57875424825091,36.5833374189819));
#8474=CARTESIAN_POINT('Ctrl Pts',(-0.862008766465951,2.08107325488772,36.6666707523152));
#8475=CARTESIAN_POINT('Ctrl Pts',(-2.06351697037869,1.58339226152453,36.7500040856486));
#8476=CARTESIAN_POINT('Ctrl Pts',(-2.23326668910185,0.294015137399097,36.8333374189819));
#8477=CARTESIAN_POINT('Ctrl Pts',(-2.40301640782503,-0.99536198672634,36.9166707523152));
#8478=CARTESIAN_POINT('Ctrl Pts',(-1.37125792263546,-1.78705811748859,37.0000040856485));
#8479=CARTESIAN_POINT('Ctrl Pts',(-0.339499437445903,-2.57875424825083,
37.0833374189819));
#8480=CARTESIAN_POINT('Ctrl Pts',(0.862008766466831,-2.08107325488764,37.1666707523152));
#8481=CARTESIAN_POINT('Ctrl Pts',(2.06351697037958,-1.58339226152445,37.2500040856485));
#8482=CARTESIAN_POINT('Ctrl Pts',(2.23326668910274,-0.294015137399013,37.3333374189818));
#8483=CARTESIAN_POINT('Ctrl Pts',(2.40301640782592,0.995361986726415,37.4166707523152));
#8484=CARTESIAN_POINT('Ctrl Pts',(1.37125792263635,1.78705811748866,37.5000040856485));
#8485=CARTESIAN_POINT('Ctrl Pts',(0.339499437446795,2.57875424825091,37.5833374189819));
#8486=CARTESIAN_POINT('Ctrl Pts',(-0.862008766465938,2.08107325488772,37.6666707523152));
#8487=CARTESIAN_POINT('Ctrl Pts',(-2.06351697037868,1.58339226152453,37.7500040856486));
#8488=CARTESIAN_POINT('Ctrl Pts',(-2.23326668910184,0.294015137399097,37.8333374189819));
#8489=CARTESIAN_POINT('Ctrl Pts',(-2.40301640782501,-0.99536198672634,37.9166707523152));
#8490=CARTESIAN_POINT('Ctrl Pts',(-1.37125792263545,-1.78705811748859,38.0000040856485));
#8491=CARTESIAN_POINT('Ctrl Pts',(-0.339499437445894,-2.57875424825083,
38.0833374189819));
#8492=CARTESIAN_POINT('Ctrl Pts',(0.862008766466844,-2.08107325488764,38.1666707523152));
#8493=CARTESIAN_POINT('Ctrl Pts',(2.06351697037959,-1.58339226152445,38.2500040856485));
#8494=CARTESIAN_POINT('Ctrl Pts',(2.23326668910275,-0.294015137399013,38.3333374189818));
#8495=CARTESIAN_POINT('Ctrl Pts',(2.40301640782593,0.995361986726415,38.4166707523152));
#8496=CARTESIAN_POINT('Ctrl Pts',(1.37125792263636,1.78705811748866,38.5000040856485));
#8497=CARTESIAN_POINT('Ctrl Pts',(0.339499437446809,2.57875424825091,38.5833374189819));
#8498=CARTESIAN_POINT('Ctrl Pts',(-0.862008766465925,2.08107325488772,38.6666707523152));
#8499=CARTESIAN_POINT('Ctrl Pts',(-2.06351697037867,1.58339226152453,38.7500040856486));
#8500=CARTESIAN_POINT('Ctrl Pts',(-2.23326668910183,0.294015137399097,38.8333374189819));
#8501=CARTESIAN_POINT('Ctrl Pts',(-2.403016407825,-0.99536198672634,38.9166707523152));
#8502=CARTESIAN_POINT('Ctrl Pts',(-1.37125792263544,-1.78705811748859,39.0000040856486));
#8503=CARTESIAN_POINT('Ctrl Pts',(-0.33949943744588,-2.57875424825083,39.0833374189819));
#8504=CARTESIAN_POINT('Ctrl Pts',(0.862008766466853,-2.08107325488764,39.1666707523152));
#8505=CARTESIAN_POINT('Ctrl Pts',(2.0635169703796,-1.58339226152445,39.2500040856485));
#8506=CARTESIAN_POINT('Ctrl Pts',(2.23326668910277,-0.294015137399013,39.3333374189818));
#8507=CARTESIAN_POINT('Ctrl Pts',(2.40301640782594,0.995361986726415,39.4166707523152));
#8508=CARTESIAN_POINT('Ctrl Pts',(1.37125792263638,1.78705811748866,39.5000040856485));
#8509=CARTESIAN_POINT('Ctrl Pts',(0.339499437446817,2.57875424825091,39.5833374189819));
#8510=CARTESIAN_POINT('Ctrl Pts',(-0.862008766465912,2.08107325488772,39.6666707523152));
#8511=CARTESIAN_POINT('Ctrl Pts',(-2.06351697037865,1.58339226152453,39.7500040856486));
#8512=CARTESIAN_POINT('Ctrl Pts',(-2.23326668910182,0.294015137399097,39.8333374189819));
#8513=CARTESIAN_POINT('Ctrl Pts',(-2.40301640782499,-0.99536198672634,39.9166707523152));
#8514=CARTESIAN_POINT('Ctrl Pts',(-1.37125792263543,-1.78705811748859,40.0000040856485));
#8515=CARTESIAN_POINT('Ctrl Pts',(-0.339499437445867,-2.57875424825083,
40.0833374189819));
#8516=CARTESIAN_POINT('Ctrl Pts',(0.862008766466866,-2.08107325488764,40.1666707523152));
#8517=CARTESIAN_POINT('Ctrl Pts',(2.06351697037961,-1.58339226152445,40.2500040856485));
#8518=CARTESIAN_POINT('Ctrl Pts',(2.23326668910278,-0.294015137399013,40.3333374189818));
#8519=CARTESIAN_POINT('Ctrl Pts',(2.40301640782596,0.995361986726415,40.4166707523152));
#8520=CARTESIAN_POINT('Ctrl Pts',(1.37125792263639,1.78705811748866,40.5000040856485));
#8521=CARTESIAN_POINT('Ctrl Pts',(0.339499437446831,2.57875424825091,40.5833374189819));
#8522=CARTESIAN_POINT('Ctrl Pts',(-0.862008766465903,2.08107325488772,40.6666707523152));
#8523=CARTESIAN_POINT('Ctrl Pts',(-2.06351697037864,1.58339226152453,40.7500040856486));
#8524=CARTESIAN_POINT('Ctrl Pts',(-2.2332666891018,0.294015137399097,40.8333374189819));
#8525=CARTESIAN_POINT('Ctrl Pts',(-2.40301640782498,-0.99536198672634,40.9166707523152));
#8526=CARTESIAN_POINT('Ctrl Pts',(-1.37125792263542,-1.78705811748859,41.0000040856486));
#8527=CARTESIAN_POINT('Ctrl Pts',(-0.339499437445858,-2.57875424825083,
41.0833374189819));
#8528=CARTESIAN_POINT('Ctrl Pts',(0.86200876646688,-2.08107325488764,41.1666707523152));
#8529=CARTESIAN_POINT('Ctrl Pts',(2.06351697037963,-1.58339226152445,41.2500040856485));
#8530=CARTESIAN_POINT('Ctrl Pts',(2.23326668910279,-0.294015137399013,41.3333374189818));
#8531=CARTESIAN_POINT('Ctrl Pts',(2.40301640782596,0.995361986726415,41.4166707523152));
#8532=CARTESIAN_POINT('Ctrl Pts',(1.3712579226364,1.78705811748866,41.5000040856485));
#8533=CARTESIAN_POINT('Ctrl Pts',(0.339499437446844,2.57875424825091,41.5833374189819));
#8534=CARTESIAN_POINT('Ctrl Pts',(-0.862008766465889,2.08107325488772,41.6666707523152));
#8535=CARTESIAN_POINT('Ctrl Pts',(-2.06351697037863,1.58339226152453,41.7500040856486));
#8536=CARTESIAN_POINT('Ctrl Pts',(-2.23326668910179,0.294015137399097,41.8333374189819));
#8537=CARTESIAN_POINT('Ctrl Pts',(-2.40301640782496,-0.99536198672634,41.9166707523152));
#8538=CARTESIAN_POINT('Ctrl Pts',(-1.3712579226354,-1.78705811748859,42.0000040856485));
#8539=CARTESIAN_POINT('Ctrl Pts',(-0.339499437445845,-2.57875424825083,
42.0833374189819));
#8540=CARTESIAN_POINT('Ctrl Pts',(0.862008766466889,-2.08107325488764,42.1666707523152));
#8541=CARTESIAN_POINT('Ctrl Pts',(2.06351697037964,-1.58339226152445,42.2500040856485));
#8542=CARTESIAN_POINT('Ctrl Pts',(2.2332666891028,-0.294015137399013,42.3333374189818));
#8543=CARTESIAN_POINT('Ctrl Pts',(2.40301640782598,0.995361986726415,42.4166707523152));
#8544=CARTESIAN_POINT('Ctrl Pts',(1.37125792263641,1.78705811748866,42.5000040856485));
#8545=CARTESIAN_POINT('Ctrl Pts',(0.339499437446853,2.57875424825091,42.5833374189819));
#8546=CARTESIAN_POINT('Ctrl Pts',(-0.862008766465876,2.08107325488772,42.6666707523152));
#8547=CARTESIAN_POINT('Ctrl Pts',(-2.06351697037862,1.58339226152453,42.7500040856486));
#8548=CARTESIAN_POINT('Ctrl Pts',(-2.23326668910178,0.294015137399097,42.8333374189819));
#8549=CARTESIAN_POINT('Ctrl Pts',(-2.40301640782496,-0.99536198672634,42.9166707523152));
#8550=CARTESIAN_POINT('Ctrl Pts',(-1.37125792263539,-1.78705811748859,43.0000040856486));
#8551=CARTESIAN_POINT('Ctrl Pts',(-0.339499437445832,-2.57875424825083,
43.0833374189819));
#8552=CARTESIAN_POINT('Ctrl Pts',(0.862008766466902,-2.08107325488764,43.1666707523152));
#8553=CARTESIAN_POINT('Ctrl Pts',(2.06351697037965,-1.58339226152445,43.2500040856485));
#8554=CARTESIAN_POINT('Ctrl Pts',(2.23326668910282,-0.294015137399013,43.3333374189818));
#8555=CARTESIAN_POINT('Ctrl Pts',(2.40301640782599,0.995361986726415,43.4166707523152));
#8556=CARTESIAN_POINT('Ctrl Pts',(1.37125792263642,1.78705811748866,43.5000040856485));
#8557=CARTESIAN_POINT('Ctrl Pts',(0.339499437446866,2.57875424825091,43.5833374189819));
#8558=CARTESIAN_POINT('Ctrl Pts',(-0.862008766465867,2.08107325488772,43.6666707523152));
#8559=CARTESIAN_POINT('Ctrl Pts',(-2.0635169703786,1.58339226152453,43.7500040856486));
#8560=CARTESIAN_POINT('Ctrl Pts',(-2.23326668910177,0.294015137399097,43.8333374189819));
#8561=CARTESIAN_POINT('Ctrl Pts',(-2.40301640782494,-0.99536198672634,43.9166707523152));
#8562=CARTESIAN_POINT('Ctrl Pts',(-1.37125792263538,-1.78705811748859,44.0000040856486));
#8563=CARTESIAN_POINT('Ctrl Pts',(-0.339499437445818,-2.57875424825083,
44.0833374189819));
#8564=CARTESIAN_POINT('Ctrl Pts',(0.862008766466915,-2.08107325488764,44.1666707523152));
#8565=CARTESIAN_POINT('Ctrl Pts',(2.06351697037966,-1.58339226152445,44.2500040856485));
#8566=CARTESIAN_POINT('Ctrl Pts',(2.23326668910282,-0.294015137399013,44.3333374189818));
#8567=CARTESIAN_POINT('Ctrl Pts',(2.403016407826,0.995361986726415,44.4166707523152));
#8568=CARTESIAN_POINT('Ctrl Pts',(1.37125792263644,1.78705811748866,44.5000040856485));
#8569=CARTESIAN_POINT('Ctrl Pts',(0.33949943744688,2.57875424825091,44.5833374189819));
#8570=CARTESIAN_POINT('Ctrl Pts',(-0.862008766465854,2.08107325488772,44.6666707523152));
#8571=CARTESIAN_POINT('Ctrl Pts',(-2.0635169703786,1.58339226152453,44.7500040856486));
#8572=CARTESIAN_POINT('Ctrl Pts',(-2.23326668910175,0.294015137399097,44.8333374189819));
#8573=CARTESIAN_POINT('Ctrl Pts',(-2.40301640782493,-0.99536198672634,44.9166707523152));
#8574=CARTESIAN_POINT('Ctrl Pts',(-1.37125792263537,-1.78705811748859,45.0000040856485));
#8575=CARTESIAN_POINT('Ctrl Pts',(-0.339499437445809,-2.57875424825083,
45.0833374189819));
#8576=CARTESIAN_POINT('Ctrl Pts',(0.862008766466924,-2.08107325488764,45.1666707523152));
#8577=CARTESIAN_POINT('Ctrl Pts',(2.06351697037968,-1.58339226152445,45.2500040856485));
#8578=CARTESIAN_POINT('Ctrl Pts',(2.23326668910284,-0.294015137399013,45.3333374189818));
#8579=CARTESIAN_POINT('Ctrl Pts',(2.40301640782601,0.995361986726415,45.4166707523152));
#8580=CARTESIAN_POINT('Ctrl Pts',(1.37125792263645,1.78705811748866,45.5000040856485));
#8581=CARTESIAN_POINT('Ctrl Pts',(0.339499437446893,2.57875424825091,45.5833374189819));
#8582=CARTESIAN_POINT('Ctrl Pts',(-0.86200876646584,2.08107325488772,45.6666707523152));
#8583=CARTESIAN_POINT('Ctrl Pts',(-2.06351697037858,1.58339226152453,45.7500040856486));
#8584=CARTESIAN_POINT('Ctrl Pts',(-2.23326668910174,0.294015137399093,45.8333374189819));
#8585=CARTESIAN_POINT('Ctrl Pts',(-2.40301640782492,-0.995361986726344,
45.9166707523152));
#8586=CARTESIAN_POINT('Ctrl Pts',(-1.37125792263535,-1.78705811748859,46.0000040856485));
#8587=CARTESIAN_POINT('Ctrl Pts',(-0.339499437445796,-2.57875424825083,
46.0833374189819));
#8588=CARTESIAN_POINT('Ctrl Pts',(0.862008766466937,-2.08107325488764,46.1666707523152));
#8589=CARTESIAN_POINT('Ctrl Pts',(2.06351697037968,-1.58339226152446,46.2500040856485));
#8590=CARTESIAN_POINT('Ctrl Pts',(2.23326668910285,-0.294015137399017,46.3333374189818));
#8591=CARTESIAN_POINT('Ctrl Pts',(2.40301640782603,0.995361986726411,46.4166707523152));
#8592=CARTESIAN_POINT('Ctrl Pts',(1.37125792263646,1.78705811748866,46.5000040856485));
#8593=CARTESIAN_POINT('Ctrl Pts',(0.339499437446902,2.57875424825091,46.5833374189819));
#8594=CARTESIAN_POINT('Ctrl Pts',(-0.862008766465827,2.08107325488772,46.6666707523152));
#8595=CARTESIAN_POINT('Ctrl Pts',(-2.06351697037857,1.58339226152453,46.7500040856486));
#8596=CARTESIAN_POINT('Ctrl Pts',(-2.23326668910173,0.294015137399093,46.8333374189819));
#8597=CARTESIAN_POINT('Ctrl Pts',(-2.40301640782491,-0.995361986726344,
46.9166707523152));
#8598=CARTESIAN_POINT('Ctrl Pts',(-1.37125792263534,-1.78705811748859,47.0000040856485));
#8599=CARTESIAN_POINT('Ctrl Pts',(-0.339499437445783,-2.57875424825083,
47.0833374189819));
#8600=CARTESIAN_POINT('Ctrl Pts',(0.862008766466951,-2.08107325488764,47.1666707523152));
#8601=CARTESIAN_POINT('Ctrl Pts',(2.0635169703797,-1.58339226152446,47.2500040856485));
#8602=CARTESIAN_POINT('Ctrl Pts',(2.23326668910286,-0.294015137399017,47.3333374189818));
#8603=CARTESIAN_POINT('Ctrl Pts',(2.40301640782604,0.995361986726411,47.4166707523152));
#8604=CARTESIAN_POINT('Ctrl Pts',(1.37125792263647,1.78705811748866,47.5000040856485));
#8605=CARTESIAN_POINT('Ctrl Pts',(0.339499437446915,2.57875424825091,47.5833374189819));
#8606=CARTESIAN_POINT('Ctrl Pts',(-0.862008766465818,2.08107325488772,47.6666707523152));
#8607=CARTESIAN_POINT('Ctrl Pts',(-2.06351697037856,1.58339226152453,47.7500040856486));
#8608=CARTESIAN_POINT('Ctrl Pts',(-2.23326668910172,0.294015137399093,47.8333374189819));
#8609=CARTESIAN_POINT('Ctrl Pts',(-2.40301640782489,-0.995361986726344,
47.9166707523152));
#8610=CARTESIAN_POINT('Ctrl Pts',(-1.37125792263533,-1.78705811748859,48.0000040856486));
#8611=CARTESIAN_POINT('Ctrl Pts',(-0.339499437445774,-2.57875424825083,
48.0833374189819));
#8612=CARTESIAN_POINT('Ctrl Pts',(0.862008766466964,-2.08107325488764,48.1666707523152));
#8613=CARTESIAN_POINT('Ctrl Pts',(2.06351697037971,-1.58339226152446,48.2500040856485));
#8614=CARTESIAN_POINT('Ctrl Pts',(2.23326668910287,-0.294015137399017,48.3333374189818));
#8615=CARTESIAN_POINT('Ctrl Pts',(2.40301640782605,0.995361986726411,48.4166707523152));
#8616=CARTESIAN_POINT('Ctrl Pts',(1.37125792263648,1.78705811748866,48.5000040856485));
#8617=CARTESIAN_POINT('Ctrl Pts',(0.339499437446928,2.57875424825091,48.5833374189819));
#8618=CARTESIAN_POINT('Ctrl Pts',(-0.862008766465805,2.08107325488772,48.6666707523152));
#8619=CARTESIAN_POINT('Ctrl Pts',(-2.06351697037855,1.58339226152453,48.7500040856485));
#8620=CARTESIAN_POINT('Ctrl Pts',(-2.23326668910171,0.294015137399093,48.8333374189819));
#8621=CARTESIAN_POINT('Ctrl Pts',(-2.40301640782488,-0.995361986726344,
48.9166707523152));
#8622=CARTESIAN_POINT('Ctrl Pts',(-1.37125792263532,-1.78705811748859,49.0000040856486));
#8623=CARTESIAN_POINT('Ctrl Pts',(-0.33949943744576,-2.57875424825083,49.0833374189819));
#8624=CARTESIAN_POINT('Ctrl Pts',(0.862008766466973,-2.08107325488764,49.1666707523152));
#8625=CARTESIAN_POINT('Ctrl Pts',(2.06351697037972,-1.58339226152446,49.2500040856485));
#8626=CARTESIAN_POINT('Ctrl Pts',(2.23326668910289,-0.294015137399017,49.3333374189818));
#8627=CARTESIAN_POINT('Ctrl Pts',(2.40301640782606,0.995361986726411,49.4166707523152));
#8628=CARTESIAN_POINT('Ctrl Pts',(1.3712579226365,1.78705811748866,49.5000040856485));
#8629=CARTESIAN_POINT('Ctrl Pts',(0.339499437446937,2.57875424825091,49.5833374189819));
#8630=CARTESIAN_POINT('Ctrl Pts',(-0.862008766465792,2.08107325488772,49.6666707523152));
#8631=CARTESIAN_POINT('Ctrl Pts',(-2.06351697037853,1.58339226152453,49.7500040856486));
#8632=CARTESIAN_POINT('Ctrl Pts',(-2.2332666891017,0.294015137399093,49.8333374189819));
#8633=CARTESIAN_POINT('Ctrl Pts',(-2.40301640782487,-0.995361986726344,
49.9166707523152));
#8634=CARTESIAN_POINT('Ctrl Pts',(-1.3712579226353,-1.78705811748859,50.0000040856485));
#8635=CARTESIAN_POINT('Ctrl Pts',(-0.339499437445747,-2.57875424825083,
50.0833374189819));
#8636=CARTESIAN_POINT('Ctrl Pts',(0.862008766466986,-2.08107325488764,50.1666707523152));
#8637=CARTESIAN_POINT('Ctrl Pts',(2.06351697037973,-1.58339226152446,50.2500040856485));
#8638=CARTESIAN_POINT('Ctrl Pts',(2.2332666891029,-0.294015137399017,50.3333374189818));
#8639=CARTESIAN_POINT('Ctrl Pts',(2.40301640782608,0.995361986726411,50.4166707523152));
#8640=CARTESIAN_POINT('Ctrl Pts',(1.37125792263651,1.78705811748866,50.5000040856485));
#8641=CARTESIAN_POINT('Ctrl Pts',(0.339499437446951,2.57875424825091,50.5833374189819));
#8642=CARTESIAN_POINT('Ctrl Pts',(-0.862008766465783,2.08107325488772,50.6666707523152));
#8643=CARTESIAN_POINT('Ctrl Pts',(-2.06351697037852,1.58339226152453,50.7500040856486));
#8644=CARTESIAN_POINT('Ctrl Pts',(-2.23326668910168,0.294015137399093,50.8333374189819));
#8645=CARTESIAN_POINT('Ctrl Pts',(-2.40301640782486,-0.995361986726344,
50.9166707523152));
#8646=CARTESIAN_POINT('Ctrl Pts',(-1.3712579226353,-1.78705811748859,51.0000040856485));
#8647=CARTESIAN_POINT('Ctrl Pts',(-0.339499437445738,-2.57875424825083,
51.0833374189819));
#8648=CARTESIAN_POINT('Ctrl Pts',(0.862008766467,-2.08107325488764,51.1666707523152));
#8649=CARTESIAN_POINT('Ctrl Pts',(2.06351697037975,-1.58339226152446,51.2500040856485));
#8650=CARTESIAN_POINT('Ctrl Pts',(2.23326668910291,-0.294015137399017,51.3333374189818));
#8651=CARTESIAN_POINT('Ctrl Pts',(2.40301640782608,0.995361986726411,51.4166707523152));
#8652=CARTESIAN_POINT('Ctrl Pts',(1.37125792263652,1.78705811748866,51.5000040856485));
#8653=CARTESIAN_POINT('Ctrl Pts',(0.339499437446964,2.57875424825091,51.5833374189819));
#8654=CARTESIAN_POINT('Ctrl Pts',(-0.862008766465769,2.08107325488772,51.6666707523152));
#8655=CARTESIAN_POINT('Ctrl Pts',(-2.06351697037851,1.58339226152453,51.7500040856486));
#8656=CARTESIAN_POINT('Ctrl Pts',(-2.23326668910167,0.294015137399093,51.8333374189819));
#8657=CARTESIAN_POINT('Ctrl Pts',(-2.40301640782485,-0.995361986726344,
51.9166707523152));
#8658=CARTESIAN_POINT('Ctrl Pts',(-1.37125792263528,-1.78705811748859,52.0000040856485));
#8659=CARTESIAN_POINT('Ctrl Pts',(-0.339499437445725,-2.57875424825083,
52.0833374189819));
#8660=CARTESIAN_POINT('Ctrl Pts',(0.862008766467008,-2.08107325488764,52.1666707523152));
#8661=CARTESIAN_POINT('Ctrl Pts',(2.06351697037976,-1.58339226152446,52.2500040856485));
#8662=CARTESIAN_POINT('Ctrl Pts',(2.23326668910292,-0.294015137399017,52.3333374189818));
#8663=CARTESIAN_POINT('Ctrl Pts',(2.4030164078261,0.995361986726411,52.4166707523152));
#8664=CARTESIAN_POINT('Ctrl Pts',(1.37125792263653,1.78705811748866,52.5000040856485));
#8665=CARTESIAN_POINT('Ctrl Pts',(0.339499437446977,2.57875424825091,52.5833374189819));
#8666=CARTESIAN_POINT('Ctrl Pts',(-0.862008766465756,2.08107325488772,52.6666707523152));
#8667=CARTESIAN_POINT('Ctrl Pts',(-2.0635169703785,1.58339226152453,52.7500040856486));
#8668=CARTESIAN_POINT('Ctrl Pts',(-2.23326668910166,0.294015137399093,52.8333374189819));
#8669=CARTESIAN_POINT('Ctrl Pts',(-2.40301640782484,-0.995361986726344,
52.9166707523152));
#8670=CARTESIAN_POINT('Ctrl Pts',(-1.37125792263527,-1.78705811748859,53.0000040856485));
#8671=CARTESIAN_POINT('Ctrl Pts',(-0.339499437445712,-2.57875424825083,
53.0833374189819));
#8672=CARTESIAN_POINT('Ctrl Pts',(0.862008766467022,-2.08107325488764,53.1666707523152));
#8673=CARTESIAN_POINT('Ctrl Pts',(2.06351697037977,-1.58339226152446,53.2500040856485));
#8674=CARTESIAN_POINT('Ctrl Pts',(2.23326668910294,-0.294015137399017,53.3333374189818));
#8675=CARTESIAN_POINT('Ctrl Pts',(2.40301640782611,0.995361986726411,53.4166707523152));
#8676=CARTESIAN_POINT('Ctrl Pts',(1.37125792263654,1.78705811748866,53.5000040856485));
#8677=CARTESIAN_POINT('Ctrl Pts',(0.339499437446986,2.57875424825091,53.5833374189819));
#8678=CARTESIAN_POINT('Ctrl Pts',(-0.862008766465747,2.08107325488772,53.6666707523152));
#8679=CARTESIAN_POINT('Ctrl Pts',(-2.06351697037849,1.58339226152453,53.7500040856485));
#8680=CARTESIAN_POINT('Ctrl Pts',(-2.23326668910165,0.294015137399093,53.8333374189819));
#8681=CARTESIAN_POINT('Ctrl Pts',(-2.40301640782482,-0.995361986726344,
53.9166707523152));
#8682=CARTESIAN_POINT('Ctrl Pts',(-1.37125792263526,-1.78705811748859,54.0000040856486));
#8683=CARTESIAN_POINT('Ctrl Pts',(-0.339499437445698,-2.57875424825083,
54.0833374189819));
#8684=CARTESIAN_POINT('Ctrl Pts',(0.862008766467035,-2.08107325488764,54.1666707523152));
#8685=CARTESIAN_POINT('Ctrl Pts',(2.06351697037978,-1.58339226152446,54.2500040856485));
#8686=CARTESIAN_POINT('Ctrl Pts',(2.23326668910294,-0.294015137399017,54.3333374189818));
#8687=CARTESIAN_POINT('Ctrl Pts',(2.40301640782612,0.995361986726411,54.4166707523152));
#8688=CARTESIAN_POINT('Ctrl Pts',(1.37125792263656,1.78705811748866,54.5000040856485));
#8689=CARTESIAN_POINT('Ctrl Pts',(0.339499437447,2.57875424825091,54.5833374189819));
#8690=CARTESIAN_POINT('Ctrl Pts',(-0.862008766465734,2.08107325488772,54.6666707523152));
#8691=CARTESIAN_POINT('Ctrl Pts',(-2.06351697037848,1.58339226152453,54.7500040856486));
#8692=CARTESIAN_POINT('Ctrl Pts',(-2.23326668910163,0.294015137399093,54.8333374189819));
#8693=CARTESIAN_POINT('Ctrl Pts',(-2.40301640782481,-0.995361986726344,
54.9166707523152));
#8694=CARTESIAN_POINT('Ctrl Pts',(-1.37125792263525,-1.78705811748859,55.0000040856485));
#8695=CARTESIAN_POINT('Ctrl Pts',(-0.339499437445689,-2.57875424825083,
55.0833374189819));
#8696=CARTESIAN_POINT('Ctrl Pts',(0.862008766467048,-2.08107325488764,55.1666707523152));
#8697=CARTESIAN_POINT('Ctrl Pts',(2.0635169703798,-1.58339226152446,55.2500040856485));
#8698=CARTESIAN_POINT('Ctrl Pts',(2.23326668910296,-0.294015137399017,55.3333374189818));
#8699=CARTESIAN_POINT('Ctrl Pts',(2.40301640782613,0.995361986726411,55.4166707523152));
#8700=CARTESIAN_POINT('Ctrl Pts',(1.37125792263657,1.78705811748866,55.5000040856485));
#8701=CARTESIAN_POINT('Ctrl Pts',(0.339499437447013,2.57875424825091,55.5833374189819));
#8702=CARTESIAN_POINT('Ctrl Pts',(-0.862008766465721,2.08107325488772,55.6666707523152));
#8703=CARTESIAN_POINT('Ctrl Pts',(-2.06351697037846,1.58339226152453,55.7500040856486));
#8704=CARTESIAN_POINT('Ctrl Pts',(-2.23326668910163,0.294015137399093,55.8333374189819));
#8705=CARTESIAN_POINT('Ctrl Pts',(-2.4030164078248,-0.995361986726344,55.9166707523152));
#8706=CARTESIAN_POINT('Ctrl Pts',(-1.37125792263523,-1.78705811748859,56.0000040856485));
#8707=CARTESIAN_POINT('Ctrl Pts',(-0.339499437445676,-2.57875424825083,
56.0833374189819));
#8708=CARTESIAN_POINT('Ctrl Pts',(0.862008766467057,-2.08107325488764,56.1666707523152));
#8709=CARTESIAN_POINT('Ctrl Pts',(2.0635169703798,-1.58339226152446,56.2500040856485));
#8710=CARTESIAN_POINT('Ctrl Pts',(2.23326668910297,-0.294015137399017,56.3333374189818));
#8711=CARTESIAN_POINT('Ctrl Pts',(2.40301640782615,0.995361986726411,56.4166707523152));
#8712=CARTESIAN_POINT('Ctrl Pts',(1.37125792263658,1.78705811748866,56.5000040856485));
#8713=CARTESIAN_POINT('Ctrl Pts',(0.339499437447022,2.57875424825091,56.5833374189819));
#8714=CARTESIAN_POINT('Ctrl Pts',(-0.862008766465707,2.08107325488772,56.6666707523152));
#8715=CARTESIAN_POINT('Ctrl Pts',(-2.06351697037845,1.58339226152453,56.7500040856486));
#8716=CARTESIAN_POINT('Ctrl Pts',(-2.23326668910161,0.294015137399093,56.8333374189819));
#8717=CARTESIAN_POINT('Ctrl Pts',(-2.40301640782479,-0.995361986726344,
56.9166707523152));
#8718=CARTESIAN_POINT('Ctrl Pts',(-1.37125792263523,-1.78705811748859,57.0000040856486));
#8719=CARTESIAN_POINT('Ctrl Pts',(-0.339499437445663,-2.57875424825083,
57.0833374189819));
#8720=CARTESIAN_POINT('Ctrl Pts',(0.862008766467071,-2.08107325488764,57.1666707523152));
#8721=CARTESIAN_POINT('Ctrl Pts',(2.06351697037982,-1.58339226152446,57.2500040856485));
#8722=CARTESIAN_POINT('Ctrl Pts',(2.23326668910298,-0.294015137399017,57.3333374189818));
#8723=CARTESIAN_POINT('Ctrl Pts',(2.40301640782616,0.995361986726411,57.4166707523152));
#8724=CARTESIAN_POINT('Ctrl Pts',(1.37125792263659,1.78705811748865,57.5000040856485));
#8725=CARTESIAN_POINT('Ctrl Pts',(0.339499437447035,2.5787542482509,57.5833374189819));
#8726=CARTESIAN_POINT('Ctrl Pts',(-0.862008766465698,2.08107325488772,57.6666707523152));
#8727=CARTESIAN_POINT('Ctrl Pts',(-2.06351697037844,1.58339226152453,57.7500040856486));
#8728=CARTESIAN_POINT('Ctrl Pts',(-2.2332666891016,0.294015137399088,57.8333374189819));
#8729=CARTESIAN_POINT('Ctrl Pts',(-2.40301640782477,-0.995361986726349,
57.9166707523152));
#8730=CARTESIAN_POINT('Ctrl Pts',(-1.37125792263521,-1.7870581174886,58.0000040856486));
#8731=CARTESIAN_POINT('Ctrl Pts',(-0.339499437445654,-2.57875424825084,
58.0833374189819));
#8732=CARTESIAN_POINT('Ctrl Pts',(0.862008766467084,-2.08107325488765,58.1666707523152));
#8733=CARTESIAN_POINT('Ctrl Pts',(2.06351697037983,-1.58339226152446,58.2500040856485));
#8734=CARTESIAN_POINT('Ctrl Pts',(2.23326668910299,-0.294015137399022,58.3333374189818));
#8735=CARTESIAN_POINT('Ctrl Pts',(2.40301640782617,0.995361986726406,58.4166707523152));
#8736=CARTESIAN_POINT('Ctrl Pts',(1.37125792263661,1.78705811748865,58.5000040856485));
#8737=CARTESIAN_POINT('Ctrl Pts',(0.339499437447048,2.5787542482509,58.5833374189819));
#8738=CARTESIAN_POINT('Ctrl Pts',(-0.862008766465685,2.08107325488772,58.6666707523152));
#8739=CARTESIAN_POINT('Ctrl Pts',(-2.06351697037843,1.58339226152453,58.7500040856486));
#8740=CARTESIAN_POINT('Ctrl Pts',(-2.23326668910159,0.294015137399088,58.8333374189819));
#8741=CARTESIAN_POINT('Ctrl Pts',(-2.40301640782476,-0.995361986726349,
58.9166707523152));
#8742=CARTESIAN_POINT('Ctrl Pts',(-1.3712579226352,-1.7870581174886,59.0000040856486));
#8743=CARTESIAN_POINT('Ctrl Pts',(-0.339499437445641,-2.57875424825084,
59.0833374189819));
#8744=CARTESIAN_POINT('Ctrl Pts',(0.862008766467093,-2.08107325488765,59.1666707523152));
#8745=CARTESIAN_POINT('Ctrl Pts',(2.06351697037984,-1.58339226152446,59.2500040856485));
#8746=CARTESIAN_POINT('Ctrl Pts',(2.23326668910301,-0.294015137399022,59.3333374189818));
#8747=CARTESIAN_POINT('Ctrl Pts',(2.40301640782618,0.995361986726406,59.4166707523152));
#8748=CARTESIAN_POINT('Ctrl Pts',(1.37125792263662,1.78705811748865,59.5000040856485));
#8749=CARTESIAN_POINT('Ctrl Pts',(0.339499437447057,2.5787542482509,59.5833374189819));
#8750=CARTESIAN_POINT('Ctrl Pts',(-0.862008766465672,2.08107325488772,59.6666707523152));
#8751=CARTESIAN_POINT('Ctrl Pts',(-2.06351697037841,1.58339226152453,59.7500040856486));
#8752=CARTESIAN_POINT('Ctrl Pts',(-2.23326668910158,0.294015137399088,59.8333374189819));
#8753=CARTESIAN_POINT('Ctrl Pts',(-2.40301640782475,-0.995361986726349,
59.9166707523152));
#8754=CARTESIAN_POINT('Ctrl Pts',(-1.37125792263519,-1.7870581174886,60.0000040856485));
#8755=CARTESIAN_POINT('Ctrl Pts',(-0.339499437445627,-2.57875424825084,
60.0833374189819));
#8756=CARTESIAN_POINT('Ctrl Pts',(0.862008766467106,-2.08107325488765,60.1666707523152));
#8757=CARTESIAN_POINT('Ctrl Pts',(2.06351697037985,-1.58339226152446,60.2500040856485));
#8758=CARTESIAN_POINT('Ctrl Pts',(2.23326668910302,-0.294015137399022,60.3333374189818));
#8759=CARTESIAN_POINT('Ctrl Pts',(2.4030164078262,0.995361986726406,60.4166707523152));
#8760=CARTESIAN_POINT('Ctrl Pts',(1.37125792263663,1.78705811748865,60.5000040856485));
#8761=CARTESIAN_POINT('Ctrl Pts',(0.339499437447071,2.5787542482509,60.5833374189819));
#8762=CARTESIAN_POINT('Ctrl Pts',(-0.862008766465663,2.08107325488772,60.6666707523152));
#8763=CARTESIAN_POINT('Ctrl Pts',(-2.0635169703784,1.58339226152453,60.7500040856486));
#8764=CARTESIAN_POINT('Ctrl Pts',(-2.23326668910156,0.294015137399088,60.8333374189819));
#8765=CARTESIAN_POINT('Ctrl Pts',(-2.40301640782474,-0.995361986726349,
60.9166707523152));
#8766=CARTESIAN_POINT('Ctrl Pts',(-1.37125792263518,-1.7870581174886,61.0000040856486));
#8767=CARTESIAN_POINT('Ctrl Pts',(-0.339499437445614,-2.57875424825084,
61.0833374189819));
#8768=CARTESIAN_POINT('Ctrl Pts',(0.862008766467119,-2.08107325488765,61.1666707523152));
#8769=CARTESIAN_POINT('Ctrl Pts',(2.06351697037987,-1.58339226152446,61.2500040856485));
#8770=CARTESIAN_POINT('Ctrl Pts',(2.23326668910303,-0.294015137399022,61.3333374189818));
#8771=CARTESIAN_POINT('Ctrl Pts',(2.4030164078262,0.995361986726406,61.4166707523152));
#8772=CARTESIAN_POINT('Ctrl Pts',(1.37125792263664,1.78705811748865,61.5000040856485));
#8773=CARTESIAN_POINT('Ctrl Pts',(0.339499437447084,2.5787542482509,61.5833374189819));
#8774=CARTESIAN_POINT('Ctrl Pts',(-0.86200876646565,2.08107325488772,61.6666707523152));
#8775=CARTESIAN_POINT('Ctrl Pts',(-2.06351697037839,1.58339226152453,61.7500040856486));
#8776=CARTESIAN_POINT('Ctrl Pts',(-2.23326668910155,0.294015137399088,61.8333374189819));
#8777=CARTESIAN_POINT('Ctrl Pts',(-2.40301640782473,-0.995361986726349,
61.9166707523152));
#8778=CARTESIAN_POINT('Ctrl Pts',(-1.37125792263516,-1.7870581174886,62.0000040856486));
#8779=CARTESIAN_POINT('Ctrl Pts',(-0.339499437445605,-2.57875424825084,
62.0833374189819));
#8780=CARTESIAN_POINT('Ctrl Pts',(0.862008766467128,-2.08107325488765,62.1666707523152));
#8781=CARTESIAN_POINT('Ctrl Pts',(2.06351697037988,-1.58339226152446,62.2500040856485));
#8782=CARTESIAN_POINT('Ctrl Pts',(2.23326668910304,-0.294015137399022,62.3333374189818));
#8783=CARTESIAN_POINT('Ctrl Pts',(2.40301640782622,0.995361986726406,62.4166707523152));
#8784=CARTESIAN_POINT('Ctrl Pts',(1.37125792263665,1.78705811748865,62.5000040856485));
#8785=CARTESIAN_POINT('Ctrl Pts',(0.339499437447097,2.5787542482509,62.5833374189819));
#8786=CARTESIAN_POINT('Ctrl Pts',(-0.862008766465636,2.08107325488772,62.6666707523152));
#8787=CARTESIAN_POINT('Ctrl Pts',(-2.06351697037838,1.58339226152453,62.7500040856486));
#8788=CARTESIAN_POINT('Ctrl Pts',(-2.23326668910154,0.294015137399088,62.8333374189819));
#8789=CARTESIAN_POINT('Ctrl Pts',(-2.40301640782471,-0.995361986726349,
62.9166707523152));
#8790=CARTESIAN_POINT('Ctrl Pts',(-1.37125792263515,-1.7870581174886,63.0000040856486));
#8791=CARTESIAN_POINT('Ctrl Pts',(-0.339499437445592,-2.57875424825084,
63.0833374189819));
#8792=CARTESIAN_POINT('Ctrl Pts',(0.862008766467142,-2.08107325488765,63.1666707523152));
#8793=CARTESIAN_POINT('Ctrl Pts',(2.06351697037989,-1.58339226152446,63.2500040856485));
#8794=CARTESIAN_POINT('Ctrl Pts',(2.23326668910306,-0.294015137399022,63.3333374189818));
#8795=CARTESIAN_POINT('Ctrl Pts',(2.40301640782623,0.995361986726406,63.4166707523152));
#8796=CARTESIAN_POINT('Ctrl Pts',(1.37125792263666,1.78705811748865,63.5000040856485));
#8797=CARTESIAN_POINT('Ctrl Pts',(0.339499437447106,2.5787542482509,63.5833374189819));
#8798=CARTESIAN_POINT('Ctrl Pts',(-0.862008766465623,2.08107325488772,63.6666707523152));
#8799=CARTESIAN_POINT('Ctrl Pts',(-2.06351697037837,1.58339226152453,63.7500040856485));
#8800=CARTESIAN_POINT('Ctrl Pts',(-2.23326668910153,0.294015137399088,63.8333374189819));
#8801=CARTESIAN_POINT('Ctrl Pts',(-2.4030164078247,-0.995361986726349,63.9166707523152));
#8802=CARTESIAN_POINT('Ctrl Pts',(-1.37125792263514,-1.7870581174886,64.0000040856486));
#8803=CARTESIAN_POINT('Ctrl Pts',(-0.339499437445578,-2.57875424825084,
64.0833374189819));
#8804=CARTESIAN_POINT('Ctrl Pts',(0.862008766467155,-2.08107325488765,64.1666707523152));
#8805=CARTESIAN_POINT('Ctrl Pts',(2.0635169703799,-1.58339226152446,64.2500040856485));
#8806=CARTESIAN_POINT('Ctrl Pts',(2.23326668910306,-0.294015137399022,64.3333374189818));
#8807=CARTESIAN_POINT('Ctrl Pts',(2.40301640782624,0.995361986726406,64.4166707523152));
#8808=CARTESIAN_POINT('Ctrl Pts',(1.37125792263668,1.78705811748865,64.5000040856485));
#8809=CARTESIAN_POINT('Ctrl Pts',(0.339499437447119,2.5787542482509,64.5833374189819));
#8810=CARTESIAN_POINT('Ctrl Pts',(-0.862008766465614,2.08107325488772,64.6666707523152));
#8811=CARTESIAN_POINT('Ctrl Pts',(-2.06351697037836,1.58339226152453,64.7500040856485));
#8812=CARTESIAN_POINT('Ctrl Pts',(-2.23326668910151,0.294015137399088,64.8333374189819));
#8813=CARTESIAN_POINT('Ctrl Pts',(-2.40301640782469,-0.995361986726349,
64.9166707523152));
#8814=CARTESIAN_POINT('Ctrl Pts',(-1.37125792263513,-1.7870581174886,65.0000040856486));
#8815=CARTESIAN_POINT('Ctrl Pts',(-0.33949943744557,-2.57875424825084,65.0833374189819));
#8816=CARTESIAN_POINT('Ctrl Pts',(0.862008766467168,-2.08107325488765,65.1666707523152));
#8817=CARTESIAN_POINT('Ctrl Pts',(2.06351697037991,-1.58339226152446,65.2500040856485));
#8818=CARTESIAN_POINT('Ctrl Pts',(2.23326668910308,-0.294015137399022,65.3333374189818));
#8819=CARTESIAN_POINT('Ctrl Pts',(2.40301640782625,0.995361986726406,65.4166707523152));
#8820=CARTESIAN_POINT('Ctrl Pts',(1.37125792263669,1.78705811748865,65.5000040856485));
#8821=CARTESIAN_POINT('Ctrl Pts',(0.339499437447133,2.5787542482509,65.5833374189819));
#8822=CARTESIAN_POINT('Ctrl Pts',(-0.862008766465601,2.08107325488772,65.6666707523152));
#8823=CARTESIAN_POINT('Ctrl Pts',(-2.06351697037834,1.58339226152453,65.7500040856486));
#8824=CARTESIAN_POINT('Ctrl Pts',(-2.23326668910151,0.294015137399088,65.8333374189819));
#8825=CARTESIAN_POINT('Ctrl Pts',(-2.40301640782468,-0.995361986726349,
65.9166707523152));
#8826=CARTESIAN_POINT('Ctrl Pts',(-1.37125792263511,-1.7870581174886,66.0000040856485));
#8827=CARTESIAN_POINT('Ctrl Pts',(-0.339499437445556,-2.57875424825084,
66.0833374189819));
#8828=CARTESIAN_POINT('Ctrl Pts',(0.862008766467177,-2.08107325488765,66.1666707523152));
#8829=CARTESIAN_POINT('Ctrl Pts',(2.06351697037993,-1.58339226152446,66.2500040856485));
#8830=CARTESIAN_POINT('Ctrl Pts',(2.23326668910309,-0.294015137399022,66.3333374189818));
#8831=CARTESIAN_POINT('Ctrl Pts',(2.40301640782627,0.995361986726406,66.4166707523152));
#8832=CARTESIAN_POINT('Ctrl Pts',(1.3712579226367,1.78705811748865,66.5000040856485));
#8833=CARTESIAN_POINT('Ctrl Pts',(1.78176636317093,2.32204313295948,-4.90625000000003));
#8834=CARTESIAN_POINT('Ctrl Pts',(0.441134135286889,3.35074642236927,-4.82291666666669));
#8835=CARTESIAN_POINT('Ctrl Pts',(-1.12006516024063,2.70407650059445,-4.73958333333333));
#8836=CARTESIAN_POINT('Ctrl Pts',(-2.68126445576814,2.05740657881964,-4.65624999999999));
#8837=CARTESIAN_POINT('Ctrl Pts',(-2.90183152341161,0.382033367635035,-4.57291666666665));
#8838=CARTESIAN_POINT('Ctrl Pts',(-3.12239859105508,-1.29333984354957,-4.48958333333331));
#8839=CARTESIAN_POINT('Ctrl Pts',(-1.78176636317104,-2.32204313295936,-4.40624999999999));
#8840=CARTESIAN_POINT('Ctrl Pts',(-0.441134135287,-3.35074642236915,-4.32291666666669));
#8841=CARTESIAN_POINT('Ctrl Pts',(1.12006516024051,-2.70407650059434,-4.23958333333336));
#8842=CARTESIAN_POINT('Ctrl Pts',(2.68126445576804,-2.05740657881952,-4.15625000000005));
#8843=CARTESIAN_POINT('Ctrl Pts',(2.9018315234115,-0.38203336763492,-4.07291666666672));
#8844=CARTESIAN_POINT('Ctrl Pts',(3.12239859105498,1.29333984354969,-3.98958333333339));
#8845=CARTESIAN_POINT('Ctrl Pts',(1.78176636317094,2.32204313295948,-3.90625000000004));
#8846=CARTESIAN_POINT('Ctrl Pts',(0.441134135286902,3.35074642236927,-3.82291666666669));
#8847=CARTESIAN_POINT('Ctrl Pts',(-1.12006516024061,2.70407650059445,-3.73958333333333));
#8848=CARTESIAN_POINT('Ctrl Pts',(-2.68126445576813,2.05740657881964,-3.65624999999997));
#8849=CARTESIAN_POINT('Ctrl Pts',(-2.9018315234116,0.382033367635035,-3.57291666666665));
#8850=CARTESIAN_POINT('Ctrl Pts',(-3.12239859105507,-1.29333984354957,-3.48958333333331));
#8851=CARTESIAN_POINT('Ctrl Pts',(-1.78176636317103,-2.32204313295936,-3.40624999999999));
#8852=CARTESIAN_POINT('Ctrl Pts',(-0.441134135286991,-3.35074642236915,
-3.32291666666668));
#8853=CARTESIAN_POINT('Ctrl Pts',(1.12006516024052,-2.70407650059434,-3.23958333333337));
#8854=CARTESIAN_POINT('Ctrl Pts',(2.68126445576805,-2.05740657881952,-3.15625000000005));
#8855=CARTESIAN_POINT('Ctrl Pts',(2.90183152341152,-0.38203336763492,-3.07291666666672));
#8856=CARTESIAN_POINT('Ctrl Pts',(3.12239859105499,1.29333984354969,-2.98958333333339));
#8857=CARTESIAN_POINT('Ctrl Pts',(1.78176636317095,2.32204313295948,-2.90625000000003));
#8858=CARTESIAN_POINT('Ctrl Pts',(0.441134135286916,3.35074642236927,-2.82291666666668));
#8859=CARTESIAN_POINT('Ctrl Pts',(-1.1200651602406,2.70407650059445,-2.73958333333333));
#8860=CARTESIAN_POINT('Ctrl Pts',(-2.68126445576812,2.05740657881964,-2.65624999999999));
#8861=CARTESIAN_POINT('Ctrl Pts',(-2.90183152341159,0.382033367635035,-2.57291666666665));
#8862=CARTESIAN_POINT('Ctrl Pts',(-3.12239859105506,-1.29333984354957,-2.48958333333331));
#8863=CARTESIAN_POINT('Ctrl Pts',(-1.78176636317102,-2.32204313295936,-2.40624999999999));
#8864=CARTESIAN_POINT('Ctrl Pts',(-0.441134135286978,-3.35074642236915,
-2.32291666666668));
#8865=CARTESIAN_POINT('Ctrl Pts',(1.12006516024053,-2.70407650059434,-2.23958333333337));
#8866=CARTESIAN_POINT('Ctrl Pts',(2.68126445576806,-2.05740657881952,-2.15625000000004));
#8867=CARTESIAN_POINT('Ctrl Pts',(2.90183152341153,-0.38203336763492,-2.07291666666672));
#8868=CARTESIAN_POINT('Ctrl Pts',(3.122398591055,1.29333984354969,-1.98958333333339));
#8869=CARTESIAN_POINT('Ctrl Pts',(1.78176636317096,2.32204313295948,-1.90625000000003));
#8870=CARTESIAN_POINT('Ctrl Pts',(0.441134135286925,3.35074642236927,-1.82291666666669));
#8871=CARTESIAN_POINT('Ctrl Pts',(-1.12006516024059,2.70407650059445,-1.73958333333333));
#8872=CARTESIAN_POINT('Ctrl Pts',(-2.68126445576811,2.05740657881964,-1.65624999999998));
#8873=CARTESIAN_POINT('Ctrl Pts',(-2.90183152341158,0.382033367635035,-1.57291666666665));
#8874=CARTESIAN_POINT('Ctrl Pts',(-3.12239859105505,-1.29333984354957,-1.48958333333331));
#8875=CARTESIAN_POINT('Ctrl Pts',(-1.78176636317101,-2.32204313295937,-1.40625));
#8876=CARTESIAN_POINT('Ctrl Pts',(-0.441134135286965,-3.35074642236916,
-1.32291666666668));
#8877=CARTESIAN_POINT('Ctrl Pts',(1.12006516024055,-2.70407650059434,-1.23958333333337));
#8878=CARTESIAN_POINT('Ctrl Pts',(2.68126445576807,-2.05740657881953,-1.15625000000005));
#8879=CARTESIAN_POINT('Ctrl Pts',(2.90183152341154,-0.382033367634924,-1.07291666666672));
#8880=CARTESIAN_POINT('Ctrl Pts',(3.12239859105501,1.29333984354968,-0.989583333333388));
#8881=CARTESIAN_POINT('Ctrl Pts',(1.78176636317098,2.32204313295947,-0.906250000000042));
#8882=CARTESIAN_POINT('Ctrl Pts',(0.441134135286938,3.35074642236926,-0.822916666666691));
#8883=CARTESIAN_POINT('Ctrl Pts',(-1.12006516024058,2.70407650059445,-0.739583333333336));
#8884=CARTESIAN_POINT('Ctrl Pts',(-2.6812644557681,2.05740657881964,-0.656249999999989));
#8885=CARTESIAN_POINT('Ctrl Pts',(-2.90183152341156,0.382033367635031,-0.572916666666643));
#8886=CARTESIAN_POINT('Ctrl Pts',(-3.12239859105504,-1.29333984354957,-0.48958333333331));
#8887=CARTESIAN_POINT('Ctrl Pts',(-1.781766363171,-2.32204313295937,-0.406249999999999));
#8888=CARTESIAN_POINT('Ctrl Pts',(-0.441134135286956,-3.35074642236916,
-0.322916666666684));
#8889=CARTESIAN_POINT('Ctrl Pts',(1.12006516024056,-2.70407650059434,-0.239583333333364));
#8890=CARTESIAN_POINT('Ctrl Pts',(2.68126445576808,-2.05740657881953,-0.156250000000053));
#8891=CARTESIAN_POINT('Ctrl Pts',(2.90183152341155,-0.382033367634924,-0.0729166666667158));
#8892=CARTESIAN_POINT('Ctrl Pts',(3.12239859105502,1.29333984354968,0.0104166666666128));
#8893=CARTESIAN_POINT('Ctrl Pts',(1.78176636317099,2.32204313295947,0.0937499999999591));
#8894=CARTESIAN_POINT('Ctrl Pts',(0.441134135286951,3.35074642236926,0.177083333333314));
#8895=CARTESIAN_POINT('Ctrl Pts',(-1.12006516024056,2.70407650059445,0.260416666666665));
#8896=CARTESIAN_POINT('Ctrl Pts',(-2.68126445576808,2.05740657881964,0.34375000000002));
#8897=CARTESIAN_POINT('Ctrl Pts',(-2.90183152341156,0.382033367635031,0.427083333333353));
#8898=CARTESIAN_POINT('Ctrl Pts',(-3.12239859105502,-1.29333984354957,0.510416666666687));
#8899=CARTESIAN_POINT('Ctrl Pts',(-1.78176636317098,-2.32204313295937,0.593749999999997));
#8900=CARTESIAN_POINT('Ctrl Pts',(-0.441134135286942,-3.35074642236916,
0.677083333333326));
#8901=CARTESIAN_POINT('Ctrl Pts',(1.12006516024057,-2.70407650059434,0.760416666666637));
#8902=CARTESIAN_POINT('Ctrl Pts',(2.68126445576809,-2.05740657881953,0.843749999999952));
#8903=CARTESIAN_POINT('Ctrl Pts',(2.90183152341156,-0.382033367634924,0.927083333333285));
#8904=CARTESIAN_POINT('Ctrl Pts',(3.12239859105503,1.29333984354968,1.01041666666661));
#8905=CARTESIAN_POINT('Ctrl Pts',(1.781766363171,2.32204313295947,1.09374999999996));
#8906=CARTESIAN_POINT('Ctrl Pts',(0.44113413528696,3.35074642236926,1.17708333333331));
#8907=CARTESIAN_POINT('Ctrl Pts',(-1.12006516024055,2.70407650059445,1.26041666666667));
#8908=CARTESIAN_POINT('Ctrl Pts',(-2.68126445576807,2.05740657881964,1.34375000000002));
#8909=CARTESIAN_POINT('Ctrl Pts',(-2.90183152341154,0.382033367635031,1.42708333333335));
#8910=CARTESIAN_POINT('Ctrl Pts',(-3.12239859105501,-1.29333984354957,1.51041666666669));
#8911=CARTESIAN_POINT('Ctrl Pts',(-1.78176636317097,-2.32204313295937,1.59375));
#8912=CARTESIAN_POINT('Ctrl Pts',(-0.441134135286929,-3.35074642236916,
1.67708333333332));
#8913=CARTESIAN_POINT('Ctrl Pts',(1.12006516024058,-2.70407650059434,1.76041666666663));
#8914=CARTESIAN_POINT('Ctrl Pts',(2.68126445576811,-2.05740657881953,1.84374999999994));
#8915=CARTESIAN_POINT('Ctrl Pts',(2.90183152341157,-0.382033367634924,1.92708333333328));
#8916=CARTESIAN_POINT('Ctrl Pts',(3.12239859105505,1.29333984354968,2.01041666666661));
#8917=CARTESIAN_POINT('Ctrl Pts',(1.78176636317101,2.32204313295947,2.09374999999996));
#8918=CARTESIAN_POINT('Ctrl Pts',(0.441134135286974,3.35074642236926,2.17708333333331));
#8919=CARTESIAN_POINT('Ctrl Pts',(-1.12006516024054,2.70407650059445,2.26041666666667));
#8920=CARTESIAN_POINT('Ctrl Pts',(-2.68126445576806,2.05740657881964,2.34375000000002));
#8921=CARTESIAN_POINT('Ctrl Pts',(-2.90183152341153,0.382033367635031,2.42708333333335));
#8922=CARTESIAN_POINT('Ctrl Pts',(-3.122398591055,-1.29333984354957,2.51041666666669));
#8923=CARTESIAN_POINT('Ctrl Pts',(-1.78176636317096,-2.32204313295937,2.59375));
#8924=CARTESIAN_POINT('Ctrl Pts',(-0.44113413528692,-3.35074642236916,2.67708333333331));
#8925=CARTESIAN_POINT('Ctrl Pts',(1.1200651602406,-2.70407650059434,2.76041666666663));
#8926=CARTESIAN_POINT('Ctrl Pts',(2.68126445576812,-2.05740657881953,2.84374999999995));
#8927=CARTESIAN_POINT('Ctrl Pts',(2.90183152341159,-0.382033367634924,2.92708333333328));
#8928=CARTESIAN_POINT('Ctrl Pts',(3.12239859105506,1.29333984354968,3.01041666666662));
#8929=CARTESIAN_POINT('Ctrl Pts',(1.78176636317103,2.32204313295947,3.09374999999996));
#8930=CARTESIAN_POINT('Ctrl Pts',(0.441134135286987,3.35074642236926,3.17708333333331));
#8931=CARTESIAN_POINT('Ctrl Pts',(-1.12006516024053,2.70407650059445,3.26041666666667));
#8932=CARTESIAN_POINT('Ctrl Pts',(-2.68126445576805,2.05740657881964,3.34375000000001));
#8933=CARTESIAN_POINT('Ctrl Pts',(-2.90183152341152,0.382033367635031,3.42708333333335));
#8934=CARTESIAN_POINT('Ctrl Pts',(-3.12239859105499,-1.29333984354957,3.51041666666669));
#8935=CARTESIAN_POINT('Ctrl Pts',(-1.78176636317095,-2.32204313295937,3.59375));
#8936=CARTESIAN_POINT('Ctrl Pts',(-0.441134135286907,-3.35074642236916,
3.67708333333332));
#8937=CARTESIAN_POINT('Ctrl Pts',(1.1200651602406,-2.70407650059434,3.76041666666663));
#8938=CARTESIAN_POINT('Ctrl Pts',(2.68126445576813,-2.05740657881953,3.84374999999995));
#8939=CARTESIAN_POINT('Ctrl Pts',(2.9018315234116,-0.382033367634924,3.92708333333328));
#8940=CARTESIAN_POINT('Ctrl Pts',(3.12239859105508,1.29333984354968,4.01041666666661));
#8941=CARTESIAN_POINT('Ctrl Pts',(1.78176636317104,2.32204313295947,4.09374999999997));
#8942=CARTESIAN_POINT('Ctrl Pts',(0.441134135287,3.35074642236926,4.17708333333331));
#8943=CARTESIAN_POINT('Ctrl Pts',(-1.12006516024052,2.70407650059445,4.26041666666666));
#8944=CARTESIAN_POINT('Ctrl Pts',(-2.68126445576804,2.05740657881964,4.34375000000002));
#8945=CARTESIAN_POINT('Ctrl Pts',(-2.90183152341151,0.382033367635031,4.42708333333335));
#8946=CARTESIAN_POINT('Ctrl Pts',(-3.12239859105498,-1.29333984354957,4.51041666666669));
#8947=CARTESIAN_POINT('Ctrl Pts',(-1.78176636317093,-2.32204313295937,4.59375000000001));
#8948=CARTESIAN_POINT('Ctrl Pts',(-0.441134135286894,-3.35074642236916,
4.67708333333332));
#8949=CARTESIAN_POINT('Ctrl Pts',(1.12006516024062,-2.70407650059434,4.76041666666664));
#8950=CARTESIAN_POINT('Ctrl Pts',(2.68126445576814,-2.05740657881953,4.84374999999996));
#8951=CARTESIAN_POINT('Ctrl Pts',(2.90183152341161,-0.382033367634924,4.92708333333328));
#8952=CARTESIAN_POINT('Ctrl Pts',(3.12239859105508,1.29333984354968,5.01041666666661));
#8953=CARTESIAN_POINT('Ctrl Pts',(1.78176636317105,2.32204313295947,5.09374999999997));
#8954=CARTESIAN_POINT('Ctrl Pts',(0.441134135287009,3.35074642236926,5.17708333333331));
#8955=CARTESIAN_POINT('Ctrl Pts',(-1.12006516024051,2.70407650059445,5.26041666666666));
#8956=CARTESIAN_POINT('Ctrl Pts',(-2.68126445576802,2.05740657881964,5.34375000000002));
#8957=CARTESIAN_POINT('Ctrl Pts',(-2.90183152341149,0.382033367635031,5.42708333333335));
#8958=CARTESIAN_POINT('Ctrl Pts',(-3.12239859105496,-1.29333984354957,5.51041666666669));
#8959=CARTESIAN_POINT('Ctrl Pts',(-1.78176636317092,-2.32204313295937,5.59375));
#8960=CARTESIAN_POINT('Ctrl Pts',(-0.44113413528688,-3.35074642236916,5.67708333333332));
#8961=CARTESIAN_POINT('Ctrl Pts',(1.12006516024063,-2.70407650059434,5.76041666666663));
#8962=CARTESIAN_POINT('Ctrl Pts',(2.68126445576816,-2.05740657881953,5.84374999999995));
#8963=CARTESIAN_POINT('Ctrl Pts',(2.90183152341162,-0.382033367634924,5.92708333333328));
#8964=CARTESIAN_POINT('Ctrl Pts',(3.12239859105509,1.29333984354968,6.01041666666661));
#8965=CARTESIAN_POINT('Ctrl Pts',(1.78176636317106,2.32204313295947,6.09374999999996));
#8966=CARTESIAN_POINT('Ctrl Pts',(0.441134135287022,3.35074642236926,6.17708333333331));
#8967=CARTESIAN_POINT('Ctrl Pts',(-1.12006516024049,2.70407650059445,6.26041666666667));
#8968=CARTESIAN_POINT('Ctrl Pts',(-2.68126445576801,2.05740657881964,6.34375000000002));
#8969=CARTESIAN_POINT('Ctrl Pts',(-2.90183152341148,0.382033367635031,6.42708333333335));
#8970=CARTESIAN_POINT('Ctrl Pts',(-3.12239859105495,-1.29333984354957,6.51041666666668));
#8971=CARTESIAN_POINT('Ctrl Pts',(-1.78176636317091,-2.32204313295937,6.59375));
#8972=CARTESIAN_POINT('Ctrl Pts',(-0.441134135286871,-3.35074642236916,
6.67708333333332));
#8973=CARTESIAN_POINT('Ctrl Pts',(1.12006516024064,-2.70407650059434,6.76041666666663));
#8974=CARTESIAN_POINT('Ctrl Pts',(2.68126445576817,-2.05740657881953,6.84374999999995));
#8975=CARTESIAN_POINT('Ctrl Pts',(2.90183152341164,-0.382033367634924,6.92708333333328));
#8976=CARTESIAN_POINT('Ctrl Pts',(3.12239859105511,1.29333984354968,7.01041666666661));
#8977=CARTESIAN_POINT('Ctrl Pts',(1.78176636317107,2.32204313295947,7.09374999999996));
#8978=CARTESIAN_POINT('Ctrl Pts',(0.441134135287036,3.35074642236926,7.17708333333331));
#8979=CARTESIAN_POINT('Ctrl Pts',(-1.12006516024048,2.70407650059445,7.26041666666667));
#8980=CARTESIAN_POINT('Ctrl Pts',(-2.681264455768,2.05740657881964,7.34375000000001));
#8981=CARTESIAN_POINT('Ctrl Pts',(-2.90183152341147,0.382033367635031,7.42708333333335));
#8982=CARTESIAN_POINT('Ctrl Pts',(-3.12239859105494,-1.29333984354957,7.51041666666668));
#8983=CARTESIAN_POINT('Ctrl Pts',(-1.7817663631709,-2.32204313295937,7.59375));
#8984=CARTESIAN_POINT('Ctrl Pts',(-0.441134135286858,-3.35074642236916,
7.67708333333332));
#8985=CARTESIAN_POINT('Ctrl Pts',(1.12006516024065,-2.70407650059434,7.76041666666663));
#8986=CARTESIAN_POINT('Ctrl Pts',(2.68126445576818,-2.05740657881953,7.84374999999995));
#8987=CARTESIAN_POINT('Ctrl Pts',(2.90183152341165,-0.382033367634924,7.92708333333328));
#8988=CARTESIAN_POINT('Ctrl Pts',(3.12239859105512,1.29333984354968,8.0104166666666));
#8989=CARTESIAN_POINT('Ctrl Pts',(1.78176636317108,2.32204313295947,8.09374999999996));
#8990=CARTESIAN_POINT('Ctrl Pts',(0.441134135287045,3.35074642236926,8.17708333333331));
#8991=CARTESIAN_POINT('Ctrl Pts',(-1.12006516024047,2.70407650059445,8.26041666666666));
#8992=CARTESIAN_POINT('Ctrl Pts',(-2.68126445576799,2.05740657881964,8.34375000000001));
#8993=CARTESIAN_POINT('Ctrl Pts',(-2.90183152341146,0.382033367635031,8.42708333333334));
#8994=CARTESIAN_POINT('Ctrl Pts',(-3.12239859105493,-1.29333984354957,8.51041666666669));
#8995=CARTESIAN_POINT('Ctrl Pts',(-1.78176636317089,-2.32204313295937,8.59375));
#8996=CARTESIAN_POINT('Ctrl Pts',(-0.441134135286845,-3.35074642236916,
8.67708333333332));
#8997=CARTESIAN_POINT('Ctrl Pts',(1.12006516024067,-2.70407650059434,8.76041666666663));
#8998=CARTESIAN_POINT('Ctrl Pts',(2.68126445576819,-2.05740657881953,8.84374999999995));
#8999=CARTESIAN_POINT('Ctrl Pts',(2.90183152341166,-0.382033367634924,8.92708333333328));
#9000=CARTESIAN_POINT('Ctrl Pts',(3.12239859105513,1.29333984354968,9.01041666666661));
#9001=CARTESIAN_POINT('Ctrl Pts',(1.7817663631711,2.32204313295947,9.09374999999996));
#9002=CARTESIAN_POINT('Ctrl Pts',(0.441134135287058,3.35074642236926,9.17708333333331));
#9003=CARTESIAN_POINT('Ctrl Pts',(-1.12006516024046,2.70407650059445,9.26041666666666));
#9004=CARTESIAN_POINT('Ctrl Pts',(-2.68126445576797,2.05740657881964,9.34375000000001));
#9005=CARTESIAN_POINT('Ctrl Pts',(-2.90183152341144,0.382033367635031,9.42708333333335));
#9006=CARTESIAN_POINT('Ctrl Pts',(-3.12239859105492,-1.29333984354957,9.51041666666669));
#9007=CARTESIAN_POINT('Ctrl Pts',(-1.78176636317088,-2.32204313295937,9.59375));
#9008=CARTESIAN_POINT('Ctrl Pts',(-0.441134135286836,-3.35074642236916,
9.67708333333332));
#9009=CARTESIAN_POINT('Ctrl Pts',(1.12006516024068,-2.70407650059434,9.76041666666663));
#9010=CARTESIAN_POINT('Ctrl Pts',(2.6812644557682,-2.05740657881953,9.84374999999995));
#9011=CARTESIAN_POINT('Ctrl Pts',(2.90183152341167,-0.382033367634924,9.92708333333328));
#9012=CARTESIAN_POINT('Ctrl Pts',(3.12239859105515,1.29333984354968,10.0104166666666));
#9013=CARTESIAN_POINT('Ctrl Pts',(1.78176636317111,2.32204313295947,10.09375));
#9014=CARTESIAN_POINT('Ctrl Pts',(0.441134135287071,3.35074642236926,10.1770833333333));
#9015=CARTESIAN_POINT('Ctrl Pts',(-1.12006516024044,2.70407650059445,10.2604166666667));
#9016=CARTESIAN_POINT('Ctrl Pts',(-2.68126445576796,2.05740657881963,10.34375));
#9017=CARTESIAN_POINT('Ctrl Pts',(-2.90183152341144,0.382033367635026,10.4270833333333));
#9018=CARTESIAN_POINT('Ctrl Pts',(-3.1223985910549,-1.29333984354958,10.5104166666667));
#9019=CARTESIAN_POINT('Ctrl Pts',(-1.78176636317086,-2.32204313295937,10.59375));
#9020=CARTESIAN_POINT('Ctrl Pts',(-0.441134135286823,-3.35074642236916,
10.6770833333333));
#9021=CARTESIAN_POINT('Ctrl Pts',(1.12006516024069,-2.70407650059435,10.7604166666666));
#9022=CARTESIAN_POINT('Ctrl Pts',(2.68126445576822,-2.05740657881953,10.84375));
#9023=CARTESIAN_POINT('Ctrl Pts',(2.90183152341168,-0.382033367634929,10.9270833333333));
#9024=CARTESIAN_POINT('Ctrl Pts',(3.12239859105516,1.29333984354968,11.0104166666666));
#9025=CARTESIAN_POINT('Ctrl Pts',(1.78176636317112,2.32204313295947,11.09375));
#9026=CARTESIAN_POINT('Ctrl Pts',(0.44113413528708,3.35074642236926,11.1770833333333));
#9027=CARTESIAN_POINT('Ctrl Pts',(-1.12006516024043,2.70407650059445,11.2604166666667));
#9028=CARTESIAN_POINT('Ctrl Pts',(-2.68126445576795,2.05740657881963,11.34375));
#9029=CARTESIAN_POINT('Ctrl Pts',(-2.90183152341142,0.382033367635026,11.4270833333333));
#9030=CARTESIAN_POINT('Ctrl Pts',(-3.12239859105489,-1.29333984354958,11.5104166666667));
#9031=CARTESIAN_POINT('Ctrl Pts',(-1.78176636317085,-2.32204313295937,11.59375));
#9032=CARTESIAN_POINT('Ctrl Pts',(-0.441134135286809,-3.35074642236916,
11.6770833333333));
#9033=CARTESIAN_POINT('Ctrl Pts',(1.1200651602407,-2.70407650059435,11.7604166666666));
#9034=CARTESIAN_POINT('Ctrl Pts',(2.68126445576823,-2.05740657881953,11.84375));
#9035=CARTESIAN_POINT('Ctrl Pts',(2.90183152341169,-0.382033367634929,11.9270833333333));
#9036=CARTESIAN_POINT('Ctrl Pts',(3.12239859105516,1.29333984354968,12.0104166666666));
#9037=CARTESIAN_POINT('Ctrl Pts',(1.78176636317113,2.32204313295947,12.09375));
#9038=CARTESIAN_POINT('Ctrl Pts',(0.441134135287093,3.35074642236926,12.1770833333333));
#9039=CARTESIAN_POINT('Ctrl Pts',(-1.12006516024042,2.70407650059445,12.2604166666667));
#9040=CARTESIAN_POINT('Ctrl Pts',(-2.68126445576794,2.05740657881963,12.34375));
#9041=CARTESIAN_POINT('Ctrl Pts',(-2.90183152341141,0.382033367635026,12.4270833333333));
#9042=CARTESIAN_POINT('Ctrl Pts',(-3.12239859105488,-1.29333984354958,12.5104166666667));
#9043=CARTESIAN_POINT('Ctrl Pts',(-1.78176636317084,-2.32204313295937,12.59375));
#9044=CARTESIAN_POINT('Ctrl Pts',(-0.441134135286796,-3.35074642236916,
12.6770833333333));
#9045=CARTESIAN_POINT('Ctrl Pts',(1.12006516024072,-2.70407650059435,12.7604166666666));
#9046=CARTESIAN_POINT('Ctrl Pts',(2.68126445576824,-2.05740657881953,12.8437499999999));
#9047=CARTESIAN_POINT('Ctrl Pts',(2.90183152341171,-0.382033367634929,12.9270833333333));
#9048=CARTESIAN_POINT('Ctrl Pts',(3.12239859105518,1.29333984354968,13.0104166666666));
#9049=CARTESIAN_POINT('Ctrl Pts',(1.78176636317115,2.32204313295947,13.09375));
#9050=CARTESIAN_POINT('Ctrl Pts',(0.441134135287107,3.35074642236926,13.1770833333333));
#9051=CARTESIAN_POINT('Ctrl Pts',(-1.12006516024041,2.70407650059445,13.2604166666667));
#9052=CARTESIAN_POINT('Ctrl Pts',(-2.68126445576793,2.05740657881963,13.34375));
#9053=CARTESIAN_POINT('Ctrl Pts',(-2.9018315234114,0.382033367635026,13.4270833333333));
#9054=CARTESIAN_POINT('Ctrl Pts',(-3.12239859105487,-1.29333984354958,13.5104166666667));
#9055=CARTESIAN_POINT('Ctrl Pts',(-1.78176636317083,-2.32204313295937,13.59375));
#9056=CARTESIAN_POINT('Ctrl Pts',(-0.441134135286787,-3.35074642236916,
13.6770833333333));
#9057=CARTESIAN_POINT('Ctrl Pts',(1.12006516024072,-2.70407650059435,13.7604166666666));
#9058=CARTESIAN_POINT('Ctrl Pts',(2.68126445576825,-2.05740657881953,13.8437499999999));
#9059=CARTESIAN_POINT('Ctrl Pts',(2.90183152341172,-0.382033367634929,13.9270833333333));
#9060=CARTESIAN_POINT('Ctrl Pts',(3.12239859105519,1.29333984354968,14.0104166666666));
#9061=CARTESIAN_POINT('Ctrl Pts',(1.78176636317116,2.32204313295947,14.09375));
#9062=CARTESIAN_POINT('Ctrl Pts',(0.44113413528712,3.35074642236926,14.1770833333333));
#9063=CARTESIAN_POINT('Ctrl Pts',(-1.1200651602404,2.70407650059445,14.2604166666667));
#9064=CARTESIAN_POINT('Ctrl Pts',(-2.68126445576792,2.05740657881963,14.34375));
#9065=CARTESIAN_POINT('Ctrl Pts',(-2.90183152341139,0.382033367635026,14.4270833333333));
#9066=CARTESIAN_POINT('Ctrl Pts',(-3.12239859105486,-1.29333984354958,14.5104166666667));
#9067=CARTESIAN_POINT('Ctrl Pts',(-1.78176636317081,-2.32204313295937,14.59375));
#9068=CARTESIAN_POINT('Ctrl Pts',(-0.441134135286774,-3.35074642236916,
14.6770833333333));
#9069=CARTESIAN_POINT('Ctrl Pts',(1.12006516024074,-2.70407650059435,14.7604166666666));
#9070=CARTESIAN_POINT('Ctrl Pts',(2.68126445576826,-2.05740657881953,14.8437499999999));
#9071=CARTESIAN_POINT('Ctrl Pts',(2.90183152341173,-0.382033367634929,14.9270833333333));
#9072=CARTESIAN_POINT('Ctrl Pts',(3.1223985910552,1.29333984354968,15.0104166666666));
#9073=CARTESIAN_POINT('Ctrl Pts',(1.78176636317117,2.32204313295947,15.09375));
#9074=CARTESIAN_POINT('Ctrl Pts',(0.441134135287129,3.35074642236926,15.1770833333333));
#9075=CARTESIAN_POINT('Ctrl Pts',(-1.12006516024038,2.70407650059445,15.2604166666667));
#9076=CARTESIAN_POINT('Ctrl Pts',(-2.6812644557679,2.05740657881963,15.34375));
#9077=CARTESIAN_POINT('Ctrl Pts',(-2.90183152341137,0.382033367635026,15.4270833333333));
#9078=CARTESIAN_POINT('Ctrl Pts',(-3.12239859105484,-1.29333984354958,15.5104166666667));
#9079=CARTESIAN_POINT('Ctrl Pts',(-1.7817663631708,-2.32204313295937,15.59375));
#9080=CARTESIAN_POINT('Ctrl Pts',(-0.44113413528676,-3.35074642236916,15.6770833333333));
#9081=CARTESIAN_POINT('Ctrl Pts',(1.12006516024075,-2.70407650059435,15.7604166666666));
#9082=CARTESIAN_POINT('Ctrl Pts',(2.68126445576828,-2.05740657881953,15.8437499999999));
#9083=CARTESIAN_POINT('Ctrl Pts',(2.90183152341174,-0.382033367634929,15.9270833333333));
#9084=CARTESIAN_POINT('Ctrl Pts',(3.12239859105522,1.29333984354968,16.0104166666666));
#9085=CARTESIAN_POINT('Ctrl Pts',(1.78176636317118,2.32204313295947,16.09375));
#9086=CARTESIAN_POINT('Ctrl Pts',(0.441134135287142,3.35074642236926,16.1770833333333));
#9087=CARTESIAN_POINT('Ctrl Pts',(-1.12006516024037,2.70407650059445,16.2604166666667));
#9088=CARTESIAN_POINT('Ctrl Pts',(-2.68126445576789,2.05740657881963,16.34375));
#9089=CARTESIAN_POINT('Ctrl Pts',(-2.90183152341136,0.382033367635026,16.4270833333333));
#9090=CARTESIAN_POINT('Ctrl Pts',(-3.12239859105483,-1.29333984354958,16.5104166666667));
#9091=CARTESIAN_POINT('Ctrl Pts',(-1.78176636317079,-2.32204313295937,16.59375));
#9092=CARTESIAN_POINT('Ctrl Pts',(-0.441134135286751,-3.35074642236916,
16.6770833333333));
#9093=CARTESIAN_POINT('Ctrl Pts',(1.12006516024076,-2.70407650059435,16.7604166666666));
#9094=CARTESIAN_POINT('Ctrl Pts',(2.68126445576829,-2.05740657881953,16.84375));
#9095=CARTESIAN_POINT('Ctrl Pts',(2.90183152341176,-0.382033367634929,16.9270833333333));
#9096=CARTESIAN_POINT('Ctrl Pts',(3.12239859105523,1.29333984354968,17.0104166666666));
#9097=CARTESIAN_POINT('Ctrl Pts',(1.78176636317119,2.32204313295947,17.09375));
#9098=CARTESIAN_POINT('Ctrl Pts',(0.441134135287156,3.35074642236926,17.1770833333333));
#9099=CARTESIAN_POINT('Ctrl Pts',(-1.12006516024036,2.70407650059445,17.2604166666667));
#9100=CARTESIAN_POINT('Ctrl Pts',(-2.68126445576788,2.05740657881963,17.34375));
#9101=CARTESIAN_POINT('Ctrl Pts',(-2.90183152341135,0.382033367635026,17.4270833333333));
#9102=CARTESIAN_POINT('Ctrl Pts',(-3.12239859105482,-1.29333984354958,17.5104166666667));
#9103=CARTESIAN_POINT('Ctrl Pts',(-1.78176636317078,-2.32204313295937,17.59375));
#9104=CARTESIAN_POINT('Ctrl Pts',(-0.441134135286738,-3.35074642236916,
17.6770833333333));
#9105=CARTESIAN_POINT('Ctrl Pts',(1.12006516024077,-2.70407650059435,17.7604166666666));
#9106=CARTESIAN_POINT('Ctrl Pts',(2.6812644557683,-2.05740657881953,17.8437499999999));
#9107=CARTESIAN_POINT('Ctrl Pts',(2.90183152341177,-0.382033367634929,17.9270833333333));
#9108=CARTESIAN_POINT('Ctrl Pts',(3.12239859105524,1.29333984354968,18.0104166666666));
#9109=CARTESIAN_POINT('Ctrl Pts',(1.7817663631712,2.32204313295947,18.09375));
#9110=CARTESIAN_POINT('Ctrl Pts',(0.441134135287164,3.35074642236926,18.1770833333333));
#9111=CARTESIAN_POINT('Ctrl Pts',(-1.12006516024035,2.70407650059445,18.2604166666667));
#9112=CARTESIAN_POINT('Ctrl Pts',(-2.68126445576787,2.05740657881963,18.34375));
#9113=CARTESIAN_POINT('Ctrl Pts',(-2.90183152341134,0.382033367635026,18.4270833333333));
#9114=CARTESIAN_POINT('Ctrl Pts',(-3.12239859105481,-1.29333984354958,18.5104166666667));
#9115=CARTESIAN_POINT('Ctrl Pts',(-1.78176636317076,-2.32204313295937,18.59375));
#9116=CARTESIAN_POINT('Ctrl Pts',(-0.441134135286725,-3.35074642236916,
18.6770833333333));
#9117=CARTESIAN_POINT('Ctrl Pts',(1.12006516024079,-2.70407650059435,18.7604166666666));
#9118=CARTESIAN_POINT('Ctrl Pts',(2.68126445576831,-2.05740657881953,18.84375));
#9119=CARTESIAN_POINT('Ctrl Pts',(2.90183152341178,-0.382033367634929,18.9270833333333));
#9120=CARTESIAN_POINT('Ctrl Pts',(3.12239859105525,1.29333984354968,19.0104166666666));
#9121=CARTESIAN_POINT('Ctrl Pts',(1.78176636317122,2.32204313295947,19.09375));
#9122=CARTESIAN_POINT('Ctrl Pts',(0.441134135287178,3.35074642236926,19.1770833333333));
#9123=CARTESIAN_POINT('Ctrl Pts',(-1.12006516024034,2.70407650059445,19.2604166666667));
#9124=CARTESIAN_POINT('Ctrl Pts',(-2.68126445576785,2.05740657881963,19.34375));
#9125=CARTESIAN_POINT('Ctrl Pts',(-2.90183152341132,0.382033367635026,19.4270833333333));
#9126=CARTESIAN_POINT('Ctrl Pts',(-3.1223985910548,-1.29333984354958,19.5104166666667));
#9127=CARTESIAN_POINT('Ctrl Pts',(-1.78176636317076,-2.32204313295937,19.59375));
#9128=CARTESIAN_POINT('Ctrl Pts',(-0.441134135286716,-3.35074642236916,
19.6770833333333));
#9129=CARTESIAN_POINT('Ctrl Pts',(1.1200651602408,-2.70407650059435,19.7604166666666));
#9130=CARTESIAN_POINT('Ctrl Pts',(2.68126445576832,-2.05740657881953,19.8437499999999));
#9131=CARTESIAN_POINT('Ctrl Pts',(2.90183152341179,-0.382033367634929,19.9270833333333));
#9132=CARTESIAN_POINT('Ctrl Pts',(3.12239859105526,1.29333984354968,20.0104166666666));
#9133=CARTESIAN_POINT('Ctrl Pts',(1.78176636317123,2.32204313295947,20.09375));
#9134=CARTESIAN_POINT('Ctrl Pts',(0.441134135287191,3.35074642236926,20.1770833333333));
#9135=CARTESIAN_POINT('Ctrl Pts',(-1.12006516024032,2.70407650059445,20.2604166666667));
#9136=CARTESIAN_POINT('Ctrl Pts',(-2.68126445576784,2.05740657881963,20.34375));
#9137=CARTESIAN_POINT('Ctrl Pts',(-2.90183152341131,0.382033367635026,20.4270833333333));
#9138=CARTESIAN_POINT('Ctrl Pts',(-3.12239859105478,-1.29333984354958,20.5104166666667));
#9139=CARTESIAN_POINT('Ctrl Pts',(-1.78176636317074,-2.32204313295937,20.59375));
#9140=CARTESIAN_POINT('Ctrl Pts',(-0.441134135286703,-3.35074642236916,
20.6770833333333));
#9141=CARTESIAN_POINT('Ctrl Pts',(1.12006516024081,-2.70407650059435,20.7604166666666));
#9142=CARTESIAN_POINT('Ctrl Pts',(2.68126445576834,-2.05740657881953,20.8437499999999));
#9143=CARTESIAN_POINT('Ctrl Pts',(2.9018315234118,-0.382033367634929,20.9270833333333));
#9144=CARTESIAN_POINT('Ctrl Pts',(3.12239859105528,1.29333984354968,21.0104166666666));
#9145=CARTESIAN_POINT('Ctrl Pts',(1.78176636317124,2.32204313295947,21.09375));
#9146=CARTESIAN_POINT('Ctrl Pts',(0.441134135287204,3.35074642236926,21.1770833333333));
#9147=CARTESIAN_POINT('Ctrl Pts',(-1.12006516024031,2.70407650059445,21.2604166666667));
#9148=CARTESIAN_POINT('Ctrl Pts',(-2.68126445576783,2.05740657881963,21.34375));
#9149=CARTESIAN_POINT('Ctrl Pts',(-2.9018315234113,0.382033367635026,21.4270833333333));
#9150=CARTESIAN_POINT('Ctrl Pts',(-3.12239859105477,-1.29333984354958,21.5104166666667));
#9151=CARTESIAN_POINT('Ctrl Pts',(-1.78176636317073,-2.32204313295937,21.59375));
#9152=CARTESIAN_POINT('Ctrl Pts',(-0.441134135286689,-3.35074642236916,
21.6770833333333));
#9153=CARTESIAN_POINT('Ctrl Pts',(1.12006516024082,-2.70407650059435,21.7604166666666));
#9154=CARTESIAN_POINT('Ctrl Pts',(2.68126445576835,-2.05740657881953,21.84375));
#9155=CARTESIAN_POINT('Ctrl Pts',(2.90183152341182,-0.382033367634929,21.9270833333333));
#9156=CARTESIAN_POINT('Ctrl Pts',(3.12239859105529,1.29333984354968,22.0104166666666));
#9157=CARTESIAN_POINT('Ctrl Pts',(1.78176636317125,2.32204313295947,22.09375));
#9158=CARTESIAN_POINT('Ctrl Pts',(0.441134135287213,3.35074642236926,22.1770833333333));
#9159=CARTESIAN_POINT('Ctrl Pts',(-1.1200651602403,2.70407650059444,22.2604166666667));
#9160=CARTESIAN_POINT('Ctrl Pts',(-2.68126445576782,2.05740657881963,22.34375));
#9161=CARTESIAN_POINT('Ctrl Pts',(-2.90183152341129,0.382033367635022,22.4270833333333));
#9162=CARTESIAN_POINT('Ctrl Pts',(-3.12239859105476,-1.29333984354958,22.5104166666667));
#9163=CARTESIAN_POINT('Ctrl Pts',(-1.78176636317072,-2.32204313295937,22.59375));
#9164=CARTESIAN_POINT('Ctrl Pts',(-0.441134135286676,-3.35074642236917,
22.6770833333333));
#9165=CARTESIAN_POINT('Ctrl Pts',(1.12006516024084,-2.70407650059435,22.7604166666666));
#9166=CARTESIAN_POINT('Ctrl Pts',(2.68126445576836,-2.05740657881953,22.84375));
#9167=CARTESIAN_POINT('Ctrl Pts',(2.90183152341183,-0.382033367634933,22.9270833333333));
#9168=CARTESIAN_POINT('Ctrl Pts',(3.1223985910553,1.29333984354967,23.0104166666666));
#9169=CARTESIAN_POINT('Ctrl Pts',(1.78176636317127,2.32204313295946,23.09375));
#9170=CARTESIAN_POINT('Ctrl Pts',(0.441134135287227,3.35074642236926,23.1770833333333));
#9171=CARTESIAN_POINT('Ctrl Pts',(-1.12006516024029,2.70407650059444,23.2604166666667));
#9172=CARTESIAN_POINT('Ctrl Pts',(-2.68126445576781,2.05740657881963,23.34375));
#9173=CARTESIAN_POINT('Ctrl Pts',(-2.90183152341128,0.382033367635022,23.4270833333333));
#9174=CARTESIAN_POINT('Ctrl Pts',(-3.12239859105475,-1.29333984354958,23.5104166666667));
#9175=CARTESIAN_POINT('Ctrl Pts',(-1.78176636317071,-2.32204313295937,23.59375));
#9176=CARTESIAN_POINT('Ctrl Pts',(-0.441134135286667,-3.35074642236917,
23.6770833333333));
#9177=CARTESIAN_POINT('Ctrl Pts',(1.12006516024085,-2.70407650059435,23.7604166666666));
#9178=CARTESIAN_POINT('Ctrl Pts',(2.68126445576837,-2.05740657881953,23.8437499999999));
#9179=CARTESIAN_POINT('Ctrl Pts',(2.90183152341184,-0.382033367634933,23.9270833333333));
#9180=CARTESIAN_POINT('Ctrl Pts',(3.12239859105532,1.29333984354967,24.0104166666666));
#9181=CARTESIAN_POINT('Ctrl Pts',(1.78176636317128,2.32204313295946,24.09375));
#9182=CARTESIAN_POINT('Ctrl Pts',(0.44113413528724,3.35074642236926,24.1770833333333));
#9183=CARTESIAN_POINT('Ctrl Pts',(-1.12006516024028,2.70407650059444,24.2604166666667));
#9184=CARTESIAN_POINT('Ctrl Pts',(-2.6812644557678,2.05740657881963,24.34375));
#9185=CARTESIAN_POINT('Ctrl Pts',(-2.90183152341127,0.382033367635022,24.4270833333333));
#9186=CARTESIAN_POINT('Ctrl Pts',(-3.12239859105473,-1.29333984354958,24.5104166666667));
#9187=CARTESIAN_POINT('Ctrl Pts',(-1.78176636317069,-2.32204313295937,24.59375));
#9188=CARTESIAN_POINT('Ctrl Pts',(-0.441134135286654,-3.35074642236917,
24.6770833333333));
#9189=CARTESIAN_POINT('Ctrl Pts',(1.12006516024086,-2.70407650059435,24.7604166666666));
#9190=CARTESIAN_POINT('Ctrl Pts',(2.68126445576838,-2.05740657881953,24.8437499999999));
#9191=CARTESIAN_POINT('Ctrl Pts',(2.90183152341185,-0.382033367634933,24.9270833333333));
#9192=CARTESIAN_POINT('Ctrl Pts',(3.12239859105532,1.29333984354967,25.0104166666666));
#9193=CARTESIAN_POINT('Ctrl Pts',(1.78176636317129,2.32204313295946,25.09375));
#9194=CARTESIAN_POINT('Ctrl Pts',(0.441134135287249,3.35074642236926,25.1770833333333));
#9195=CARTESIAN_POINT('Ctrl Pts',(-1.12006516024026,2.70407650059444,25.2604166666667));
#9196=CARTESIAN_POINT('Ctrl Pts',(-2.68126445576778,2.05740657881963,25.34375));
#9197=CARTESIAN_POINT('Ctrl Pts',(-2.90183152341125,0.382033367635022,25.4270833333333));
#9198=CARTESIAN_POINT('Ctrl Pts',(-3.12239859105472,-1.29333984354958,25.5104166666667));
#9199=CARTESIAN_POINT('Ctrl Pts',(-1.78176636317068,-2.32204313295937,25.59375));
#9200=CARTESIAN_POINT('Ctrl Pts',(-0.44113413528664,-3.35074642236917,25.6770833333333));
#9201=CARTESIAN_POINT('Ctrl Pts',(1.12006516024087,-2.70407650059435,25.7604166666666));
#9202=CARTESIAN_POINT('Ctrl Pts',(2.6812644557684,-2.05740657881953,25.8437499999999));
#9203=CARTESIAN_POINT('Ctrl Pts',(2.90183152341186,-0.382033367634933,25.9270833333333));
#9204=CARTESIAN_POINT('Ctrl Pts',(3.12239859105533,1.29333984354967,26.0104166666666));
#9205=CARTESIAN_POINT('Ctrl Pts',(1.7817663631713,2.32204313295946,26.09375));
#9206=CARTESIAN_POINT('Ctrl Pts',(0.441134135287262,3.35074642236926,26.1770833333333));
#9207=CARTESIAN_POINT('Ctrl Pts',(-1.12006516024025,2.70407650059444,26.2604166666667));
#9208=CARTESIAN_POINT('Ctrl Pts',(-2.68126445576777,2.05740657881963,26.34375));
#9209=CARTESIAN_POINT('Ctrl Pts',(-2.90183152341124,0.382033367635022,26.4270833333333));
#9210=CARTESIAN_POINT('Ctrl Pts',(-3.12239859105471,-1.29333984354958,26.5104166666667));
#9211=CARTESIAN_POINT('Ctrl Pts',(-1.78176636317067,-2.32204313295937,26.59375));
#9212=CARTESIAN_POINT('Ctrl Pts',(-0.441134135286632,-3.35074642236917,
26.6770833333333));
#9213=CARTESIAN_POINT('Ctrl Pts',(1.12006516024088,-2.70407650059435,26.7604166666666));
#9214=CARTESIAN_POINT('Ctrl Pts',(2.68126445576841,-2.05740657881953,26.84375));
#9215=CARTESIAN_POINT('Ctrl Pts',(2.90183152341188,-0.382033367634933,26.9270833333333));
#9216=CARTESIAN_POINT('Ctrl Pts',(3.12239859105535,1.29333984354967,27.0104166666666));
#9217=CARTESIAN_POINT('Ctrl Pts',(1.78176636317132,2.32204313295946,27.09375));
#9218=CARTESIAN_POINT('Ctrl Pts',(0.441134135287276,3.35074642236926,27.1770833333333));
#9219=CARTESIAN_POINT('Ctrl Pts',(-1.12006516024024,2.70407650059444,27.2604166666667));
#9220=CARTESIAN_POINT('Ctrl Pts',(-2.68126445576776,2.05740657881963,27.34375));
#9221=CARTESIAN_POINT('Ctrl Pts',(-2.90183152341123,0.382033367635022,27.4270833333333));
#9222=CARTESIAN_POINT('Ctrl Pts',(-3.1223985910547,-1.29333984354958,27.5104166666667));
#9223=CARTESIAN_POINT('Ctrl Pts',(-1.78176636317066,-2.32204313295937,27.59375));
#9224=CARTESIAN_POINT('Ctrl Pts',(-0.441134135286618,-3.35074642236917,
27.6770833333333));
#9225=CARTESIAN_POINT('Ctrl Pts',(1.12006516024089,-2.70407650059435,27.7604166666666));
#9226=CARTESIAN_POINT('Ctrl Pts',(2.68126445576842,-2.05740657881953,27.84375));
#9227=CARTESIAN_POINT('Ctrl Pts',(2.90183152341189,-0.382033367634933,27.9270833333333));
#9228=CARTESIAN_POINT('Ctrl Pts',(3.12239859105536,1.29333984354967,28.0104166666666));
#9229=CARTESIAN_POINT('Ctrl Pts',(1.78176636317132,2.32204313295946,28.09375));
#9230=CARTESIAN_POINT('Ctrl Pts',(0.441134135287284,3.35074642236926,28.1770833333333));
#9231=CARTESIAN_POINT('Ctrl Pts',(-1.12006516024023,2.70407650059444,28.2604166666667));
#9232=CARTESIAN_POINT('Ctrl Pts',(-2.68126445576775,2.05740657881963,28.34375));
#9233=CARTESIAN_POINT('Ctrl Pts',(-2.90183152341122,0.382033367635022,28.4270833333333));
#9234=CARTESIAN_POINT('Ctrl Pts',(-3.12239859105469,-1.29333984354958,28.5104166666667));
#9235=CARTESIAN_POINT('Ctrl Pts',(-1.78176636317064,-2.32204313295937,28.59375));
#9236=CARTESIAN_POINT('Ctrl Pts',(-0.441134135286605,-3.35074642236917,
28.6770833333333));
#9237=CARTESIAN_POINT('Ctrl Pts',(1.12006516024091,-2.70407650059435,28.7604166666666));
#9238=CARTESIAN_POINT('Ctrl Pts',(2.68126445576843,-2.05740657881953,28.84375));
#9239=CARTESIAN_POINT('Ctrl Pts',(2.9018315234119,-0.382033367634933,28.9270833333333));
#9240=CARTESIAN_POINT('Ctrl Pts',(3.12239859105537,1.29333984354967,29.0104166666666));
#9241=CARTESIAN_POINT('Ctrl Pts',(1.78176636317134,2.32204313295946,29.09375));
#9242=CARTESIAN_POINT('Ctrl Pts',(0.441134135287298,3.35074642236926,29.1770833333333));
#9243=CARTESIAN_POINT('Ctrl Pts',(-1.12006516024022,2.70407650059444,29.2604166666667));
#9244=CARTESIAN_POINT('Ctrl Pts',(-2.68126445576773,2.05740657881963,29.34375));
#9245=CARTESIAN_POINT('Ctrl Pts',(-2.9018315234112,0.382033367635022,29.4270833333333));
#9246=CARTESIAN_POINT('Ctrl Pts',(-3.12239859105468,-1.29333984354958,29.5104166666667));
#9247=CARTESIAN_POINT('Ctrl Pts',(-1.78176636317064,-2.32204313295937,29.59375));
#9248=CARTESIAN_POINT('Ctrl Pts',(-0.441134135286592,-3.35074642236917,
29.6770833333333));
#9249=CARTESIAN_POINT('Ctrl Pts',(1.12006516024092,-2.70407650059435,29.7604166666666));
#9250=CARTESIAN_POINT('Ctrl Pts',(2.68126445576844,-2.05740657881953,29.8437499999999));
#9251=CARTESIAN_POINT('Ctrl Pts',(2.90183152341191,-0.382033367634933,29.9270833333333));
#9252=CARTESIAN_POINT('Ctrl Pts',(3.12239859105539,1.29333984354967,30.0104166666666));
#9253=CARTESIAN_POINT('Ctrl Pts',(1.78176636317135,2.32204313295946,30.09375));
#9254=CARTESIAN_POINT('Ctrl Pts',(0.441134135287311,3.35074642236926,30.1770833333333));
#9255=CARTESIAN_POINT('Ctrl Pts',(-1.1200651602402,2.70407650059444,30.2604166666667));
#9256=CARTESIAN_POINT('Ctrl Pts',(-2.68126445576772,2.05740657881963,30.34375));
#9257=CARTESIAN_POINT('Ctrl Pts',(-2.90183152341119,0.382033367635022,30.4270833333333));
#9258=CARTESIAN_POINT('Ctrl Pts',(-3.12239859105466,-1.29333984354958,30.5104166666667));
#9259=CARTESIAN_POINT('Ctrl Pts',(-1.78176636317062,-2.32204313295937,30.59375));
#9260=CARTESIAN_POINT('Ctrl Pts',(-0.441134135286583,-3.35074642236917,
30.6770833333333));
#9261=CARTESIAN_POINT('Ctrl Pts',(1.12006516024093,-2.70407650059435,30.7604166666666));
#9262=CARTESIAN_POINT('Ctrl Pts',(2.68126445576846,-2.05740657881953,30.8437499999999));
#9263=CARTESIAN_POINT('Ctrl Pts',(2.90183152341192,-0.382033367634933,30.9270833333333));
#9264=CARTESIAN_POINT('Ctrl Pts',(3.1223985910554,1.29333984354967,31.0104166666666));
#9265=CARTESIAN_POINT('Ctrl Pts',(1.78176636317136,2.32204313295946,31.09375));
#9266=CARTESIAN_POINT('Ctrl Pts',(0.441134135287324,3.35074642236926,31.1770833333333));
#9267=CARTESIAN_POINT('Ctrl Pts',(-1.12006516024019,2.70407650059444,31.2604166666667));
#9268=CARTESIAN_POINT('Ctrl Pts',(-2.68126445576771,2.05740657881963,31.34375));
#9269=CARTESIAN_POINT('Ctrl Pts',(-2.90183152341118,0.382033367635022,31.4270833333333));
#9270=CARTESIAN_POINT('Ctrl Pts',(-3.12239859105465,-1.29333984354958,31.5104166666667));
#9271=CARTESIAN_POINT('Ctrl Pts',(-1.78176636317061,-2.32204313295937,31.59375));
#9272=CARTESIAN_POINT('Ctrl Pts',(-0.441134135286569,-3.35074642236917,
31.6770833333333));
#9273=CARTESIAN_POINT('Ctrl Pts',(1.12006516024094,-2.70407650059435,31.7604166666666));
#9274=CARTESIAN_POINT('Ctrl Pts',(2.68126445576847,-2.05740657881953,31.8437499999999));
#9275=CARTESIAN_POINT('Ctrl Pts',(2.90183152341194,-0.382033367634933,31.9270833333333));
#9276=CARTESIAN_POINT('Ctrl Pts',(3.1223985910554,1.29333984354967,32.0104166666666));
#9277=CARTESIAN_POINT('Ctrl Pts',(1.78176636317137,2.32204313295946,32.09375));
#9278=CARTESIAN_POINT('Ctrl Pts',(0.441134135287333,3.35074642236926,32.1770833333333));
#9279=CARTESIAN_POINT('Ctrl Pts',(-1.12006516024018,2.70407650059444,32.2604166666667));
#9280=CARTESIAN_POINT('Ctrl Pts',(-2.6812644557677,2.05740657881963,32.34375));
#9281=CARTESIAN_POINT('Ctrl Pts',(-2.90183152341117,0.382033367635022,32.4270833333333));
#9282=CARTESIAN_POINT('Ctrl Pts',(-3.12239859105464,-1.29333984354958,32.5104166666667));
#9283=CARTESIAN_POINT('Ctrl Pts',(-1.7817663631706,-2.32204313295937,32.59375));
#9284=CARTESIAN_POINT('Ctrl Pts',(-0.441134135286556,-3.35074642236917,
32.6770833333333));
#9285=CARTESIAN_POINT('Ctrl Pts',(1.12006516024096,-2.70407650059435,32.7604166666666));
#9286=CARTESIAN_POINT('Ctrl Pts',(2.68126445576848,-2.05740657881953,32.8437499999999));
#9287=CARTESIAN_POINT('Ctrl Pts',(2.90183152341195,-0.382033367634933,32.9270833333333));
#9288=CARTESIAN_POINT('Ctrl Pts',(3.12239859105542,1.29333984354967,33.0104166666666));
#9289=CARTESIAN_POINT('Ctrl Pts',(1.78176636317139,2.32204313295946,33.09375));
#9290=CARTESIAN_POINT('Ctrl Pts',(0.441134135287347,3.35074642236926,33.1770833333333));
#9291=CARTESIAN_POINT('Ctrl Pts',(-1.12006516024017,2.70407650059444,33.2604166666667));
#9292=CARTESIAN_POINT('Ctrl Pts',(-2.68126445576769,2.05740657881963,33.34375));
#9293=CARTESIAN_POINT('Ctrl Pts',(-2.90183152341116,0.382033367635022,33.4270833333333));
#9294=CARTESIAN_POINT('Ctrl Pts',(-3.12239859105463,-1.29333984354958,33.5104166666667));
#9295=CARTESIAN_POINT('Ctrl Pts',(-1.78176636317059,-2.32204313295937,33.59375));
#9296=CARTESIAN_POINT('Ctrl Pts',(-0.441134135286547,-3.35074642236917,
33.6770833333333));
#9297=CARTESIAN_POINT('Ctrl Pts',(1.12006516024097,-2.70407650059435,33.7604166666666));
#9298=CARTESIAN_POINT('Ctrl Pts',(2.68126445576849,-2.05740657881953,33.8437499999999));
#9299=CARTESIAN_POINT('Ctrl Pts',(2.90183152341196,-0.382033367634937,33.9270833333333));
#9300=CARTESIAN_POINT('Ctrl Pts',(3.12239859105543,1.29333984354967,34.0104166666666));
#9301=CARTESIAN_POINT('Ctrl Pts',(1.7817663631714,2.32204313295946,34.09375));
#9302=CARTESIAN_POINT('Ctrl Pts',(0.44113413528736,3.35074642236925,34.1770833333333));
#9303=CARTESIAN_POINT('Ctrl Pts',(-1.12006516024016,2.70407650059444,34.2604166666667));
#9304=CARTESIAN_POINT('Ctrl Pts',(-2.68126445576768,2.05740657881962,34.34375));
#9305=CARTESIAN_POINT('Ctrl Pts',(-2.90183152341115,0.382033367635017,34.4270833333333));
#9306=CARTESIAN_POINT('Ctrl Pts',(-3.12239859105461,-1.29333984354959,34.5104166666667));
#9307=CARTESIAN_POINT('Ctrl Pts',(-1.78176636317057,-2.32204313295938,34.59375));
#9308=CARTESIAN_POINT('Ctrl Pts',(-0.441134135286534,-3.35074642236917,
34.6770833333333));
#9309=CARTESIAN_POINT('Ctrl Pts',(1.12006516024098,-2.70407650059436,34.7604166666666));
#9310=CARTESIAN_POINT('Ctrl Pts',(2.68126445576851,-2.05740657881954,34.8437499999999));
#9311=CARTESIAN_POINT('Ctrl Pts',(2.90183152341197,-0.382033367634937,34.9270833333333));
#9312=CARTESIAN_POINT('Ctrl Pts',(3.12239859105544,1.29333984354967,35.0104166666666));
#9313=CARTESIAN_POINT('Ctrl Pts',(1.78176636317141,2.32204313295946,35.09375));
#9314=CARTESIAN_POINT('Ctrl Pts',(0.441134135287369,3.35074642236925,35.1770833333333));
#9315=CARTESIAN_POINT('Ctrl Pts',(-1.12006516024014,2.70407650059444,35.2604166666667));
#9316=CARTESIAN_POINT('Ctrl Pts',(-2.68126445576766,2.05740657881962,35.34375));
#9317=CARTESIAN_POINT('Ctrl Pts',(-2.90183152341113,0.382033367635017,35.4270833333333));
#9318=CARTESIAN_POINT('Ctrl Pts',(-3.1223985910546,-1.29333984354959,35.5104166666667));
#9319=CARTESIAN_POINT('Ctrl Pts',(-1.78176636317056,-2.32204313295938,35.59375));
#9320=CARTESIAN_POINT('Ctrl Pts',(-0.441134135286521,-3.35074642236917,
35.6770833333333));
#9321=CARTESIAN_POINT('Ctrl Pts',(1.12006516024099,-2.70407650059436,35.7604166666666));
#9322=CARTESIAN_POINT('Ctrl Pts',(2.68126445576852,-2.05740657881954,35.84375));
#9323=CARTESIAN_POINT('Ctrl Pts',(2.90183152341198,-0.382033367634937,35.9270833333333));
#9324=CARTESIAN_POINT('Ctrl Pts',(3.12239859105546,1.29333984354967,36.0104166666666));
#9325=CARTESIAN_POINT('Ctrl Pts',(1.78176636317142,2.32204313295946,36.09375));
#9326=CARTESIAN_POINT('Ctrl Pts',(0.441134135287382,3.35074642236925,36.1770833333333));
#9327=CARTESIAN_POINT('Ctrl Pts',(-1.12006516024013,2.70407650059444,36.2604166666667));
#9328=CARTESIAN_POINT('Ctrl Pts',(-2.68126445576765,2.05740657881962,36.34375));
#9329=CARTESIAN_POINT('Ctrl Pts',(-2.90183152341112,0.382033367635017,36.4270833333333));
#9330=CARTESIAN_POINT('Ctrl Pts',(-3.12239859105459,-1.29333984354959,36.5104166666667));
#9331=CARTESIAN_POINT('Ctrl Pts',(-1.78176636317055,-2.32204313295938,36.59375));
#9332=CARTESIAN_POINT('Ctrl Pts',(-0.441134135286512,-3.35074642236917,
36.6770833333333));
#9333=CARTESIAN_POINT('Ctrl Pts',(1.120065160241,-2.70407650059436,36.7604166666666));
#9334=CARTESIAN_POINT('Ctrl Pts',(2.68126445576853,-2.05740657881954,36.8437499999999));
#9335=CARTESIAN_POINT('Ctrl Pts',(2.901831523412,-0.382033367634937,36.9270833333333));
#9336=CARTESIAN_POINT('Ctrl Pts',(3.12239859105547,1.29333984354967,37.0104166666666));
#9337=CARTESIAN_POINT('Ctrl Pts',(1.78176636317144,2.32204313295946,37.09375));
#9338=CARTESIAN_POINT('Ctrl Pts',(0.441134135287395,3.35074642236925,37.1770833333333));
#9339=CARTESIAN_POINT('Ctrl Pts',(-1.12006516024012,2.70407650059444,37.2604166666667));
#9340=CARTESIAN_POINT('Ctrl Pts',(-2.68126445576764,2.05740657881962,37.34375));
#9341=CARTESIAN_POINT('Ctrl Pts',(-2.90183152341111,0.382033367635017,37.4270833333333));
#9342=CARTESIAN_POINT('Ctrl Pts',(-3.12239859105458,-1.29333984354959,37.5104166666667));
#9343=CARTESIAN_POINT('Ctrl Pts',(-1.78176636317054,-2.32204313295938,37.59375));
#9344=CARTESIAN_POINT('Ctrl Pts',(-0.441134135286498,-3.35074642236917,
37.6770833333333));
#9345=CARTESIAN_POINT('Ctrl Pts',(1.12006516024101,-2.70407650059436,37.7604166666666));
#9346=CARTESIAN_POINT('Ctrl Pts',(2.68126445576854,-2.05740657881954,37.8437499999999));
#9347=CARTESIAN_POINT('Ctrl Pts',(2.90183152341201,-0.382033367634937,37.9270833333333));
#9348=CARTESIAN_POINT('Ctrl Pts',(3.12239859105548,1.29333984354967,38.0104166666666));
#9349=CARTESIAN_POINT('Ctrl Pts',(1.78176636317144,2.32204313295946,38.09375));
#9350=CARTESIAN_POINT('Ctrl Pts',(0.441134135287409,3.35074642236925,38.1770833333333));
#9351=CARTESIAN_POINT('Ctrl Pts',(-1.12006516024011,2.70407650059444,38.2604166666667));
#9352=CARTESIAN_POINT('Ctrl Pts',(-2.68126445576763,2.05740657881962,38.34375));
#9353=CARTESIAN_POINT('Ctrl Pts',(-2.9018315234111,0.382033367635017,38.4270833333333));
#9354=CARTESIAN_POINT('Ctrl Pts',(-3.12239859105457,-1.29333984354959,38.5104166666667));
#9355=CARTESIAN_POINT('Ctrl Pts',(-1.78176636317052,-2.32204313295938,38.59375));
#9356=CARTESIAN_POINT('Ctrl Pts',(-0.441134135286485,-3.35074642236917,
38.6770833333333));
#9357=CARTESIAN_POINT('Ctrl Pts',(1.12006516024103,-2.70407650059436,38.7604166666666));
#9358=CARTESIAN_POINT('Ctrl Pts',(2.68126445576855,-2.05740657881954,38.8437499999999));
#9359=CARTESIAN_POINT('Ctrl Pts',(2.90183152341202,-0.382033367634937,38.9270833333333));
#9360=CARTESIAN_POINT('Ctrl Pts',(3.12239859105549,1.29333984354967,39.0104166666666));
#9361=CARTESIAN_POINT('Ctrl Pts',(1.78176636317146,2.32204313295946,39.09375));
#9362=CARTESIAN_POINT('Ctrl Pts',(0.441134135287418,3.35074642236925,39.1770833333333));
#9363=CARTESIAN_POINT('Ctrl Pts',(-1.1200651602401,2.70407650059444,39.2604166666667));
#9364=CARTESIAN_POINT('Ctrl Pts',(-2.68126445576761,2.05740657881962,39.34375));
#9365=CARTESIAN_POINT('Ctrl Pts',(-2.90183152341108,0.382033367635017,39.4270833333333));
#9366=CARTESIAN_POINT('Ctrl Pts',(-3.12239859105456,-1.29333984354959,39.5104166666667));
#9367=CARTESIAN_POINT('Ctrl Pts',(-1.78176636317052,-2.32204313295938,39.59375));
#9368=CARTESIAN_POINT('Ctrl Pts',(-0.441134135286472,-3.35074642236917,
39.6770833333333));
#9369=CARTESIAN_POINT('Ctrl Pts',(1.12006516024104,-2.70407650059436,39.7604166666666));
#9370=CARTESIAN_POINT('Ctrl Pts',(2.68126445576856,-2.05740657881954,39.8437499999999));
#9371=CARTESIAN_POINT('Ctrl Pts',(2.90183152341203,-0.382033367634937,39.9270833333333));
#9372=CARTESIAN_POINT('Ctrl Pts',(3.1223985910555,1.29333984354967,40.0104166666666));
#9373=CARTESIAN_POINT('Ctrl Pts',(1.78176636317147,2.32204313295946,40.09375));
#9374=CARTESIAN_POINT('Ctrl Pts',(0.441134135287431,3.35074642236925,40.1770833333333));
#9375=CARTESIAN_POINT('Ctrl Pts',(-1.12006516024008,2.70407650059444,40.2604166666667));
#9376=CARTESIAN_POINT('Ctrl Pts',(-2.6812644557676,2.05740657881962,40.34375));
#9377=CARTESIAN_POINT('Ctrl Pts',(-2.90183152341107,0.382033367635017,40.4270833333333));
#9378=CARTESIAN_POINT('Ctrl Pts',(-3.12239859105454,-1.29333984354959,40.5104166666667));
#9379=CARTESIAN_POINT('Ctrl Pts',(-1.7817663631705,-2.32204313295938,40.59375));
#9380=CARTESIAN_POINT('Ctrl Pts',(-0.441134135286463,-3.35074642236917,
40.6770833333333));
#9381=CARTESIAN_POINT('Ctrl Pts',(1.12006516024105,-2.70407650059436,40.7604166666666));
#9382=CARTESIAN_POINT('Ctrl Pts',(2.68126445576858,-2.05740657881954,40.8437499999999));
#9383=CARTESIAN_POINT('Ctrl Pts',(2.90183152341204,-0.382033367634937,40.9270833333333));
#9384=CARTESIAN_POINT('Ctrl Pts',(3.12239859105552,1.29333984354967,41.0104166666666));
#9385=CARTESIAN_POINT('Ctrl Pts',(1.78176636317148,2.32204313295946,41.09375));
#9386=CARTESIAN_POINT('Ctrl Pts',(0.441134135287444,3.35074642236925,41.1770833333333));
#9387=CARTESIAN_POINT('Ctrl Pts',(-1.12006516024007,2.70407650059444,41.2604166666667));
#9388=CARTESIAN_POINT('Ctrl Pts',(-2.68126445576759,2.05740657881962,41.34375));
#9389=CARTESIAN_POINT('Ctrl Pts',(-2.90183152341106,0.382033367635017,41.4270833333333));
#9390=CARTESIAN_POINT('Ctrl Pts',(-3.12239859105453,-1.29333984354959,41.5104166666667));
#9391=CARTESIAN_POINT('Ctrl Pts',(-1.78176636317049,-2.32204313295938,41.59375));
#9392=CARTESIAN_POINT('Ctrl Pts',(-0.44113413528645,-3.35074642236917,41.6770833333333));
#9393=CARTESIAN_POINT('Ctrl Pts',(1.12006516024106,-2.70407650059436,41.7604166666666));
#9394=CARTESIAN_POINT('Ctrl Pts',(2.68126445576859,-2.05740657881954,41.84375));
#9395=CARTESIAN_POINT('Ctrl Pts',(2.90183152341206,-0.382033367634937,41.9270833333333));
#9396=CARTESIAN_POINT('Ctrl Pts',(3.12239859105553,1.29333984354967,42.0104166666666));
#9397=CARTESIAN_POINT('Ctrl Pts',(1.78176636317149,2.32204313295946,42.09375));
#9398=CARTESIAN_POINT('Ctrl Pts',(0.441134135287453,3.35074642236925,42.1770833333333));
#9399=CARTESIAN_POINT('Ctrl Pts',(-1.12006516024006,2.70407650059444,42.2604166666667));
#9400=CARTESIAN_POINT('Ctrl Pts',(-2.68126445576758,2.05740657881962,42.34375));
#9401=CARTESIAN_POINT('Ctrl Pts',(-2.90183152341105,0.382033367635017,42.4270833333333));
#9402=CARTESIAN_POINT('Ctrl Pts',(-3.12239859105452,-1.29333984354959,42.5104166666667));
#9403=CARTESIAN_POINT('Ctrl Pts',(-1.78176636317048,-2.32204313295938,42.59375));
#9404=CARTESIAN_POINT('Ctrl Pts',(-0.441134135286436,-3.35074642236917,
42.6770833333333));
#9405=CARTESIAN_POINT('Ctrl Pts',(1.12006516024107,-2.70407650059436,42.7604166666666));
#9406=CARTESIAN_POINT('Ctrl Pts',(2.6812644557686,-2.05740657881954,42.8437499999999));
#9407=CARTESIAN_POINT('Ctrl Pts',(2.90183152341207,-0.382033367634937,42.9270833333333));
#9408=CARTESIAN_POINT('Ctrl Pts',(3.12239859105554,1.29333984354967,43.0104166666666));
#9409=CARTESIAN_POINT('Ctrl Pts',(1.78176636317151,2.32204313295946,43.09375));
#9410=CARTESIAN_POINT('Ctrl Pts',(0.441134135287466,3.35074642236925,43.1770833333333));
#9411=CARTESIAN_POINT('Ctrl Pts',(-1.12006516024005,2.70407650059444,43.2604166666667));
#9412=CARTESIAN_POINT('Ctrl Pts',(-2.68126445576756,2.05740657881962,43.34375));
#9413=CARTESIAN_POINT('Ctrl Pts',(-2.90183152341104,0.382033367635017,43.4270833333333));
#9414=CARTESIAN_POINT('Ctrl Pts',(-3.12239859105451,-1.29333984354959,43.5104166666667));
#9415=CARTESIAN_POINT('Ctrl Pts',(-1.78176636317047,-2.32204313295938,43.59375));
#9416=CARTESIAN_POINT('Ctrl Pts',(-0.441134135286427,-3.35074642236917,
43.6770833333333));
#9417=CARTESIAN_POINT('Ctrl Pts',(1.12006516024109,-2.70407650059436,43.7604166666666));
#9418=CARTESIAN_POINT('Ctrl Pts',(2.68126445576861,-2.05740657881954,43.84375));
#9419=CARTESIAN_POINT('Ctrl Pts',(2.90183152341208,-0.382033367634937,43.9270833333333));
#9420=CARTESIAN_POINT('Ctrl Pts',(3.12239859105556,1.29333984354967,44.0104166666666));
#9421=CARTESIAN_POINT('Ctrl Pts',(1.78176636317152,2.32204313295946,44.09375));
#9422=CARTESIAN_POINT('Ctrl Pts',(0.44113413528748,3.35074642236925,44.1770833333333));
#9423=CARTESIAN_POINT('Ctrl Pts',(-1.12006516024004,2.70407650059444,44.2604166666667));
#9424=CARTESIAN_POINT('Ctrl Pts',(-2.68126445576756,2.05740657881962,44.34375));
#9425=CARTESIAN_POINT('Ctrl Pts',(-2.90183152341103,0.382033367635017,44.4270833333333));
#9426=CARTESIAN_POINT('Ctrl Pts',(-3.12239859105449,-1.29333984354959,44.5104166666667));
#9427=CARTESIAN_POINT('Ctrl Pts',(-1.78176636317045,-2.32204313295938,44.59375));
#9428=CARTESIAN_POINT('Ctrl Pts',(-0.441134135286414,-3.35074642236917,
44.6770833333333));
#9429=CARTESIAN_POINT('Ctrl Pts',(1.1200651602411,-2.70407650059436,44.7604166666666));
#9430=CARTESIAN_POINT('Ctrl Pts',(2.68126445576863,-2.05740657881954,44.8437499999999));
#9431=CARTESIAN_POINT('Ctrl Pts',(2.90183152341209,-0.382033367634937,44.9270833333333));
#9432=CARTESIAN_POINT('Ctrl Pts',(3.12239859105556,1.29333984354967,45.0104166666666));
#9433=CARTESIAN_POINT('Ctrl Pts',(1.78176636317153,2.32204313295946,45.09375));
#9434=CARTESIAN_POINT('Ctrl Pts',(0.441134135287489,3.35074642236925,45.1770833333333));
#9435=CARTESIAN_POINT('Ctrl Pts',(-1.12006516024002,2.70407650059444,45.2604166666667));
#9436=CARTESIAN_POINT('Ctrl Pts',(-2.68126445576754,2.05740657881962,45.34375));
#9437=CARTESIAN_POINT('Ctrl Pts',(-2.90183152341101,0.382033367635017,45.4270833333334));
#9438=CARTESIAN_POINT('Ctrl Pts',(-3.12239859105448,-1.29333984354959,45.5104166666667));
#9439=CARTESIAN_POINT('Ctrl Pts',(-1.78176636317044,-2.32204313295938,45.59375));
#9440=CARTESIAN_POINT('Ctrl Pts',(-0.441134135286401,-3.35074642236917,
45.6770833333333));
#9441=CARTESIAN_POINT('Ctrl Pts',(1.12006516024111,-2.70407650059436,45.7604166666666));
#9442=CARTESIAN_POINT('Ctrl Pts',(2.68126445576863,-2.05740657881954,45.8437499999999));
#9443=CARTESIAN_POINT('Ctrl Pts',(2.90183152341211,-0.382033367634942,45.9270833333333));
#9444=CARTESIAN_POINT('Ctrl Pts',(3.12239859105557,1.29333984354966,46.0104166666666));
#9445=CARTESIAN_POINT('Ctrl Pts',(1.78176636317154,2.32204313295945,46.09375));
#9446=CARTESIAN_POINT('Ctrl Pts',(0.441134135287502,3.35074642236925,46.1770833333333));
#9447=CARTESIAN_POINT('Ctrl Pts',(-1.12006516024001,2.70407650059443,46.2604166666667));
#9448=CARTESIAN_POINT('Ctrl Pts',(-2.68126445576753,2.05740657881962,46.34375));
#9449=CARTESIAN_POINT('Ctrl Pts',(-2.901831523411,0.382033367635013,46.4270833333333));
#9450=CARTESIAN_POINT('Ctrl Pts',(-3.12239859105447,-1.29333984354959,46.5104166666667));
#9451=CARTESIAN_POINT('Ctrl Pts',(-1.78176636317043,-2.32204313295938,46.59375));
#9452=CARTESIAN_POINT('Ctrl Pts',(-0.441134135286387,-3.35074642236918,
46.6770833333333));
#9453=CARTESIAN_POINT('Ctrl Pts',(1.12006516024112,-2.70407650059436,46.7604166666666));
#9454=CARTESIAN_POINT('Ctrl Pts',(2.68126445576865,-2.05740657881954,46.8437499999999));
#9455=CARTESIAN_POINT('Ctrl Pts',(2.90183152341212,-0.382033367634942,46.9270833333333));
#9456=CARTESIAN_POINT('Ctrl Pts',(3.12239859105559,1.29333984354966,47.0104166666666));
#9457=CARTESIAN_POINT('Ctrl Pts',(1.78176636317156,2.32204313295945,47.09375));
#9458=CARTESIAN_POINT('Ctrl Pts',(0.441134135287515,3.35074642236925,47.1770833333333));
#9459=CARTESIAN_POINT('Ctrl Pts',(-1.12006516024,2.70407650059443,47.2604166666667));
#9460=CARTESIAN_POINT('Ctrl Pts',(-2.68126445576752,2.05740657881962,47.34375));
#9461=CARTESIAN_POINT('Ctrl Pts',(-2.90183152341099,0.382033367635013,47.4270833333333));
#9462=CARTESIAN_POINT('Ctrl Pts',(-3.12239859105446,-1.29333984354959,47.5104166666667));
#9463=CARTESIAN_POINT('Ctrl Pts',(-1.78176636317042,-2.32204313295938,47.59375));
#9464=CARTESIAN_POINT('Ctrl Pts',(-0.441134135286378,-3.35074642236918,
47.6770833333333));
#9465=CARTESIAN_POINT('Ctrl Pts',(1.12006516024113,-2.70407650059436,47.7604166666666));
#9466=CARTESIAN_POINT('Ctrl Pts',(2.68126445576866,-2.05740657881954,47.8437499999999));
#9467=CARTESIAN_POINT('Ctrl Pts',(2.90183152341213,-0.382033367634942,47.9270833333333));
#9468=CARTESIAN_POINT('Ctrl Pts',(3.1223985910556,1.29333984354966,48.0104166666666));
#9469=CARTESIAN_POINT('Ctrl Pts',(1.78176636317156,2.32204313295945,48.09375));
#9470=CARTESIAN_POINT('Ctrl Pts',(0.441134135287529,3.35074642236925,48.1770833333333));
#9471=CARTESIAN_POINT('Ctrl Pts',(-1.12006516023999,2.70407650059443,48.2604166666667));
#9472=CARTESIAN_POINT('Ctrl Pts',(-2.68126445576751,2.05740657881962,48.34375));
#9473=CARTESIAN_POINT('Ctrl Pts',(-2.90183152341098,0.382033367635013,48.4270833333333));
#9474=CARTESIAN_POINT('Ctrl Pts',(-3.12239859105444,-1.29333984354959,48.5104166666667));
#9475=CARTESIAN_POINT('Ctrl Pts',(-1.78176636317041,-2.32204313295938,48.59375));
#9476=CARTESIAN_POINT('Ctrl Pts',(-0.441134135286365,-3.35074642236918,
48.6770833333333));
#9477=CARTESIAN_POINT('Ctrl Pts',(1.12006516024115,-2.70407650059436,48.7604166666666));
#9478=CARTESIAN_POINT('Ctrl Pts',(2.68126445576867,-2.05740657881954,48.8437499999999));
#9479=CARTESIAN_POINT('Ctrl Pts',(2.90183152341214,-0.382033367634942,48.9270833333333));
#9480=CARTESIAN_POINT('Ctrl Pts',(3.12239859105561,1.29333984354966,49.0104166666666));
#9481=CARTESIAN_POINT('Ctrl Pts',(1.78176636317158,2.32204313295945,49.09375));
#9482=CARTESIAN_POINT('Ctrl Pts',(0.441134135287538,3.35074642236925,49.1770833333333));
#9483=CARTESIAN_POINT('Ctrl Pts',(-1.12006516023997,2.70407650059443,49.2604166666667));
#9484=CARTESIAN_POINT('Ctrl Pts',(-2.68126445576749,2.05740657881962,49.34375));
#9485=CARTESIAN_POINT('Ctrl Pts',(-2.90183152341096,0.382033367635013,49.4270833333333));
#9486=CARTESIAN_POINT('Ctrl Pts',(-3.12239859105444,-1.29333984354959,49.5104166666667));
#9487=CARTESIAN_POINT('Ctrl Pts',(-1.7817663631704,-2.32204313295938,49.59375));
#9488=CARTESIAN_POINT('Ctrl Pts',(-0.441134135286352,-3.35074642236918,
49.6770833333333));
#9489=CARTESIAN_POINT('Ctrl Pts',(1.12006516024116,-2.70407650059436,49.7604166666666));
#9490=CARTESIAN_POINT('Ctrl Pts',(2.68126445576868,-2.05740657881954,49.8437499999999));
#9491=CARTESIAN_POINT('Ctrl Pts',(2.90183152341215,-0.382033367634942,49.9270833333333));
#9492=CARTESIAN_POINT('Ctrl Pts',(3.12239859105563,1.29333984354966,50.0104166666666));
#9493=CARTESIAN_POINT('Ctrl Pts',(1.78176636317159,2.32204313295945,50.09375));
#9494=CARTESIAN_POINT('Ctrl Pts',(0.441134135287551,3.35074642236925,50.1770833333333));
#9495=CARTESIAN_POINT('Ctrl Pts',(-1.12006516023996,2.70407650059443,50.2604166666667));
#9496=CARTESIAN_POINT('Ctrl Pts',(-2.68126445576748,2.05740657881962,50.34375));
#9497=CARTESIAN_POINT('Ctrl Pts',(-2.90183152341095,0.382033367635013,50.4270833333333));
#9498=CARTESIAN_POINT('Ctrl Pts',(-3.12239859105442,-1.29333984354959,50.5104166666667));
#9499=CARTESIAN_POINT('Ctrl Pts',(-1.78176636317038,-2.32204313295938,50.59375));
#9500=CARTESIAN_POINT('Ctrl Pts',(-0.441134135286343,-3.35074642236918,
50.6770833333333));
#9501=CARTESIAN_POINT('Ctrl Pts',(1.12006516024117,-2.70407650059436,50.7604166666666));
#9502=CARTESIAN_POINT('Ctrl Pts',(2.6812644557687,-2.05740657881954,50.8437499999999));
#9503=CARTESIAN_POINT('Ctrl Pts',(2.90183152341216,-0.382033367634942,50.9270833333333));
#9504=CARTESIAN_POINT('Ctrl Pts',(3.12239859105564,1.29333984354966,51.0104166666666));
#9505=CARTESIAN_POINT('Ctrl Pts',(1.7817663631716,2.32204313295945,51.09375));
#9506=CARTESIAN_POINT('Ctrl Pts',(0.441134135287564,3.35074642236925,51.1770833333333));
#9507=CARTESIAN_POINT('Ctrl Pts',(-1.12006516023995,2.70407650059443,51.2604166666667));
#9508=CARTESIAN_POINT('Ctrl Pts',(-2.68126445576747,2.05740657881962,51.34375));
#9509=CARTESIAN_POINT('Ctrl Pts',(-2.90183152341094,0.382033367635013,51.4270833333333));
#9510=CARTESIAN_POINT('Ctrl Pts',(-3.12239859105441,-1.29333984354959,51.5104166666667));
#9511=CARTESIAN_POINT('Ctrl Pts',(-1.78176636317037,-2.32204313295938,51.59375));
#9512=CARTESIAN_POINT('Ctrl Pts',(-0.44113413528633,-3.35074642236918,51.6770833333333));
#9513=CARTESIAN_POINT('Ctrl Pts',(1.12006516024118,-2.70407650059436,51.7604166666666));
#9514=CARTESIAN_POINT('Ctrl Pts',(2.68126445576871,-2.05740657881954,51.8437499999999));
#9515=CARTESIAN_POINT('Ctrl Pts',(2.90183152341218,-0.382033367634942,51.9270833333333));
#9516=CARTESIAN_POINT('Ctrl Pts',(3.12239859105564,1.29333984354966,52.0104166666666));
#9517=CARTESIAN_POINT('Ctrl Pts',(1.78176636317161,2.32204313295945,52.09375));
#9518=CARTESIAN_POINT('Ctrl Pts',(0.441134135287573,3.35074642236925,52.1770833333333));
#9519=CARTESIAN_POINT('Ctrl Pts',(-1.12006516023994,2.70407650059443,52.2604166666667));
#9520=CARTESIAN_POINT('Ctrl Pts',(-2.68126445576746,2.05740657881962,52.34375));
#9521=CARTESIAN_POINT('Ctrl Pts',(-2.90183152341093,0.382033367635013,52.4270833333333));
#9522=CARTESIAN_POINT('Ctrl Pts',(-3.1223985910544,-1.29333984354959,52.5104166666667));
#9523=CARTESIAN_POINT('Ctrl Pts',(-1.78176636317036,-2.32204313295938,52.59375));
#9524=CARTESIAN_POINT('Ctrl Pts',(-0.441134135286316,-3.35074642236918,
52.6770833333333));
#9525=CARTESIAN_POINT('Ctrl Pts',(1.12006516024119,-2.70407650059436,52.7604166666666));
#9526=CARTESIAN_POINT('Ctrl Pts',(2.68126445576872,-2.05740657881954,52.8437499999999));
#9527=CARTESIAN_POINT('Ctrl Pts',(2.90183152341219,-0.382033367634942,52.9270833333333));
#9528=CARTESIAN_POINT('Ctrl Pts',(3.12239859105566,1.29333984354966,53.0104166666666));
#9529=CARTESIAN_POINT('Ctrl Pts',(1.78176636317163,2.32204313295945,53.09375));
#9530=CARTESIAN_POINT('Ctrl Pts',(0.441134135287586,3.35074642236925,53.1770833333333));
#9531=CARTESIAN_POINT('Ctrl Pts',(-1.12006516023993,2.70407650059443,53.2604166666667));
#9532=CARTESIAN_POINT('Ctrl Pts',(-2.68126445576744,2.05740657881962,53.34375));
#9533=CARTESIAN_POINT('Ctrl Pts',(-2.90183152341092,0.382033367635013,53.4270833333333));
#9534=CARTESIAN_POINT('Ctrl Pts',(-3.12239859105439,-1.29333984354959,53.5104166666667));
#9535=CARTESIAN_POINT('Ctrl Pts',(-1.78176636317035,-2.32204313295938,53.59375));
#9536=CARTESIAN_POINT('Ctrl Pts',(-0.441134135286303,-3.35074642236918,
53.6770833333333));
#9537=CARTESIAN_POINT('Ctrl Pts',(1.12006516024121,-2.70407650059436,53.7604166666666));
#9538=CARTESIAN_POINT('Ctrl Pts',(2.68126445576873,-2.05740657881954,53.8437499999999));
#9539=CARTESIAN_POINT('Ctrl Pts',(2.9018315234122,-0.382033367634942,53.9270833333333));
#9540=CARTESIAN_POINT('Ctrl Pts',(3.12239859105567,1.29333984354966,54.0104166666666));
#9541=CARTESIAN_POINT('Ctrl Pts',(1.78176636317164,2.32204313295945,54.09375));
#9542=CARTESIAN_POINT('Ctrl Pts',(0.4411341352876,3.35074642236925,54.1770833333333));
#9543=CARTESIAN_POINT('Ctrl Pts',(-1.12006516023992,2.70407650059443,54.2604166666667));
#9544=CARTESIAN_POINT('Ctrl Pts',(-2.68126445576744,2.05740657881962,54.34375));
#9545=CARTESIAN_POINT('Ctrl Pts',(-2.9018315234109,0.382033367635013,54.4270833333333));
#9546=CARTESIAN_POINT('Ctrl Pts',(-3.12239859105437,-1.29333984354959,54.5104166666667));
#9547=CARTESIAN_POINT('Ctrl Pts',(-1.78176636317033,-2.32204313295938,54.59375));
#9548=CARTESIAN_POINT('Ctrl Pts',(-0.441134135286294,-3.35074642236918,
54.6770833333333));
#9549=CARTESIAN_POINT('Ctrl Pts',(1.12006516024122,-2.70407650059436,54.7604166666666));
#9550=CARTESIAN_POINT('Ctrl Pts',(2.68126445576875,-2.05740657881954,54.8437499999999));
#9551=CARTESIAN_POINT('Ctrl Pts',(2.90183152341221,-0.382033367634942,54.9270833333333));
#9552=CARTESIAN_POINT('Ctrl Pts',(3.12239859105569,1.29333984354966,55.0104166666666));
#9553=CARTESIAN_POINT('Ctrl Pts',(1.78176636317165,2.32204313295945,55.09375));
#9554=CARTESIAN_POINT('Ctrl Pts',(0.441134135287613,3.35074642236925,55.1770833333333));
#9555=CARTESIAN_POINT('Ctrl Pts',(-1.1200651602399,2.70407650059443,55.2604166666667));
#9556=CARTESIAN_POINT('Ctrl Pts',(-2.68126445576742,2.05740657881962,55.34375));
#9557=CARTESIAN_POINT('Ctrl Pts',(-2.90183152341089,0.382033367635013,55.4270833333333));
#9558=CARTESIAN_POINT('Ctrl Pts',(-3.12239859105437,-1.29333984354959,55.5104166666667));
#9559=CARTESIAN_POINT('Ctrl Pts',(-1.78176636317032,-2.32204313295938,55.59375));
#9560=CARTESIAN_POINT('Ctrl Pts',(-0.441134135286281,-3.35074642236918,
55.6770833333333));
#9561=CARTESIAN_POINT('Ctrl Pts',(1.12006516024123,-2.70407650059436,55.7604166666666));
#9562=CARTESIAN_POINT('Ctrl Pts',(2.68126445576875,-2.05740657881954,55.8437499999999));
#9563=CARTESIAN_POINT('Ctrl Pts',(2.90183152341223,-0.382033367634942,55.9270833333333));
#9564=CARTESIAN_POINT('Ctrl Pts',(3.1223985910557,1.29333984354966,56.0104166666666));
#9565=CARTESIAN_POINT('Ctrl Pts',(1.78176636317166,2.32204313295945,56.09375));
#9566=CARTESIAN_POINT('Ctrl Pts',(0.441134135287622,3.35074642236925,56.1770833333333));
#9567=CARTESIAN_POINT('Ctrl Pts',(-1.12006516023989,2.70407650059443,56.2604166666667));
#9568=CARTESIAN_POINT('Ctrl Pts',(-2.68126445576741,2.05740657881962,56.34375));
#9569=CARTESIAN_POINT('Ctrl Pts',(-2.90183152341088,0.382033367635013,56.4270833333333));
#9570=CARTESIAN_POINT('Ctrl Pts',(-3.12239859105435,-1.29333984354959,56.5104166666667));
#9571=CARTESIAN_POINT('Ctrl Pts',(-1.78176636317031,-2.32204313295938,56.59375));
#9572=CARTESIAN_POINT('Ctrl Pts',(-0.441134135286267,-3.35074642236918,
56.6770833333333));
#9573=CARTESIAN_POINT('Ctrl Pts',(1.12006516024124,-2.70407650059436,56.7604166666666));
#9574=CARTESIAN_POINT('Ctrl Pts',(2.68126445576877,-2.05740657881954,56.8437499999999));
#9575=CARTESIAN_POINT('Ctrl Pts',(2.90183152341223,-0.382033367634942,56.9270833333333));
#9576=CARTESIAN_POINT('Ctrl Pts',(3.12239859105571,1.29333984354966,57.0104166666666));
#9577=CARTESIAN_POINT('Ctrl Pts',(1.78176636317168,2.32204313295945,57.09375));
#9578=CARTESIAN_POINT('Ctrl Pts',(0.441134135287635,3.35074642236925,57.1770833333333));
#9579=CARTESIAN_POINT('Ctrl Pts',(-1.12006516023988,2.70407650059443,57.2604166666667));
#9580=CARTESIAN_POINT('Ctrl Pts',(-2.6812644557674,2.05740657881962,57.34375));
#9581=CARTESIAN_POINT('Ctrl Pts',(-2.90183152341087,0.382033367635013,57.4270833333333));
#9582=CARTESIAN_POINT('Ctrl Pts',(-3.12239859105434,-1.2933398435496,57.5104166666667));
#9583=CARTESIAN_POINT('Ctrl Pts',(-1.7817663631703,-2.32204313295939,57.59375));
#9584=CARTESIAN_POINT('Ctrl Pts',(-0.441134135286259,-3.35074642236918,
57.6770833333333));
#9585=CARTESIAN_POINT('Ctrl Pts',(1.12006516024126,-2.70407650059437,57.7604166666666));
#9586=CARTESIAN_POINT('Ctrl Pts',(2.68126445576878,-2.05740657881955,57.8437499999999));
#9587=CARTESIAN_POINT('Ctrl Pts',(2.90183152341225,-0.382033367634946,57.9270833333333));
#9588=CARTESIAN_POINT('Ctrl Pts',(3.12239859105572,1.29333984354966,58.0104166666666));
#9589=CARTESIAN_POINT('Ctrl Pts',(1.78176636317168,2.32204313295945,58.09375));
#9590=CARTESIAN_POINT('Ctrl Pts',(0.441134135287649,3.35074642236924,58.1770833333333));
#9591=CARTESIAN_POINT('Ctrl Pts',(-1.12006516023987,2.70407650059443,58.2604166666667));
#9592=CARTESIAN_POINT('Ctrl Pts',(-2.68126445576739,2.05740657881961,58.34375));
#9593=CARTESIAN_POINT('Ctrl Pts',(-2.90183152341086,0.382033367635009,58.4270833333333));
#9594=CARTESIAN_POINT('Ctrl Pts',(-3.12239859105433,-1.2933398435496,58.5104166666667));
#9595=CARTESIAN_POINT('Ctrl Pts',(-1.78176636317029,-2.32204313295939,58.59375));
#9596=CARTESIAN_POINT('Ctrl Pts',(-0.441134135286245,-3.35074642236918,
58.6770833333333));
#9597=CARTESIAN_POINT('Ctrl Pts',(1.12006516024127,-2.70407650059437,58.7604166666666));
#9598=CARTESIAN_POINT('Ctrl Pts',(2.68126445576879,-2.05740657881955,58.84375));
#9599=CARTESIAN_POINT('Ctrl Pts',(2.90183152341226,-0.382033367634946,58.9270833333333));
#9600=CARTESIAN_POINT('Ctrl Pts',(3.12239859105573,1.29333984354966,59.0104166666666));
#9601=CARTESIAN_POINT('Ctrl Pts',(1.7817663631717,2.32204313295945,59.09375));
#9602=CARTESIAN_POINT('Ctrl Pts',(0.441134135287657,3.35074642236924,59.1770833333333));
#9603=CARTESIAN_POINT('Ctrl Pts',(-1.12006516023985,2.70407650059443,59.2604166666667));
#9604=CARTESIAN_POINT('Ctrl Pts',(-2.68126445576737,2.05740657881961,59.34375));
#9605=CARTESIAN_POINT('Ctrl Pts',(-2.90183152341084,0.382033367635009,59.4270833333333));
#9606=CARTESIAN_POINT('Ctrl Pts',(-3.12239859105432,-1.2933398435496,59.5104166666667));
#9607=CARTESIAN_POINT('Ctrl Pts',(-1.78176636317027,-2.32204313295939,59.59375));
#9608=CARTESIAN_POINT('Ctrl Pts',(-0.441134135286232,-3.35074642236918,
59.6770833333333));
#9609=CARTESIAN_POINT('Ctrl Pts',(1.12006516024128,-2.70407650059437,59.7604166666666));
#9610=CARTESIAN_POINT('Ctrl Pts',(2.6812644557688,-2.05740657881955,59.8437499999999));
#9611=CARTESIAN_POINT('Ctrl Pts',(2.90183152341227,-0.382033367634946,59.9270833333333));
#9612=CARTESIAN_POINT('Ctrl Pts',(3.12239859105574,1.29333984354966,60.0104166666666));
#9613=CARTESIAN_POINT('Ctrl Pts',(1.78176636317171,2.32204313295945,60.09375));
#9614=CARTESIAN_POINT('Ctrl Pts',(0.441134135287671,3.35074642236924,60.1770833333333));
#9615=CARTESIAN_POINT('Ctrl Pts',(-1.12006516023984,2.70407650059443,60.2604166666667));
#9616=CARTESIAN_POINT('Ctrl Pts',(-2.68126445576736,2.05740657881961,60.34375));
#9617=CARTESIAN_POINT('Ctrl Pts',(-2.90183152341083,0.382033367635009,60.4270833333333));
#9618=CARTESIAN_POINT('Ctrl Pts',(-3.1223985910543,-1.2933398435496,60.5104166666667));
#9619=CARTESIAN_POINT('Ctrl Pts',(-1.78176636317026,-2.32204313295939,60.59375));
#9620=CARTESIAN_POINT('Ctrl Pts',(-0.441134135286223,-3.35074642236918,
60.6770833333333));
#9621=CARTESIAN_POINT('Ctrl Pts',(1.12006516024129,-2.70407650059437,60.7604166666666));
#9622=CARTESIAN_POINT('Ctrl Pts',(2.68126445576882,-2.05740657881955,60.8437499999999));
#9623=CARTESIAN_POINT('Ctrl Pts',(2.90183152341228,-0.382033367634946,60.9270833333333));
#9624=CARTESIAN_POINT('Ctrl Pts',(3.12239859105576,1.29333984354966,61.0104166666666));
#9625=CARTESIAN_POINT('Ctrl Pts',(1.78176636317172,2.32204313295945,61.09375));
#9626=CARTESIAN_POINT('Ctrl Pts',(0.441134135287684,3.35074642236924,61.1770833333333));
#9627=CARTESIAN_POINT('Ctrl Pts',(-1.12006516023983,2.70407650059443,61.2604166666667));
#9628=CARTESIAN_POINT('Ctrl Pts',(-2.68126445576735,2.05740657881961,61.34375));
#9629=CARTESIAN_POINT('Ctrl Pts',(-2.90183152341082,0.382033367635009,61.4270833333333));
#9630=CARTESIAN_POINT('Ctrl Pts',(-3.12239859105429,-1.2933398435496,61.5104166666667));
#9631=CARTESIAN_POINT('Ctrl Pts',(-1.78176636317025,-2.32204313295939,61.59375));
#9632=CARTESIAN_POINT('Ctrl Pts',(-0.44113413528621,-3.35074642236918,61.6770833333333));
#9633=CARTESIAN_POINT('Ctrl Pts',(1.1200651602413,-2.70407650059437,61.7604166666666));
#9634=CARTESIAN_POINT('Ctrl Pts',(2.68126445576883,-2.05740657881955,61.84375));
#9635=CARTESIAN_POINT('Ctrl Pts',(2.9018315234123,-0.382033367634946,61.9270833333333));
#9636=CARTESIAN_POINT('Ctrl Pts',(3.12239859105577,1.29333984354966,62.0104166666666));
#9637=CARTESIAN_POINT('Ctrl Pts',(1.78176636317173,2.32204313295945,62.09375));
#9638=CARTESIAN_POINT('Ctrl Pts',(0.441134135287697,3.35074642236924,62.1770833333333));
#9639=CARTESIAN_POINT('Ctrl Pts',(-1.12006516023982,2.70407650059443,62.2604166666667));
#9640=CARTESIAN_POINT('Ctrl Pts',(-2.68126445576734,2.05740657881961,62.34375));
#9641=CARTESIAN_POINT('Ctrl Pts',(-2.90183152341081,0.382033367635009,62.4270833333333));
#9642=CARTESIAN_POINT('Ctrl Pts',(-3.12239859105428,-1.2933398435496,62.5104166666667));
#9643=CARTESIAN_POINT('Ctrl Pts',(-1.78176636317024,-2.32204313295939,62.59375));
#9644=CARTESIAN_POINT('Ctrl Pts',(-0.441134135286196,-3.35074642236918,
62.6770833333333));
#9645=CARTESIAN_POINT('Ctrl Pts',(1.12006516024131,-2.70407650059437,62.7604166666666));
#9646=CARTESIAN_POINT('Ctrl Pts',(2.68126445576884,-2.05740657881955,62.84375));
#9647=CARTESIAN_POINT('Ctrl Pts',(2.90183152341231,-0.382033367634946,62.9270833333333));
#9648=CARTESIAN_POINT('Ctrl Pts',(3.12239859105578,1.29333984354966,63.0104166666666));
#9649=CARTESIAN_POINT('Ctrl Pts',(1.78176636317175,2.32204313295945,63.09375));
#9650=CARTESIAN_POINT('Ctrl Pts',(0.441134135287706,3.35074642236924,63.1770833333333));
#9651=CARTESIAN_POINT('Ctrl Pts',(-1.12006516023981,2.70407650059443,63.2604166666667));
#9652=CARTESIAN_POINT('Ctrl Pts',(-2.68126445576732,2.05740657881961,63.34375));
#9653=CARTESIAN_POINT('Ctrl Pts',(-2.9018315234108,0.382033367635009,63.4270833333333));
#9654=CARTESIAN_POINT('Ctrl Pts',(-3.12239859105427,-1.2933398435496,63.5104166666667));
#9655=CARTESIAN_POINT('Ctrl Pts',(-1.78176636317023,-2.32204313295939,63.59375));
#9656=CARTESIAN_POINT('Ctrl Pts',(-0.441134135286183,-3.35074642236918,
63.6770833333333));
#9657=CARTESIAN_POINT('Ctrl Pts',(1.12006516024133,-2.70407650059437,63.7604166666666));
#9658=CARTESIAN_POINT('Ctrl Pts',(2.68126445576885,-2.05740657881955,63.8437499999999));
#9659=CARTESIAN_POINT('Ctrl Pts',(2.90183152341232,-0.382033367634946,63.9270833333333));
#9660=CARTESIAN_POINT('Ctrl Pts',(3.12239859105579,1.29333984354966,64.0104166666666));
#9661=CARTESIAN_POINT('Ctrl Pts',(1.78176636317176,2.32204313295945,64.09375));
#9662=CARTESIAN_POINT('Ctrl Pts',(0.44113413528772,3.35074642236924,64.1770833333333));
#9663=CARTESIAN_POINT('Ctrl Pts',(-1.1200651602398,2.70407650059443,64.2604166666667));
#9664=CARTESIAN_POINT('Ctrl Pts',(-2.68126445576732,2.05740657881961,64.34375));
#9665=CARTESIAN_POINT('Ctrl Pts',(-2.90183152341078,0.382033367635009,64.4270833333333));
#9666=CARTESIAN_POINT('Ctrl Pts',(-3.12239859105425,-1.2933398435496,64.5104166666667));
#9667=CARTESIAN_POINT('Ctrl Pts',(-1.78176636317021,-2.32204313295939,64.59375));
#9668=CARTESIAN_POINT('Ctrl Pts',(-0.441134135286174,-3.35074642236918,
64.6770833333333));
#9669=CARTESIAN_POINT('Ctrl Pts',(1.12006516024134,-2.70407650059437,64.7604166666666));
#9670=CARTESIAN_POINT('Ctrl Pts',(2.68126445576887,-2.05740657881955,64.8437499999999));
#9671=CARTESIAN_POINT('Ctrl Pts',(2.90183152341233,-0.382033367634946,64.9270833333333));
#9672=CARTESIAN_POINT('Ctrl Pts',(3.1223985910558,1.29333984354966,65.0104166666666));
#9673=CARTESIAN_POINT('Ctrl Pts',(1.78176636317177,2.32204313295945,65.0937499999999));
#9674=CARTESIAN_POINT('Ctrl Pts',(0.441134135287733,3.35074642236924,65.1770833333333));
#9675=CARTESIAN_POINT('Ctrl Pts',(-1.12006516023978,2.70407650059443,65.2604166666667));
#9676=CARTESIAN_POINT('Ctrl Pts',(-2.6812644557673,2.05740657881961,65.34375));
#9677=CARTESIAN_POINT('Ctrl Pts',(-2.90183152341077,0.382033367635009,65.4270833333334));
#9678=CARTESIAN_POINT('Ctrl Pts',(-3.12239859105424,-1.2933398435496,65.5104166666667));
#9679=CARTESIAN_POINT('Ctrl Pts',(-1.7817663631702,-2.32204313295939,65.59375));
#9680=CARTESIAN_POINT('Ctrl Pts',(-0.441134135286161,-3.35074642236918,
65.6770833333333));
#9681=CARTESIAN_POINT('Ctrl Pts',(1.12006516024135,-2.70407650059437,65.7604166666666));
#9682=CARTESIAN_POINT('Ctrl Pts',(2.68126445576887,-2.05740657881955,65.8437499999999));
#9683=CARTESIAN_POINT('Ctrl Pts',(2.90183152341235,-0.382033367634946,65.9270833333333));
#9684=CARTESIAN_POINT('Ctrl Pts',(3.12239859105581,1.29333984354966,66.0104166666666));
#9685=CARTESIAN_POINT('Ctrl Pts',(1.78176636317178,2.32204313295945,66.09375));
#9686=CARTESIAN_POINT('',(2.8397010192464,0.0161280075265556,4.));
#9687=CARTESIAN_POINT('Ctrl Pts',(2.8397010192464,0.0161280075265546,4.));
#9688=CARTESIAN_POINT('Ctrl Pts',(2.82190506315725,-0.19449622972589,4.));
#9689=CARTESIAN_POINT('Ctrl Pts',(2.78191378365507,-0.403298440406128,3.99999999999938));
#9690=CARTESIAN_POINT('Ctrl Pts',(2.62053918981783,-0.910065381678813,3.99999999999938));
#9691=CARTESIAN_POINT('Ctrl Pts',(2.46815966100339,-1.1964063352641,4.));
#9692=CARTESIAN_POINT('Ctrl Pts',(2.05597294706768,-1.71626899423493,4.));
#9693=CARTESIAN_POINT('Ctrl Pts',(1.79404744917545,-1.9404405381019,4.));
#9694=CARTESIAN_POINT('Ctrl Pts',(1.26755974202674,-2.23865171845529,4.));
#9695=CARTESIAN_POINT('Ctrl Pts',(0.945211508368108,-2.37769725915908,4.00000000004689));
#9696=CARTESIAN_POINT('Ctrl Pts',(0.261530348464272,-2.45980650887861,4.00000000004689));
#9697=CARTESIAN_POINT('Ctrl Pts',(-0.0319726057290384,-2.44112497417172,
4.));
#9698=CARTESIAN_POINT('Ctrl Pts',(-0.508320895571675,-2.32087268707356,
4.));
#9699=CARTESIAN_POINT('Ctrl Pts',(-0.694888923513371,-2.24782821264923,
4.));
#9700=CARTESIAN_POINT('Ctrl Pts',(-1.10694409771814,-2.02322900237336,4.));
#9701=CARTESIAN_POINT('Ctrl Pts',(-1.27115188865854,-1.88230128567789,4.));
#9702=CARTESIAN_POINT('Ctrl Pts',(-1.37126205106995,-1.78706349776863,4.));
#9703=CARTESIAN_POINT('Ctrl Pts',(2.85331932419459,0.352411455716952,3.99724160570083));
#9704=CARTESIAN_POINT('Ctrl Pts',(2.8536882165125,0.240234902952501,3.99908200543341));
#9705=CARTESIAN_POINT('Ctrl Pts',(2.84915507363685,0.128021573961399,4.));
#9706=CARTESIAN_POINT('Ctrl Pts',(2.8397010192464,0.0161280075265547,4.));
#9707=CARTESIAN_POINT('',(2.84627122034018,0.112950152110599,0.));
#9708=CARTESIAN_POINT('Ctrl Pts',(2.84627122034018,0.112950152110597,0.));
#9709=CARTESIAN_POINT('Ctrl Pts',(2.85068957355823,0.199142973032997,8.98302180746787E-18));
#9710=CARTESIAN_POINT('Ctrl Pts',(2.85222193180721,0.285432529213609,-0.000557855733861896));
#9711=CARTESIAN_POINT('Ctrl Pts',(2.85087610597693,0.371659021567348,-0.00167332697897116));
#9712=CARTESIAN_POINT('Ctrl Pts',(-1.37126205107,-1.78706349776863,2.14524328781952E-16));
#9713=CARTESIAN_POINT('Ctrl Pts',(-1.24832096298472,-1.90402102725781,2.14524328781952E-16));
#9714=CARTESIAN_POINT('Ctrl Pts',(-1.03866454312161,-2.08008903883945,5.84672330040686E-13));
#9715=CARTESIAN_POINT('Ctrl Pts',(-0.446172494496011,-2.35400989652393,
5.84680082656165E-13));
#9716=CARTESIAN_POINT('Ctrl Pts',(-0.139167099147894,-2.4278550971973,7.36159086248905E-17));
#9717=CARTESIAN_POINT('Ctrl Pts',(0.421564544330151,-2.44995623587972,7.36159086248905E-17));
#9718=CARTESIAN_POINT('Ctrl Pts',(0.74088124735417,-2.42637397792534,5.79891077094691E-12));
#9719=CARTESIAN_POINT('Ctrl Pts',(1.42592076116485,-2.17060832954274,5.79891806077449E-12));
#9720=CARTESIAN_POINT('Ctrl Pts',(1.71090394312198,-1.9985757371294,4.08332751093341E-16));
#9721=CARTESIAN_POINT('Ctrl Pts',(2.21913958079595,-1.5444251893236,4.08332751093341E-16));
#9722=CARTESIAN_POINT('Ctrl Pts',(2.43202132414288,-1.26054286705138,4.72550895616439E-13));
#9723=CARTESIAN_POINT('Ctrl Pts',(2.7004755831567,-0.698768298362188,4.72557015540317E-13));
#9724=CARTESIAN_POINT('Ctrl Pts',(2.77685914394301,-0.442085408728105,-1.43614230423949E-16));
#9725=CARTESIAN_POINT('Ctrl Pts',(2.83162440418519,-0.0796890488779243,
-1.40306433211386E-16));
#9726=CARTESIAN_POINT('Ctrl Pts',(2.84132863765188,0.016530711762066,-1.44155025646944E-16));
#9727=CARTESIAN_POINT('Ctrl Pts',(2.84627122034018,0.112950152110597,-1.44155025646944E-16));
#9728=CARTESIAN_POINT('Origin',(0.,-2.,4.));
#9729=CARTESIAN_POINT('',(-3.,0.0161280075265556,4.));
#9730=CARTESIAN_POINT('',(-2.,0.0161280075265556,4.));
#9731=CARTESIAN_POINT('',(-3.,-2.98739775030888E-16,4.));
#9732=CARTESIAN_POINT('',(-3.,11.4906666467847,4.));
#9733=CARTESIAN_POINT('',(3.,0.,4.));
#9734=CARTESIAN_POINT('Origin',(0.,0.,4.));
#9735=CARTESIAN_POINT('',(3.,0.0161280075265556,4.));
#9736=CARTESIAN_POINT('',(3.,11.4906666467847,4.));
#9737=CARTESIAN_POINT('',(-2.,0.0161280075265556,4.));
#9738=CARTESIAN_POINT('Origin',(0.,-2.,20.));
#9739=CARTESIAN_POINT('',(-2.99999775202894,-0.00367257692822837,20.));
#9740=CARTESIAN_POINT('',(-2.,-0.00367257692822864,20.));
#9741=CARTESIAN_POINT('',(2.99999775202894,-0.00367257692822864,20.));
#9742=CARTESIAN_POINT('Origin',(0.,0.,20.));
#9743=CARTESIAN_POINT('',(-2.,-0.00367257692822864,20.));
#9744=CARTESIAN_POINT('Origin',(0.,-2.,16.));
#9745=CARTESIAN_POINT('',(3.,0.0650736785999806,16.));
#9746=CARTESIAN_POINT('',(-2.,0.0650736785999806,16.));
#9747=CARTESIAN_POINT('',(3.,-6.86542647133179E-17,16.));
#9748=CARTESIAN_POINT('',(3.,11.4906666467847,16.));
#9749=CARTESIAN_POINT('',(-3.,0.,16.));
#9750=CARTESIAN_POINT('Origin',(0.,0.,16.));
#9751=CARTESIAN_POINT('',(-3.,0.0650736785999806,16.));
#9752=CARTESIAN_POINT('',(-3.,11.4906666467847,16.));
#9753=CARTESIAN_POINT('',(-2.,0.0650736785999806,16.));
#9754=CARTESIAN_POINT('Origin',(0.,-2.,0.));
#9755=CARTESIAN_POINT('',(3.,0.112950152110599,0.));
#9756=CARTESIAN_POINT('',(-2.,0.112950152110599,0.));
#9757=CARTESIAN_POINT('',(3.,0.,0.));
#9758=CARTESIAN_POINT('',(3.,11.4906666467847,0.));
#9759=CARTESIAN_POINT('',(-3.,-2.98739775030888E-16,0.));
#9760=CARTESIAN_POINT('Origin',(0.,0.,0.));
#9761=CARTESIAN_POINT('',(-3.,0.112950152110599,0.));
#9762=CARTESIAN_POINT('',(-3.,11.4906666467847,0.));
#9763=CARTESIAN_POINT('',(-2.,0.112950152110599,0.));
#9764=CARTESIAN_POINT('Origin',(-3.,14.402019310695,8.25652261023573));
#9765=CARTESIAN_POINT('',(-4.,9.35289924463547,12.6592056625334));
#9766=CARTESIAN_POINT('',(-3.,8.69568889614336,11.9054984529123));
#9767=CARTESIAN_POINT('Origin',(-3.,9.35289924463547,12.6592056625334));
#9768=CARTESIAN_POINT('',(-3.,6.96578233776716,13.4139257010219));
#9769=CARTESIAN_POINT('',(-3.,13.7448089622029,7.50281540061459));
#9770=CARTESIAN_POINT('',(-4.,7.62299268625927,14.167632910643));
#9771=CARTESIAN_POINT('Origin',(-3.,7.62299268625927,14.167632910643));
#9772=CARTESIAN_POINT('',(-4.,14.402019310695,8.25652261023573));
#9773=CARTESIAN_POINT('Origin',(-3.,0.0650736785999806,5.5));
#9774=CARTESIAN_POINT('',(-4.,0.0650736785999806,17.));
#9775=CARTESIAN_POINT('Origin',(-3.,0.0650736785999806,17.));
#9776=CARTESIAN_POINT('Origin',(-4.,0.0650736785999806,5.5));
#9777=CARTESIAN_POINT('Origin',(-3.,0.0650736785999806,5.5));
#9778=CARTESIAN_POINT('Origin',(-3.,11.4906666467847,17.));
#9779=CARTESIAN_POINT('',(-4.,0.,17.));
#9780=CARTESIAN_POINT('Origin',(-3.,0.,17.));
#9781=CARTESIAN_POINT('',(-4.,11.4906666467847,17.));
#9782=CARTESIAN_POINT('Origin',(0.,0.,17.));
#9783=CARTESIAN_POINT('',(4.,0.,17.));
#9784=CARTESIAN_POINT('Origin',(3.,-6.86542647133179E-17,17.));
#9785=CARTESIAN_POINT('Origin',(0.,0.,17.));
#9786=CARTESIAN_POINT('Origin',(3.,11.4906666467847,17.));
#9787=CARTESIAN_POINT('',(4.,0.0650736785999806,17.));
#9788=CARTESIAN_POINT('Origin',(3.,0.0650736785999806,17.));
#9789=CARTESIAN_POINT('',(4.,11.4906666467847,17.));
#9790=CARTESIAN_POINT('Origin',(3.,0.0650736785999806,5.5));
#9791=CARTESIAN_POINT('',(3.,6.96578233776716,13.4139257010219));
#9792=CARTESIAN_POINT('',(4.,7.62299268625928,14.167632910643));
#9793=CARTESIAN_POINT('Origin',(3.,7.62299268625928,14.167632910643));
#9794=CARTESIAN_POINT('Origin',(4.,0.0650736785999806,5.5));
#9795=CARTESIAN_POINT('Origin',(3.,0.0650736785999806,5.5));
#9796=CARTESIAN_POINT('Origin',(3.,14.402019310695,8.25652261023573));
#9797=CARTESIAN_POINT('',(3.,8.69568889614336,11.9054984529123));
#9798=CARTESIAN_POINT('',(4.,9.35289924463547,12.6592056625334));
#9799=CARTESIAN_POINT('Origin',(3.,9.35289924463547,12.6592056625334));
#9800=CARTESIAN_POINT('',(4.,14.402019310695,8.25652261023573));
#9801=CARTESIAN_POINT('',(3.,13.7448089622029,7.50281540061459));
#9802=CARTESIAN_POINT('Origin',(3.,5.4096371536828,8.13696240480659));
#9803=CARTESIAN_POINT('',(3.,10.4096371536828,8.13696240480659));
#9804=CARTESIAN_POINT('',(4.,11.4096371536828,8.13696240480659));
#9805=CARTESIAN_POINT('Origin',(3.,11.4096371536828,8.13696240480659));
#9806=CARTESIAN_POINT('Origin',(4.,5.4096371536828,8.13696240480659));
#9807=CARTESIAN_POINT('Origin',(3.,5.4096371536828,8.13696240480659));
#9808=CARTESIAN_POINT('Origin',(3.,11.4096371536828,5.56367903978279));
#9809=CARTESIAN_POINT('',(3.,10.4096371536828,4.37579948680748));
#9810=CARTESIAN_POINT('',(4.,11.4096371536828,4.37579948680748));
#9811=CARTESIAN_POINT('Origin',(3.,11.4096371536828,4.37579948680748));
#9812=CARTESIAN_POINT('',(4.,11.4096371536828,5.56367903978279));
#9813=CARTESIAN_POINT('',(3.,10.4096371536828,5.56367903978279));
#9814=CARTESIAN_POINT('Origin',(3.,8.4096371536828,4.37579948680748));
#9815=CARTESIAN_POINT('',(3.,7.66354745180224,2.52017286575793));
#9816=CARTESIAN_POINT('',(4.,7.29050260086197,1.59235955523315));
#9817=CARTESIAN_POINT('Origin',(3.,7.29050260086197,1.59235955523315));
#9818=CARTESIAN_POINT('Origin',(4.,8.4096371536828,4.37579948680748));
#9819=CARTESIAN_POINT('Origin',(3.,8.4096371536828,4.37579948680748));
#9820=CARTESIAN_POINT('Origin',(3.,0.0161280075265556,-16.5));
#9821=CARTESIAN_POINT('',(4.,0.0161280075265557,3.));
#9822=CARTESIAN_POINT('Origin',(3.,0.0161280075265557,3.));
#9823=CARTESIAN_POINT('Origin',(4.,0.0161280075265556,-16.5));
#9824=CARTESIAN_POINT('Origin',(3.,0.0161280075265556,-16.5));
#9825=CARTESIAN_POINT('Origin',(3.,11.4906666467847,3.));
#9826=CARTESIAN_POINT('',(4.,0.,3.));
#9827=CARTESIAN_POINT('Origin',(3.,0.,3.));
#9828=CARTESIAN_POINT('',(4.,11.4906666467847,3.));
#9829=CARTESIAN_POINT('Origin',(0.,0.,3.));
#9830=CARTESIAN_POINT('',(-4.,0.,3.));
#9831=CARTESIAN_POINT('Origin',(-3.,-2.98739775030888E-16,3.));
#9832=CARTESIAN_POINT('Origin',(0.,0.,3.));
#9833=CARTESIAN_POINT('Origin',(-3.,11.4906666467847,3.));
#9834=CARTESIAN_POINT('',(-4.,0.0161280075265546,3.));
#9835=CARTESIAN_POINT('Origin',(-3.,0.0161280075265546,3.));
#9836=CARTESIAN_POINT('',(-4.,11.4906666467847,3.));
#9837=CARTESIAN_POINT('Origin',(-3.,0.0161280075265556,-16.5));
#9838=CARTESIAN_POINT('',(-3.,7.66354745180224,2.52017286575793));
#9839=CARTESIAN_POINT('',(-4.,7.29050260086196,1.59235955523315));
#9840=CARTESIAN_POINT('Origin',(-3.,7.29050260086196,1.59235955523315));
#9841=CARTESIAN_POINT('Origin',(-4.,0.0161280075265556,-16.5));
#9842=CARTESIAN_POINT('Origin',(-3.,0.0161280075265556,-16.5));
#9843=CARTESIAN_POINT('Origin',(-3.,8.4096371536828,4.37579948680748));
#9844=CARTESIAN_POINT('',(-3.,10.4096371536828,4.37579948680748));
#9845=CARTESIAN_POINT('',(-4.,11.4096371536828,4.37579948680748));
#9846=CARTESIAN_POINT('Origin',(-3.,11.4096371536828,4.37579948680748));
#9847=CARTESIAN_POINT('Origin',(-4.,8.4096371536828,4.37579948680748));
#9848=CARTESIAN_POINT('Origin',(-3.,8.4096371536828,4.37579948680748));
#9849=CARTESIAN_POINT('Origin',(-3.,11.4096371536828,5.56367903978279));
#9850=CARTESIAN_POINT('',(-3.,10.4096371536828,8.13696240480659));
#9851=CARTESIAN_POINT('',(-4.,11.4096371536828,8.13696240480659));
#9852=CARTESIAN_POINT('Origin',(-3.,11.4096371536828,8.13696240480659));
#9853=CARTESIAN_POINT('',(-4.,11.4096371536828,5.56367903978279));
#9854=CARTESIAN_POINT('',(-3.,10.4096371536828,5.56367903978279));
#9855=CARTESIAN_POINT('Origin',(-3.,5.4096371536828,8.13696240480659));
#9856=CARTESIAN_POINT('Origin',(-3.,5.4096371536828,8.13696240480659));
#9857=CARTESIAN_POINT('Origin',(-4.,5.4096371536828,8.13696240480659));
#9858=CARTESIAN_POINT('Origin',(0.,0.,0.));
#9859=CARTESIAN_POINT('',(-4.,0.,1.));
#9860=CARTESIAN_POINT('',(-4.,0.,0.));
#9861=CARTESIAN_POINT('',(4.,0.,1.));
#9862=CARTESIAN_POINT('Origin',(0.,0.,1.));
#9863=CARTESIAN_POINT('',(4.,0.,0.));
#9864=CARTESIAN_POINT('Origin',(-4.,24.9813332935693,0.716371709403818));
#9865=CARTESIAN_POINT('',(-4.,0.,18.9999993256089));
#9866=CARTESIAN_POINT('',(-4.,0.,20.));
#9867=CARTESIAN_POINT('',(-4.,6.42420351993716,16.6604444311898));
#9868=CARTESIAN_POINT('Origin',(-4.,-0.00367257692822864,9.));
#9869=CARTESIAN_POINT('',(-4.,44.4841036281076,-15.2756037122202));
#9870=CARTESIAN_POINT('',(-4.,37.242388241834,-9.19908300250715));
#9871=CARTESIAN_POINT('',(-4.,7.97864480360875,-0.528717359932514));
#9872=CARTESIAN_POINT('',(-4.,13.2690632940253,-2.66585527701184));
#9873=CARTESIAN_POINT('',(-4.,0.112950152110598,1.));
#9874=CARTESIAN_POINT('Origin',(-4.,0.112950152110599,-20.));
#9875=CARTESIAN_POINT('',(-4.,11.4906666467847,1.));
#9876=CARTESIAN_POINT('',(-4.,16.8192743073656,2.6232272230488));
#9877=CARTESIAN_POINT('',(-4.,18.4764846558577,3.37693443266994));
#9878=CARTESIAN_POINT('Origin',(-4.,17.8192743073656,2.6232272230488));
#9879=CARTESIAN_POINT('',(-4.,16.8192743073656,1.18297381254418));
#9880=CARTESIAN_POINT('',(-4.,16.8192743073656,-1.17802725967647));
#9881=CARTESIAN_POINT('',(-4.,19.0084332300207,-2.06228359942567));
#9882=CARTESIAN_POINT('Origin',(-4.,20.3192743073656,1.18297381254418));
#9883=CARTESIAN_POINT('',(-4.,25.9445038201349,-4.86393693248648));
#9884=CARTESIAN_POINT('',(-4.,29.6385486147312,-6.35605451935294));
#9885=CARTESIAN_POINT('',(-4.,26.6357671884306,-3.73771811174895));
#9886=CARTESIAN_POINT('Origin',(-4.,26.1954362549409,-4.24270194219511));
#9887=CARTESIAN_POINT('',(-4.,29.6385486147312,-6.35605451935294));
#9888=CARTESIAN_POINT('Origin',(-4.,10.4096371536828,10.4109863701618));
#9889=CARTESIAN_POINT('',(-4.,10.4096371536828,8.13696240480659));
#9890=CARTESIAN_POINT('',(-2.,10.4096371536828,4.37579948680748));
#9891=CARTESIAN_POINT('Origin',(-2.,0.0650736785999806,5.5));
#9892=CARTESIAN_POINT('',(-2.,6.96578233776716,13.4139257010219));
#9893=CARTESIAN_POINT('Origin',(-4.,5.4096371536828,8.13696240480659));
#9894=CARTESIAN_POINT('',(-4.,8.69568889614336,11.9054984529123));
#9895=CARTESIAN_POINT('Origin',(-4.,4.,16.));
#9896=CARTESIAN_POINT('Origin',(3.,13.2690632940253,-2.66585527701184));
#9897=CARTESIAN_POINT('',(4.,7.97864480360875,-0.528717359932513));
#9898=CARTESIAN_POINT('',(3.,7.60408791544217,-1.45592129517382));
#9899=CARTESIAN_POINT('Origin',(3.,7.97864480360875,-0.528717359932513));
#9900=CARTESIAN_POINT('',(3.,44.1095467399411,-16.2028076474615));
#9901=CARTESIAN_POINT('',(3.,12.8945064058588,-3.59305921225315));
#9902=CARTESIAN_POINT('',(4.,44.4841036281076,-15.2756037122202));
#9903=CARTESIAN_POINT('Origin',(3.,44.4841036281076,-15.2756037122202));
#9904=CARTESIAN_POINT('',(4.,13.2690632940253,-2.66585527701184));
#9905=CARTESIAN_POINT('Origin',(3.,0.112950152110599,-20.));
#9906=CARTESIAN_POINT('',(4.,0.112950152110599,1.));
#9907=CARTESIAN_POINT('Origin',(3.,0.112950152110599,1.));
#9908=CARTESIAN_POINT('Origin',(3.,0.112950152110599,-20.));
#9909=CARTESIAN_POINT('Origin',(4.,0.112950152110599,-20.));
#9910=CARTESIAN_POINT('Origin',(3.,11.4906666467847,1.));
#9911=CARTESIAN_POINT('Origin',(3.,0.,1.));
#9912=CARTESIAN_POINT('',(4.,11.4906666467847,1.));
#9913=CARTESIAN_POINT('Origin',(0.,0.,1.));
#9914=CARTESIAN_POINT('Origin',(-3.,-2.98739775030888E-16,1.));
#9915=CARTESIAN_POINT('Origin',(-3.,11.4906666467847,1.));
#9916=CARTESIAN_POINT('Origin',(-3.,0.112950152110598,1.));
#9917=CARTESIAN_POINT('Origin',(-3.,0.112950152110599,-20.));
#9918=CARTESIAN_POINT('',(-3.,7.60408791544217,-1.45592129517382));
#9919=CARTESIAN_POINT('Origin',(-3.,7.97864480360875,-0.528717359932514));
#9920=CARTESIAN_POINT('Origin',(-3.,0.112950152110599,-20.));
#9921=CARTESIAN_POINT('Origin',(-3.,13.2690632940253,-2.66585527701184));
#9922=CARTESIAN_POINT('',(-3.,44.1095467399411,-16.2028076474615));
#9923=CARTESIAN_POINT('Origin',(-3.,44.4841036281076,-15.2756037122202));
#9924=CARTESIAN_POINT('',(-3.,12.8945064058588,-3.59305921225315));
#9925=CARTESIAN_POINT('Origin',(-3.,37.242388241834,-9.19908300250715));
#9926=CARTESIAN_POINT('',(-3.,7.06699112962371,17.4264888743088));
#9927=CARTESIAN_POINT('Origin',(-3.,6.42420351993716,16.6604444311898));
#9928=CARTESIAN_POINT('',(-3.,45.1268912377942,-14.5095592691012));
#9929=CARTESIAN_POINT('',(-3.,37.8851758515206,-8.43303855938817));
#9930=CARTESIAN_POINT('Origin',(-3.,44.4841036281076,-15.2756037122202));
#9931=CARTESIAN_POINT('Origin',(-3.,-0.00367257692822864,9.));
#9932=CARTESIAN_POINT('',(-3.,0.000367257692823197,19.9999992581698));
#9933=CARTESIAN_POINT('Origin',(-3.,0.,18.9999993256089));
#9934=CARTESIAN_POINT('Origin',(-3.,-0.00367257692822864,9.));
#9935=CARTESIAN_POINT('Ctrl Pts',(-4.,4.89858719658941E-16,18.9999993256089));
#9936=CARTESIAN_POINT('Ctrl Pts',(-4.,-0.00163225674685641,18.9999997752031));
#9937=CARTESIAN_POINT('Ctrl Pts',(-3.99999900090155,-0.00326451360379239,
19.));
#9938=CARTESIAN_POINT('Ctrl Pts',(-3.99999700270526,-0.00489676923763852,
19.));
#9939=CARTESIAN_POINT('Ctrl Pts',(-4.,0.00010988324473826,19.2991986057731));
#9940=CARTESIAN_POINT('Ctrl Pts',(-4.00000004621,-0.00156046405632748,19.2991990980417));
#9941=CARTESIAN_POINT('Ctrl Pts',(-3.99999904870796,-0.00322642312141596,
19.2991993295062));
#9942=CARTESIAN_POINT('Ctrl Pts',(-3.99999700270526,-0.0048967692376385,
19.2991993003419));
#9943=CARTESIAN_POINT('Ctrl Pts',(-3.74895022007388,0.000300157948943646,
19.8172944689559));
#9944=CARTESIAN_POINT('Ctrl Pts',(-3.74895029132832,-0.00132921786626217,
19.8172950308557));
#9945=CARTESIAN_POINT('Ctrl Pts',(-3.74894935443219,-0.00296006138308279,
19.8172952740537));
#9946=CARTESIAN_POINT('Ctrl Pts',(-3.74894741089668,-0.00458943602777388,
19.8172951984647));
#9947=CARTESIAN_POINT('Ctrl Pts',(-3.22439947525641,0.000367257692822797,
19.9999992581698));
#9948=CARTESIAN_POINT('Ctrl Pts',(-3.22439949648016,-0.00107083568429216,
19.9999997867071));
#9949=CARTESIAN_POINT('Ctrl Pts',(-3.22439869087769,-0.00250919265708647,
20.0000000339472));
#9950=CARTESIAN_POINT('Ctrl Pts',(-3.22439705913751,-0.00394728504007311,
20.));
#9951=CARTESIAN_POINT('Ctrl Pts',(-3.,0.000367257692822642,19.9999992581698));
#9952=CARTESIAN_POINT('Ctrl Pts',(-3.,-0.000979354123334304,19.9999997527234));
#9953=CARTESIAN_POINT('Ctrl Pts',(-2.99999925067616,-0.00232596603030554,
20.));
#9954=CARTESIAN_POINT('Ctrl Pts',(-2.99999775202894,-0.00367257692822859,
20.));
#9955=CARTESIAN_POINT('',(-3.99999700270526,-0.00489676923763852,19.));
#9956=CARTESIAN_POINT('Origin',(-2.99999775202894,-0.00367257692822864,
19.));
#9957=CARTESIAN_POINT('Ctrl Pts',(-2.99999775202894,-0.00367257692822859,
20.));
#9958=CARTESIAN_POINT('Ctrl Pts',(-2.99999925067616,-0.00232596603030554,
20.));
#9959=CARTESIAN_POINT('Ctrl Pts',(-3.,-0.000979354123334304,19.9999997527234));
#9960=CARTESIAN_POINT('Ctrl Pts',(-3.,0.000367257692822642,19.9999992581698));
#9961=CARTESIAN_POINT('Ctrl Pts',(-4.,4.89858719658941E-16,18.9999993256089));
#9962=CARTESIAN_POINT('Ctrl Pts',(-4.,-0.00163225674685641,18.9999997752031));
#9963=CARTESIAN_POINT('Ctrl Pts',(-3.99999900090155,-0.00326451360379239,
19.));
#9964=CARTESIAN_POINT('Ctrl Pts',(-3.99999700270526,-0.00489676923763852,
19.));
#9965=CARTESIAN_POINT('Origin',(0.,0.,19.));
#9966=CARTESIAN_POINT('',(3.99999700270526,-0.00489676923763812,19.));
#9967=CARTESIAN_POINT('Origin',(2.99999775202894,-0.00367257692822859,19.));
#9968=CARTESIAN_POINT('Origin',(0.,0.,19.));
#9969=CARTESIAN_POINT('Ctrl Pts',(3.99999700270526,-0.00489676923763818,
19.));
#9970=CARTESIAN_POINT('Ctrl Pts',(3.99999900090155,-0.00326451360379206,
19.));
#9971=CARTESIAN_POINT('Ctrl Pts',(4.,-0.00163225674685717,18.9999997752031));
#9972=CARTESIAN_POINT('Ctrl Pts',(4.,-2.6935705829283E-16,18.9999993256089));
#9973=CARTESIAN_POINT('Ctrl Pts',(3.99999700270526,-0.00489676923763817,
19.2991993003419));
#9974=CARTESIAN_POINT('Ctrl Pts',(3.99999904870796,-0.00322642312141562,
19.2991993295062));
#9975=CARTESIAN_POINT('Ctrl Pts',(4.00000004621,-0.00156046405632824,19.2991990980417));
#9976=CARTESIAN_POINT('Ctrl Pts',(4.,0.000109883244737501,19.2991986057731));
#9977=CARTESIAN_POINT('Ctrl Pts',(3.74894741089668,-0.00458943602777363,
19.8172951984647));
#9978=CARTESIAN_POINT('Ctrl Pts',(3.74894935443219,-0.00296006138308255,
19.8172952740537));
#9979=CARTESIAN_POINT('Ctrl Pts',(3.74895029132832,-0.00132921786626274,
19.8172950308557));
#9980=CARTESIAN_POINT('Ctrl Pts',(3.74895022007388,0.000300157948943077,
19.8172944689559));
#9981=CARTESIAN_POINT('Ctrl Pts',(3.22439705913751,-0.00394728504007303,
20.));
#9982=CARTESIAN_POINT('Ctrl Pts',(3.22439869087769,-0.00250919265708639,
20.0000000339472));
#9983=CARTESIAN_POINT('Ctrl Pts',(3.22439949648016,-0.00107083568429233,
19.9999997867071));
#9984=CARTESIAN_POINT('Ctrl Pts',(3.22439947525641,0.000367257692822627,
19.9999992581698));
#9985=CARTESIAN_POINT('Ctrl Pts',(2.99999775202894,-0.00367257692822859,
20.));
#9986=CARTESIAN_POINT('Ctrl Pts',(2.99999925067616,-0.00232596603030553,
20.));
#9987=CARTESIAN_POINT('Ctrl Pts',(3.,-0.000979354123334302,19.9999997527234));
#9988=CARTESIAN_POINT('Ctrl Pts',(3.,0.000367257692822642,19.9999992581698));
#9989=CARTESIAN_POINT('',(4.,-1.34678529146415E-16,18.9999993256089));
#9990=CARTESIAN_POINT('',(3.,0.000367257692822642,19.9999992581698));
#9991=CARTESIAN_POINT('Origin',(3.,-2.02017793719623E-16,18.9999993256089));
#9992=CARTESIAN_POINT('Ctrl Pts',(3.,0.000367257692822642,19.9999992581698));
#9993=CARTESIAN_POINT('Ctrl Pts',(3.,-0.000979354123334302,19.9999997527234));
#9994=CARTESIAN_POINT('Ctrl Pts',(2.99999925067616,-0.00232596603030553,
20.));
#9995=CARTESIAN_POINT('Ctrl Pts',(2.99999775202894,-0.00367257692822859,
20.));
#9996=CARTESIAN_POINT('Ctrl Pts',(3.99999700270526,-0.00489676923763818,
19.));
#9997=CARTESIAN_POINT('Ctrl Pts',(3.99999900090155,-0.00326451360379206,
19.));
#9998=CARTESIAN_POINT('Ctrl Pts',(4.,-0.00163225674685717,18.9999997752031));
#9999=CARTESIAN_POINT('Ctrl Pts',(4.,-2.6935705829283E-16,18.9999993256089));
#10000=CARTESIAN_POINT('Origin',(3.,-0.00367257692822864,9.));
#10001=CARTESIAN_POINT('',(4.,6.42420351993716,16.6604444311898));
#10002=CARTESIAN_POINT('',(3.,7.06699112962371,17.4264888743088));
#10003=CARTESIAN_POINT('Origin',(3.,6.42420351993716,16.6604444311898));
#10004=CARTESIAN_POINT('Origin',(3.,-0.00367257692822864,9.));
#10005=CARTESIAN_POINT('Origin',(4.,-0.00367257692822864,9.));
#10006=CARTESIAN_POINT('Origin',(3.,37.242388241834,-9.19908300250715));
#10007=CARTESIAN_POINT('',(3.,45.1268912377942,-14.5095592691012));
#10008=CARTESIAN_POINT('Origin',(3.,44.4841036281076,-15.2756037122202));
#10009=CARTESIAN_POINT('',(3.,37.8851758515206,-8.43303855938817));
#10010=CARTESIAN_POINT('',(4.,37.242388241834,-9.19908300250715));
#10011=CARTESIAN_POINT('Origin',(-3.,44.4841036281076,-15.2756037122202));
#10012=CARTESIAN_POINT('Origin',(-3.,44.4841036281076,-15.2756037122202));
#10013=CARTESIAN_POINT('Origin',(3.,44.4841036281076,-15.2756037122202));
#10014=CARTESIAN_POINT('Origin',(3.,44.4841036281076,-15.2756037122202));
#10015=CARTESIAN_POINT('Origin',(4.,24.9813332935693,0.716371709403818));
#10016=CARTESIAN_POINT('',(4.,0.,20.));
#10017=CARTESIAN_POINT('',(4.,18.4764846558577,3.37693443266994));
#10018=CARTESIAN_POINT('',(4.,26.6357671884306,-3.73771811174895));
#10019=CARTESIAN_POINT('',(4.,29.6385486147312,-6.35605451935294));
#10020=CARTESIAN_POINT('',(4.,25.9445038201349,-4.86393693248648));
#10021=CARTESIAN_POINT('Origin',(4.,26.1954362549409,-4.24270194219511));
#10022=CARTESIAN_POINT('',(4.,19.0084332300207,-2.06228359942567));
#10023=CARTESIAN_POINT('',(4.,29.6385486147312,-6.35605451935294));
#10024=CARTESIAN_POINT('',(4.,16.8192743073656,1.18297381254418));
#10025=CARTESIAN_POINT('Origin',(4.,20.3192743073656,1.18297381254418));
#10026=CARTESIAN_POINT('',(4.,16.8192743073656,2.6232272230488));
#10027=CARTESIAN_POINT('',(4.,16.8192743073656,-1.17802725967647));
#10028=CARTESIAN_POINT('Origin',(4.,17.8192743073656,2.6232272230488));
#10029=CARTESIAN_POINT('Origin',(-2.,0.112950152110599,-20.));
#10030=CARTESIAN_POINT('',(-2.,7.60408791544217,-1.45592129517382));
#10031=CARTESIAN_POINT('Origin',(-4.,26.1954362549409,-4.24270194219511));
#10032=CARTESIAN_POINT('',(-4.,25.9445038201349,-4.86393693248648));
#10033=CARTESIAN_POINT('',(-4.,26.6357671884306,-3.73771811174895));
#10034=CARTESIAN_POINT('Origin',(-4.,29.6385486147312,-6.35605451935294));
#10035=CARTESIAN_POINT('',(-4.,19.0084332300207,-2.06228359942567));
#10036=CARTESIAN_POINT('Origin',(-4.,20.3192743073656,1.18297381254418));
#10037=CARTESIAN_POINT('',(-4.,16.8192743073656,1.18297381254418));
#10038=CARTESIAN_POINT('Origin',(-4.,16.8192743073656,-1.17802725967647));
#10039=CARTESIAN_POINT('',(-4.,16.8192743073656,2.6232272230488));
#10040=CARTESIAN_POINT('Origin',(-4.,17.8192743073656,2.6232272230488));
#10041=CARTESIAN_POINT('',(-4.,18.4764846558577,3.37693443266994));
#10042=CARTESIAN_POINT('Origin',(-4.,16.8192743073656,4.82197274032353));
#10043=CARTESIAN_POINT('Origin',(-2.,8.4096371536828,4.37579948680748));
#10044=CARTESIAN_POINT('',(-2.,7.66354745180224,2.52017286575793));
#10045=CARTESIAN_POINT('Origin',(-4.,4.,-2.22044604925031E-15));
#10046=CARTESIAN_POINT('',(-4.,44.1095467399411,-16.2028076474615));
#10047=CARTESIAN_POINT('Origin',(-2.,0.0161280075265556,-16.5));
#10048=CARTESIAN_POINT('Origin',(-2.,-0.00367257692822864,9.));
#10049=CARTESIAN_POINT('',(-2.,7.06699112962371,17.4264888743088));
#10050=CARTESIAN_POINT('Origin',(-4.,44.4841036281076,-15.2756037122202));
#10051=CARTESIAN_POINT('',(-4.,45.1268912377942,-14.5095592691012));
#10052=CARTESIAN_POINT('Origin',(-4.,49.9626665871387,-18.5672565811924));
#10053=CARTESIAN_POINT('Origin',(0.,0.,20.));
#10054=UNCERTAINTY_MEASURE_WITH_UNIT(LENGTH_MEASURE(0.01),#10058,
'DISTANCE_ACCURACY_VALUE',
'Maximum model space distance between geometric entities at asserted c
onnectivities');
#10055=UNCERTAINTY_MEASURE_WITH_UNIT(LENGTH_MEASURE(0.01),#10058,
'DISTANCE_ACCURACY_VALUE',
'Maximum model space distance between geometric entities at asserted c
onnectivities');
#10056=(
GEOMETRIC_REPRESENTATION_CONTEXT(3)
GLOBAL_UNCERTAINTY_ASSIGNED_CONTEXT((#10054))
GLOBAL_UNIT_ASSIGNED_CONTEXT((#10058,#10060,#10061))
REPRESENTATION_CONTEXT('','3D')
);
#10057=(
GEOMETRIC_REPRESENTATION_CONTEXT(3)
GLOBAL_UNCERTAINTY_ASSIGNED_CONTEXT((#10055))
GLOBAL_UNIT_ASSIGNED_CONTEXT((#10058,#10060,#10061))
REPRESENTATION_CONTEXT('','3D')
);
#10058=(
LENGTH_UNIT()
NAMED_UNIT(*)
SI_UNIT(.MILLI.,.METRE.)
);
#10059=(
LENGTH_UNIT()
NAMED_UNIT(*)
SI_UNIT($,.METRE.)
);
#10060=(
NAMED_UNIT(*)
PLANE_ANGLE_UNIT()
SI_UNIT($,.RADIAN.)
);
#10061=(
NAMED_UNIT(*)
SI_UNIT($,.STERADIAN.)
SOLID_ANGLE_UNIT()
);
#10062=SHAPE_DEFINITION_REPRESENTATION(#10063,#10064);
#10063=PRODUCT_DEFINITION_SHAPE('',$,#10066);
#10064=SHAPE_REPRESENTATION('',(#1446),#10056);
#10065=PRODUCT_DEFINITION_CONTEXT('part definition',#10070,'design');
#10066=PRODUCT_DEFINITION('Landing leg','Landing leg v2',#10067,#10065);
#10067=PRODUCT_DEFINITION_FORMATION('',$,#10072);
#10068=PRODUCT_RELATED_PRODUCT_CATEGORY('Landing leg v2',
'Landing leg v2',(#10072));
#10069=APPLICATION_PROTOCOL_DEFINITION('international standard',
'automotive_design',2009,#10070);
#10070=APPLICATION_CONTEXT(
'Core Data for Automotive Mechanical Design Process');
#10071=PRODUCT_CONTEXT('part definition',#10070,'mechanical');
#10072=PRODUCT('Landing leg','Landing leg v2',$,(#10071));
#10073=PRESENTATION_STYLE_ASSIGNMENT((#10074));
#10074=SURFACE_STYLE_USAGE(.BOTH.,#10075);
#10075=SURFACE_SIDE_STYLE('',(#10076));
#10076=SURFACE_STYLE_FILL_AREA(#10077);
#10077=FILL_AREA_STYLE('Steel - Satin',(#10078));
#10078=FILL_AREA_STYLE_COLOUR('Steel - Satin',#10079);
#10079=COLOUR_RGB('Steel - Satin',0.627450980392157,0.627450980392157,0.627450980392157);
ENDSEC;
END-ISO-10303-21;
