solid ASCII
  facet normal 7.059284e-01 3.414566e-02 -7.074596e-01
    outer loop
      vertex   -1.343698e+00 -1.302938e-01 -8.650000e-01
      vertex   -1.478665e+00 -1.370185e-01 -1.000000e+00
      vertex   -1.350000e+00 1.653273e-16 -8.650000e-01
    endloop
  endfacet
  facet normal 7.067292e-01 3.267406e-02 -7.067292e-01
    outer loop
      vertex   -1.350000e+00 1.653273e-16 -8.650000e-01
      vertex   -1.478665e+00 -1.370185e-01 -1.000000e+00
      vertex   -1.485000e+00 0.000000e+00 -1.000000e+00
    endloop
  endfacet
  facet normal 7.067292e-01 -3.267406e-02 -7.067292e-01
    outer loop
      vertex   -1.350000e+00 1.653273e-16 -8.650000e-01
      vertex   -1.485000e+00 0.000000e+00 -1.000000e+00
      vertex   -1.478665e+00 1.370185e-01 -1.000000e+00
    endloop
  endfacet
  facet normal 7.013582e-01 9.783529e-02 -7.060630e-01
    outer loop
      vertex   -1.478665e+00 -1.370185e-01 -1.000000e+00
      vertex   -1.343698e+00 -1.302938e-01 -8.650000e-01
      vertex   -1.459715e+00 -2.728680e-01 -1.000000e+00
    endloop
  endfacet
  facet normal 6.986500e-01 1.020178e-01 -7.081529e-01
    outer loop
      vertex   -1.459715e+00 -2.728680e-01 -1.000000e+00
      vertex   -1.343698e+00 -1.302938e-01 -8.650000e-01
      vertex   -1.324850e+00 -2.593711e-01 -8.650000e-01
    endloop
  endfacet
  facet normal 6.899243e-01 1.622687e-01 -7.054596e-01
    outer loop
      vertex   -1.459715e+00 -2.728680e-01 -1.000000e+00
      vertex   -1.324850e+00 -2.593711e-01 -8.650000e-01
      vertex   -1.428311e+00 -4.063895e-01 -1.000000e+00
    endloop
  endfacet
  facet normal 6.849370e-01 1.688218e-01 -7.087739e-01
    outer loop
      vertex   -1.428311e+00 -4.063895e-01 -1.000000e+00
      vertex   -1.324850e+00 -2.593711e-01 -8.650000e-01
      vertex   -1.293632e+00 -3.860267e-01 -8.650000e-01
    endloop
  endfacet
  facet normal 6.725183e-01 2.254054e-01 -7.049195e-01
    outer loop
      vertex   -1.428311e+00 -4.063895e-01 -1.000000e+00
      vertex   -1.293632e+00 -3.860267e-01 -8.650000e-01
      vertex   -1.384721e+00 -5.364439e-01 -1.000000e+00
    endloop
  endfacet
  facet normal 6.649247e-01 2.339563e-01 -7.093233e-01
    outer loop
      vertex   -1.384721e+00 -5.364439e-01 -1.000000e+00
      vertex   -1.293632e+00 -3.860267e-01 -8.650000e-01
      vertex   -1.250336e+00 -5.090780e-01 -8.650000e-01
    endloop
  endfacet
  facet normal 6.492844e-01 2.866871e-01 -7.044432e-01
    outer loop
      vertex   -1.384721e+00 -5.364439e-01 -1.000000e+00
      vertex   -1.250336e+00 -5.090780e-01 -8.650000e-01
      vertex   -1.329317e+00 -6.619215e-01 -1.000000e+00
    endloop
  endfacet
  facet normal 6.388039e-01 2.968357e-01 -7.098015e-01
    outer loop
      vertex   -1.329317e+00 -6.619215e-01 -1.000000e+00
      vertex   -1.250336e+00 -5.090780e-01 -8.650000e-01
      vertex   -1.195366e+00 -6.273763e-01 -8.650000e-01
    endloop
  endfacet
  facet normal 6.204197e-01 3.455715e-01 -7.040311e-01
    outer loop
      vertex   -1.329317e+00 -6.619215e-01 -1.000000e+00
      vertex   -1.195366e+00 -6.273763e-01 -8.650000e-01
      vertex   -1.262572e+00 -7.817518e-01 -1.000000e+00
    endloop
  endfacet
  facet normal 6.068188e-01 3.568951e-01 -7.102090e-01
    outer loop
      vertex   -1.262572e+00 -7.817518e-01 -1.000000e+00
      vertex   -1.195366e+00 -6.273763e-01 -8.650000e-01
      vertex   -1.129235e+00 -7.398169e-01 -8.650000e-01
    endloop
  endfacet
  facet normal 5.861719e-01 4.015371e-01 -7.036834e-01
    outer loop
      vertex   -1.262572e+00 -7.817518e-01 -1.000000e+00
      vertex   -1.129235e+00 -7.398169e-01 -8.650000e-01
      vertex   -1.185056e+00 -8.949124e-01 -1.000000e+00
    endloop
  endfacet
  facet normal 5.692653e-01 4.135955e-01 -7.105461e-01
    outer loop
      vertex   -1.185056e+00 -8.949124e-01 -1.000000e+00
      vertex   -1.129235e+00 -7.398169e-01 -8.650000e-01
      vertex   -1.052560e+00 -8.453500e-01 -8.650000e-01
    endloop
  endfacet
  facet normal 5.468377e-01 4.540882e-01 -7.034006e-01
    outer loop
      vertex   -1.185056e+00 -8.949124e-01 -1.000000e+00
      vertex   -1.052560e+00 -8.453500e-01 -8.650000e-01
      vertex   -1.097428e+00 -1.000438e+00 -1.000000e+00
    endloop
  endfacet
  facet normal 5.264882e-01 4.664278e-01 -7.108131e-01
    outer loop
      vertex   -1.097428e+00 -1.000438e+00 -1.000000e+00
      vertex   -1.052560e+00 -8.453500e-01 -8.650000e-01
      vertex   -9.660586e-01 -9.429903e-01 -8.650000e-01
    endloop
  endfacet
  facet normal 5.027594e-01 5.027594e-01 -7.031828e-01
    outer loop
      vertex   -1.097428e+00 -1.000438e+00 -1.000000e+00
      vertex   -9.660586e-01 -9.429903e-01 -8.650000e-01
      vertex   -1.000438e+00 -1.097428e+00 -1.000000e+00
    endloop
  endfacet
  facet normal 4.788778e-01 5.149179e-01 -7.110103e-01
    outer loop
      vertex   -1.000438e+00 -1.097428e+00 -1.000000e+00
      vertex   -9.660586e-01 -9.429903e-01 -8.650000e-01
      vertex   -8.705370e-01 -1.031826e+00 -8.650000e-01
    endloop
  endfacet
  facet normal 4.543223e-01 5.471195e-01 -7.030302e-01
    outer loop
      vertex   -1.000438e+00 -1.097428e+00 -1.000000e+00
      vertex   -8.705370e-01 -1.031826e+00 -8.650000e-01
      vertex   -8.949124e-01 -1.185056e+00 -1.000000e+00
    endloop
  endfacet
  facet normal 4.268672e-01 5.586300e-01 -7.111377e-01
    outer loop
      vertex   -8.949124e-01 -1.185056e+00 -1.000000e+00
      vertex   -8.705370e-01 -1.031826e+00 -8.650000e-01
      vertex   -7.668874e-01 -1.111028e+00 -8.650000e-01
    endloop
  endfacet
  facet normal 4.019511e-01 5.867763e-01 -7.029430e-01
    outer loop
      vertex   -8.949124e-01 -1.185056e+00 -1.000000e+00
      vertex   -7.668874e-01 -1.111028e+00 -8.650000e-01
      vertex   -7.817518e-01 -1.262572e+00 -1.000000e+00
    endloop
  endfacet
  facet normal 3.709280e-01 5.971710e-01 -7.111957e-01
    outer loop
      vertex   -7.817518e-01 -1.262572e+00 -1.000000e+00
      vertex   -7.668874e-01 -1.111028e+00 -8.650000e-01
      vertex   -6.560776e-01 -1.179857e+00 -8.650000e-01
    endloop
  endfacet
  facet normal 3.461061e-01 6.213794e-01 -7.029212e-01
    outer loop
      vertex   -7.817518e-01 -1.262572e+00 -1.000000e+00
      vertex   -6.560776e-01 -1.179857e+00 -8.650000e-01
      vertex   -6.619215e-01 -1.329317e+00 -1.000000e+00
    endloop
  endfacet
  facet normal 3.115662e-01 6.301934e-01 -7.111841e-01
    outer loop
      vertex   -6.619215e-01 -1.329317e+00 -1.000000e+00
      vertex   -6.560776e-01 -1.179857e+00 -8.650000e-01
      vertex   -5.391422e-01 -1.237669e+00 -8.650000e-01
    endloop
  endfacet
  facet normal 2.872786e-01 6.506239e-01 -7.029648e-01
    outer loop
      vertex   -6.619215e-01 -1.329317e+00 -1.000000e+00
      vertex   -5.391422e-01 -1.237669e+00 -8.650000e-01
      vertex   -5.364439e-01 -1.384721e+00 -1.000000e+00
    endloop
  endfacet
  facet normal 2.493184e-01 6.573986e-01 -7.111030e-01
    outer loop
      vertex   -5.364439e-01 -1.384721e+00 -1.000000e+00
      vertex   -5.391422e-01 -1.237669e+00 -8.650000e-01
      vertex   -4.171729e-01 -1.283926e+00 -8.650000e-01
    endloop
  endfacet
  facet normal 2.259868e-01 6.742530e-01 -7.030738e-01
    outer loop
      vertex   -5.364439e-01 -1.384721e+00 -1.000000e+00
      vertex   -4.171729e-01 -1.283926e+00 -8.650000e-01
      vertex   -4.063895e-01 -1.428311e+00 -1.000000e+00
    endloop
  endfacet
  facet normal 1.847464e-01 6.785393e-01 -7.109523e-01
    outer loop
      vertex   -4.063895e-01 -1.428311e+00 -1.000000e+00
      vertex   -4.171729e-01 -1.283926e+00 -8.650000e-01
      vertex   -2.913087e-01 -1.318195e+00 -8.650000e-01
    endloop
  endfacet
  facet normal 1.627711e-01 6.920604e-01 -7.032482e-01
    outer loop
      vertex   -4.063895e-01 -1.428311e+00 -1.000000e+00
      vertex   -2.913087e-01 -1.318195e+00 -8.650000e-01
      vertex   -2.728680e-01 -1.459715e+00 -1.000000e+00
    endloop
  endfacet
  facet normal 1.184330e-01 6.934218e-01 -7.107319e-01
    outer loop
      vertex   -2.728680e-01 -1.459715e+00 -1.000000e+00
      vertex   -2.913087e-01 -1.318195e+00 -8.650000e-01
      vertex   -1.627245e-01 -1.340157e+00 -8.650000e-01
    endloop
  endfacet
  facet normal 9.818875e-02 7.038921e-01 -7.034877e-01
    outer loop
      vertex   -2.728680e-01 -1.459715e+00 -1.000000e+00
      vertex   -1.627245e-01 -1.340157e+00 -8.650000e-01
      vertex   -1.370185e-01 -1.478665e+00 -1.000000e+00
    endloop
  endfacet
  facet normal 5.097644e-02 7.019076e-01 -7.104415e-01
    outer loop
      vertex   -1.370185e-01 -1.478665e+00 -1.000000e+00
      vertex   -1.627245e-01 -1.340157e+00 -8.650000e-01
      vertex   -3.262106e-02 -1.349606e+00 -8.650000e-01
    endloop
  endfacet
  facet normal 3.280900e-02 7.096479e-01 -7.037921e-01
    outer loop
      vertex   -1.370185e-01 -1.478665e+00 -1.000000e+00
      vertex   -3.262106e-02 -1.349606e+00 -8.650000e-01
      vertex   9.093002e-17 -1.485000e+00 -1.000000e+00
    endloop
  endfacet
  facet normal -1.701418e-02 7.039144e-01 -7.100810e-01
    outer loop
      vertex   9.093002e-17 -1.485000e+00 -1.000000e+00
      vertex   -3.262106e-02 -1.349606e+00 -8.650000e-01
      vertex   9.778698e-02 -1.346454e+00 -8.650000e-01
    endloop
  endfacet
  facet normal -3.279210e-02 7.092824e-01 -7.041613e-01
    outer loop
      vertex   9.093002e-17 -1.485000e+00 -1.000000e+00
      vertex   9.778698e-02 -1.346454e+00 -8.650000e-01
      vertex   1.370185e-01 -1.478665e+00 -1.000000e+00
    endloop
  endfacet
  facet normal -8.492465e-02 6.994174e-01 -7.096500e-01
    outer loop
      vertex   1.370185e-01 -1.478665e+00 -1.000000e+00
      vertex   9.778698e-02 -1.346454e+00 -8.650000e-01
      vertex   2.272820e-01 -1.330730e+00 -8.650000e-01
    endloop
  endfacet
  facet normal -9.803710e-02 7.028049e-01 -7.045949e-01
    outer loop
      vertex   1.370185e-01 -1.478665e+00 -1.000000e+00
      vertex   2.272820e-01 -1.330730e+00 -8.650000e-01
      vertex   2.728680e-01 -1.459715e+00 -1.000000e+00
    endloop
  endfacet
  facet normal -1.521407e-01 6.884491e-01 -7.091481e-01
    outer loop
      vertex   2.728680e-01 -1.459715e+00 -1.000000e+00
      vertex   2.272820e-01 -1.330730e+00 -8.650000e-01
      vertex   3.546550e-01 -1.302582e+00 -8.650000e-01
    endloop
  endfacet
  facet normal -1.623524e-01 6.902799e-01 -7.050925e-01
    outer loop
      vertex   2.728680e-01 -1.459715e+00 -1.000000e+00
      vertex   3.546550e-01 -1.302582e+00 -8.650000e-01
      vertex   4.063895e-01 -1.428311e+00 -1.000000e+00
    endloop
  endfacet
  facet normal -2.180534e-01 6.710994e-01 -7.085749e-01
    outer loop
      vertex   4.063895e-01 -1.428311e+00 -1.000000e+00
      vertex   3.546550e-01 -1.302582e+00 -8.650000e-01
      vertex   4.787166e-01 -1.262272e+00 -8.650000e-01
    endloop
  endfacet
  facet normal -2.251733e-01 6.718257e-01 -7.056537e-01
    outer loop
      vertex   4.063895e-01 -1.428311e+00 -1.000000e+00
      vertex   4.787166e-01 -1.262272e+00 -8.650000e-01
      vertex   5.364439e-01 -1.384721e+00 -1.000000e+00
    endloop
  endfacet
  facet normal -2.820643e-01 6.475145e-01 -7.079298e-01
    outer loop
      vertex   5.364439e-01 -1.384721e+00 -1.000000e+00
      vertex   4.787166e-01 -1.262272e+00 -8.650000e-01
      vertex   5.983086e-01 -1.210176e+00 -8.650000e-01
    endloop
  endfacet
  facet normal -2.859496e-01 6.476141e-01 -7.062781e-01
    outer loop
      vertex   5.364439e-01 -1.384721e+00 -1.000000e+00
      vertex   5.983086e-01 -1.210176e+00 -8.650000e-01
      vertex   6.619215e-01 -1.329317e+00 -1.000000e+00
    endloop
  endfacet
  facet normal -3.435908e-01 6.178964e-01 -7.072124e-01
    outer loop
      vertex   6.619215e-01 -1.329317e+00 -1.000000e+00
      vertex   5.983086e-01 -1.210176e+00 -8.650000e-01
      vertex   7.123143e-01 -1.146782e+00 -8.650000e-01
    endloop
  endfacet
  facet normal -3.441502e-01 6.178680e-01 -7.069652e-01
    outer loop
      vertex   6.619215e-01 -1.329317e+00 -1.000000e+00
      vertex   7.123143e-01 -1.146782e+00 -8.650000e-01
      vertex   7.817518e-01 -1.262572e+00 -1.000000e+00
    endloop
  endfacet
  facet normal -3.999543e-01 5.838613e-01 -7.065002e-01
    outer loop
      vertex   7.817518e-01 -1.262572e+00 -1.000000e+00
      vertex   7.123143e-01 -1.146782e+00 -8.650000e-01
      vertex   8.949124e-01 -1.185056e+00 -1.000000e+00
    endloop
  endfacet
  facet normal -4.013459e-01 5.814499e-01 -7.076988e-01
    outer loop
      vertex   8.949124e-01 -1.185056e+00 -1.000000e+00
      vertex   7.123143e-01 -1.146782e+00 -8.650000e-01
      vertex   8.196694e-01 -1.072680e+00 -8.650000e-01
    endloop
  endfacet
  facet normal -4.525313e-01 5.449627e-01 -7.058549e-01
    outer loop
      vertex   8.949124e-01 -1.185056e+00 -1.000000e+00
      vertex   8.196694e-01 -1.072680e+00 -8.650000e-01
      vertex   1.000438e+00 -1.097428e+00 -1.000000e+00
    endloop
  endfacet
  facet normal -4.551576e-01 5.394872e-01 -7.083679e-01
    outer loop
      vertex   1.000438e+00 -1.097428e+00 -1.000000e+00
      vertex   8.196694e-01 -1.072680e+00 -8.650000e-01
      vertex   9.193714e-01 -9.885627e-01 -8.650000e-01
    endloop
  endfacet
  facet normal -5.012937e-01 5.012937e-01 -7.052725e-01
    outer loop
      vertex   1.000438e+00 -1.097428e+00 -1.000000e+00
      vertex   9.193714e-01 -9.885627e-01 -8.650000e-01
      vertex   1.097428e+00 -1.000438e+00 -1.000000e+00
    endloop
  endfacet
  facet normal -5.046717e-01 4.926207e-01 -7.089650e-01
    outer loop
      vertex   1.097428e+00 -1.000438e+00 -1.000000e+00
      vertex   9.193714e-01 -9.885627e-01 -8.650000e-01
      vertex   1.010490e+00 -8.952156e-01 -8.650000e-01
    endloop
  endfacet
  facet normal -5.458056e-01 4.532312e-01 -7.047536e-01
    outer loop
      vertex   1.097428e+00 -1.000438e+00 -1.000000e+00
      vertex   1.010490e+00 -8.952156e-01 -8.650000e-01
      vertex   1.185056e+00 -8.949124e-01 -1.000000e+00
    endloop
  endfacet
  facet normal -5.494481e-01 4.412820e-01 -7.094906e-01
    outer loop
      vertex   1.185056e+00 -8.949124e-01 -1.000000e+00
      vertex   1.010490e+00 -8.952156e-01 -8.650000e-01
      vertex   1.092173e+00 -7.935101e-01 -8.650000e-01
    endloop
  endfacet
  facet normal -5.856688e-01 4.011925e-01 -7.042987e-01
    outer loop
      vertex   1.185056e+00 -8.949124e-01 -1.000000e+00
      vertex   1.092173e+00 -7.935101e-01 -8.650000e-01
      vertex   1.262572e+00 -7.817518e-01 -1.000000e+00
    endloop
  endfacet
  facet normal -5.890899e-01 3.859416e-01 -7.099452e-01
    outer loop
      vertex   1.262572e+00 -7.817518e-01 -1.000000e+00
      vertex   1.092173e+00 -7.935101e-01 -8.650000e-01
      vertex   1.163659e+00 -6.843958e-01 -8.650000e-01
    endloop
  endfacet
  facet normal -6.205262e-01 3.456309e-01 -7.039080e-01
    outer loop
      vertex   1.262572e+00 -7.817518e-01 -1.000000e+00
      vertex   1.163659e+00 -6.843958e-01 -8.650000e-01
      vertex   1.329317e+00 -6.619215e-01 -1.000000e+00
    endloop
  endfacet
  facet normal -6.232456e-01 3.271045e-01 -7.103292e-01
    outer loop
      vertex   1.329317e+00 -6.619215e-01 -1.000000e+00
      vertex   1.163659e+00 -6.843958e-01 -8.650000e-01
      vertex   1.224280e+00 -5.688915e-01 -8.650000e-01
    endloop
  endfacet
  facet normal -6.500654e-01 2.870320e-01 -7.035820e-01
    outer loop
      vertex   1.329317e+00 -6.619215e-01 -1.000000e+00
      vertex   1.224280e+00 -5.688915e-01 -8.650000e-01
      vertex   1.384721e+00 -5.364439e-01 -1.000000e+00
    endloop
  endfacet
  facet normal -6.516129e-01 2.653062e-01 -7.106429e-01
    outer loop
      vertex   1.384721e+00 -5.364439e-01 -1.000000e+00
      vertex   1.224280e+00 -5.688915e-01 -8.650000e-01
      vertex   1.273471e+00 -4.480756e-01 -8.650000e-01
    endloop
  endfacet
  facet normal -6.740214e-01 2.259092e-01 -7.033208e-01
    outer loop
      vertex   1.384721e+00 -5.364439e-01 -1.000000e+00
      vertex   1.273471e+00 -4.480756e-01 -8.650000e-01
      vertex   1.428311e+00 -4.063895e-01 -1.000000e+00
    endloop
  endfacet
  facet normal -6.739407e-01 2.011075e-01 -7.108866e-01
    outer loop
      vertex   1.428311e+00 -4.063895e-01 -1.000000e+00
      vertex   1.273471e+00 -4.480756e-01 -8.650000e-01
      vertex   1.310771e+00 -3.230761e-01 -8.650000e-01
    endloop
  endfacet
  facet normal -6.921793e-01 1.627991e-01 -7.031247e-01
    outer loop
      vertex   1.428311e+00 -4.063895e-01 -1.000000e+00
      vertex   1.310771e+00 -3.230761e-01 -8.650000e-01
      vertex   1.459715e+00 -2.728680e-01 -1.000000e+00
    endloop
  endfacet
  facet normal -6.900316e-01 1.350902e-01 -7.110605e-01
    outer loop
      vertex   1.459715e+00 -2.728680e-01 -1.000000e+00
      vertex   1.310771e+00 -3.230761e-01 -8.650000e-01
      vertex   1.335834e+00 -1.950602e-01 -8.650000e-01
    endloop
  endfacet
  facet normal -7.043758e-01 9.825623e-02 -7.029939e-01
    outer loop
      vertex   1.459715e+00 -2.728680e-01 -1.000000e+00
      vertex   1.335834e+00 -1.950602e-01 -8.650000e-01
      vertex   1.478665e+00 -1.370185e-01 -1.000000e+00
    endloop
  endfacet
  facet normal -6.997434e-01 6.785173e-02 -7.111648e-01
    outer loop
      vertex   1.478665e+00 -1.370185e-01 -1.000000e+00
      vertex   1.335834e+00 -1.950602e-01 -8.650000e-01
      vertex   1.348424e+00 -6.522306e-02 -8.650000e-01
    endloop
  endfacet
  facet normal -7.105016e-01 3.284847e-02 -7.029285e-01
    outer loop
      vertex   1.478665e+00 -1.370185e-01 -1.000000e+00
      vertex   1.348424e+00 -6.522306e-02 -8.650000e-01
      vertex   1.485000e+00 0.000000e+00 -1.000000e+00
    endloop
  endfacet
  facet normal -7.029902e-01 -2.354472e-15 -7.111995e-01
    outer loop
      vertex   1.485000e+00 0.000000e+00 -1.000000e+00
      vertex   1.348424e+00 -6.522306e-02 -8.650000e-01
      vertex   1.348424e+00 6.522306e-02 -8.650000e-01
    endloop
  endfacet
  facet normal -7.105016e-01 -3.284847e-02 -7.029285e-01
    outer loop
      vertex   1.485000e+00 0.000000e+00 -1.000000e+00
      vertex   1.348424e+00 6.522306e-02 -8.650000e-01
      vertex   1.478665e+00 1.370185e-01 -1.000000e+00
    endloop
  endfacet
  facet normal -6.997434e-01 -6.785173e-02 -7.111648e-01
    outer loop
      vertex   1.478665e+00 1.370185e-01 -1.000000e+00
      vertex   1.348424e+00 6.522306e-02 -8.650000e-01
      vertex   1.335834e+00 1.950602e-01 -8.650000e-01
    endloop
  endfacet
  facet normal -7.043758e-01 -9.825623e-02 -7.029939e-01
    outer loop
      vertex   1.478665e+00 1.370185e-01 -1.000000e+00
      vertex   1.335834e+00 1.950602e-01 -8.650000e-01
      vertex   1.459715e+00 2.728680e-01 -1.000000e+00
    endloop
  endfacet
  facet normal -6.900316e-01 -1.350902e-01 -7.110605e-01
    outer loop
      vertex   1.459715e+00 2.728680e-01 -1.000000e+00
      vertex   1.335834e+00 1.950602e-01 -8.650000e-01
      vertex   1.310771e+00 3.230761e-01 -8.650000e-01
    endloop
  endfacet
  facet normal -6.921793e-01 -1.627991e-01 -7.031247e-01
    outer loop
      vertex   1.459715e+00 2.728680e-01 -1.000000e+00
      vertex   1.310771e+00 3.230761e-01 -8.650000e-01
      vertex   1.428311e+00 4.063895e-01 -1.000000e+00
    endloop
  endfacet
  facet normal -6.739407e-01 -2.011075e-01 -7.108866e-01
    outer loop
      vertex   1.428311e+00 4.063895e-01 -1.000000e+00
      vertex   1.310771e+00 3.230761e-01 -8.650000e-01
      vertex   1.273471e+00 4.480756e-01 -8.650000e-01
    endloop
  endfacet
  facet normal -6.740214e-01 -2.259092e-01 -7.033208e-01
    outer loop
      vertex   1.428311e+00 4.063895e-01 -1.000000e+00
      vertex   1.273471e+00 4.480756e-01 -8.650000e-01
      vertex   1.384721e+00 5.364439e-01 -1.000000e+00
    endloop
  endfacet
  facet normal -6.516129e-01 -2.653062e-01 -7.106429e-01
    outer loop
      vertex   1.384721e+00 5.364439e-01 -1.000000e+00
      vertex   1.273471e+00 4.480756e-01 -8.650000e-01
      vertex   1.224280e+00 5.688915e-01 -8.650000e-01
    endloop
  endfacet
  facet normal -6.500654e-01 -2.870320e-01 -7.035820e-01
    outer loop
      vertex   1.384721e+00 5.364439e-01 -1.000000e+00
      vertex   1.224280e+00 5.688915e-01 -8.650000e-01
      vertex   1.329317e+00 6.619215e-01 -1.000000e+00
    endloop
  endfacet
  facet normal -6.232456e-01 -3.271045e-01 -7.103292e-01
    outer loop
      vertex   1.329317e+00 6.619215e-01 -1.000000e+00
      vertex   1.224280e+00 5.688915e-01 -8.650000e-01
      vertex   1.163659e+00 6.843958e-01 -8.650000e-01
    endloop
  endfacet
  facet normal -6.205262e-01 -3.456309e-01 -7.039080e-01
    outer loop
      vertex   1.329317e+00 6.619215e-01 -1.000000e+00
      vertex   1.163659e+00 6.843958e-01 -8.650000e-01
      vertex   1.262572e+00 7.817518e-01 -1.000000e+00
    endloop
  endfacet
  facet normal -5.890899e-01 -3.859416e-01 -7.099452e-01
    outer loop
      vertex   1.262572e+00 7.817518e-01 -1.000000e+00
      vertex   1.163659e+00 6.843958e-01 -8.650000e-01
      vertex   1.092173e+00 7.935101e-01 -8.650000e-01
    endloop
  endfacet
  facet normal -5.856688e-01 -4.011925e-01 -7.042987e-01
    outer loop
      vertex   1.262572e+00 7.817518e-01 -1.000000e+00
      vertex   1.092173e+00 7.935101e-01 -8.650000e-01
      vertex   1.185056e+00 8.949124e-01 -1.000000e+00
    endloop
  endfacet
  facet normal -5.494481e-01 -4.412820e-01 -7.094906e-01
    outer loop
      vertex   1.185056e+00 8.949124e-01 -1.000000e+00
      vertex   1.092173e+00 7.935101e-01 -8.650000e-01
      vertex   1.010490e+00 8.952156e-01 -8.650000e-01
    endloop
  endfacet
  facet normal -5.458056e-01 -4.532312e-01 -7.047536e-01
    outer loop
      vertex   1.185056e+00 8.949124e-01 -1.000000e+00
      vertex   1.010490e+00 8.952156e-01 -8.650000e-01
      vertex   1.097428e+00 1.000438e+00 -1.000000e+00
    endloop
  endfacet
  facet normal -5.046717e-01 -4.926207e-01 -7.089650e-01
    outer loop
      vertex   1.097428e+00 1.000438e+00 -1.000000e+00
      vertex   1.010490e+00 8.952156e-01 -8.650000e-01
      vertex   9.193714e-01 9.885627e-01 -8.650000e-01
    endloop
  endfacet
  facet normal -5.012937e-01 -5.012937e-01 -7.052725e-01
    outer loop
      vertex   1.097428e+00 1.000438e+00 -1.000000e+00
      vertex   9.193714e-01 9.885627e-01 -8.650000e-01
      vertex   1.000438e+00 1.097428e+00 -1.000000e+00
    endloop
  endfacet
  facet normal -4.551576e-01 -5.394872e-01 -7.083679e-01
    outer loop
      vertex   1.000438e+00 1.097428e+00 -1.000000e+00
      vertex   9.193714e-01 9.885627e-01 -8.650000e-01
      vertex   8.196694e-01 1.072680e+00 -8.650000e-01
    endloop
  endfacet
  facet normal -4.525313e-01 -5.449627e-01 -7.058549e-01
    outer loop
      vertex   1.000438e+00 1.097428e+00 -1.000000e+00
      vertex   8.196694e-01 1.072680e+00 -8.650000e-01
      vertex   8.949124e-01 1.185056e+00 -1.000000e+00
    endloop
  endfacet
  facet normal -4.013459e-01 -5.814499e-01 -7.076988e-01
    outer loop
      vertex   8.949124e-01 1.185056e+00 -1.000000e+00
      vertex   8.196694e-01 1.072680e+00 -8.650000e-01
      vertex   7.123143e-01 1.146782e+00 -8.650000e-01
    endloop
  endfacet
  facet normal -3.999543e-01 -5.838613e-01 -7.065002e-01
    outer loop
      vertex   8.949124e-01 1.185056e+00 -1.000000e+00
      vertex   7.123143e-01 1.146782e+00 -8.650000e-01
      vertex   7.817518e-01 1.262572e+00 -1.000000e+00
    endloop
  endfacet
  facet normal -3.441502e-01 -6.178680e-01 -7.069652e-01
    outer loop
      vertex   7.817518e-01 1.262572e+00 -1.000000e+00
      vertex   7.123143e-01 1.146782e+00 -8.650000e-01
      vertex   6.619215e-01 1.329317e+00 -1.000000e+00
    endloop
  endfacet
  facet normal -3.435908e-01 -6.178964e-01 -7.072124e-01
    outer loop
      vertex   6.619215e-01 1.329317e+00 -1.000000e+00
      vertex   7.123143e-01 1.146782e+00 -8.650000e-01
      vertex   5.983086e-01 1.210176e+00 -8.650000e-01
    endloop
  endfacet
  facet normal -2.859496e-01 -6.476141e-01 -7.062781e-01
    outer loop
      vertex   6.619215e-01 1.329317e+00 -1.000000e+00
      vertex   5.983086e-01 1.210176e+00 -8.650000e-01
      vertex   5.364439e-01 1.384721e+00 -1.000000e+00
    endloop
  endfacet
  facet normal -2.820643e-01 -6.475145e-01 -7.079298e-01
    outer loop
      vertex   5.364439e-01 1.384721e+00 -1.000000e+00
      vertex   5.983086e-01 1.210176e+00 -8.650000e-01
      vertex   4.787166e-01 1.262272e+00 -8.650000e-01
    endloop
  endfacet
  facet normal -2.251733e-01 -6.718257e-01 -7.056537e-01
    outer loop
      vertex   5.364439e-01 1.384721e+00 -1.000000e+00
      vertex   4.787166e-01 1.262272e+00 -8.650000e-01
      vertex   4.063895e-01 1.428311e+00 -1.000000e+00
    endloop
  endfacet
  facet normal -2.180534e-01 -6.710994e-01 -7.085749e-01
    outer loop
      vertex   4.063895e-01 1.428311e+00 -1.000000e+00
      vertex   4.787166e-01 1.262272e+00 -8.650000e-01
      vertex   3.546550e-01 1.302582e+00 -8.650000e-01
    endloop
  endfacet
  facet normal -1.623524e-01 -6.902799e-01 -7.050925e-01
    outer loop
      vertex   4.063895e-01 1.428311e+00 -1.000000e+00
      vertex   3.546550e-01 1.302582e+00 -8.650000e-01
      vertex   2.728680e-01 1.459715e+00 -1.000000e+00
    endloop
  endfacet
  facet normal -1.521407e-01 -6.884491e-01 -7.091481e-01
    outer loop
      vertex   2.728680e-01 1.459715e+00 -1.000000e+00
      vertex   3.546550e-01 1.302582e+00 -8.650000e-01
      vertex   2.272820e-01 1.330730e+00 -8.650000e-01
    endloop
  endfacet
  facet normal -9.803710e-02 -7.028049e-01 -7.045949e-01
    outer loop
      vertex   2.728680e-01 1.459715e+00 -1.000000e+00
      vertex   2.272820e-01 1.330730e+00 -8.650000e-01
      vertex   1.370185e-01 1.478665e+00 -1.000000e+00
    endloop
  endfacet
  facet normal -8.492465e-02 -6.994174e-01 -7.096500e-01
    outer loop
      vertex   1.370185e-01 1.478665e+00 -1.000000e+00
      vertex   2.272820e-01 1.330730e+00 -8.650000e-01
      vertex   9.778698e-02 1.346454e+00 -8.650000e-01
    endloop
  endfacet
  facet normal -3.279210e-02 -7.092824e-01 -7.041613e-01
    outer loop
      vertex   1.370185e-01 1.478665e+00 -1.000000e+00
      vertex   9.778698e-02 1.346454e+00 -8.650000e-01
      vertex   9.093002e-17 1.485000e+00 -1.000000e+00
    endloop
  endfacet
  facet normal -1.701418e-02 -7.039144e-01 -7.100810e-01
    outer loop
      vertex   9.093002e-17 1.485000e+00 -1.000000e+00
      vertex   9.778698e-02 1.346454e+00 -8.650000e-01
      vertex   -3.262106e-02 1.349606e+00 -8.650000e-01
    endloop
  endfacet
  facet normal 3.280900e-02 -7.096479e-01 -7.037921e-01
    outer loop
      vertex   9.093002e-17 1.485000e+00 -1.000000e+00
      vertex   -3.262106e-02 1.349606e+00 -8.650000e-01
      vertex   -1.370185e-01 1.478665e+00 -1.000000e+00
    endloop
  endfacet
  facet normal 5.097644e-02 -7.019076e-01 -7.104415e-01
    outer loop
      vertex   -1.370185e-01 1.478665e+00 -1.000000e+00
      vertex   -3.262106e-02 1.349606e+00 -8.650000e-01
      vertex   -1.627245e-01 1.340157e+00 -8.650000e-01
    endloop
  endfacet
  facet normal 9.818875e-02 -7.038921e-01 -7.034877e-01
    outer loop
      vertex   -1.370185e-01 1.478665e+00 -1.000000e+00
      vertex   -1.627245e-01 1.340157e+00 -8.650000e-01
      vertex   -2.728680e-01 1.459715e+00 -1.000000e+00
    endloop
  endfacet
  facet normal 1.184330e-01 -6.934218e-01 -7.107319e-01
    outer loop
      vertex   -2.728680e-01 1.459715e+00 -1.000000e+00
      vertex   -1.627245e-01 1.340157e+00 -8.650000e-01
      vertex   -2.913087e-01 1.318195e+00 -8.650000e-01
    endloop
  endfacet
  facet normal 1.627711e-01 -6.920604e-01 -7.032482e-01
    outer loop
      vertex   -2.728680e-01 1.459715e+00 -1.000000e+00
      vertex   -2.913087e-01 1.318195e+00 -8.650000e-01
      vertex   -4.063895e-01 1.428311e+00 -1.000000e+00
    endloop
  endfacet
  facet normal 1.847464e-01 -6.785393e-01 -7.109523e-01
    outer loop
      vertex   -4.063895e-01 1.428311e+00 -1.000000e+00
      vertex   -2.913087e-01 1.318195e+00 -8.650000e-01
      vertex   -4.171729e-01 1.283926e+00 -8.650000e-01
    endloop
  endfacet
  facet normal 2.259868e-01 -6.742530e-01 -7.030738e-01
    outer loop
      vertex   -4.063895e-01 1.428311e+00 -1.000000e+00
      vertex   -4.171729e-01 1.283926e+00 -8.650000e-01
      vertex   -5.364439e-01 1.384721e+00 -1.000000e+00
    endloop
  endfacet
  facet normal 2.493184e-01 -6.573986e-01 -7.111030e-01
    outer loop
      vertex   -5.364439e-01 1.384721e+00 -1.000000e+00
      vertex   -4.171729e-01 1.283926e+00 -8.650000e-01
      vertex   -5.391422e-01 1.237669e+00 -8.650000e-01
    endloop
  endfacet
  facet normal 2.872786e-01 -6.506239e-01 -7.029648e-01
    outer loop
      vertex   -5.364439e-01 1.384721e+00 -1.000000e+00
      vertex   -5.391422e-01 1.237669e+00 -8.650000e-01
      vertex   -6.619215e-01 1.329317e+00 -1.000000e+00
    endloop
  endfacet
  facet normal 3.115662e-01 -6.301934e-01 -7.111841e-01
    outer loop
      vertex   -6.619215e-01 1.329317e+00 -1.000000e+00
      vertex   -5.391422e-01 1.237669e+00 -8.650000e-01
      vertex   -6.560776e-01 1.179857e+00 -8.650000e-01
    endloop
  endfacet
  facet normal 3.461061e-01 -6.213794e-01 -7.029212e-01
    outer loop
      vertex   -6.619215e-01 1.329317e+00 -1.000000e+00
      vertex   -6.560776e-01 1.179857e+00 -8.650000e-01
      vertex   -7.817518e-01 1.262572e+00 -1.000000e+00
    endloop
  endfacet
  facet normal 3.709280e-01 -5.971710e-01 -7.111957e-01
    outer loop
      vertex   -7.817518e-01 1.262572e+00 -1.000000e+00
      vertex   -6.560776e-01 1.179857e+00 -8.650000e-01
      vertex   -7.668874e-01 1.111028e+00 -8.650000e-01
    endloop
  endfacet
  facet normal 4.019511e-01 -5.867763e-01 -7.029430e-01
    outer loop
      vertex   -7.817518e-01 1.262572e+00 -1.000000e+00
      vertex   -7.668874e-01 1.111028e+00 -8.650000e-01
      vertex   -8.949124e-01 1.185056e+00 -1.000000e+00
    endloop
  endfacet
  facet normal 4.268672e-01 -5.586300e-01 -7.111377e-01
    outer loop
      vertex   -8.949124e-01 1.185056e+00 -1.000000e+00
      vertex   -7.668874e-01 1.111028e+00 -8.650000e-01
      vertex   -8.705370e-01 1.031826e+00 -8.650000e-01
    endloop
  endfacet
  facet normal 4.543223e-01 -5.471195e-01 -7.030302e-01
    outer loop
      vertex   -8.949124e-01 1.185056e+00 -1.000000e+00
      vertex   -8.705370e-01 1.031826e+00 -8.650000e-01
      vertex   -1.000438e+00 1.097428e+00 -1.000000e+00
    endloop
  endfacet
  facet normal 4.788778e-01 -5.149179e-01 -7.110103e-01
    outer loop
      vertex   -1.000438e+00 1.097428e+00 -1.000000e+00
      vertex   -8.705370e-01 1.031826e+00 -8.650000e-01
      vertex   -9.660586e-01 9.429903e-01 -8.650000e-01
    endloop
  endfacet
  facet normal 5.027594e-01 -5.027594e-01 -7.031828e-01
    outer loop
      vertex   -1.000438e+00 1.097428e+00 -1.000000e+00
      vertex   -9.660586e-01 9.429903e-01 -8.650000e-01
      vertex   -1.097428e+00 1.000438e+00 -1.000000e+00
    endloop
  endfacet
  facet normal 5.264882e-01 -4.664278e-01 -7.108131e-01
    outer loop
      vertex   -1.097428e+00 1.000438e+00 -1.000000e+00
      vertex   -9.660586e-01 9.429903e-01 -8.650000e-01
      vertex   -1.052560e+00 8.453500e-01 -8.650000e-01
    endloop
  endfacet
  facet normal 5.468377e-01 -4.540882e-01 -7.034006e-01
    outer loop
      vertex   -1.097428e+00 1.000438e+00 -1.000000e+00
      vertex   -1.052560e+00 8.453500e-01 -8.650000e-01
      vertex   -1.185056e+00 8.949124e-01 -1.000000e+00
    endloop
  endfacet
  facet normal 5.692653e-01 -4.135955e-01 -7.105461e-01
    outer loop
      vertex   -1.185056e+00 8.949124e-01 -1.000000e+00
      vertex   -1.052560e+00 8.453500e-01 -8.650000e-01
      vertex   -1.129235e+00 7.398169e-01 -8.650000e-01
    endloop
  endfacet
  facet normal 5.861719e-01 -4.015371e-01 -7.036834e-01
    outer loop
      vertex   -1.185056e+00 8.949124e-01 -1.000000e+00
      vertex   -1.129235e+00 7.398169e-01 -8.650000e-01
      vertex   -1.262572e+00 7.817518e-01 -1.000000e+00
    endloop
  endfacet
  facet normal 6.068188e-01 -3.568951e-01 -7.102090e-01
    outer loop
      vertex   -1.262572e+00 7.817518e-01 -1.000000e+00
      vertex   -1.129235e+00 7.398169e-01 -8.650000e-01
      vertex   -1.195366e+00 6.273763e-01 -8.650000e-01
    endloop
  endfacet
  facet normal 6.204197e-01 -3.455715e-01 -7.040311e-01
    outer loop
      vertex   -1.262572e+00 7.817518e-01 -1.000000e+00
      vertex   -1.195366e+00 6.273763e-01 -8.650000e-01
      vertex   -1.329317e+00 6.619215e-01 -1.000000e+00
    endloop
  endfacet
  facet normal 6.388039e-01 -2.968357e-01 -7.098015e-01
    outer loop
      vertex   -1.329317e+00 6.619215e-01 -1.000000e+00
      vertex   -1.195366e+00 6.273763e-01 -8.650000e-01
      vertex   -1.250336e+00 5.090780e-01 -8.650000e-01
    endloop
  endfacet
  facet normal 6.492844e-01 -2.866871e-01 -7.044432e-01
    outer loop
      vertex   -1.329317e+00 6.619215e-01 -1.000000e+00
      vertex   -1.250336e+00 5.090780e-01 -8.650000e-01
      vertex   -1.384721e+00 5.364439e-01 -1.000000e+00
    endloop
  endfacet
  facet normal 6.649247e-01 -2.339563e-01 -7.093233e-01
    outer loop
      vertex   -1.384721e+00 5.364439e-01 -1.000000e+00
      vertex   -1.250336e+00 5.090780e-01 -8.650000e-01
      vertex   -1.293632e+00 3.860267e-01 -8.650000e-01
    endloop
  endfacet
  facet normal 6.725183e-01 -2.254054e-01 -7.049195e-01
    outer loop
      vertex   -1.384721e+00 5.364439e-01 -1.000000e+00
      vertex   -1.293632e+00 3.860267e-01 -8.650000e-01
      vertex   -1.428311e+00 4.063895e-01 -1.000000e+00
    endloop
  endfacet
  facet normal 6.849370e-01 -1.688218e-01 -7.087739e-01
    outer loop
      vertex   -1.428311e+00 4.063895e-01 -1.000000e+00
      vertex   -1.293632e+00 3.860267e-01 -8.650000e-01
      vertex   -1.324850e+00 2.593711e-01 -8.650000e-01
    endloop
  endfacet
  facet normal 6.899243e-01 -1.622687e-01 -7.054596e-01
    outer loop
      vertex   -1.428311e+00 4.063895e-01 -1.000000e+00
      vertex   -1.324850e+00 2.593711e-01 -8.650000e-01
      vertex   -1.459715e+00 2.728680e-01 -1.000000e+00
    endloop
  endfacet
  facet normal 6.986500e-01 -1.020178e-01 -7.081529e-01
    outer loop
      vertex   -1.459715e+00 2.728680e-01 -1.000000e+00
      vertex   -1.324850e+00 2.593711e-01 -8.650000e-01
      vertex   -1.343698e+00 1.302938e-01 -8.650000e-01
    endloop
  endfacet
  facet normal 7.013582e-01 -9.783529e-02 -7.060630e-01
    outer loop
      vertex   -1.459715e+00 2.728680e-01 -1.000000e+00
      vertex   -1.343698e+00 1.302938e-01 -8.650000e-01
      vertex   -1.478665e+00 1.370185e-01 -1.000000e+00
    endloop
  endfacet
  facet normal 7.059284e-01 -3.414566e-02 -7.074596e-01
    outer loop
      vertex   -1.478665e+00 1.370185e-01 -1.000000e+00
      vertex   -1.343698e+00 1.302938e-01 -8.650000e-01
      vertex   -1.350000e+00 1.653273e-16 -8.650000e-01
    endloop
  endfacet
  facet normal -7.059284e-01 3.414566e-02 7.074596e-01
    outer loop
      vertex   1.343698e+00 -1.302938e-01 8.650000e-01
      vertex   1.478665e+00 -1.370185e-01 1.000000e+00
      vertex   1.350000e+00 0.000000e+00 8.650000e-01
    endloop
  endfacet
  facet normal -7.067292e-01 3.267406e-02 7.067292e-01
    outer loop
      vertex   1.350000e+00 0.000000e+00 8.650000e-01
      vertex   1.478665e+00 -1.370185e-01 1.000000e+00
      vertex   1.485000e+00 0.000000e+00 1.000000e+00
    endloop
  endfacet
  facet normal -7.067292e-01 -3.267406e-02 7.067292e-01
    outer loop
      vertex   1.350000e+00 0.000000e+00 8.650000e-01
      vertex   1.485000e+00 0.000000e+00 1.000000e+00
      vertex   1.478665e+00 1.370185e-01 1.000000e+00
    endloop
  endfacet
  facet normal -7.013582e-01 9.783529e-02 7.060630e-01
    outer loop
      vertex   1.478665e+00 -1.370185e-01 1.000000e+00
      vertex   1.343698e+00 -1.302938e-01 8.650000e-01
      vertex   1.459715e+00 -2.728680e-01 1.000000e+00
    endloop
  endfacet
  facet normal -6.986500e-01 1.020178e-01 7.081529e-01
    outer loop
      vertex   1.459715e+00 -2.728680e-01 1.000000e+00
      vertex   1.343698e+00 -1.302938e-01 8.650000e-01
      vertex   1.324850e+00 -2.593711e-01 8.650000e-01
    endloop
  endfacet
  facet normal -6.899243e-01 1.622687e-01 7.054596e-01
    outer loop
      vertex   1.459715e+00 -2.728680e-01 1.000000e+00
      vertex   1.324850e+00 -2.593711e-01 8.650000e-01
      vertex   1.428311e+00 -4.063895e-01 1.000000e+00
    endloop
  endfacet
  facet normal -6.849370e-01 1.688218e-01 7.087739e-01
    outer loop
      vertex   1.428311e+00 -4.063895e-01 1.000000e+00
      vertex   1.324850e+00 -2.593711e-01 8.650000e-01
      vertex   1.293632e+00 -3.860267e-01 8.650000e-01
    endloop
  endfacet
  facet normal -6.725183e-01 2.254054e-01 7.049195e-01
    outer loop
      vertex   1.428311e+00 -4.063895e-01 1.000000e+00
      vertex   1.293632e+00 -3.860267e-01 8.650000e-01
      vertex   1.384721e+00 -5.364439e-01 1.000000e+00
    endloop
  endfacet
  facet normal -6.649247e-01 2.339563e-01 7.093233e-01
    outer loop
      vertex   1.384721e+00 -5.364439e-01 1.000000e+00
      vertex   1.293632e+00 -3.860267e-01 8.650000e-01
      vertex   1.250336e+00 -5.090780e-01 8.650000e-01
    endloop
  endfacet
  facet normal -6.492844e-01 2.866871e-01 7.044432e-01
    outer loop
      vertex   1.384721e+00 -5.364439e-01 1.000000e+00
      vertex   1.250336e+00 -5.090780e-01 8.650000e-01
      vertex   1.329317e+00 -6.619215e-01 1.000000e+00
    endloop
  endfacet
  facet normal -6.388039e-01 2.968357e-01 7.098015e-01
    outer loop
      vertex   1.329317e+00 -6.619215e-01 1.000000e+00
      vertex   1.250336e+00 -5.090780e-01 8.650000e-01
      vertex   1.195366e+00 -6.273763e-01 8.650000e-01
    endloop
  endfacet
  facet normal -6.204197e-01 3.455715e-01 7.040311e-01
    outer loop
      vertex   1.329317e+00 -6.619215e-01 1.000000e+00
      vertex   1.195366e+00 -6.273763e-01 8.650000e-01
      vertex   1.262572e+00 -7.817518e-01 1.000000e+00
    endloop
  endfacet
  facet normal -6.068188e-01 3.568951e-01 7.102090e-01
    outer loop
      vertex   1.262572e+00 -7.817518e-01 1.000000e+00
      vertex   1.195366e+00 -6.273763e-01 8.650000e-01
      vertex   1.129235e+00 -7.398169e-01 8.650000e-01
    endloop
  endfacet
  facet normal -5.861719e-01 4.015371e-01 7.036834e-01
    outer loop
      vertex   1.262572e+00 -7.817518e-01 1.000000e+00
      vertex   1.129235e+00 -7.398169e-01 8.650000e-01
      vertex   1.185056e+00 -8.949124e-01 1.000000e+00
    endloop
  endfacet
  facet normal -5.692653e-01 4.135955e-01 7.105461e-01
    outer loop
      vertex   1.185056e+00 -8.949124e-01 1.000000e+00
      vertex   1.129235e+00 -7.398169e-01 8.650000e-01
      vertex   1.052560e+00 -8.453500e-01 8.650000e-01
    endloop
  endfacet
  facet normal -5.468377e-01 4.540882e-01 7.034006e-01
    outer loop
      vertex   1.185056e+00 -8.949124e-01 1.000000e+00
      vertex   1.052560e+00 -8.453500e-01 8.650000e-01
      vertex   1.097428e+00 -1.000438e+00 1.000000e+00
    endloop
  endfacet
  facet normal -5.264882e-01 4.664278e-01 7.108131e-01
    outer loop
      vertex   1.097428e+00 -1.000438e+00 1.000000e+00
      vertex   1.052560e+00 -8.453500e-01 8.650000e-01
      vertex   9.660586e-01 -9.429903e-01 8.650000e-01
    endloop
  endfacet
  facet normal -5.027594e-01 5.027594e-01 7.031828e-01
    outer loop
      vertex   1.097428e+00 -1.000438e+00 1.000000e+00
      vertex   9.660586e-01 -9.429903e-01 8.650000e-01
      vertex   1.000438e+00 -1.097428e+00 1.000000e+00
    endloop
  endfacet
  facet normal -4.788778e-01 5.149179e-01 7.110103e-01
    outer loop
      vertex   1.000438e+00 -1.097428e+00 1.000000e+00
      vertex   9.660586e-01 -9.429903e-01 8.650000e-01
      vertex   8.705370e-01 -1.031826e+00 8.650000e-01
    endloop
  endfacet
  facet normal -4.543223e-01 5.471195e-01 7.030302e-01
    outer loop
      vertex   1.000438e+00 -1.097428e+00 1.000000e+00
      vertex   8.705370e-01 -1.031826e+00 8.650000e-01
      vertex   8.949124e-01 -1.185056e+00 1.000000e+00
    endloop
  endfacet
  facet normal -4.268672e-01 5.586300e-01 7.111377e-01
    outer loop
      vertex   8.949124e-01 -1.185056e+00 1.000000e+00
      vertex   8.705370e-01 -1.031826e+00 8.650000e-01
      vertex   7.668874e-01 -1.111028e+00 8.650000e-01
    endloop
  endfacet
  facet normal -4.019511e-01 5.867763e-01 7.029430e-01
    outer loop
      vertex   8.949124e-01 -1.185056e+00 1.000000e+00
      vertex   7.668874e-01 -1.111028e+00 8.650000e-01
      vertex   7.817518e-01 -1.262572e+00 1.000000e+00
    endloop
  endfacet
  facet normal -3.709280e-01 5.971710e-01 7.111957e-01
    outer loop
      vertex   7.817518e-01 -1.262572e+00 1.000000e+00
      vertex   7.668874e-01 -1.111028e+00 8.650000e-01
      vertex   6.560776e-01 -1.179857e+00 8.650000e-01
    endloop
  endfacet
  facet normal -3.461061e-01 6.213794e-01 7.029212e-01
    outer loop
      vertex   7.817518e-01 -1.262572e+00 1.000000e+00
      vertex   6.560776e-01 -1.179857e+00 8.650000e-01
      vertex   6.619215e-01 -1.329317e+00 1.000000e+00
    endloop
  endfacet
  facet normal -3.115662e-01 6.301934e-01 7.111841e-01
    outer loop
      vertex   6.619215e-01 -1.329317e+00 1.000000e+00
      vertex   6.560776e-01 -1.179857e+00 8.650000e-01
      vertex   5.391422e-01 -1.237669e+00 8.650000e-01
    endloop
  endfacet
  facet normal -2.872786e-01 6.506239e-01 7.029648e-01
    outer loop
      vertex   6.619215e-01 -1.329317e+00 1.000000e+00
      vertex   5.391422e-01 -1.237669e+00 8.650000e-01
      vertex   5.364439e-01 -1.384721e+00 1.000000e+00
    endloop
  endfacet
  facet normal -2.493184e-01 6.573986e-01 7.111030e-01
    outer loop
      vertex   5.364439e-01 -1.384721e+00 1.000000e+00
      vertex   5.391422e-01 -1.237669e+00 8.650000e-01
      vertex   4.171729e-01 -1.283926e+00 8.650000e-01
    endloop
  endfacet
  facet normal -2.259868e-01 6.742530e-01 7.030738e-01
    outer loop
      vertex   5.364439e-01 -1.384721e+00 1.000000e+00
      vertex   4.171729e-01 -1.283926e+00 8.650000e-01
      vertex   4.063895e-01 -1.428311e+00 1.000000e+00
    endloop
  endfacet
  facet normal -1.847464e-01 6.785393e-01 7.109523e-01
    outer loop
      vertex   4.063895e-01 -1.428311e+00 1.000000e+00
      vertex   4.171729e-01 -1.283926e+00 8.650000e-01
      vertex   2.913087e-01 -1.318195e+00 8.650000e-01
    endloop
  endfacet
  facet normal -1.627711e-01 6.920604e-01 7.032482e-01
    outer loop
      vertex   4.063895e-01 -1.428311e+00 1.000000e+00
      vertex   2.913087e-01 -1.318195e+00 8.650000e-01
      vertex   2.728680e-01 -1.459715e+00 1.000000e+00
    endloop
  endfacet
  facet normal -1.184330e-01 6.934218e-01 7.107319e-01
    outer loop
      vertex   2.728680e-01 -1.459715e+00 1.000000e+00
      vertex   2.913087e-01 -1.318195e+00 8.650000e-01
      vertex   1.627245e-01 -1.340157e+00 8.650000e-01
    endloop
  endfacet
  facet normal -9.818875e-02 7.038921e-01 7.034877e-01
    outer loop
      vertex   2.728680e-01 -1.459715e+00 1.000000e+00
      vertex   1.627245e-01 -1.340157e+00 8.650000e-01
      vertex   1.370185e-01 -1.478665e+00 1.000000e+00
    endloop
  endfacet
  facet normal -5.097644e-02 7.019076e-01 7.104415e-01
    outer loop
      vertex   1.370185e-01 -1.478665e+00 1.000000e+00
      vertex   1.627245e-01 -1.340157e+00 8.650000e-01
      vertex   3.262106e-02 -1.349606e+00 8.650000e-01
    endloop
  endfacet
  facet normal -3.280900e-02 7.096479e-01 7.037921e-01
    outer loop
      vertex   1.370185e-01 -1.478665e+00 1.000000e+00
      vertex   3.262106e-02 -1.349606e+00 8.650000e-01
      vertex   9.093002e-17 -1.485000e+00 1.000000e+00
    endloop
  endfacet
  facet normal 1.701418e-02 7.039144e-01 7.100810e-01
    outer loop
      vertex   9.093002e-17 -1.485000e+00 1.000000e+00
      vertex   3.262106e-02 -1.349606e+00 8.650000e-01
      vertex   -9.778698e-02 -1.346454e+00 8.650000e-01
    endloop
  endfacet
  facet normal 3.279210e-02 7.092824e-01 7.041613e-01
    outer loop
      vertex   9.093002e-17 -1.485000e+00 1.000000e+00
      vertex   -9.778698e-02 -1.346454e+00 8.650000e-01
      vertex   -1.370185e-01 -1.478665e+00 1.000000e+00
    endloop
  endfacet
  facet normal 8.492465e-02 6.994174e-01 7.096500e-01
    outer loop
      vertex   -1.370185e-01 -1.478665e+00 1.000000e+00
      vertex   -9.778698e-02 -1.346454e+00 8.650000e-01
      vertex   -2.272820e-01 -1.330730e+00 8.650000e-01
    endloop
  endfacet
  facet normal 9.803710e-02 7.028049e-01 7.045949e-01
    outer loop
      vertex   -1.370185e-01 -1.478665e+00 1.000000e+00
      vertex   -2.272820e-01 -1.330730e+00 8.650000e-01
      vertex   -2.728680e-01 -1.459715e+00 1.000000e+00
    endloop
  endfacet
  facet normal 1.521407e-01 6.884491e-01 7.091481e-01
    outer loop
      vertex   -2.728680e-01 -1.459715e+00 1.000000e+00
      vertex   -2.272820e-01 -1.330730e+00 8.650000e-01
      vertex   -3.546550e-01 -1.302582e+00 8.650000e-01
    endloop
  endfacet
  facet normal 1.623524e-01 6.902799e-01 7.050925e-01
    outer loop
      vertex   -2.728680e-01 -1.459715e+00 1.000000e+00
      vertex   -3.546550e-01 -1.302582e+00 8.650000e-01
      vertex   -4.063895e-01 -1.428311e+00 1.000000e+00
    endloop
  endfacet
  facet normal 2.180534e-01 6.710994e-01 7.085749e-01
    outer loop
      vertex   -4.063895e-01 -1.428311e+00 1.000000e+00
      vertex   -3.546550e-01 -1.302582e+00 8.650000e-01
      vertex   -4.787166e-01 -1.262272e+00 8.650000e-01
    endloop
  endfacet
  facet normal 2.251733e-01 6.718257e-01 7.056537e-01
    outer loop
      vertex   -4.063895e-01 -1.428311e+00 1.000000e+00
      vertex   -4.787166e-01 -1.262272e+00 8.650000e-01
      vertex   -5.364439e-01 -1.384721e+00 1.000000e+00
    endloop
  endfacet
  facet normal 2.820643e-01 6.475145e-01 7.079298e-01
    outer loop
      vertex   -5.364439e-01 -1.384721e+00 1.000000e+00
      vertex   -4.787166e-01 -1.262272e+00 8.650000e-01
      vertex   -5.983086e-01 -1.210176e+00 8.650000e-01
    endloop
  endfacet
  facet normal 2.859496e-01 6.476141e-01 7.062781e-01
    outer loop
      vertex   -5.364439e-01 -1.384721e+00 1.000000e+00
      vertex   -5.983086e-01 -1.210176e+00 8.650000e-01
      vertex   -6.619215e-01 -1.329317e+00 1.000000e+00
    endloop
  endfacet
  facet normal 3.435908e-01 6.178964e-01 7.072124e-01
    outer loop
      vertex   -6.619215e-01 -1.329317e+00 1.000000e+00
      vertex   -5.983086e-01 -1.210176e+00 8.650000e-01
      vertex   -7.123143e-01 -1.146782e+00 8.650000e-01
    endloop
  endfacet
  facet normal 3.441502e-01 6.178680e-01 7.069652e-01
    outer loop
      vertex   -6.619215e-01 -1.329317e+00 1.000000e+00
      vertex   -7.123143e-01 -1.146782e+00 8.650000e-01
      vertex   -7.817518e-01 -1.262572e+00 1.000000e+00
    endloop
  endfacet
  facet normal 3.999543e-01 5.838613e-01 7.065002e-01
    outer loop
      vertex   -7.817518e-01 -1.262572e+00 1.000000e+00
      vertex   -7.123143e-01 -1.146782e+00 8.650000e-01
      vertex   -8.949124e-01 -1.185056e+00 1.000000e+00
    endloop
  endfacet
  facet normal 4.013459e-01 5.814499e-01 7.076988e-01
    outer loop
      vertex   -8.949124e-01 -1.185056e+00 1.000000e+00
      vertex   -7.123143e-01 -1.146782e+00 8.650000e-01
      vertex   -8.196694e-01 -1.072680e+00 8.650000e-01
    endloop
  endfacet
  facet normal 4.525313e-01 5.449627e-01 7.058549e-01
    outer loop
      vertex   -8.949124e-01 -1.185056e+00 1.000000e+00
      vertex   -8.196694e-01 -1.072680e+00 8.650000e-01
      vertex   -1.000438e+00 -1.097428e+00 1.000000e+00
    endloop
  endfacet
  facet normal 4.551576e-01 5.394872e-01 7.083679e-01
    outer loop
      vertex   -1.000438e+00 -1.097428e+00 1.000000e+00
      vertex   -8.196694e-01 -1.072680e+00 8.650000e-01
      vertex   -9.193714e-01 -9.885627e-01 8.650000e-01
    endloop
  endfacet
  facet normal 5.012937e-01 5.012937e-01 7.052725e-01
    outer loop
      vertex   -1.000438e+00 -1.097428e+00 1.000000e+00
      vertex   -9.193714e-01 -9.885627e-01 8.650000e-01
      vertex   -1.097428e+00 -1.000438e+00 1.000000e+00
    endloop
  endfacet
  facet normal 5.046717e-01 4.926207e-01 7.089650e-01
    outer loop
      vertex   -1.097428e+00 -1.000438e+00 1.000000e+00
      vertex   -9.193714e-01 -9.885627e-01 8.650000e-01
      vertex   -1.010490e+00 -8.952156e-01 8.650000e-01
    endloop
  endfacet
  facet normal 5.458056e-01 4.532312e-01 7.047536e-01
    outer loop
      vertex   -1.097428e+00 -1.000438e+00 1.000000e+00
      vertex   -1.010490e+00 -8.952156e-01 8.650000e-01
      vertex   -1.185056e+00 -8.949124e-01 1.000000e+00
    endloop
  endfacet
  facet normal 5.494481e-01 4.412820e-01 7.094906e-01
    outer loop
      vertex   -1.185056e+00 -8.949124e-01 1.000000e+00
      vertex   -1.010490e+00 -8.952156e-01 8.650000e-01
      vertex   -1.092173e+00 -7.935101e-01 8.650000e-01
    endloop
  endfacet
  facet normal 5.856688e-01 4.011925e-01 7.042987e-01
    outer loop
      vertex   -1.185056e+00 -8.949124e-01 1.000000e+00
      vertex   -1.092173e+00 -7.935101e-01 8.650000e-01
      vertex   -1.262572e+00 -7.817518e-01 1.000000e+00
    endloop
  endfacet
  facet normal 5.890899e-01 3.859416e-01 7.099452e-01
    outer loop
      vertex   -1.262572e+00 -7.817518e-01 1.000000e+00
      vertex   -1.092173e+00 -7.935101e-01 8.650000e-01
      vertex   -1.163659e+00 -6.843958e-01 8.650000e-01
    endloop
  endfacet
  facet normal 6.205262e-01 3.456309e-01 7.039080e-01
    outer loop
      vertex   -1.262572e+00 -7.817518e-01 1.000000e+00
      vertex   -1.163659e+00 -6.843958e-01 8.650000e-01
      vertex   -1.329317e+00 -6.619215e-01 1.000000e+00
    endloop
  endfacet
  facet normal 6.232456e-01 3.271045e-01 7.103292e-01
    outer loop
      vertex   -1.329317e+00 -6.619215e-01 1.000000e+00
      vertex   -1.163659e+00 -6.843958e-01 8.650000e-01
      vertex   -1.224280e+00 -5.688915e-01 8.650000e-01
    endloop
  endfacet
  facet normal 6.500654e-01 2.870320e-01 7.035820e-01
    outer loop
      vertex   -1.329317e+00 -6.619215e-01 1.000000e+00
      vertex   -1.224280e+00 -5.688915e-01 8.650000e-01
      vertex   -1.384721e+00 -5.364439e-01 1.000000e+00
    endloop
  endfacet
  facet normal 6.516129e-01 2.653062e-01 7.106429e-01
    outer loop
      vertex   -1.384721e+00 -5.364439e-01 1.000000e+00
      vertex   -1.224280e+00 -5.688915e-01 8.650000e-01
      vertex   -1.273471e+00 -4.480756e-01 8.650000e-01
    endloop
  endfacet
  facet normal 6.740214e-01 2.259092e-01 7.033208e-01
    outer loop
      vertex   -1.384721e+00 -5.364439e-01 1.000000e+00
      vertex   -1.273471e+00 -4.480756e-01 8.650000e-01
      vertex   -1.428311e+00 -4.063895e-01 1.000000e+00
    endloop
  endfacet
  facet normal 6.739407e-01 2.011075e-01 7.108866e-01
    outer loop
      vertex   -1.428311e+00 -4.063895e-01 1.000000e+00
      vertex   -1.273471e+00 -4.480756e-01 8.650000e-01
      vertex   -1.310771e+00 -3.230761e-01 8.650000e-01
    endloop
  endfacet
  facet normal 6.921793e-01 1.627991e-01 7.031247e-01
    outer loop
      vertex   -1.428311e+00 -4.063895e-01 1.000000e+00
      vertex   -1.310771e+00 -3.230761e-01 8.650000e-01
      vertex   -1.459715e+00 -2.728680e-01 1.000000e+00
    endloop
  endfacet
  facet normal 6.900316e-01 1.350902e-01 7.110605e-01
    outer loop
      vertex   -1.459715e+00 -2.728680e-01 1.000000e+00
      vertex   -1.310771e+00 -3.230761e-01 8.650000e-01
      vertex   -1.335834e+00 -1.950602e-01 8.650000e-01
    endloop
  endfacet
  facet normal 7.043758e-01 9.825623e-02 7.029939e-01
    outer loop
      vertex   -1.459715e+00 -2.728680e-01 1.000000e+00
      vertex   -1.335834e+00 -1.950602e-01 8.650000e-01
      vertex   -1.478665e+00 -1.370185e-01 1.000000e+00
    endloop
  endfacet
  facet normal 6.997434e-01 6.785173e-02 7.111648e-01
    outer loop
      vertex   -1.478665e+00 -1.370185e-01 1.000000e+00
      vertex   -1.335834e+00 -1.950602e-01 8.650000e-01
      vertex   -1.348424e+00 -6.522306e-02 8.650000e-01
    endloop
  endfacet
  facet normal 7.105016e-01 3.284847e-02 7.029285e-01
    outer loop
      vertex   -1.478665e+00 -1.370185e-01 1.000000e+00
      vertex   -1.348424e+00 -6.522306e-02 8.650000e-01
      vertex   -1.485000e+00 -1.818600e-16 1.000000e+00
    endloop
  endfacet
  facet normal 7.029902e-01 0.000000e+00 7.111995e-01
    outer loop
      vertex   -1.485000e+00 -1.818600e-16 1.000000e+00
      vertex   -1.348424e+00 -6.522306e-02 8.650000e-01
      vertex   -1.348424e+00 6.522306e-02 8.650000e-01
    endloop
  endfacet
  facet normal 7.105016e-01 -3.284847e-02 7.029285e-01
    outer loop
      vertex   -1.485000e+00 -1.818600e-16 1.000000e+00
      vertex   -1.348424e+00 6.522306e-02 8.650000e-01
      vertex   -1.478665e+00 1.370185e-01 1.000000e+00
    endloop
  endfacet
  facet normal 6.997434e-01 -6.785173e-02 7.111648e-01
    outer loop
      vertex   -1.478665e+00 1.370185e-01 1.000000e+00
      vertex   -1.348424e+00 6.522306e-02 8.650000e-01
      vertex   -1.335834e+00 1.950602e-01 8.650000e-01
    endloop
  endfacet
  facet normal 7.043758e-01 -9.825623e-02 7.029939e-01
    outer loop
      vertex   -1.478665e+00 1.370185e-01 1.000000e+00
      vertex   -1.335834e+00 1.950602e-01 8.650000e-01
      vertex   -1.459715e+00 2.728680e-01 1.000000e+00
    endloop
  endfacet
  facet normal 6.900316e-01 -1.350902e-01 7.110605e-01
    outer loop
      vertex   -1.459715e+00 2.728680e-01 1.000000e+00
      vertex   -1.335834e+00 1.950602e-01 8.650000e-01
      vertex   -1.310771e+00 3.230761e-01 8.650000e-01
    endloop
  endfacet
  facet normal 6.921793e-01 -1.627991e-01 7.031247e-01
    outer loop
      vertex   -1.459715e+00 2.728680e-01 1.000000e+00
      vertex   -1.310771e+00 3.230761e-01 8.650000e-01
      vertex   -1.428311e+00 4.063895e-01 1.000000e+00
    endloop
  endfacet
  facet normal 6.739407e-01 -2.011075e-01 7.108866e-01
    outer loop
      vertex   -1.428311e+00 4.063895e-01 1.000000e+00
      vertex   -1.310771e+00 3.230761e-01 8.650000e-01
      vertex   -1.273471e+00 4.480756e-01 8.650000e-01
    endloop
  endfacet
  facet normal 6.740214e-01 -2.259092e-01 7.033208e-01
    outer loop
      vertex   -1.428311e+00 4.063895e-01 1.000000e+00
      vertex   -1.273471e+00 4.480756e-01 8.650000e-01
      vertex   -1.384721e+00 5.364439e-01 1.000000e+00
    endloop
  endfacet
  facet normal 6.516129e-01 -2.653062e-01 7.106429e-01
    outer loop
      vertex   -1.384721e+00 5.364439e-01 1.000000e+00
      vertex   -1.273471e+00 4.480756e-01 8.650000e-01
      vertex   -1.224280e+00 5.688915e-01 8.650000e-01
    endloop
  endfacet
  facet normal 6.500654e-01 -2.870320e-01 7.035820e-01
    outer loop
      vertex   -1.384721e+00 5.364439e-01 1.000000e+00
      vertex   -1.224280e+00 5.688915e-01 8.650000e-01
      vertex   -1.329317e+00 6.619215e-01 1.000000e+00
    endloop
  endfacet
  facet normal 6.232456e-01 -3.271045e-01 7.103292e-01
    outer loop
      vertex   -1.329317e+00 6.619215e-01 1.000000e+00
      vertex   -1.224280e+00 5.688915e-01 8.650000e-01
      vertex   -1.163659e+00 6.843958e-01 8.650000e-01
    endloop
  endfacet
  facet normal 6.205262e-01 -3.456309e-01 7.039080e-01
    outer loop
      vertex   -1.329317e+00 6.619215e-01 1.000000e+00
      vertex   -1.163659e+00 6.843958e-01 8.650000e-01
      vertex   -1.262572e+00 7.817518e-01 1.000000e+00
    endloop
  endfacet
  facet normal 5.890899e-01 -3.859416e-01 7.099452e-01
    outer loop
      vertex   -1.262572e+00 7.817518e-01 1.000000e+00
      vertex   -1.163659e+00 6.843958e-01 8.650000e-01
      vertex   -1.092173e+00 7.935101e-01 8.650000e-01
    endloop
  endfacet
  facet normal 5.856688e-01 -4.011925e-01 7.042987e-01
    outer loop
      vertex   -1.262572e+00 7.817518e-01 1.000000e+00
      vertex   -1.092173e+00 7.935101e-01 8.650000e-01
      vertex   -1.185056e+00 8.949124e-01 1.000000e+00
    endloop
  endfacet
  facet normal 5.494481e-01 -4.412820e-01 7.094906e-01
    outer loop
      vertex   -1.185056e+00 8.949124e-01 1.000000e+00
      vertex   -1.092173e+00 7.935101e-01 8.650000e-01
      vertex   -1.010490e+00 8.952156e-01 8.650000e-01
    endloop
  endfacet
  facet normal 5.458056e-01 -4.532312e-01 7.047536e-01
    outer loop
      vertex   -1.185056e+00 8.949124e-01 1.000000e+00
      vertex   -1.010490e+00 8.952156e-01 8.650000e-01
      vertex   -1.097428e+00 1.000438e+00 1.000000e+00
    endloop
  endfacet
  facet normal 5.046717e-01 -4.926207e-01 7.089650e-01
    outer loop
      vertex   -1.097428e+00 1.000438e+00 1.000000e+00
      vertex   -1.010490e+00 8.952156e-01 8.650000e-01
      vertex   -9.193714e-01 9.885627e-01 8.650000e-01
    endloop
  endfacet
  facet normal 5.012937e-01 -5.012937e-01 7.052725e-01
    outer loop
      vertex   -1.097428e+00 1.000438e+00 1.000000e+00
      vertex   -9.193714e-01 9.885627e-01 8.650000e-01
      vertex   -1.000438e+00 1.097428e+00 1.000000e+00
    endloop
  endfacet
  facet normal 4.551576e-01 -5.394872e-01 7.083679e-01
    outer loop
      vertex   -1.000438e+00 1.097428e+00 1.000000e+00
      vertex   -9.193714e-01 9.885627e-01 8.650000e-01
      vertex   -8.196694e-01 1.072680e+00 8.650000e-01
    endloop
  endfacet
  facet normal 4.525313e-01 -5.449627e-01 7.058549e-01
    outer loop
      vertex   -1.000438e+00 1.097428e+00 1.000000e+00
      vertex   -8.196694e-01 1.072680e+00 8.650000e-01
      vertex   -8.949124e-01 1.185056e+00 1.000000e+00
    endloop
  endfacet
  facet normal 4.013459e-01 -5.814499e-01 7.076988e-01
    outer loop
      vertex   -8.949124e-01 1.185056e+00 1.000000e+00
      vertex   -8.196694e-01 1.072680e+00 8.650000e-01
      vertex   -7.123143e-01 1.146782e+00 8.650000e-01
    endloop
  endfacet
  facet normal 3.999543e-01 -5.838613e-01 7.065002e-01
    outer loop
      vertex   -8.949124e-01 1.185056e+00 1.000000e+00
      vertex   -7.123143e-01 1.146782e+00 8.650000e-01
      vertex   -7.817518e-01 1.262572e+00 1.000000e+00
    endloop
  endfacet
  facet normal 3.441502e-01 -6.178680e-01 7.069652e-01
    outer loop
      vertex   -7.817518e-01 1.262572e+00 1.000000e+00
      vertex   -7.123143e-01 1.146782e+00 8.650000e-01
      vertex   -6.619215e-01 1.329317e+00 1.000000e+00
    endloop
  endfacet
  facet normal 3.435908e-01 -6.178964e-01 7.072124e-01
    outer loop
      vertex   -6.619215e-01 1.329317e+00 1.000000e+00
      vertex   -7.123143e-01 1.146782e+00 8.650000e-01
      vertex   -5.983086e-01 1.210176e+00 8.650000e-01
    endloop
  endfacet
  facet normal 2.859496e-01 -6.476141e-01 7.062781e-01
    outer loop
      vertex   -6.619215e-01 1.329317e+00 1.000000e+00
      vertex   -5.983086e-01 1.210176e+00 8.650000e-01
      vertex   -5.364439e-01 1.384721e+00 1.000000e+00
    endloop
  endfacet
  facet normal 2.820643e-01 -6.475145e-01 7.079298e-01
    outer loop
      vertex   -5.364439e-01 1.384721e+00 1.000000e+00
      vertex   -5.983086e-01 1.210176e+00 8.650000e-01
      vertex   -4.787166e-01 1.262272e+00 8.650000e-01
    endloop
  endfacet
  facet normal 2.251733e-01 -6.718257e-01 7.056537e-01
    outer loop
      vertex   -5.364439e-01 1.384721e+00 1.000000e+00
      vertex   -4.787166e-01 1.262272e+00 8.650000e-01
      vertex   -4.063895e-01 1.428311e+00 1.000000e+00
    endloop
  endfacet
  facet normal 2.180534e-01 -6.710994e-01 7.085749e-01
    outer loop
      vertex   -4.063895e-01 1.428311e+00 1.000000e+00
      vertex   -4.787166e-01 1.262272e+00 8.650000e-01
      vertex   -3.546550e-01 1.302582e+00 8.650000e-01
    endloop
  endfacet
  facet normal 1.623524e-01 -6.902799e-01 7.050925e-01
    outer loop
      vertex   -4.063895e-01 1.428311e+00 1.000000e+00
      vertex   -3.546550e-01 1.302582e+00 8.650000e-01
      vertex   -2.728680e-01 1.459715e+00 1.000000e+00
    endloop
  endfacet
  facet normal 1.521407e-01 -6.884491e-01 7.091481e-01
    outer loop
      vertex   -2.728680e-01 1.459715e+00 1.000000e+00
      vertex   -3.546550e-01 1.302582e+00 8.650000e-01
      vertex   -2.272820e-01 1.330730e+00 8.650000e-01
    endloop
  endfacet
  facet normal 9.803710e-02 -7.028049e-01 7.045949e-01
    outer loop
      vertex   -2.728680e-01 1.459715e+00 1.000000e+00
      vertex   -2.272820e-01 1.330730e+00 8.650000e-01
      vertex   -1.370185e-01 1.478665e+00 1.000000e+00
    endloop
  endfacet
  facet normal 8.492465e-02 -6.994174e-01 7.096500e-01
    outer loop
      vertex   -1.370185e-01 1.478665e+00 1.000000e+00
      vertex   -2.272820e-01 1.330730e+00 8.650000e-01
      vertex   -9.778698e-02 1.346454e+00 8.650000e-01
    endloop
  endfacet
  facet normal 3.279210e-02 -7.092824e-01 7.041613e-01
    outer loop
      vertex   -1.370185e-01 1.478665e+00 1.000000e+00
      vertex   -9.778698e-02 1.346454e+00 8.650000e-01
      vertex   -2.727901e-16 1.485000e+00 1.000000e+00
    endloop
  endfacet
  facet normal 1.701418e-02 -7.039144e-01 7.100810e-01
    outer loop
      vertex   -2.727901e-16 1.485000e+00 1.000000e+00
      vertex   -9.778698e-02 1.346454e+00 8.650000e-01
      vertex   3.262106e-02 1.349606e+00 8.650000e-01
    endloop
  endfacet
  facet normal -3.280900e-02 -7.096479e-01 7.037921e-01
    outer loop
      vertex   -2.727901e-16 1.485000e+00 1.000000e+00
      vertex   3.262106e-02 1.349606e+00 8.650000e-01
      vertex   1.370185e-01 1.478665e+00 1.000000e+00
    endloop
  endfacet
  facet normal -5.097644e-02 -7.019076e-01 7.104415e-01
    outer loop
      vertex   1.370185e-01 1.478665e+00 1.000000e+00
      vertex   3.262106e-02 1.349606e+00 8.650000e-01
      vertex   1.627245e-01 1.340157e+00 8.650000e-01
    endloop
  endfacet
  facet normal -9.818875e-02 -7.038921e-01 7.034877e-01
    outer loop
      vertex   1.370185e-01 1.478665e+00 1.000000e+00
      vertex   1.627245e-01 1.340157e+00 8.650000e-01
      vertex   2.728680e-01 1.459715e+00 1.000000e+00
    endloop
  endfacet
  facet normal -1.184330e-01 -6.934218e-01 7.107319e-01
    outer loop
      vertex   2.728680e-01 1.459715e+00 1.000000e+00
      vertex   1.627245e-01 1.340157e+00 8.650000e-01
      vertex   2.913087e-01 1.318195e+00 8.650000e-01
    endloop
  endfacet
  facet normal -1.627711e-01 -6.920604e-01 7.032482e-01
    outer loop
      vertex   2.728680e-01 1.459715e+00 1.000000e+00
      vertex   2.913087e-01 1.318195e+00 8.650000e-01
      vertex   4.063895e-01 1.428311e+00 1.000000e+00
    endloop
  endfacet
  facet normal -1.847464e-01 -6.785393e-01 7.109523e-01
    outer loop
      vertex   4.063895e-01 1.428311e+00 1.000000e+00
      vertex   2.913087e-01 1.318195e+00 8.650000e-01
      vertex   4.171729e-01 1.283926e+00 8.650000e-01
    endloop
  endfacet
  facet normal -2.259868e-01 -6.742530e-01 7.030738e-01
    outer loop
      vertex   4.063895e-01 1.428311e+00 1.000000e+00
      vertex   4.171729e-01 1.283926e+00 8.650000e-01
      vertex   5.364439e-01 1.384721e+00 1.000000e+00
    endloop
  endfacet
  facet normal -2.493184e-01 -6.573986e-01 7.111030e-01
    outer loop
      vertex   5.364439e-01 1.384721e+00 1.000000e+00
      vertex   4.171729e-01 1.283926e+00 8.650000e-01
      vertex   5.391422e-01 1.237669e+00 8.650000e-01
    endloop
  endfacet
  facet normal -2.872786e-01 -6.506239e-01 7.029648e-01
    outer loop
      vertex   5.364439e-01 1.384721e+00 1.000000e+00
      vertex   5.391422e-01 1.237669e+00 8.650000e-01
      vertex   6.619215e-01 1.329317e+00 1.000000e+00
    endloop
  endfacet
  facet normal -3.115662e-01 -6.301934e-01 7.111841e-01
    outer loop
      vertex   6.619215e-01 1.329317e+00 1.000000e+00
      vertex   5.391422e-01 1.237669e+00 8.650000e-01
      vertex   6.560776e-01 1.179857e+00 8.650000e-01
    endloop
  endfacet
  facet normal -3.461061e-01 -6.213794e-01 7.029212e-01
    outer loop
      vertex   6.619215e-01 1.329317e+00 1.000000e+00
      vertex   6.560776e-01 1.179857e+00 8.650000e-01
      vertex   7.817518e-01 1.262572e+00 1.000000e+00
    endloop
  endfacet
  facet normal -3.709280e-01 -5.971710e-01 7.111957e-01
    outer loop
      vertex   7.817518e-01 1.262572e+00 1.000000e+00
      vertex   6.560776e-01 1.179857e+00 8.650000e-01
      vertex   7.668874e-01 1.111028e+00 8.650000e-01
    endloop
  endfacet
  facet normal -4.019511e-01 -5.867763e-01 7.029430e-01
    outer loop
      vertex   7.817518e-01 1.262572e+00 1.000000e+00
      vertex   7.668874e-01 1.111028e+00 8.650000e-01
      vertex   8.949124e-01 1.185056e+00 1.000000e+00
    endloop
  endfacet
  facet normal -4.268672e-01 -5.586300e-01 7.111377e-01
    outer loop
      vertex   8.949124e-01 1.185056e+00 1.000000e+00
      vertex   7.668874e-01 1.111028e+00 8.650000e-01
      vertex   8.705370e-01 1.031826e+00 8.650000e-01
    endloop
  endfacet
  facet normal -4.543223e-01 -5.471195e-01 7.030302e-01
    outer loop
      vertex   8.949124e-01 1.185056e+00 1.000000e+00
      vertex   8.705370e-01 1.031826e+00 8.650000e-01
      vertex   1.000438e+00 1.097428e+00 1.000000e+00
    endloop
  endfacet
  facet normal -4.788778e-01 -5.149179e-01 7.110103e-01
    outer loop
      vertex   1.000438e+00 1.097428e+00 1.000000e+00
      vertex   8.705370e-01 1.031826e+00 8.650000e-01
      vertex   9.660586e-01 9.429903e-01 8.650000e-01
    endloop
  endfacet
  facet normal -5.027594e-01 -5.027594e-01 7.031828e-01
    outer loop
      vertex   1.000438e+00 1.097428e+00 1.000000e+00
      vertex   9.660586e-01 9.429903e-01 8.650000e-01
      vertex   1.097428e+00 1.000438e+00 1.000000e+00
    endloop
  endfacet
  facet normal -5.264882e-01 -4.664278e-01 7.108131e-01
    outer loop
      vertex   1.097428e+00 1.000438e+00 1.000000e+00
      vertex   9.660586e-01 9.429903e-01 8.650000e-01
      vertex   1.052560e+00 8.453500e-01 8.650000e-01
    endloop
  endfacet
  facet normal -5.468377e-01 -4.540882e-01 7.034006e-01
    outer loop
      vertex   1.097428e+00 1.000438e+00 1.000000e+00
      vertex   1.052560e+00 8.453500e-01 8.650000e-01
      vertex   1.185056e+00 8.949124e-01 1.000000e+00
    endloop
  endfacet
  facet normal -5.692653e-01 -4.135955e-01 7.105461e-01
    outer loop
      vertex   1.185056e+00 8.949124e-01 1.000000e+00
      vertex   1.052560e+00 8.453500e-01 8.650000e-01
      vertex   1.129235e+00 7.398169e-01 8.650000e-01
    endloop
  endfacet
  facet normal -5.861719e-01 -4.015371e-01 7.036834e-01
    outer loop
      vertex   1.185056e+00 8.949124e-01 1.000000e+00
      vertex   1.129235e+00 7.398169e-01 8.650000e-01
      vertex   1.262572e+00 7.817518e-01 1.000000e+00
    endloop
  endfacet
  facet normal -6.068188e-01 -3.568951e-01 7.102090e-01
    outer loop
      vertex   1.262572e+00 7.817518e-01 1.000000e+00
      vertex   1.129235e+00 7.398169e-01 8.650000e-01
      vertex   1.195366e+00 6.273763e-01 8.650000e-01
    endloop
  endfacet
  facet normal -6.204197e-01 -3.455715e-01 7.040311e-01
    outer loop
      vertex   1.262572e+00 7.817518e-01 1.000000e+00
      vertex   1.195366e+00 6.273763e-01 8.650000e-01
      vertex   1.329317e+00 6.619215e-01 1.000000e+00
    endloop
  endfacet
  facet normal -6.388039e-01 -2.968357e-01 7.098015e-01
    outer loop
      vertex   1.329317e+00 6.619215e-01 1.000000e+00
      vertex   1.195366e+00 6.273763e-01 8.650000e-01
      vertex   1.250336e+00 5.090780e-01 8.650000e-01
    endloop
  endfacet
  facet normal -6.492844e-01 -2.866871e-01 7.044432e-01
    outer loop
      vertex   1.329317e+00 6.619215e-01 1.000000e+00
      vertex   1.250336e+00 5.090780e-01 8.650000e-01
      vertex   1.384721e+00 5.364439e-01 1.000000e+00
    endloop
  endfacet
  facet normal -6.649247e-01 -2.339563e-01 7.093233e-01
    outer loop
      vertex   1.384721e+00 5.364439e-01 1.000000e+00
      vertex   1.250336e+00 5.090780e-01 8.650000e-01
      vertex   1.293632e+00 3.860267e-01 8.650000e-01
    endloop
  endfacet
  facet normal -6.725183e-01 -2.254054e-01 7.049195e-01
    outer loop
      vertex   1.384721e+00 5.364439e-01 1.000000e+00
      vertex   1.293632e+00 3.860267e-01 8.650000e-01
      vertex   1.428311e+00 4.063895e-01 1.000000e+00
    endloop
  endfacet
  facet normal -6.849370e-01 -1.688218e-01 7.087739e-01
    outer loop
      vertex   1.428311e+00 4.063895e-01 1.000000e+00
      vertex   1.293632e+00 3.860267e-01 8.650000e-01
      vertex   1.324850e+00 2.593711e-01 8.650000e-01
    endloop
  endfacet
  facet normal -6.899243e-01 -1.622687e-01 7.054596e-01
    outer loop
      vertex   1.428311e+00 4.063895e-01 1.000000e+00
      vertex   1.324850e+00 2.593711e-01 8.650000e-01
      vertex   1.459715e+00 2.728680e-01 1.000000e+00
    endloop
  endfacet
  facet normal -6.986500e-01 -1.020178e-01 7.081529e-01
    outer loop
      vertex   1.459715e+00 2.728680e-01 1.000000e+00
      vertex   1.324850e+00 2.593711e-01 8.650000e-01
      vertex   1.343698e+00 1.302938e-01 8.650000e-01
    endloop
  endfacet
  facet normal -7.013582e-01 -9.783529e-02 7.060630e-01
    outer loop
      vertex   1.459715e+00 2.728680e-01 1.000000e+00
      vertex   1.343698e+00 1.302938e-01 8.650000e-01
      vertex   1.478665e+00 1.370185e-01 1.000000e+00
    endloop
  endfacet
  facet normal -7.059284e-01 -3.414566e-02 7.074596e-01
    outer loop
      vertex   1.478665e+00 1.370185e-01 1.000000e+00
      vertex   1.343698e+00 1.302938e-01 8.650000e-01
      vertex   1.350000e+00 0.000000e+00 8.650000e-01
    endloop
  endfacet
  facet normal 7.065557e-01 2.675628e-02 -7.071514e-01
    outer loop
      vertex   2.153814e+00 1.633581e-01 -1.000000e+00
      vertex   2.243709e+00 1.681427e-01 -9.100000e-01
      vertex   2.160000e+00 0.000000e+00 -1.000000e+00
    endloop
  endfacet
  facet normal 7.068594e-01 2.644881e-02 -7.068594e-01
    outer loop
      vertex   2.160000e+00 0.000000e+00 -1.000000e+00
      vertex   2.243709e+00 1.681427e-01 -9.100000e-01
      vertex   2.250000e+00 0.000000e+00 -9.100000e-01
    endloop
  endfacet
  facet normal 7.068594e-01 -2.644881e-02 -7.068594e-01
    outer loop
      vertex   2.160000e+00 0.000000e+00 -1.000000e+00
      vertex   2.250000e+00 0.000000e+00 -9.100000e-01
      vertex   2.243709e+00 -1.681427e-01 -9.100000e-01
    endloop
  endfacet
  facet normal 7.031872e-01 7.923017e-02 -7.065765e-01
    outer loop
      vertex   2.243709e+00 1.681427e-01 -9.100000e-01
      vertex   2.153814e+00 1.633581e-01 -1.000000e+00
      vertex   2.224869e+00 3.353451e-01 -9.100000e-01
    endloop
  endfacet
  facet normal 7.022199e-01 8.008265e-02 -7.074418e-01
    outer loop
      vertex   2.224869e+00 3.353451e-01 -9.100000e-01
      vertex   2.153814e+00 1.633581e-01 -1.000000e+00
      vertex   2.135291e+00 3.257805e-01 -1.000000e+00
    endloop
  endfacet
  facet normal 6.955711e-01 1.316092e-01 -7.063001e-01
    outer loop
      vertex   2.224869e+00 3.353451e-01 -9.100000e-01
      vertex   2.135291e+00 3.257805e-01 -1.000000e+00
      vertex   2.193588e+00 5.006721e-01 -9.100000e-01
    endloop
  endfacet
  facet normal 6.938740e-01 1.329080e-01 -7.077247e-01
    outer loop
      vertex   2.193588e+00 5.006721e-01 -9.100000e-01
      vertex   2.135291e+00 3.257805e-01 -1.000000e+00
      vertex   2.104537e+00 4.863368e-01 -1.000000e+00
    endloop
  endfacet
  facet normal 6.840509e-01 1.832909e-01 -7.060303e-01
    outer loop
      vertex   2.193588e+00 5.006721e-01 -9.100000e-01
      vertex   2.104537e+00 4.863368e-01 -1.000000e+00
      vertex   2.150039e+00 6.631991e-01 -9.100000e-01
    endloop
  endfacet
  facet normal 6.815687e-01 1.849319e-01 -7.080002e-01
    outer loop
      vertex   2.150039e+00 6.631991e-01 -9.100000e-01
      vertex   2.104537e+00 4.863368e-01 -1.000000e+00
      vertex   2.061729e+00 6.441075e-01 -1.000000e+00
    endloop
  endfacet
  facet normal 6.686884e-01 2.339842e-01 -7.057671e-01
    outer loop
      vertex   2.150039e+00 6.631991e-01 -9.100000e-01
      vertex   2.061729e+00 6.441075e-01 -1.000000e+00
      vertex   2.094466e+00 8.220173e-01 -9.100000e-01
    endloop
  endfacet
  facet normal 6.653773e-01 2.358587e-01 -7.082682e-01
    outer loop
      vertex   2.094466e+00 8.220173e-01 -9.100000e-01
      vertex   2.061729e+00 6.441075e-01 -1.000000e+00
      vertex   2.007111e+00 7.981888e-01 -1.000000e+00
    endloop
  endfacet
  facet normal 6.495671e-01 2.834032e-01 -7.055106e-01
    outer loop
      vertex   2.094466e+00 8.220173e-01 -9.100000e-01
      vertex   2.007111e+00 7.981888e-01 -1.000000e+00
      vertex   2.027180e+00 9.762384e-01 -9.100000e-01
    endloop
  endfacet
  facet normal 6.453948e-01 2.853991e-01 -7.085287e-01
    outer loop
      vertex   2.027180e+00 9.762384e-01 -9.100000e-01
      vertex   2.007111e+00 7.981888e-01 -1.000000e+00
      vertex   1.940997e+00 9.476981e-01 -1.000000e+00
    endloop
  endfacet
  facet normal 6.267918e-01 3.312692e-01 -7.052607e-01
    outer loop
      vertex   2.027180e+00 9.762384e-01 -9.100000e-01
      vertex   1.940997e+00 9.476981e-01 -1.000000e+00
      vertex   1.948557e+00 1.125000e+00 -9.100000e-01
    endloop
  endfacet
  facet normal 6.217380e-01 3.332720e-01 -7.087818e-01
    outer loop
      vertex   1.948557e+00 1.125000e+00 -9.100000e-01
      vertex   1.940997e+00 9.476981e-01 -1.000000e+00
      vertex   1.863765e+00 1.091779e+00 -1.000000e+00
    endloop
  endfacet
  facet normal 6.004882e-01 3.773117e-01 -7.050176e-01
    outer loop
      vertex   1.948557e+00 1.125000e+00 -9.100000e-01
      vertex   1.863765e+00 1.091779e+00 -1.000000e+00
      vertex   1.859037e+00 1.267470e+00 -9.100000e-01
    endloop
  endfacet
  facet normal 5.945442e-01 3.792060e-01 -7.090275e-01
    outer loop
      vertex   1.859037e+00 1.267470e+00 -9.100000e-01
      vertex   1.863765e+00 1.091779e+00 -1.000000e+00
      vertex   1.775857e+00 1.229606e+00 -1.000000e+00
    endloop
  endfacet
  facet normal 5.708016e-01 4.212708e-01 -7.047811e-01
    outer loop
      vertex   1.859037e+00 1.267470e+00 -9.100000e-01
      vertex   1.775857e+00 1.229606e+00 -1.000000e+00
      vertex   1.759121e+00 1.402852e+00 -9.100000e-01
    endloop
  endfacet
  facet normal 5.639708e-01 4.229407e-01 -7.092659e-01
    outer loop
      vertex   1.759121e+00 1.402852e+00 -9.100000e-01
      vertex   1.775857e+00 1.229606e+00 -1.000000e+00
      vertex   1.677777e+00 1.360391e+00 -1.000000e+00
    endloop
  endfacet
  facet normal 5.378969e-01 4.628977e-01 -7.045514e-01
    outer loop
      vertex   1.759121e+00 1.402852e+00 -9.100000e-01
      vertex   1.677777e+00 1.360391e+00 -1.000000e+00
      vertex   1.649367e+00 1.530389e+00 -9.100000e-01
    endloop
  endfacet
  facet normal 5.301942e-01 4.642287e-01 -7.094969e-01
    outer loop
      vertex   1.649367e+00 1.530389e+00 -9.100000e-01
      vertex   1.677777e+00 1.360391e+00 -1.000000e+00
      vertex   1.570088e+00 1.483383e+00 -1.000000e+00
    endloop
  endfacet
  facet normal 5.019569e-01 5.019569e-01 -7.043284e-01
    outer loop
      vertex   1.649367e+00 1.530389e+00 -9.100000e-01
      vertex   1.570088e+00 1.483383e+00 -1.000000e+00
      vertex   1.530389e+00 1.649367e+00 -9.100000e-01
    endloop
  endfacet
  facet normal 4.934089e-01 5.028363e-01 -7.097206e-01
    outer loop
      vertex   1.530389e+00 1.649367e+00 -9.100000e-01
      vertex   1.570088e+00 1.483383e+00 -1.000000e+00
      vertex   1.453405e+00 1.597878e+00 -1.000000e+00
    endloop
  endfacet
  facet normal 4.631820e-01 5.382272e-01 -7.041122e-01
    outer loop
      vertex   1.530389e+00 1.649367e+00 -9.100000e-01
      vertex   1.453405e+00 1.597878e+00 -1.000000e+00
      vertex   1.402852e+00 1.759121e+00 -9.100000e-01
    endloop
  endfacet
  facet normal 4.538264e-01 5.385453e-01 -7.099370e-01
    outer loop
      vertex   1.402852e+00 1.759121e+00 -9.100000e-01
      vertex   1.453405e+00 1.597878e+00 -1.000000e+00
      vertex   1.328397e+00 1.703221e+00 -1.000000e+00
    endloop
  endfacet
  facet normal 4.217883e-01 5.715029e-01 -7.039027e-01
    outer loop
      vertex   1.402852e+00 1.759121e+00 -9.100000e-01
      vertex   1.328397e+00 1.703221e+00 -1.000000e+00
      vertex   1.267470e+00 1.859037e+00 -9.100000e-01
    endloop
  endfacet
  facet normal 4.116738e-01 5.711542e-01 -7.101461e-01
    outer loop
      vertex   1.267470e+00 1.859037e+00 -9.100000e-01
      vertex   1.328397e+00 1.703221e+00 -1.000000e+00
      vertex   1.195780e+00 1.798808e+00 -1.000000e+00
    endloop
  endfacet
  facet normal 3.780073e-01 6.015951e-01 -7.037001e-01
    outer loop
      vertex   1.267470e+00 1.859037e+00 -9.100000e-01
      vertex   1.195780e+00 1.798808e+00 -1.000000e+00
      vertex   1.125000e+00 1.948557e+00 -9.100000e-01
    endloop
  endfacet
  facet normal 3.671929e-01 6.004791e-01 -7.103480e-01
    outer loop
      vertex   1.125000e+00 1.948557e+00 -9.100000e-01
      vertex   1.195780e+00 1.798808e+00 -1.000000e+00
      vertex   1.056313e+00 1.884092e+00 -1.000000e+00
    endloop
  endfacet
  facet normal 3.320836e-01 6.283329e-01 -7.035043e-01
    outer loop
      vertex   1.125000e+00 1.948557e+00 -9.100000e-01
      vertex   1.056313e+00 1.884092e+00 -1.000000e+00
      vertex   9.762384e-01 2.027180e+00 -9.100000e-01
    endloop
  endfacet
  facet normal 3.206383e-01 6.263548e-01 -7.105426e-01
    outer loop
      vertex   9.762384e-01 2.027180e+00 -9.100000e-01
      vertex   1.056313e+00 1.884092e+00 -1.000000e+00
      vertex   9.107967e-01 1.958584e+00 -1.000000e+00
    endloop
  endfacet
  facet normal 2.842745e-01 6.515640e-01 -7.033153e-01
    outer loop
      vertex   9.762384e-01 2.027180e+00 -9.100000e-01
      vertex   9.107967e-01 1.958584e+00 -1.000000e+00
      vertex   8.220173e-01 2.094466e+00 -9.100000e-01
    endloop
  endfacet
  facet normal 2.722763e-01 6.486359e-01 -7.107299e-01
    outer loop
      vertex   8.220173e-01 2.094466e+00 -9.100000e-01
      vertex   9.107967e-01 1.958584e+00 -1.000000e+00
      vertex   7.600630e-01 2.021857e+00 -1.000000e+00
    endloop
  endfacet
  facet normal 2.348476e-01 6.711559e-01 -7.031332e-01
    outer loop
      vertex   8.220173e-01 2.094466e+00 -9.100000e-01
      vertex   7.600630e-01 2.021857e+00 -1.000000e+00
      vertex   6.631991e-01 2.150039e+00 -9.100000e-01
    endloop
  endfacet
  facet normal 2.223834e-01 6.671975e-01 -7.109101e-01
    outer loop
      vertex   6.631991e-01 2.150039e+00 -9.100000e-01
      vertex   7.600630e-01 2.021857e+00 -1.000000e+00
      vertex   6.049757e-01 2.073549e+00 -1.000000e+00
    endloop
  endfacet
  facet normal 1.840802e-01 6.869968e-01 -7.029580e-01
    outer loop
      vertex   6.631991e-01 2.150039e+00 -9.100000e-01
      vertex   6.049757e-01 2.073549e+00 -1.000000e+00
      vertex   5.006721e-01 2.193588e+00 -9.100000e-01
    endloop
  endfacet
  facet normal 1.712447e-01 6.819356e-01 -7.110830e-01
    outer loop
      vertex   5.006721e-01 2.193588e+00 -9.100000e-01
      vertex   6.049757e-01 2.073549e+00 -1.000000e+00
      vertex   4.464232e-01 2.113364e+00 -1.000000e+00
    endloop
  endfacet
  facet normal 1.322571e-01 6.989956e-01 -7.027896e-01
    outer loop
      vertex   5.006721e-01 2.193588e+00 -9.100000e-01
      vertex   4.464232e-01 2.113364e+00 -1.000000e+00
      vertex   3.353451e-01 2.224869e+00 -9.100000e-01
    endloop
  endfacet
  facet normal 1.191519e-01 6.927683e-01 -7.112488e-01
    outer loop
      vertex   3.353451e-01 2.224869e+00 -9.100000e-01
      vertex   4.464232e-01 2.113364e+00 -1.000000e+00
      vertex   2.853136e-01 2.141074e+00 -1.000000e+00
    endloop
  endfacet
  facet normal 7.966913e-02 7.070831e-01 -7.026281e-01
    outer loop
      vertex   3.353451e-01 2.224869e+00 -9.100000e-01
      vertex   2.853136e-01 2.141074e+00 -1.000000e+00
      vertex   1.681427e-01 2.243709e+00 -9.100000e-01
    endloop
  endfacet
  facet normal 6.640224e-02 6.996358e-01 -7.114074e-01
    outer loop
      vertex   1.681427e-01 2.243709e+00 -9.100000e-01
      vertex   2.853136e-01 2.141074e+00 -1.000000e+00
      vertex   1.225698e-01 2.156520e+00 -1.000000e+00
    endloop
  endfacet
  facet normal 2.661168e-02 7.112121e-01 -7.024736e-01
    outer loop
      vertex   1.681427e-01 2.243709e+00 -9.100000e-01
      vertex   1.225698e-01 2.156520e+00 -1.000000e+00
      vertex   1.377728e-16 2.250000e+00 -9.100000e-01
    endloop
  endfacet
  facet normal 1.329659e-02 7.025006e-01 -7.115589e-01
    outer loop
      vertex   1.377728e-16 2.250000e+00 -9.100000e-01
      vertex   1.225698e-01 2.156520e+00 -1.000000e+00
      vertex   -4.087611e-02 2.159613e+00 -1.000000e+00
    endloop
  endfacet
  facet normal -2.661713e-02 7.113576e-01 -7.023260e-01
    outer loop
      vertex   1.377728e-16 2.250000e+00 -9.100000e-01
      vertex   -4.087611e-02 2.159613e+00 -1.000000e+00
      vertex   -1.681427e-01 2.243709e+00 -9.100000e-01
    endloop
  endfacet
  facet normal -3.986243e-02 7.013483e-01 -7.117032e-01
    outer loop
      vertex   -1.681427e-01 2.243709e+00 -9.100000e-01
      vertex   -4.087611e-02 2.159613e+00 -1.000000e+00
      vertex   -2.040879e-01 2.150337e+00 -1.000000e+00
    endloop
  endfacet
  facet normal -7.971806e-02 7.075173e-01 -7.021854e-01
    outer loop
      vertex   -1.681427e-01 2.243709e+00 -9.100000e-01
      vertex   -2.040879e-01 2.150337e+00 -1.000000e+00
      vertex   -3.353451e-01 2.224869e+00 -9.100000e-01
    endloop
  endfacet
  facet normal -9.277200e-02 6.961871e-01 -7.118404e-01
    outer loop
      vertex   -3.353451e-01 2.224869e+00 -9.100000e-01
      vertex   -2.040879e-01 2.150337e+00 -1.000000e+00
      vertex   -3.661307e-01 2.128743e+00 -1.000000e+00
    endloop
  endfacet
  facet normal -1.323925e-01 6.997112e-01 -7.020517e-01
    outer loop
      vertex   -3.353451e-01 2.224869e+00 -9.100000e-01
      vertex   -3.661307e-01 2.128743e+00 -1.000000e+00
      vertex   -5.006721e-01 2.193588e+00 -9.100000e-01
    endloop
  endfacet
  facet normal -1.451308e-01 6.870480e-01 -7.119705e-01
    outer loop
      vertex   -5.006721e-01 2.193588e+00 -9.100000e-01
      vertex   -3.661307e-01 2.128743e+00 -1.000000e+00
      vertex   -5.260763e-01 2.094957e+00 -1.000000e+00
    endloop
  endfacet
  facet normal -1.843441e-01 6.879816e-01 -7.019249e-01
    outer loop
      vertex   -5.006721e-01 2.193588e+00 -9.100000e-01
      vertex   -5.260763e-01 2.094957e+00 -1.000000e+00
      vertex   -6.631991e-01 2.150039e+00 -9.100000e-01
    endloop
  endfacet
  facet normal -1.966408e-01 6.739846e-01 -7.120935e-01
    outer loop
      vertex   -6.631991e-01 2.150039e+00 -9.100000e-01
      vertex   -5.260763e-01 2.094957e+00 -1.000000e+00
      vertex   -6.830086e-01 2.049170e+00 -1.000000e+00
    endloop
  endfacet
  facet normal -2.352805e-01 6.723932e-01 -7.018052e-01
    outer loop
      vertex   -6.631991e-01 2.150039e+00 -9.100000e-01
      vertex   -6.830086e-01 2.049170e+00 -1.000000e+00
      vertex   -8.220173e-01 2.094466e+00 -9.100000e-01
    endloop
  endfacet
  facet normal -2.470089e-01 6.570726e-01 -7.122094e-01
    outer loop
      vertex   -8.220173e-01 2.094466e+00 -9.100000e-01
      vertex   -6.830086e-01 2.049170e+00 -1.000000e+00
      vertex   -8.360286e-01 1.991647e+00 -1.000000e+00
    endloop
  endfacet
  facet normal -2.849151e-01 6.530323e-01 -7.016924e-01
    outer loop
      vertex   -8.220173e-01 2.094466e+00 -9.100000e-01
      vertex   -8.360286e-01 1.991647e+00 -1.000000e+00
      vertex   -9.762384e-01 2.027180e+00 -9.100000e-01
    endloop
  endfacet
  facet normal -2.959485e-01 6.364096e-01 -7.123183e-01
    outer loop
      vertex   -9.762384e-01 2.027180e+00 -9.100000e-01
      vertex   -8.360286e-01 1.991647e+00 -1.000000e+00
      vertex   -9.842600e-01 1.922715e+00 -1.000000e+00
    endloop
  endfacet
  facet normal -3.329682e-01 6.300066e-01 -7.015866e-01
    outer loop
      vertex   -9.762384e-01 2.027180e+00 -9.100000e-01
      vertex   -9.842600e-01 1.922715e+00 -1.000000e+00
      vertex   -1.125000e+00 1.948557e+00 -9.100000e-01
    endloop
  endfacet
  facet normal -3.431812e-01 6.121147e-01 -7.124200e-01
    outer loop
      vertex   -1.125000e+00 1.948557e+00 -9.100000e-01
      vertex   -9.842600e-01 1.922715e+00 -1.000000e+00
      vertex   -1.126854e+00 1.842770e+00 -1.000000e+00
    endloop
  endfacet
  facet normal -3.791694e-01 6.034446e-01 -7.014879e-01
    outer loop
      vertex   -1.125000e+00 1.948557e+00 -9.100000e-01
      vertex   -1.126854e+00 1.842770e+00 -1.000000e+00
      vertex   -1.267470e+00 1.859037e+00 -9.100000e-01
    endloop
  endfacet
  facet normal -3.884386e-01 5.843271e-01 -7.125147e-01
    outer loop
      vertex   -1.267470e+00 1.859037e+00 -9.100000e-01
      vertex   -1.126854e+00 1.842770e+00 -1.000000e+00
      vertex   -1.262993e+00 1.752270e+00 -1.000000e+00
    endloop
  endfacet
  facet normal -4.232582e-01 5.734945e-01 -7.013961e-01
    outer loop
      vertex   -1.267470e+00 1.859037e+00 -9.100000e-01
      vertex   -1.262993e+00 1.752270e+00 -1.000000e+00
      vertex   -1.402852e+00 1.759121e+00 -9.100000e-01
    endloop
  endfacet
  facet normal -4.314633e-01 5.532063e-01 -7.126024e-01
    outer loop
      vertex   -1.402852e+00 1.759121e+00 -9.100000e-01
      vertex   -1.262993e+00 1.752270e+00 -1.000000e+00
      vertex   -1.391898e+00 1.651733e+00 -1.000000e+00
    endloop
  endfacet
  facet normal -4.649864e-01 5.403240e-01 -7.013114e-01
    outer loop
      vertex   -1.402852e+00 1.759121e+00 -9.100000e-01
      vertex   -1.391898e+00 1.651733e+00 -1.000000e+00
      vertex   -1.530389e+00 1.649367e+00 -9.100000e-01
    endloop
  endfacet
  facet normal -4.720108e-01 5.189304e-01 -7.126830e-01
    outer loop
      vertex   -1.530389e+00 1.649367e+00 -9.100000e-01
      vertex   -1.391898e+00 1.651733e+00 -1.000000e+00
      vertex   -1.512830e+00 1.541735e+00 -1.000000e+00
    endloop
  endfacet
  facet normal -5.041187e-01 5.041187e-01 -7.012337e-01
    outer loop
      vertex   -1.530389e+00 1.649367e+00 -9.100000e-01
      vertex   -1.512830e+00 1.541735e+00 -1.000000e+00
      vertex   -1.649367e+00 1.530389e+00 -9.100000e-01
    endloop
  endfacet
  facet normal -5.098507e-01 4.816952e-01 -7.127566e-01
    outer loop
      vertex   -1.649367e+00 1.530389e+00 -9.100000e-01
      vertex   -1.512830e+00 1.541735e+00 -1.000000e+00
      vertex   -1.625097e+00 1.422906e+00 -1.000000e+00
    endloop
  endfacet
  facet normal -5.404345e-01 4.650815e-01 -7.011631e-01
    outer loop
      vertex   -1.649367e+00 1.530389e+00 -9.100000e-01
      vertex   -1.625097e+00 1.422906e+00 -1.000000e+00
      vertex   -1.759121e+00 1.402852e+00 -9.100000e-01
    endloop
  endfacet
  facet normal -5.447680e-01 4.417137e-01 -7.128231e-01
    outer loop
      vertex   -1.759121e+00 1.402852e+00 -9.100000e-01
      vertex   -1.625097e+00 1.422906e+00 -1.000000e+00
      vertex   -1.728055e+00 1.295927e+00 -1.000000e+00
    endloop
  endfacet
  facet normal -5.737293e-01 4.234315e-01 -7.010995e-01
    outer loop
      vertex   -1.759121e+00 1.402852e+00 -9.100000e-01
      vertex   -1.728055e+00 1.295927e+00 -1.000000e+00
      vertex   -1.859037e+00 1.267470e+00 -9.100000e-01
    endloop
  endfacet
  facet normal -5.765643e-01 3.992141e-01 -7.128827e-01
    outer loop
      vertex   -1.859037e+00 1.267470e+00 -9.100000e-01
      vertex   -1.728055e+00 1.295927e+00 -1.000000e+00
      vertex   -1.821115e+00 1.161525e+00 -1.000000e+00
    endloop
  endfacet
  facet normal -6.038151e-01 3.794022e-01 -7.010430e-01
    outer loop
      vertex   -1.859037e+00 1.267470e+00 -9.100000e-01
      vertex   -1.821115e+00 1.161525e+00 -1.000000e+00
      vertex   -1.948557e+00 1.125000e+00 -9.100000e-01
    endloop
  endfacet
  facet normal -6.050590e-01 3.544390e-01 -7.129352e-01
    outer loop
      vertex   -1.948557e+00 1.125000e+00 -9.100000e-01
      vertex   -1.821115e+00 1.161525e+00 -1.000000e+00
      vertex   -1.903744e+00 1.020469e+00 -1.000000e+00
    endloop
  endfacet
  facet normal -6.305225e-01 3.332409e-01 -7.009935e-01
    outer loop
      vertex   -1.948557e+00 1.125000e+00 -9.100000e-01
      vertex   -1.903744e+00 1.020469e+00 -1.000000e+00
      vertex   -2.027180e+00 9.762384e-01 -9.100000e-01
    endloop
  endfacet
  facet normal -6.300904e-01 3.076437e-01 -7.129807e-01
    outer loop
      vertex   -2.027180e+00 9.762384e-01 -9.100000e-01
      vertex   -1.903744e+00 1.020469e+00 -1.000000e+00
      vertex   -1.975469e+00 8.735691e-01 -1.000000e+00
    endloop
  endfacet
  facet normal -6.537008e-01 2.852067e-01 -7.009511e-01
    outer loop
      vertex   -2.027180e+00 9.762384e-01 -9.100000e-01
      vertex   -1.975469e+00 8.735691e-01 -1.000000e+00
      vertex   -2.094466e+00 8.220173e-01 -9.100000e-01
    endloop
  endfacet
  facet normal -6.515162e-01 2.590952e-01 -7.130192e-01
    outer loop
      vertex   -2.094466e+00 8.220173e-01 -9.100000e-01
      vertex   -1.975469e+00 8.735691e-01 -1.000000e+00
      vertex   -2.035878e+00 7.216650e-01 -1.000000e+00
    endloop
  endfacet
  facet normal -6.732192e-01 2.355696e-01 -7.009157e-01
    outer loop
      vertex   -2.094466e+00 8.220173e-01 -9.100000e-01
      vertex   -2.035878e+00 7.216650e-01 -1.000000e+00
      vertex   -2.150039e+00 6.631991e-01 -9.100000e-01
    endloop
  endfacet
  facet normal -6.692147e-01 2.090703e-01 -7.130507e-01
    outer loop
      vertex   -2.150039e+00 6.631991e-01 -9.100000e-01
      vertex   -2.035878e+00 7.216650e-01 -1.000000e+00
      vertex   -2.084626e+00 5.656273e-01 -1.000000e+00
    endloop
  endfacet
  facet normal -6.889678e-01 1.846084e-01 -7.008874e-01
    outer loop
      vertex   -2.150039e+00 6.631991e-01 -9.100000e-01
      vertex   -2.084626e+00 5.656273e-01 -1.000000e+00
      vertex   -2.193588e+00 5.006721e-01 -9.100000e-01
    endloop
  endfacet
  facet normal -6.830856e-01 1.578540e-01 -7.130752e-01
    outer loop
      vertex   -2.193588e+00 5.006721e-01 -9.100000e-01
      vertex   -2.084626e+00 5.656273e-01 -1.000000e+00
      vertex   -2.121433e+00 4.063497e-01 -1.000000e+00
    endloop
  endfacet
  facet normal -7.008576e-01 1.326094e-01 -7.008662e-01
    outer loop
      vertex   -2.193588e+00 5.006721e-01 -9.100000e-01
      vertex   -2.121433e+00 4.063497e-01 -1.000000e+00
      vertex   -2.224869e+00 3.353451e-01 -9.100000e-01
    endloop
  endfacet
  facet normal -6.930500e-01 1.057384e-01 -7.130926e-01
    outer loop
      vertex   -2.224869e+00 3.353451e-01 -9.100000e-01
      vertex   -2.121433e+00 4.063497e-01 -1.000000e+00
      vertex   -2.146089e+00 2.447446e-01 -1.000000e+00
    endloop
  endfacet
  facet normal -7.088216e-01 7.986501e-02 -7.008520e-01
    outer loop
      vertex   -2.224869e+00 3.353451e-01 -9.100000e-01
      vertex   -2.146089e+00 2.447446e-01 -1.000000e+00
      vertex   -2.243709e+00 1.681427e-01 -9.100000e-01
    endloop
  endfacet
  facet normal -6.990513e-01 5.302022e-02 -7.131031e-01
    outer loop
      vertex   -2.243709e+00 1.681427e-01 -9.100000e-01
      vertex   -2.146089e+00 2.447446e-01 -1.000000e+00
      vertex   -2.158453e+00 8.173759e-02 -1.000000e+00
    endloop
  endfacet
  facet normal -7.128148e-01 2.667165e-02 -7.008450e-01
    outer loop
      vertex   -2.243709e+00 1.681427e-01 -9.100000e-01
      vertex   -2.158453e+00 8.173759e-02 -1.000000e+00
      vertex   -2.250000e+00 2.755455e-16 -9.100000e-01
    endloop
  endfacet
  facet normal -7.010556e-01 0.000000e+00 -7.131066e-01
    outer loop
      vertex   -2.250000e+00 2.755455e-16 -9.100000e-01
      vertex   -2.158453e+00 8.173759e-02 -1.000000e+00
      vertex   -2.158453e+00 -8.173759e-02 -1.000000e+00
    endloop
  endfacet
  facet normal -7.128148e-01 -2.667165e-02 -7.008450e-01
    outer loop
      vertex   -2.250000e+00 2.755455e-16 -9.100000e-01
      vertex   -2.158453e+00 -8.173759e-02 -1.000000e+00
      vertex   -2.243709e+00 -1.681427e-01 -9.100000e-01
    endloop
  endfacet
  facet normal -6.990513e-01 -5.302022e-02 -7.131031e-01
    outer loop
      vertex   -2.243709e+00 -1.681427e-01 -9.100000e-01
      vertex   -2.158453e+00 -8.173759e-02 -1.000000e+00
      vertex   -2.146089e+00 -2.447446e-01 -1.000000e+00
    endloop
  endfacet
  facet normal -7.088216e-01 -7.986501e-02 -7.008520e-01
    outer loop
      vertex   -2.243709e+00 -1.681427e-01 -9.100000e-01
      vertex   -2.146089e+00 -2.447446e-01 -1.000000e+00
      vertex   -2.224869e+00 -3.353451e-01 -9.100000e-01
    endloop
  endfacet
  facet normal -6.930500e-01 -1.057384e-01 -7.130926e-01
    outer loop
      vertex   -2.224869e+00 -3.353451e-01 -9.100000e-01
      vertex   -2.146089e+00 -2.447446e-01 -1.000000e+00
      vertex   -2.121433e+00 -4.063497e-01 -1.000000e+00
    endloop
  endfacet
  facet normal -7.008576e-01 -1.326094e-01 -7.008662e-01
    outer loop
      vertex   -2.224869e+00 -3.353451e-01 -9.100000e-01
      vertex   -2.121433e+00 -4.063497e-01 -1.000000e+00
      vertex   -2.193588e+00 -5.006721e-01 -9.100000e-01
    endloop
  endfacet
  facet normal -6.830856e-01 -1.578540e-01 -7.130752e-01
    outer loop
      vertex   -2.193588e+00 -5.006721e-01 -9.100000e-01
      vertex   -2.121433e+00 -4.063497e-01 -1.000000e+00
      vertex   -2.084626e+00 -5.656273e-01 -1.000000e+00
    endloop
  endfacet
  facet normal -6.889678e-01 -1.846084e-01 -7.008874e-01
    outer loop
      vertex   -2.193588e+00 -5.006721e-01 -9.100000e-01
      vertex   -2.084626e+00 -5.656273e-01 -1.000000e+00
      vertex   -2.150039e+00 -6.631991e-01 -9.100000e-01
    endloop
  endfacet
  facet normal -6.692147e-01 -2.090703e-01 -7.130507e-01
    outer loop
      vertex   -2.150039e+00 -6.631991e-01 -9.100000e-01
      vertex   -2.084626e+00 -5.656273e-01 -1.000000e+00
      vertex   -2.035878e+00 -7.216650e-01 -1.000000e+00
    endloop
  endfacet
  facet normal -6.732192e-01 -2.355696e-01 -7.009157e-01
    outer loop
      vertex   -2.150039e+00 -6.631991e-01 -9.100000e-01
      vertex   -2.035878e+00 -7.216650e-01 -1.000000e+00
      vertex   -2.094466e+00 -8.220173e-01 -9.100000e-01
    endloop
  endfacet
  facet normal -6.515162e-01 -2.590952e-01 -7.130192e-01
    outer loop
      vertex   -2.094466e+00 -8.220173e-01 -9.100000e-01
      vertex   -2.035878e+00 -7.216650e-01 -1.000000e+00
      vertex   -1.975469e+00 -8.735691e-01 -1.000000e+00
    endloop
  endfacet
  facet normal -6.537008e-01 -2.852067e-01 -7.009511e-01
    outer loop
      vertex   -2.094466e+00 -8.220173e-01 -9.100000e-01
      vertex   -1.975469e+00 -8.735691e-01 -1.000000e+00
      vertex   -2.027180e+00 -9.762384e-01 -9.100000e-01
    endloop
  endfacet
  facet normal -6.300904e-01 -3.076437e-01 -7.129807e-01
    outer loop
      vertex   -2.027180e+00 -9.762384e-01 -9.100000e-01
      vertex   -1.975469e+00 -8.735691e-01 -1.000000e+00
      vertex   -1.903744e+00 -1.020469e+00 -1.000000e+00
    endloop
  endfacet
  facet normal -6.305225e-01 -3.332409e-01 -7.009935e-01
    outer loop
      vertex   -2.027180e+00 -9.762384e-01 -9.100000e-01
      vertex   -1.903744e+00 -1.020469e+00 -1.000000e+00
      vertex   -1.948557e+00 -1.125000e+00 -9.100000e-01
    endloop
  endfacet
  facet normal -6.050590e-01 -3.544390e-01 -7.129352e-01
    outer loop
      vertex   -1.948557e+00 -1.125000e+00 -9.100000e-01
      vertex   -1.903744e+00 -1.020469e+00 -1.000000e+00
      vertex   -1.821115e+00 -1.161525e+00 -1.000000e+00
    endloop
  endfacet
  facet normal -6.038151e-01 -3.794022e-01 -7.010430e-01
    outer loop
      vertex   -1.948557e+00 -1.125000e+00 -9.100000e-01
      vertex   -1.821115e+00 -1.161525e+00 -1.000000e+00
      vertex   -1.859037e+00 -1.267470e+00 -9.100000e-01
    endloop
  endfacet
  facet normal -5.765643e-01 -3.992141e-01 -7.128827e-01
    outer loop
      vertex   -1.859037e+00 -1.267470e+00 -9.100000e-01
      vertex   -1.821115e+00 -1.161525e+00 -1.000000e+00
      vertex   -1.728055e+00 -1.295927e+00 -1.000000e+00
    endloop
  endfacet
  facet normal -5.737293e-01 -4.234315e-01 -7.010995e-01
    outer loop
      vertex   -1.859037e+00 -1.267470e+00 -9.100000e-01
      vertex   -1.728055e+00 -1.295927e+00 -1.000000e+00
      vertex   -1.759121e+00 -1.402852e+00 -9.100000e-01
    endloop
  endfacet
  facet normal -5.447680e-01 -4.417137e-01 -7.128231e-01
    outer loop
      vertex   -1.759121e+00 -1.402852e+00 -9.100000e-01
      vertex   -1.728055e+00 -1.295927e+00 -1.000000e+00
      vertex   -1.625097e+00 -1.422906e+00 -1.000000e+00
    endloop
  endfacet
  facet normal -5.404345e-01 -4.650815e-01 -7.011631e-01
    outer loop
      vertex   -1.759121e+00 -1.402852e+00 -9.100000e-01
      vertex   -1.625097e+00 -1.422906e+00 -1.000000e+00
      vertex   -1.649367e+00 -1.530389e+00 -9.100000e-01
    endloop
  endfacet
  facet normal -5.098507e-01 -4.816952e-01 -7.127566e-01
    outer loop
      vertex   -1.649367e+00 -1.530389e+00 -9.100000e-01
      vertex   -1.625097e+00 -1.422906e+00 -1.000000e+00
      vertex   -1.512830e+00 -1.541735e+00 -1.000000e+00
    endloop
  endfacet
  facet normal -5.041187e-01 -5.041187e-01 -7.012337e-01
    outer loop
      vertex   -1.649367e+00 -1.530389e+00 -9.100000e-01
      vertex   -1.512830e+00 -1.541735e+00 -1.000000e+00
      vertex   -1.530389e+00 -1.649367e+00 -9.100000e-01
    endloop
  endfacet
  facet normal -4.720108e-01 -5.189304e-01 -7.126830e-01
    outer loop
      vertex   -1.530389e+00 -1.649367e+00 -9.100000e-01
      vertex   -1.512830e+00 -1.541735e+00 -1.000000e+00
      vertex   -1.391898e+00 -1.651733e+00 -1.000000e+00
    endloop
  endfacet
  facet normal -4.649864e-01 -5.403240e-01 -7.013114e-01
    outer loop
      vertex   -1.530389e+00 -1.649367e+00 -9.100000e-01
      vertex   -1.391898e+00 -1.651733e+00 -1.000000e+00
      vertex   -1.402852e+00 -1.759121e+00 -9.100000e-01
    endloop
  endfacet
  facet normal -4.314633e-01 -5.532063e-01 -7.126024e-01
    outer loop
      vertex   -1.402852e+00 -1.759121e+00 -9.100000e-01
      vertex   -1.391898e+00 -1.651733e+00 -1.000000e+00
      vertex   -1.262993e+00 -1.752270e+00 -1.000000e+00
    endloop
  endfacet
  facet normal -4.232582e-01 -5.734945e-01 -7.013961e-01
    outer loop
      vertex   -1.402852e+00 -1.759121e+00 -9.100000e-01
      vertex   -1.262993e+00 -1.752270e+00 -1.000000e+00
      vertex   -1.267470e+00 -1.859037e+00 -9.100000e-01
    endloop
  endfacet
  facet normal -3.884386e-01 -5.843271e-01 -7.125147e-01
    outer loop
      vertex   -1.267470e+00 -1.859037e+00 -9.100000e-01
      vertex   -1.262993e+00 -1.752270e+00 -1.000000e+00
      vertex   -1.126854e+00 -1.842770e+00 -1.000000e+00
    endloop
  endfacet
  facet normal -3.791694e-01 -6.034446e-01 -7.014879e-01
    outer loop
      vertex   -1.267470e+00 -1.859037e+00 -9.100000e-01
      vertex   -1.126854e+00 -1.842770e+00 -1.000000e+00
      vertex   -1.125000e+00 -1.948557e+00 -9.100000e-01
    endloop
  endfacet
  facet normal -3.431812e-01 -6.121147e-01 -7.124200e-01
    outer loop
      vertex   -1.125000e+00 -1.948557e+00 -9.100000e-01
      vertex   -1.126854e+00 -1.842770e+00 -1.000000e+00
      vertex   -9.842600e-01 -1.922715e+00 -1.000000e+00
    endloop
  endfacet
  facet normal -3.329682e-01 -6.300066e-01 -7.015866e-01
    outer loop
      vertex   -1.125000e+00 -1.948557e+00 -9.100000e-01
      vertex   -9.842600e-01 -1.922715e+00 -1.000000e+00
      vertex   -9.762384e-01 -2.027180e+00 -9.100000e-01
    endloop
  endfacet
  facet normal -2.959485e-01 -6.364096e-01 -7.123183e-01
    outer loop
      vertex   -9.762384e-01 -2.027180e+00 -9.100000e-01
      vertex   -9.842600e-01 -1.922715e+00 -1.000000e+00
      vertex   -8.360286e-01 -1.991647e+00 -1.000000e+00
    endloop
  endfacet
  facet normal -2.849151e-01 -6.530323e-01 -7.016924e-01
    outer loop
      vertex   -9.762384e-01 -2.027180e+00 -9.100000e-01
      vertex   -8.360286e-01 -1.991647e+00 -1.000000e+00
      vertex   -8.220173e-01 -2.094466e+00 -9.100000e-01
    endloop
  endfacet
  facet normal -2.470089e-01 -6.570726e-01 -7.122094e-01
    outer loop
      vertex   -8.220173e-01 -2.094466e+00 -9.100000e-01
      vertex   -8.360286e-01 -1.991647e+00 -1.000000e+00
      vertex   -6.830086e-01 -2.049170e+00 -1.000000e+00
    endloop
  endfacet
  facet normal -2.352805e-01 -6.723932e-01 -7.018052e-01
    outer loop
      vertex   -8.220173e-01 -2.094466e+00 -9.100000e-01
      vertex   -6.830086e-01 -2.049170e+00 -1.000000e+00
      vertex   -6.631991e-01 -2.150039e+00 -9.100000e-01
    endloop
  endfacet
  facet normal -1.966408e-01 -6.739846e-01 -7.120935e-01
    outer loop
      vertex   -6.631991e-01 -2.150039e+00 -9.100000e-01
      vertex   -6.830086e-01 -2.049170e+00 -1.000000e+00
      vertex   -5.260763e-01 -2.094957e+00 -1.000000e+00
    endloop
  endfacet
  facet normal -1.843441e-01 -6.879816e-01 -7.019249e-01
    outer loop
      vertex   -6.631991e-01 -2.150039e+00 -9.100000e-01
      vertex   -5.260763e-01 -2.094957e+00 -1.000000e+00
      vertex   -5.006721e-01 -2.193588e+00 -9.100000e-01
    endloop
  endfacet
  facet normal -1.451308e-01 -6.870480e-01 -7.119705e-01
    outer loop
      vertex   -5.006721e-01 -2.193588e+00 -9.100000e-01
      vertex   -5.260763e-01 -2.094957e+00 -1.000000e+00
      vertex   -3.661307e-01 -2.128743e+00 -1.000000e+00
    endloop
  endfacet
  facet normal -1.323925e-01 -6.997112e-01 -7.020517e-01
    outer loop
      vertex   -5.006721e-01 -2.193588e+00 -9.100000e-01
      vertex   -3.661307e-01 -2.128743e+00 -1.000000e+00
      vertex   -3.353451e-01 -2.224869e+00 -9.100000e-01
    endloop
  endfacet
  facet normal -9.277200e-02 -6.961871e-01 -7.118404e-01
    outer loop
      vertex   -3.353451e-01 -2.224869e+00 -9.100000e-01
      vertex   -3.661307e-01 -2.128743e+00 -1.000000e+00
      vertex   -2.040879e-01 -2.150337e+00 -1.000000e+00
    endloop
  endfacet
  facet normal -7.971806e-02 -7.075173e-01 -7.021854e-01
    outer loop
      vertex   -3.353451e-01 -2.224869e+00 -9.100000e-01
      vertex   -2.040879e-01 -2.150337e+00 -1.000000e+00
      vertex   -1.681427e-01 -2.243709e+00 -9.100000e-01
    endloop
  endfacet
  facet normal -3.986243e-02 -7.013483e-01 -7.117032e-01
    outer loop
      vertex   -1.681427e-01 -2.243709e+00 -9.100000e-01
      vertex   -2.040879e-01 -2.150337e+00 -1.000000e+00
      vertex   -4.087611e-02 -2.159613e+00 -1.000000e+00
    endloop
  endfacet
  facet normal -2.661713e-02 -7.113576e-01 -7.023260e-01
    outer loop
      vertex   -1.681427e-01 -2.243709e+00 -9.100000e-01
      vertex   -4.087611e-02 -2.159613e+00 -1.000000e+00
      vertex   -4.133183e-16 -2.250000e+00 -9.100000e-01
    endloop
  endfacet
  facet normal 1.329659e-02 -7.025006e-01 -7.115589e-01
    outer loop
      vertex   -4.133183e-16 -2.250000e+00 -9.100000e-01
      vertex   -4.087611e-02 -2.159613e+00 -1.000000e+00
      vertex   1.225698e-01 -2.156520e+00 -1.000000e+00
    endloop
  endfacet
  facet normal 2.661168e-02 -7.112121e-01 -7.024736e-01
    outer loop
      vertex   -4.133183e-16 -2.250000e+00 -9.100000e-01
      vertex   1.225698e-01 -2.156520e+00 -1.000000e+00
      vertex   1.681427e-01 -2.243709e+00 -9.100000e-01
    endloop
  endfacet
  facet normal 6.640224e-02 -6.996358e-01 -7.114074e-01
    outer loop
      vertex   1.681427e-01 -2.243709e+00 -9.100000e-01
      vertex   1.225698e-01 -2.156520e+00 -1.000000e+00
      vertex   2.853136e-01 -2.141074e+00 -1.000000e+00
    endloop
  endfacet
  facet normal 7.966913e-02 -7.070831e-01 -7.026281e-01
    outer loop
      vertex   1.681427e-01 -2.243709e+00 -9.100000e-01
      vertex   2.853136e-01 -2.141074e+00 -1.000000e+00
      vertex   3.353451e-01 -2.224869e+00 -9.100000e-01
    endloop
  endfacet
  facet normal 1.191519e-01 -6.927683e-01 -7.112488e-01
    outer loop
      vertex   3.353451e-01 -2.224869e+00 -9.100000e-01
      vertex   2.853136e-01 -2.141074e+00 -1.000000e+00
      vertex   4.464232e-01 -2.113364e+00 -1.000000e+00
    endloop
  endfacet
  facet normal 1.322571e-01 -6.989956e-01 -7.027896e-01
    outer loop
      vertex   3.353451e-01 -2.224869e+00 -9.100000e-01
      vertex   4.464232e-01 -2.113364e+00 -1.000000e+00
      vertex   5.006721e-01 -2.193588e+00 -9.100000e-01
    endloop
  endfacet
  facet normal 1.712447e-01 -6.819356e-01 -7.110830e-01
    outer loop
      vertex   5.006721e-01 -2.193588e+00 -9.100000e-01
      vertex   4.464232e-01 -2.113364e+00 -1.000000e+00
      vertex   6.049757e-01 -2.073549e+00 -1.000000e+00
    endloop
  endfacet
  facet normal 1.840802e-01 -6.869968e-01 -7.029580e-01
    outer loop
      vertex   5.006721e-01 -2.193588e+00 -9.100000e-01
      vertex   6.049757e-01 -2.073549e+00 -1.000000e+00
      vertex   6.631991e-01 -2.150039e+00 -9.100000e-01
    endloop
  endfacet
  facet normal 2.223834e-01 -6.671975e-01 -7.109101e-01
    outer loop
      vertex   6.631991e-01 -2.150039e+00 -9.100000e-01
      vertex   6.049757e-01 -2.073549e+00 -1.000000e+00
      vertex   7.600630e-01 -2.021857e+00 -1.000000e+00
    endloop
  endfacet
  facet normal 2.348476e-01 -6.711559e-01 -7.031332e-01
    outer loop
      vertex   6.631991e-01 -2.150039e+00 -9.100000e-01
      vertex   7.600630e-01 -2.021857e+00 -1.000000e+00
      vertex   8.220173e-01 -2.094466e+00 -9.100000e-01
    endloop
  endfacet
  facet normal 2.722763e-01 -6.486359e-01 -7.107299e-01
    outer loop
      vertex   8.220173e-01 -2.094466e+00 -9.100000e-01
      vertex   7.600630e-01 -2.021857e+00 -1.000000e+00
      vertex   9.107967e-01 -1.958584e+00 -1.000000e+00
    endloop
  endfacet
  facet normal 2.842745e-01 -6.515640e-01 -7.033153e-01
    outer loop
      vertex   8.220173e-01 -2.094466e+00 -9.100000e-01
      vertex   9.107967e-01 -1.958584e+00 -1.000000e+00
      vertex   9.762384e-01 -2.027180e+00 -9.100000e-01
    endloop
  endfacet
  facet normal 3.206383e-01 -6.263548e-01 -7.105426e-01
    outer loop
      vertex   9.762384e-01 -2.027180e+00 -9.100000e-01
      vertex   9.107967e-01 -1.958584e+00 -1.000000e+00
      vertex   1.056313e+00 -1.884092e+00 -1.000000e+00
    endloop
  endfacet
  facet normal 3.320836e-01 -6.283329e-01 -7.035043e-01
    outer loop
      vertex   9.762384e-01 -2.027180e+00 -9.100000e-01
      vertex   1.056313e+00 -1.884092e+00 -1.000000e+00
      vertex   1.125000e+00 -1.948557e+00 -9.100000e-01
    endloop
  endfacet
  facet normal 3.671929e-01 -6.004791e-01 -7.103480e-01
    outer loop
      vertex   1.125000e+00 -1.948557e+00 -9.100000e-01
      vertex   1.056313e+00 -1.884092e+00 -1.000000e+00
      vertex   1.195780e+00 -1.798808e+00 -1.000000e+00
    endloop
  endfacet
  facet normal 3.780073e-01 -6.015951e-01 -7.037001e-01
    outer loop
      vertex   1.125000e+00 -1.948557e+00 -9.100000e-01
      vertex   1.195780e+00 -1.798808e+00 -1.000000e+00
      vertex   1.267470e+00 -1.859037e+00 -9.100000e-01
    endloop
  endfacet
  facet normal 4.116738e-01 -5.711542e-01 -7.101461e-01
    outer loop
      vertex   1.267470e+00 -1.859037e+00 -9.100000e-01
      vertex   1.195780e+00 -1.798808e+00 -1.000000e+00
      vertex   1.328397e+00 -1.703221e+00 -1.000000e+00
    endloop
  endfacet
  facet normal 4.217883e-01 -5.715029e-01 -7.039027e-01
    outer loop
      vertex   1.267470e+00 -1.859037e+00 -9.100000e-01
      vertex   1.328397e+00 -1.703221e+00 -1.000000e+00
      vertex   1.402852e+00 -1.759121e+00 -9.100000e-01
    endloop
  endfacet
  facet normal 4.538264e-01 -5.385453e-01 -7.099370e-01
    outer loop
      vertex   1.402852e+00 -1.759121e+00 -9.100000e-01
      vertex   1.328397e+00 -1.703221e+00 -1.000000e+00
      vertex   1.453405e+00 -1.597878e+00 -1.000000e+00
    endloop
  endfacet
  facet normal 4.631820e-01 -5.382272e-01 -7.041122e-01
    outer loop
      vertex   1.402852e+00 -1.759121e+00 -9.100000e-01
      vertex   1.453405e+00 -1.597878e+00 -1.000000e+00
      vertex   1.530389e+00 -1.649367e+00 -9.100000e-01
    endloop
  endfacet
  facet normal 4.934089e-01 -5.028363e-01 -7.097206e-01
    outer loop
      vertex   1.530389e+00 -1.649367e+00 -9.100000e-01
      vertex   1.453405e+00 -1.597878e+00 -1.000000e+00
      vertex   1.570088e+00 -1.483383e+00 -1.000000e+00
    endloop
  endfacet
  facet normal 5.019569e-01 -5.019569e-01 -7.043284e-01
    outer loop
      vertex   1.530389e+00 -1.649367e+00 -9.100000e-01
      vertex   1.570088e+00 -1.483383e+00 -1.000000e+00
      vertex   1.649367e+00 -1.530389e+00 -9.100000e-01
    endloop
  endfacet
  facet normal 5.301942e-01 -4.642287e-01 -7.094969e-01
    outer loop
      vertex   1.649367e+00 -1.530389e+00 -9.100000e-01
      vertex   1.570088e+00 -1.483383e+00 -1.000000e+00
      vertex   1.677777e+00 -1.360391e+00 -1.000000e+00
    endloop
  endfacet
  facet normal 5.378969e-01 -4.628977e-01 -7.045514e-01
    outer loop
      vertex   1.649367e+00 -1.530389e+00 -9.100000e-01
      vertex   1.677777e+00 -1.360391e+00 -1.000000e+00
      vertex   1.759121e+00 -1.402852e+00 -9.100000e-01
    endloop
  endfacet
  facet normal 5.639708e-01 -4.229407e-01 -7.092659e-01
    outer loop
      vertex   1.759121e+00 -1.402852e+00 -9.100000e-01
      vertex   1.677777e+00 -1.360391e+00 -1.000000e+00
      vertex   1.775857e+00 -1.229606e+00 -1.000000e+00
    endloop
  endfacet
  facet normal 5.708016e-01 -4.212708e-01 -7.047811e-01
    outer loop
      vertex   1.759121e+00 -1.402852e+00 -9.100000e-01
      vertex   1.775857e+00 -1.229606e+00 -1.000000e+00
      vertex   1.859037e+00 -1.267470e+00 -9.100000e-01
    endloop
  endfacet
  facet normal 5.945442e-01 -3.792060e-01 -7.090275e-01
    outer loop
      vertex   1.859037e+00 -1.267470e+00 -9.100000e-01
      vertex   1.775857e+00 -1.229606e+00 -1.000000e+00
      vertex   1.863765e+00 -1.091779e+00 -1.000000e+00
    endloop
  endfacet
  facet normal 6.004882e-01 -3.773117e-01 -7.050176e-01
    outer loop
      vertex   1.859037e+00 -1.267470e+00 -9.100000e-01
      vertex   1.863765e+00 -1.091779e+00 -1.000000e+00
      vertex   1.948557e+00 -1.125000e+00 -9.100000e-01
    endloop
  endfacet
  facet normal 6.217380e-01 -3.332720e-01 -7.087818e-01
    outer loop
      vertex   1.948557e+00 -1.125000e+00 -9.100000e-01
      vertex   1.863765e+00 -1.091779e+00 -1.000000e+00
      vertex   1.940997e+00 -9.476981e-01 -1.000000e+00
    endloop
  endfacet
  facet normal 6.267918e-01 -3.312692e-01 -7.052607e-01
    outer loop
      vertex   1.948557e+00 -1.125000e+00 -9.100000e-01
      vertex   1.940997e+00 -9.476981e-01 -1.000000e+00
      vertex   2.027180e+00 -9.762384e-01 -9.100000e-01
    endloop
  endfacet
  facet normal 6.453948e-01 -2.853991e-01 -7.085287e-01
    outer loop
      vertex   2.027180e+00 -9.762384e-01 -9.100000e-01
      vertex   1.940997e+00 -9.476981e-01 -1.000000e+00
      vertex   2.007111e+00 -7.981888e-01 -1.000000e+00
    endloop
  endfacet
  facet normal 6.495671e-01 -2.834032e-01 -7.055106e-01
    outer loop
      vertex   2.027180e+00 -9.762384e-01 -9.100000e-01
      vertex   2.007111e+00 -7.981888e-01 -1.000000e+00
      vertex   2.094466e+00 -8.220173e-01 -9.100000e-01
    endloop
  endfacet
  facet normal 6.653773e-01 -2.358587e-01 -7.082682e-01
    outer loop
      vertex   2.094466e+00 -8.220173e-01 -9.100000e-01
      vertex   2.007111e+00 -7.981888e-01 -1.000000e+00
      vertex   2.061729e+00 -6.441075e-01 -1.000000e+00
    endloop
  endfacet
  facet normal 6.686884e-01 -2.339842e-01 -7.057671e-01
    outer loop
      vertex   2.094466e+00 -8.220173e-01 -9.100000e-01
      vertex   2.061729e+00 -6.441075e-01 -1.000000e+00
      vertex   2.150039e+00 -6.631991e-01 -9.100000e-01
    endloop
  endfacet
  facet normal 6.815687e-01 -1.849319e-01 -7.080002e-01
    outer loop
      vertex   2.150039e+00 -6.631991e-01 -9.100000e-01
      vertex   2.061729e+00 -6.441075e-01 -1.000000e+00
      vertex   2.104537e+00 -4.863368e-01 -1.000000e+00
    endloop
  endfacet
  facet normal 6.840509e-01 -1.832909e-01 -7.060303e-01
    outer loop
      vertex   2.150039e+00 -6.631991e-01 -9.100000e-01
      vertex   2.104537e+00 -4.863368e-01 -1.000000e+00
      vertex   2.193588e+00 -5.006721e-01 -9.100000e-01
    endloop
  endfacet
  facet normal 6.938740e-01 -1.329080e-01 -7.077247e-01
    outer loop
      vertex   2.193588e+00 -5.006721e-01 -9.100000e-01
      vertex   2.104537e+00 -4.863368e-01 -1.000000e+00
      vertex   2.135291e+00 -3.257805e-01 -1.000000e+00
    endloop
  endfacet
  facet normal 6.955711e-01 -1.316092e-01 -7.063001e-01
    outer loop
      vertex   2.193588e+00 -5.006721e-01 -9.100000e-01
      vertex   2.135291e+00 -3.257805e-01 -1.000000e+00
      vertex   2.224869e+00 -3.353451e-01 -9.100000e-01
    endloop
  endfacet
  facet normal 7.022199e-01 -8.008265e-02 -7.074418e-01
    outer loop
      vertex   2.224869e+00 -3.353451e-01 -9.100000e-01
      vertex   2.135291e+00 -3.257805e-01 -1.000000e+00
      vertex   2.153814e+00 -1.633581e-01 -1.000000e+00
    endloop
  endfacet
  facet normal 7.031872e-01 -7.923017e-02 -7.065765e-01
    outer loop
      vertex   2.224869e+00 -3.353451e-01 -9.100000e-01
      vertex   2.153814e+00 -1.633581e-01 -1.000000e+00
      vertex   2.243709e+00 -1.681427e-01 -9.100000e-01
    endloop
  endfacet
  facet normal 7.065557e-01 -2.675628e-02 -7.071514e-01
    outer loop
      vertex   2.243709e+00 -1.681427e-01 -9.100000e-01
      vertex   2.153814e+00 -1.633581e-01 -1.000000e+00
      vertex   2.160000e+00 0.000000e+00 -1.000000e+00
    endloop
  endfacet
  facet normal -7.065557e-01 2.675628e-02 7.071514e-01
    outer loop
      vertex   -2.153814e+00 1.633581e-01 1.000000e+00
      vertex   -2.243709e+00 1.681427e-01 9.100000e-01
      vertex   -2.160000e+00 0.000000e+00 1.000000e+00
    endloop
  endfacet
  facet normal -7.068594e-01 2.644881e-02 7.068594e-01
    outer loop
      vertex   -2.160000e+00 0.000000e+00 1.000000e+00
      vertex   -2.243709e+00 1.681427e-01 9.100000e-01
      vertex   -2.250000e+00 2.755455e-16 9.100000e-01
    endloop
  endfacet
  facet normal -7.068594e-01 -2.644881e-02 7.068594e-01
    outer loop
      vertex   -2.160000e+00 0.000000e+00 1.000000e+00
      vertex   -2.250000e+00 2.755455e-16 9.100000e-01
      vertex   -2.243709e+00 -1.681427e-01 9.100000e-01
    endloop
  endfacet
  facet normal -7.031872e-01 7.923017e-02 7.065765e-01
    outer loop
      vertex   -2.243709e+00 1.681427e-01 9.100000e-01
      vertex   -2.153814e+00 1.633581e-01 1.000000e+00
      vertex   -2.224869e+00 3.353451e-01 9.100000e-01
    endloop
  endfacet
  facet normal -7.022199e-01 8.008265e-02 7.074418e-01
    outer loop
      vertex   -2.224869e+00 3.353451e-01 9.100000e-01
      vertex   -2.153814e+00 1.633581e-01 1.000000e+00
      vertex   -2.135291e+00 3.257805e-01 1.000000e+00
    endloop
  endfacet
  facet normal -6.955711e-01 1.316092e-01 7.063001e-01
    outer loop
      vertex   -2.224869e+00 3.353451e-01 9.100000e-01
      vertex   -2.135291e+00 3.257805e-01 1.000000e+00
      vertex   -2.193588e+00 5.006721e-01 9.100000e-01
    endloop
  endfacet
  facet normal -6.938740e-01 1.329080e-01 7.077247e-01
    outer loop
      vertex   -2.193588e+00 5.006721e-01 9.100000e-01
      vertex   -2.135291e+00 3.257805e-01 1.000000e+00
      vertex   -2.104537e+00 4.863368e-01 1.000000e+00
    endloop
  endfacet
  facet normal -6.840509e-01 1.832909e-01 7.060303e-01
    outer loop
      vertex   -2.193588e+00 5.006721e-01 9.100000e-01
      vertex   -2.104537e+00 4.863368e-01 1.000000e+00
      vertex   -2.150039e+00 6.631991e-01 9.100000e-01
    endloop
  endfacet
  facet normal -6.815687e-01 1.849319e-01 7.080002e-01
    outer loop
      vertex   -2.150039e+00 6.631991e-01 9.100000e-01
      vertex   -2.104537e+00 4.863368e-01 1.000000e+00
      vertex   -2.061729e+00 6.441075e-01 1.000000e+00
    endloop
  endfacet
  facet normal -6.686884e-01 2.339842e-01 7.057671e-01
    outer loop
      vertex   -2.150039e+00 6.631991e-01 9.100000e-01
      vertex   -2.061729e+00 6.441075e-01 1.000000e+00
      vertex   -2.094466e+00 8.220173e-01 9.100000e-01
    endloop
  endfacet
  facet normal -6.653773e-01 2.358587e-01 7.082682e-01
    outer loop
      vertex   -2.094466e+00 8.220173e-01 9.100000e-01
      vertex   -2.061729e+00 6.441075e-01 1.000000e+00
      vertex   -2.007111e+00 7.981888e-01 1.000000e+00
    endloop
  endfacet
  facet normal -6.495671e-01 2.834032e-01 7.055106e-01
    outer loop
      vertex   -2.094466e+00 8.220173e-01 9.100000e-01
      vertex   -2.007111e+00 7.981888e-01 1.000000e+00
      vertex   -2.027180e+00 9.762384e-01 9.100000e-01
    endloop
  endfacet
  facet normal -6.453948e-01 2.853991e-01 7.085287e-01
    outer loop
      vertex   -2.027180e+00 9.762384e-01 9.100000e-01
      vertex   -2.007111e+00 7.981888e-01 1.000000e+00
      vertex   -1.940997e+00 9.476981e-01 1.000000e+00
    endloop
  endfacet
  facet normal -6.267918e-01 3.312692e-01 7.052607e-01
    outer loop
      vertex   -2.027180e+00 9.762384e-01 9.100000e-01
      vertex   -1.940997e+00 9.476981e-01 1.000000e+00
      vertex   -1.948557e+00 1.125000e+00 9.100000e-01
    endloop
  endfacet
  facet normal -6.217380e-01 3.332720e-01 7.087818e-01
    outer loop
      vertex   -1.948557e+00 1.125000e+00 9.100000e-01
      vertex   -1.940997e+00 9.476981e-01 1.000000e+00
      vertex   -1.863765e+00 1.091779e+00 1.000000e+00
    endloop
  endfacet
  facet normal -6.004882e-01 3.773117e-01 7.050176e-01
    outer loop
      vertex   -1.948557e+00 1.125000e+00 9.100000e-01
      vertex   -1.863765e+00 1.091779e+00 1.000000e+00
      vertex   -1.859037e+00 1.267470e+00 9.100000e-01
    endloop
  endfacet
  facet normal -5.945442e-01 3.792060e-01 7.090275e-01
    outer loop
      vertex   -1.859037e+00 1.267470e+00 9.100000e-01
      vertex   -1.863765e+00 1.091779e+00 1.000000e+00
      vertex   -1.775857e+00 1.229606e+00 1.000000e+00
    endloop
  endfacet
  facet normal -5.708016e-01 4.212708e-01 7.047811e-01
    outer loop
      vertex   -1.859037e+00 1.267470e+00 9.100000e-01
      vertex   -1.775857e+00 1.229606e+00 1.000000e+00
      vertex   -1.759121e+00 1.402852e+00 9.100000e-01
    endloop
  endfacet
  facet normal -5.639708e-01 4.229407e-01 7.092659e-01
    outer loop
      vertex   -1.759121e+00 1.402852e+00 9.100000e-01
      vertex   -1.775857e+00 1.229606e+00 1.000000e+00
      vertex   -1.677777e+00 1.360391e+00 1.000000e+00
    endloop
  endfacet
  facet normal -5.378969e-01 4.628977e-01 7.045514e-01
    outer loop
      vertex   -1.759121e+00 1.402852e+00 9.100000e-01
      vertex   -1.677777e+00 1.360391e+00 1.000000e+00
      vertex   -1.649367e+00 1.530389e+00 9.100000e-01
    endloop
  endfacet
  facet normal -5.301942e-01 4.642287e-01 7.094969e-01
    outer loop
      vertex   -1.649367e+00 1.530389e+00 9.100000e-01
      vertex   -1.677777e+00 1.360391e+00 1.000000e+00
      vertex   -1.570088e+00 1.483383e+00 1.000000e+00
    endloop
  endfacet
  facet normal -5.019569e-01 5.019569e-01 7.043284e-01
    outer loop
      vertex   -1.649367e+00 1.530389e+00 9.100000e-01
      vertex   -1.570088e+00 1.483383e+00 1.000000e+00
      vertex   -1.530389e+00 1.649367e+00 9.100000e-01
    endloop
  endfacet
  facet normal -4.934089e-01 5.028363e-01 7.097206e-01
    outer loop
      vertex   -1.530389e+00 1.649367e+00 9.100000e-01
      vertex   -1.570088e+00 1.483383e+00 1.000000e+00
      vertex   -1.453405e+00 1.597878e+00 1.000000e+00
    endloop
  endfacet
  facet normal -4.631820e-01 5.382272e-01 7.041122e-01
    outer loop
      vertex   -1.530389e+00 1.649367e+00 9.100000e-01
      vertex   -1.453405e+00 1.597878e+00 1.000000e+00
      vertex   -1.402852e+00 1.759121e+00 9.100000e-01
    endloop
  endfacet
  facet normal -4.538264e-01 5.385453e-01 7.099370e-01
    outer loop
      vertex   -1.402852e+00 1.759121e+00 9.100000e-01
      vertex   -1.453405e+00 1.597878e+00 1.000000e+00
      vertex   -1.328397e+00 1.703221e+00 1.000000e+00
    endloop
  endfacet
  facet normal -4.217883e-01 5.715029e-01 7.039027e-01
    outer loop
      vertex   -1.402852e+00 1.759121e+00 9.100000e-01
      vertex   -1.328397e+00 1.703221e+00 1.000000e+00
      vertex   -1.267470e+00 1.859037e+00 9.100000e-01
    endloop
  endfacet
  facet normal -4.116738e-01 5.711542e-01 7.101461e-01
    outer loop
      vertex   -1.267470e+00 1.859037e+00 9.100000e-01
      vertex   -1.328397e+00 1.703221e+00 1.000000e+00
      vertex   -1.195780e+00 1.798808e+00 1.000000e+00
    endloop
  endfacet
  facet normal -3.780073e-01 6.015951e-01 7.037001e-01
    outer loop
      vertex   -1.267470e+00 1.859037e+00 9.100000e-01
      vertex   -1.195780e+00 1.798808e+00 1.000000e+00
      vertex   -1.125000e+00 1.948557e+00 9.100000e-01
    endloop
  endfacet
  facet normal -3.671929e-01 6.004791e-01 7.103480e-01
    outer loop
      vertex   -1.125000e+00 1.948557e+00 9.100000e-01
      vertex   -1.195780e+00 1.798808e+00 1.000000e+00
      vertex   -1.056313e+00 1.884092e+00 1.000000e+00
    endloop
  endfacet
  facet normal -3.320836e-01 6.283329e-01 7.035043e-01
    outer loop
      vertex   -1.125000e+00 1.948557e+00 9.100000e-01
      vertex   -1.056313e+00 1.884092e+00 1.000000e+00
      vertex   -9.762384e-01 2.027180e+00 9.100000e-01
    endloop
  endfacet
  facet normal -3.206383e-01 6.263548e-01 7.105426e-01
    outer loop
      vertex   -9.762384e-01 2.027180e+00 9.100000e-01
      vertex   -1.056313e+00 1.884092e+00 1.000000e+00
      vertex   -9.107967e-01 1.958584e+00 1.000000e+00
    endloop
  endfacet
  facet normal -2.842745e-01 6.515640e-01 7.033153e-01
    outer loop
      vertex   -9.762384e-01 2.027180e+00 9.100000e-01
      vertex   -9.107967e-01 1.958584e+00 1.000000e+00
      vertex   -8.220173e-01 2.094466e+00 9.100000e-01
    endloop
  endfacet
  facet normal -2.722763e-01 6.486359e-01 7.107299e-01
    outer loop
      vertex   -8.220173e-01 2.094466e+00 9.100000e-01
      vertex   -9.107967e-01 1.958584e+00 1.000000e+00
      vertex   -7.600630e-01 2.021857e+00 1.000000e+00
    endloop
  endfacet
  facet normal -2.348476e-01 6.711559e-01 7.031332e-01
    outer loop
      vertex   -8.220173e-01 2.094466e+00 9.100000e-01
      vertex   -7.600630e-01 2.021857e+00 1.000000e+00
      vertex   -6.631991e-01 2.150039e+00 9.100000e-01
    endloop
  endfacet
  facet normal -2.223834e-01 6.671975e-01 7.109101e-01
    outer loop
      vertex   -6.631991e-01 2.150039e+00 9.100000e-01
      vertex   -7.600630e-01 2.021857e+00 1.000000e+00
      vertex   -6.049757e-01 2.073549e+00 1.000000e+00
    endloop
  endfacet
  facet normal -1.840802e-01 6.869968e-01 7.029580e-01
    outer loop
      vertex   -6.631991e-01 2.150039e+00 9.100000e-01
      vertex   -6.049757e-01 2.073549e+00 1.000000e+00
      vertex   -5.006721e-01 2.193588e+00 9.100000e-01
    endloop
  endfacet
  facet normal -1.712447e-01 6.819356e-01 7.110830e-01
    outer loop
      vertex   -5.006721e-01 2.193588e+00 9.100000e-01
      vertex   -6.049757e-01 2.073549e+00 1.000000e+00
      vertex   -4.464232e-01 2.113364e+00 1.000000e+00
    endloop
  endfacet
  facet normal -1.322571e-01 6.989956e-01 7.027896e-01
    outer loop
      vertex   -5.006721e-01 2.193588e+00 9.100000e-01
      vertex   -4.464232e-01 2.113364e+00 1.000000e+00
      vertex   -3.353451e-01 2.224869e+00 9.100000e-01
    endloop
  endfacet
  facet normal -1.191519e-01 6.927683e-01 7.112488e-01
    outer loop
      vertex   -3.353451e-01 2.224869e+00 9.100000e-01
      vertex   -4.464232e-01 2.113364e+00 1.000000e+00
      vertex   -2.853136e-01 2.141074e+00 1.000000e+00
    endloop
  endfacet
  facet normal -7.966913e-02 7.070831e-01 7.026281e-01
    outer loop
      vertex   -3.353451e-01 2.224869e+00 9.100000e-01
      vertex   -2.853136e-01 2.141074e+00 1.000000e+00
      vertex   -1.681427e-01 2.243709e+00 9.100000e-01
    endloop
  endfacet
  facet normal -6.640224e-02 6.996358e-01 7.114074e-01
    outer loop
      vertex   -1.681427e-01 2.243709e+00 9.100000e-01
      vertex   -2.853136e-01 2.141074e+00 1.000000e+00
      vertex   -1.225698e-01 2.156520e+00 1.000000e+00
    endloop
  endfacet
  facet normal -2.661168e-02 7.112121e-01 7.024736e-01
    outer loop
      vertex   -1.681427e-01 2.243709e+00 9.100000e-01
      vertex   -1.225698e-01 2.156520e+00 1.000000e+00
      vertex   1.377728e-16 2.250000e+00 9.100000e-01
    endloop
  endfacet
  facet normal -1.329659e-02 7.025006e-01 7.115589e-01
    outer loop
      vertex   1.377728e-16 2.250000e+00 9.100000e-01
      vertex   -1.225698e-01 2.156520e+00 1.000000e+00
      vertex   4.087611e-02 2.159613e+00 1.000000e+00
    endloop
  endfacet
  facet normal 2.661713e-02 7.113576e-01 7.023260e-01
    outer loop
      vertex   1.377728e-16 2.250000e+00 9.100000e-01
      vertex   4.087611e-02 2.159613e+00 1.000000e+00
      vertex   1.681427e-01 2.243709e+00 9.100000e-01
    endloop
  endfacet
  facet normal 3.986243e-02 7.013483e-01 7.117032e-01
    outer loop
      vertex   1.681427e-01 2.243709e+00 9.100000e-01
      vertex   4.087611e-02 2.159613e+00 1.000000e+00
      vertex   2.040879e-01 2.150337e+00 1.000000e+00
    endloop
  endfacet
  facet normal 7.971806e-02 7.075173e-01 7.021854e-01
    outer loop
      vertex   1.681427e-01 2.243709e+00 9.100000e-01
      vertex   2.040879e-01 2.150337e+00 1.000000e+00
      vertex   3.353451e-01 2.224869e+00 9.100000e-01
    endloop
  endfacet
  facet normal 9.277200e-02 6.961871e-01 7.118404e-01
    outer loop
      vertex   3.353451e-01 2.224869e+00 9.100000e-01
      vertex   2.040879e-01 2.150337e+00 1.000000e+00
      vertex   3.661307e-01 2.128743e+00 1.000000e+00
    endloop
  endfacet
  facet normal 1.323925e-01 6.997112e-01 7.020517e-01
    outer loop
      vertex   3.353451e-01 2.224869e+00 9.100000e-01
      vertex   3.661307e-01 2.128743e+00 1.000000e+00
      vertex   5.006721e-01 2.193588e+00 9.100000e-01
    endloop
  endfacet
  facet normal 1.451308e-01 6.870480e-01 7.119705e-01
    outer loop
      vertex   5.006721e-01 2.193588e+00 9.100000e-01
      vertex   3.661307e-01 2.128743e+00 1.000000e+00
      vertex   5.260763e-01 2.094957e+00 1.000000e+00
    endloop
  endfacet
  facet normal 1.843441e-01 6.879816e-01 7.019249e-01
    outer loop
      vertex   5.006721e-01 2.193588e+00 9.100000e-01
      vertex   5.260763e-01 2.094957e+00 1.000000e+00
      vertex   6.631991e-01 2.150039e+00 9.100000e-01
    endloop
  endfacet
  facet normal 1.966408e-01 6.739846e-01 7.120935e-01
    outer loop
      vertex   6.631991e-01 2.150039e+00 9.100000e-01
      vertex   5.260763e-01 2.094957e+00 1.000000e+00
      vertex   6.830086e-01 2.049170e+00 1.000000e+00
    endloop
  endfacet
  facet normal 2.352805e-01 6.723932e-01 7.018052e-01
    outer loop
      vertex   6.631991e-01 2.150039e+00 9.100000e-01
      vertex   6.830086e-01 2.049170e+00 1.000000e+00
      vertex   8.220173e-01 2.094466e+00 9.100000e-01
    endloop
  endfacet
  facet normal 2.470089e-01 6.570726e-01 7.122094e-01
    outer loop
      vertex   8.220173e-01 2.094466e+00 9.100000e-01
      vertex   6.830086e-01 2.049170e+00 1.000000e+00
      vertex   8.360286e-01 1.991647e+00 1.000000e+00
    endloop
  endfacet
  facet normal 2.849151e-01 6.530323e-01 7.016924e-01
    outer loop
      vertex   8.220173e-01 2.094466e+00 9.100000e-01
      vertex   8.360286e-01 1.991647e+00 1.000000e+00
      vertex   9.762384e-01 2.027180e+00 9.100000e-01
    endloop
  endfacet
  facet normal 2.959485e-01 6.364096e-01 7.123183e-01
    outer loop
      vertex   9.762384e-01 2.027180e+00 9.100000e-01
      vertex   8.360286e-01 1.991647e+00 1.000000e+00
      vertex   9.842600e-01 1.922715e+00 1.000000e+00
    endloop
  endfacet
  facet normal 3.329682e-01 6.300066e-01 7.015866e-01
    outer loop
      vertex   9.762384e-01 2.027180e+00 9.100000e-01
      vertex   9.842600e-01 1.922715e+00 1.000000e+00
      vertex   1.125000e+00 1.948557e+00 9.100000e-01
    endloop
  endfacet
  facet normal 3.431812e-01 6.121147e-01 7.124200e-01
    outer loop
      vertex   1.125000e+00 1.948557e+00 9.100000e-01
      vertex   9.842600e-01 1.922715e+00 1.000000e+00
      vertex   1.126854e+00 1.842770e+00 1.000000e+00
    endloop
  endfacet
  facet normal 3.791694e-01 6.034446e-01 7.014879e-01
    outer loop
      vertex   1.125000e+00 1.948557e+00 9.100000e-01
      vertex   1.126854e+00 1.842770e+00 1.000000e+00
      vertex   1.267470e+00 1.859037e+00 9.100000e-01
    endloop
  endfacet
  facet normal 3.884386e-01 5.843271e-01 7.125147e-01
    outer loop
      vertex   1.267470e+00 1.859037e+00 9.100000e-01
      vertex   1.126854e+00 1.842770e+00 1.000000e+00
      vertex   1.262993e+00 1.752270e+00 1.000000e+00
    endloop
  endfacet
  facet normal 4.232582e-01 5.734945e-01 7.013961e-01
    outer loop
      vertex   1.267470e+00 1.859037e+00 9.100000e-01
      vertex   1.262993e+00 1.752270e+00 1.000000e+00
      vertex   1.402852e+00 1.759121e+00 9.100000e-01
    endloop
  endfacet
  facet normal 4.314633e-01 5.532063e-01 7.126024e-01
    outer loop
      vertex   1.402852e+00 1.759121e+00 9.100000e-01
      vertex   1.262993e+00 1.752270e+00 1.000000e+00
      vertex   1.391898e+00 1.651733e+00 1.000000e+00
    endloop
  endfacet
  facet normal 4.649864e-01 5.403240e-01 7.013114e-01
    outer loop
      vertex   1.402852e+00 1.759121e+00 9.100000e-01
      vertex   1.391898e+00 1.651733e+00 1.000000e+00
      vertex   1.530389e+00 1.649367e+00 9.100000e-01
    endloop
  endfacet
  facet normal 4.720108e-01 5.189304e-01 7.126830e-01
    outer loop
      vertex   1.530389e+00 1.649367e+00 9.100000e-01
      vertex   1.391898e+00 1.651733e+00 1.000000e+00
      vertex   1.512830e+00 1.541735e+00 1.000000e+00
    endloop
  endfacet
  facet normal 5.041187e-01 5.041187e-01 7.012337e-01
    outer loop
      vertex   1.530389e+00 1.649367e+00 9.100000e-01
      vertex   1.512830e+00 1.541735e+00 1.000000e+00
      vertex   1.649367e+00 1.530389e+00 9.100000e-01
    endloop
  endfacet
  facet normal 5.098507e-01 4.816952e-01 7.127566e-01
    outer loop
      vertex   1.649367e+00 1.530389e+00 9.100000e-01
      vertex   1.512830e+00 1.541735e+00 1.000000e+00
      vertex   1.625097e+00 1.422906e+00 1.000000e+00
    endloop
  endfacet
  facet normal 5.404345e-01 4.650815e-01 7.011631e-01
    outer loop
      vertex   1.649367e+00 1.530389e+00 9.100000e-01
      vertex   1.625097e+00 1.422906e+00 1.000000e+00
      vertex   1.759121e+00 1.402852e+00 9.100000e-01
    endloop
  endfacet
  facet normal 5.447680e-01 4.417137e-01 7.128231e-01
    outer loop
      vertex   1.759121e+00 1.402852e+00 9.100000e-01
      vertex   1.625097e+00 1.422906e+00 1.000000e+00
      vertex   1.728055e+00 1.295927e+00 1.000000e+00
    endloop
  endfacet
  facet normal 5.737293e-01 4.234315e-01 7.010995e-01
    outer loop
      vertex   1.759121e+00 1.402852e+00 9.100000e-01
      vertex   1.728055e+00 1.295927e+00 1.000000e+00
      vertex   1.859037e+00 1.267470e+00 9.100000e-01
    endloop
  endfacet
  facet normal 5.765643e-01 3.992141e-01 7.128827e-01
    outer loop
      vertex   1.859037e+00 1.267470e+00 9.100000e-01
      vertex   1.728055e+00 1.295927e+00 1.000000e+00
      vertex   1.821115e+00 1.161525e+00 1.000000e+00
    endloop
  endfacet
  facet normal 6.038151e-01 3.794022e-01 7.010430e-01
    outer loop
      vertex   1.859037e+00 1.267470e+00 9.100000e-01
      vertex   1.821115e+00 1.161525e+00 1.000000e+00
      vertex   1.948557e+00 1.125000e+00 9.100000e-01
    endloop
  endfacet
  facet normal 6.050590e-01 3.544390e-01 7.129352e-01
    outer loop
      vertex   1.948557e+00 1.125000e+00 9.100000e-01
      vertex   1.821115e+00 1.161525e+00 1.000000e+00
      vertex   1.903744e+00 1.020469e+00 1.000000e+00
    endloop
  endfacet
  facet normal 6.305225e-01 3.332409e-01 7.009935e-01
    outer loop
      vertex   1.948557e+00 1.125000e+00 9.100000e-01
      vertex   1.903744e+00 1.020469e+00 1.000000e+00
      vertex   2.027180e+00 9.762384e-01 9.100000e-01
    endloop
  endfacet
  facet normal 6.300904e-01 3.076437e-01 7.129807e-01
    outer loop
      vertex   2.027180e+00 9.762384e-01 9.100000e-01
      vertex   1.903744e+00 1.020469e+00 1.000000e+00
      vertex   1.975469e+00 8.735691e-01 1.000000e+00
    endloop
  endfacet
  facet normal 6.537008e-01 2.852067e-01 7.009511e-01
    outer loop
      vertex   2.027180e+00 9.762384e-01 9.100000e-01
      vertex   1.975469e+00 8.735691e-01 1.000000e+00
      vertex   2.094466e+00 8.220173e-01 9.100000e-01
    endloop
  endfacet
  facet normal 6.515162e-01 2.590952e-01 7.130192e-01
    outer loop
      vertex   2.094466e+00 8.220173e-01 9.100000e-01
      vertex   1.975469e+00 8.735691e-01 1.000000e+00
      vertex   2.035878e+00 7.216650e-01 1.000000e+00
    endloop
  endfacet
  facet normal 6.732192e-01 2.355696e-01 7.009157e-01
    outer loop
      vertex   2.094466e+00 8.220173e-01 9.100000e-01
      vertex   2.035878e+00 7.216650e-01 1.000000e+00
      vertex   2.150039e+00 6.631991e-01 9.100000e-01
    endloop
  endfacet
  facet normal 6.692147e-01 2.090703e-01 7.130507e-01
    outer loop
      vertex   2.150039e+00 6.631991e-01 9.100000e-01
      vertex   2.035878e+00 7.216650e-01 1.000000e+00
      vertex   2.084626e+00 5.656273e-01 1.000000e+00
    endloop
  endfacet
  facet normal 6.889678e-01 1.846084e-01 7.008874e-01
    outer loop
      vertex   2.150039e+00 6.631991e-01 9.100000e-01
      vertex   2.084626e+00 5.656273e-01 1.000000e+00
      vertex   2.193588e+00 5.006721e-01 9.100000e-01
    endloop
  endfacet
  facet normal 6.830856e-01 1.578540e-01 7.130752e-01
    outer loop
      vertex   2.193588e+00 5.006721e-01 9.100000e-01
      vertex   2.084626e+00 5.656273e-01 1.000000e+00
      vertex   2.121433e+00 4.063497e-01 1.000000e+00
    endloop
  endfacet
  facet normal 7.008576e-01 1.326094e-01 7.008662e-01
    outer loop
      vertex   2.193588e+00 5.006721e-01 9.100000e-01
      vertex   2.121433e+00 4.063497e-01 1.000000e+00
      vertex   2.224869e+00 3.353451e-01 9.100000e-01
    endloop
  endfacet
  facet normal 6.930500e-01 1.057384e-01 7.130926e-01
    outer loop
      vertex   2.224869e+00 3.353451e-01 9.100000e-01
      vertex   2.121433e+00 4.063497e-01 1.000000e+00
      vertex   2.146089e+00 2.447446e-01 1.000000e+00
    endloop
  endfacet
  facet normal 7.088216e-01 7.986501e-02 7.008520e-01
    outer loop
      vertex   2.224869e+00 3.353451e-01 9.100000e-01
      vertex   2.146089e+00 2.447446e-01 1.000000e+00
      vertex   2.243709e+00 1.681427e-01 9.100000e-01
    endloop
  endfacet
  facet normal 6.990513e-01 5.302022e-02 7.131031e-01
    outer loop
      vertex   2.243709e+00 1.681427e-01 9.100000e-01
      vertex   2.146089e+00 2.447446e-01 1.000000e+00
      vertex   2.158453e+00 8.173759e-02 1.000000e+00
    endloop
  endfacet
  facet normal 7.128148e-01 2.667165e-02 7.008450e-01
    outer loop
      vertex   2.243709e+00 1.681427e-01 9.100000e-01
      vertex   2.158453e+00 8.173759e-02 1.000000e+00
      vertex   2.250000e+00 0.000000e+00 9.100000e-01
    endloop
  endfacet
  facet normal 7.010556e-01 0.000000e+00 7.131066e-01
    outer loop
      vertex   2.250000e+00 0.000000e+00 9.100000e-01
      vertex   2.158453e+00 8.173759e-02 1.000000e+00
      vertex   2.158453e+00 -8.173759e-02 1.000000e+00
    endloop
  endfacet
  facet normal 7.128148e-01 -2.667165e-02 7.008450e-01
    outer loop
      vertex   2.250000e+00 0.000000e+00 9.100000e-01
      vertex   2.158453e+00 -8.173759e-02 1.000000e+00
      vertex   2.243709e+00 -1.681427e-01 9.100000e-01
    endloop
  endfacet
  facet normal 6.990513e-01 -5.302022e-02 7.131031e-01
    outer loop
      vertex   2.243709e+00 -1.681427e-01 9.100000e-01
      vertex   2.158453e+00 -8.173759e-02 1.000000e+00
      vertex   2.146089e+00 -2.447446e-01 1.000000e+00
    endloop
  endfacet
  facet normal 7.088216e-01 -7.986501e-02 7.008520e-01
    outer loop
      vertex   2.243709e+00 -1.681427e-01 9.100000e-01
      vertex   2.146089e+00 -2.447446e-01 1.000000e+00
      vertex   2.224869e+00 -3.353451e-01 9.100000e-01
    endloop
  endfacet
  facet normal 6.930500e-01 -1.057384e-01 7.130926e-01
    outer loop
      vertex   2.224869e+00 -3.353451e-01 9.100000e-01
      vertex   2.146089e+00 -2.447446e-01 1.000000e+00
      vertex   2.121433e+00 -4.063497e-01 1.000000e+00
    endloop
  endfacet
  facet normal 7.008576e-01 -1.326094e-01 7.008662e-01
    outer loop
      vertex   2.224869e+00 -3.353451e-01 9.100000e-01
      vertex   2.121433e+00 -4.063497e-01 1.000000e+00
      vertex   2.193588e+00 -5.006721e-01 9.100000e-01
    endloop
  endfacet
  facet normal 6.830856e-01 -1.578540e-01 7.130752e-01
    outer loop
      vertex   2.193588e+00 -5.006721e-01 9.100000e-01
      vertex   2.121433e+00 -4.063497e-01 1.000000e+00
      vertex   2.084626e+00 -5.656273e-01 1.000000e+00
    endloop
  endfacet
  facet normal 6.889678e-01 -1.846084e-01 7.008874e-01
    outer loop
      vertex   2.193588e+00 -5.006721e-01 9.100000e-01
      vertex   2.084626e+00 -5.656273e-01 1.000000e+00
      vertex   2.150039e+00 -6.631991e-01 9.100000e-01
    endloop
  endfacet
  facet normal 6.692147e-01 -2.090703e-01 7.130507e-01
    outer loop
      vertex   2.150039e+00 -6.631991e-01 9.100000e-01
      vertex   2.084626e+00 -5.656273e-01 1.000000e+00
      vertex   2.035878e+00 -7.216650e-01 1.000000e+00
    endloop
  endfacet
  facet normal 6.732192e-01 -2.355696e-01 7.009157e-01
    outer loop
      vertex   2.150039e+00 -6.631991e-01 9.100000e-01
      vertex   2.035878e+00 -7.216650e-01 1.000000e+00
      vertex   2.094466e+00 -8.220173e-01 9.100000e-01
    endloop
  endfacet
  facet normal 6.515162e-01 -2.590952e-01 7.130192e-01
    outer loop
      vertex   2.094466e+00 -8.220173e-01 9.100000e-01
      vertex   2.035878e+00 -7.216650e-01 1.000000e+00
      vertex   1.975469e+00 -8.735691e-01 1.000000e+00
    endloop
  endfacet
  facet normal 6.537008e-01 -2.852067e-01 7.009511e-01
    outer loop
      vertex   2.094466e+00 -8.220173e-01 9.100000e-01
      vertex   1.975469e+00 -8.735691e-01 1.000000e+00
      vertex   2.027180e+00 -9.762384e-01 9.100000e-01
    endloop
  endfacet
  facet normal 6.300904e-01 -3.076437e-01 7.129807e-01
    outer loop
      vertex   2.027180e+00 -9.762384e-01 9.100000e-01
      vertex   1.975469e+00 -8.735691e-01 1.000000e+00
      vertex   1.903744e+00 -1.020469e+00 1.000000e+00
    endloop
  endfacet
  facet normal 6.305225e-01 -3.332409e-01 7.009935e-01
    outer loop
      vertex   2.027180e+00 -9.762384e-01 9.100000e-01
      vertex   1.903744e+00 -1.020469e+00 1.000000e+00
      vertex   1.948557e+00 -1.125000e+00 9.100000e-01
    endloop
  endfacet
  facet normal 6.050590e-01 -3.544390e-01 7.129352e-01
    outer loop
      vertex   1.948557e+00 -1.125000e+00 9.100000e-01
      vertex   1.903744e+00 -1.020469e+00 1.000000e+00
      vertex   1.821115e+00 -1.161525e+00 1.000000e+00
    endloop
  endfacet
  facet normal 6.038151e-01 -3.794022e-01 7.010430e-01
    outer loop
      vertex   1.948557e+00 -1.125000e+00 9.100000e-01
      vertex   1.821115e+00 -1.161525e+00 1.000000e+00
      vertex   1.859037e+00 -1.267470e+00 9.100000e-01
    endloop
  endfacet
  facet normal 5.765643e-01 -3.992141e-01 7.128827e-01
    outer loop
      vertex   1.859037e+00 -1.267470e+00 9.100000e-01
      vertex   1.821115e+00 -1.161525e+00 1.000000e+00
      vertex   1.728055e+00 -1.295927e+00 1.000000e+00
    endloop
  endfacet
  facet normal 5.737293e-01 -4.234315e-01 7.010995e-01
    outer loop
      vertex   1.859037e+00 -1.267470e+00 9.100000e-01
      vertex   1.728055e+00 -1.295927e+00 1.000000e+00
      vertex   1.759121e+00 -1.402852e+00 9.100000e-01
    endloop
  endfacet
  facet normal 5.447680e-01 -4.417137e-01 7.128231e-01
    outer loop
      vertex   1.759121e+00 -1.402852e+00 9.100000e-01
      vertex   1.728055e+00 -1.295927e+00 1.000000e+00
      vertex   1.625097e+00 -1.422906e+00 1.000000e+00
    endloop
  endfacet
  facet normal 5.404345e-01 -4.650815e-01 7.011631e-01
    outer loop
      vertex   1.759121e+00 -1.402852e+00 9.100000e-01
      vertex   1.625097e+00 -1.422906e+00 1.000000e+00
      vertex   1.649367e+00 -1.530389e+00 9.100000e-01
    endloop
  endfacet
  facet normal 5.098507e-01 -4.816952e-01 7.127566e-01
    outer loop
      vertex   1.649367e+00 -1.530389e+00 9.100000e-01
      vertex   1.625097e+00 -1.422906e+00 1.000000e+00
      vertex   1.512830e+00 -1.541735e+00 1.000000e+00
    endloop
  endfacet
  facet normal 5.041187e-01 -5.041187e-01 7.012337e-01
    outer loop
      vertex   1.649367e+00 -1.530389e+00 9.100000e-01
      vertex   1.512830e+00 -1.541735e+00 1.000000e+00
      vertex   1.530389e+00 -1.649367e+00 9.100000e-01
    endloop
  endfacet
  facet normal 4.720108e-01 -5.189304e-01 7.126830e-01
    outer loop
      vertex   1.530389e+00 -1.649367e+00 9.100000e-01
      vertex   1.512830e+00 -1.541735e+00 1.000000e+00
      vertex   1.391898e+00 -1.651733e+00 1.000000e+00
    endloop
  endfacet
  facet normal 4.649864e-01 -5.403240e-01 7.013114e-01
    outer loop
      vertex   1.530389e+00 -1.649367e+00 9.100000e-01
      vertex   1.391898e+00 -1.651733e+00 1.000000e+00
      vertex   1.402852e+00 -1.759121e+00 9.100000e-01
    endloop
  endfacet
  facet normal 4.314633e-01 -5.532063e-01 7.126024e-01
    outer loop
      vertex   1.402852e+00 -1.759121e+00 9.100000e-01
      vertex   1.391898e+00 -1.651733e+00 1.000000e+00
      vertex   1.262993e+00 -1.752270e+00 1.000000e+00
    endloop
  endfacet
  facet normal 4.232582e-01 -5.734945e-01 7.013961e-01
    outer loop
      vertex   1.402852e+00 -1.759121e+00 9.100000e-01
      vertex   1.262993e+00 -1.752270e+00 1.000000e+00
      vertex   1.267470e+00 -1.859037e+00 9.100000e-01
    endloop
  endfacet
  facet normal 3.884386e-01 -5.843271e-01 7.125147e-01
    outer loop
      vertex   1.267470e+00 -1.859037e+00 9.100000e-01
      vertex   1.262993e+00 -1.752270e+00 1.000000e+00
      vertex   1.126854e+00 -1.842770e+00 1.000000e+00
    endloop
  endfacet
  facet normal 3.791694e-01 -6.034446e-01 7.014879e-01
    outer loop
      vertex   1.267470e+00 -1.859037e+00 9.100000e-01
      vertex   1.126854e+00 -1.842770e+00 1.000000e+00
      vertex   1.125000e+00 -1.948557e+00 9.100000e-01
    endloop
  endfacet
  facet normal 3.431812e-01 -6.121147e-01 7.124200e-01
    outer loop
      vertex   1.125000e+00 -1.948557e+00 9.100000e-01
      vertex   1.126854e+00 -1.842770e+00 1.000000e+00
      vertex   9.842600e-01 -1.922715e+00 1.000000e+00
    endloop
  endfacet
  facet normal 3.329682e-01 -6.300066e-01 7.015866e-01
    outer loop
      vertex   1.125000e+00 -1.948557e+00 9.100000e-01
      vertex   9.842600e-01 -1.922715e+00 1.000000e+00
      vertex   9.762384e-01 -2.027180e+00 9.100000e-01
    endloop
  endfacet
  facet normal 2.959485e-01 -6.364096e-01 7.123183e-01
    outer loop
      vertex   9.762384e-01 -2.027180e+00 9.100000e-01
      vertex   9.842600e-01 -1.922715e+00 1.000000e+00
      vertex   8.360286e-01 -1.991647e+00 1.000000e+00
    endloop
  endfacet
  facet normal 2.849151e-01 -6.530323e-01 7.016924e-01
    outer loop
      vertex   9.762384e-01 -2.027180e+00 9.100000e-01
      vertex   8.360286e-01 -1.991647e+00 1.000000e+00
      vertex   8.220173e-01 -2.094466e+00 9.100000e-01
    endloop
  endfacet
  facet normal 2.470089e-01 -6.570726e-01 7.122094e-01
    outer loop
      vertex   8.220173e-01 -2.094466e+00 9.100000e-01
      vertex   8.360286e-01 -1.991647e+00 1.000000e+00
      vertex   6.830086e-01 -2.049170e+00 1.000000e+00
    endloop
  endfacet
  facet normal 2.352805e-01 -6.723932e-01 7.018052e-01
    outer loop
      vertex   8.220173e-01 -2.094466e+00 9.100000e-01
      vertex   6.830086e-01 -2.049170e+00 1.000000e+00
      vertex   6.631991e-01 -2.150039e+00 9.100000e-01
    endloop
  endfacet
  facet normal 1.966408e-01 -6.739846e-01 7.120935e-01
    outer loop
      vertex   6.631991e-01 -2.150039e+00 9.100000e-01
      vertex   6.830086e-01 -2.049170e+00 1.000000e+00
      vertex   5.260763e-01 -2.094957e+00 1.000000e+00
    endloop
  endfacet
  facet normal 1.843441e-01 -6.879816e-01 7.019249e-01
    outer loop
      vertex   6.631991e-01 -2.150039e+00 9.100000e-01
      vertex   5.260763e-01 -2.094957e+00 1.000000e+00
      vertex   5.006721e-01 -2.193588e+00 9.100000e-01
    endloop
  endfacet
  facet normal 1.451308e-01 -6.870480e-01 7.119705e-01
    outer loop
      vertex   5.006721e-01 -2.193588e+00 9.100000e-01
      vertex   5.260763e-01 -2.094957e+00 1.000000e+00
      vertex   3.661307e-01 -2.128743e+00 1.000000e+00
    endloop
  endfacet
  facet normal 1.323925e-01 -6.997112e-01 7.020517e-01
    outer loop
      vertex   5.006721e-01 -2.193588e+00 9.100000e-01
      vertex   3.661307e-01 -2.128743e+00 1.000000e+00
      vertex   3.353451e-01 -2.224869e+00 9.100000e-01
    endloop
  endfacet
  facet normal 9.277200e-02 -6.961871e-01 7.118404e-01
    outer loop
      vertex   3.353451e-01 -2.224869e+00 9.100000e-01
      vertex   3.661307e-01 -2.128743e+00 1.000000e+00
      vertex   2.040879e-01 -2.150337e+00 1.000000e+00
    endloop
  endfacet
  facet normal 7.971806e-02 -7.075173e-01 7.021854e-01
    outer loop
      vertex   3.353451e-01 -2.224869e+00 9.100000e-01
      vertex   2.040879e-01 -2.150337e+00 1.000000e+00
      vertex   1.681427e-01 -2.243709e+00 9.100000e-01
    endloop
  endfacet
  facet normal 3.986243e-02 -7.013483e-01 7.117032e-01
    outer loop
      vertex   1.681427e-01 -2.243709e+00 9.100000e-01
      vertex   2.040879e-01 -2.150337e+00 1.000000e+00
      vertex   4.087611e-02 -2.159613e+00 1.000000e+00
    endloop
  endfacet
  facet normal 2.661713e-02 -7.113576e-01 7.023260e-01
    outer loop
      vertex   1.681427e-01 -2.243709e+00 9.100000e-01
      vertex   4.087611e-02 -2.159613e+00 1.000000e+00
      vertex   1.377728e-16 -2.250000e+00 9.100000e-01
    endloop
  endfacet
  facet normal -1.329659e-02 -7.025006e-01 7.115589e-01
    outer loop
      vertex   1.377728e-16 -2.250000e+00 9.100000e-01
      vertex   4.087611e-02 -2.159613e+00 1.000000e+00
      vertex   -1.225698e-01 -2.156520e+00 1.000000e+00
    endloop
  endfacet
  facet normal -2.661168e-02 -7.112121e-01 7.024736e-01
    outer loop
      vertex   1.377728e-16 -2.250000e+00 9.100000e-01
      vertex   -1.225698e-01 -2.156520e+00 1.000000e+00
      vertex   -1.681427e-01 -2.243709e+00 9.100000e-01
    endloop
  endfacet
  facet normal -6.640224e-02 -6.996358e-01 7.114074e-01
    outer loop
      vertex   -1.681427e-01 -2.243709e+00 9.100000e-01
      vertex   -1.225698e-01 -2.156520e+00 1.000000e+00
      vertex   -2.853136e-01 -2.141074e+00 1.000000e+00
    endloop
  endfacet
  facet normal -7.966913e-02 -7.070831e-01 7.026281e-01
    outer loop
      vertex   -1.681427e-01 -2.243709e+00 9.100000e-01
      vertex   -2.853136e-01 -2.141074e+00 1.000000e+00
      vertex   -3.353451e-01 -2.224869e+00 9.100000e-01
    endloop
  endfacet
  facet normal -1.191519e-01 -6.927683e-01 7.112488e-01
    outer loop
      vertex   -3.353451e-01 -2.224869e+00 9.100000e-01
      vertex   -2.853136e-01 -2.141074e+00 1.000000e+00
      vertex   -4.464232e-01 -2.113364e+00 1.000000e+00
    endloop
  endfacet
  facet normal -1.322571e-01 -6.989956e-01 7.027896e-01
    outer loop
      vertex   -3.353451e-01 -2.224869e+00 9.100000e-01
      vertex   -4.464232e-01 -2.113364e+00 1.000000e+00
      vertex   -5.006721e-01 -2.193588e+00 9.100000e-01
    endloop
  endfacet
  facet normal -1.712447e-01 -6.819356e-01 7.110830e-01
    outer loop
      vertex   -5.006721e-01 -2.193588e+00 9.100000e-01
      vertex   -4.464232e-01 -2.113364e+00 1.000000e+00
      vertex   -6.049757e-01 -2.073549e+00 1.000000e+00
    endloop
  endfacet
  facet normal -1.840802e-01 -6.869968e-01 7.029580e-01
    outer loop
      vertex   -5.006721e-01 -2.193588e+00 9.100000e-01
      vertex   -6.049757e-01 -2.073549e+00 1.000000e+00
      vertex   -6.631991e-01 -2.150039e+00 9.100000e-01
    endloop
  endfacet
  facet normal -2.223834e-01 -6.671975e-01 7.109101e-01
    outer loop
      vertex   -6.631991e-01 -2.150039e+00 9.100000e-01
      vertex   -6.049757e-01 -2.073549e+00 1.000000e+00
      vertex   -7.600630e-01 -2.021857e+00 1.000000e+00
    endloop
  endfacet
  facet normal -2.348476e-01 -6.711559e-01 7.031332e-01
    outer loop
      vertex   -6.631991e-01 -2.150039e+00 9.100000e-01
      vertex   -7.600630e-01 -2.021857e+00 1.000000e+00
      vertex   -8.220173e-01 -2.094466e+00 9.100000e-01
    endloop
  endfacet
  facet normal -2.722763e-01 -6.486359e-01 7.107299e-01
    outer loop
      vertex   -8.220173e-01 -2.094466e+00 9.100000e-01
      vertex   -7.600630e-01 -2.021857e+00 1.000000e+00
      vertex   -9.107967e-01 -1.958584e+00 1.000000e+00
    endloop
  endfacet
  facet normal -2.842745e-01 -6.515640e-01 7.033153e-01
    outer loop
      vertex   -8.220173e-01 -2.094466e+00 9.100000e-01
      vertex   -9.107967e-01 -1.958584e+00 1.000000e+00
      vertex   -9.762384e-01 -2.027180e+00 9.100000e-01
    endloop
  endfacet
  facet normal -3.206383e-01 -6.263548e-01 7.105426e-01
    outer loop
      vertex   -9.762384e-01 -2.027180e+00 9.100000e-01
      vertex   -9.107967e-01 -1.958584e+00 1.000000e+00
      vertex   -1.056313e+00 -1.884092e+00 1.000000e+00
    endloop
  endfacet
  facet normal -3.320836e-01 -6.283329e-01 7.035043e-01
    outer loop
      vertex   -9.762384e-01 -2.027180e+00 9.100000e-01
      vertex   -1.056313e+00 -1.884092e+00 1.000000e+00
      vertex   -1.125000e+00 -1.948557e+00 9.100000e-01
    endloop
  endfacet
  facet normal -3.671929e-01 -6.004791e-01 7.103480e-01
    outer loop
      vertex   -1.125000e+00 -1.948557e+00 9.100000e-01
      vertex   -1.056313e+00 -1.884092e+00 1.000000e+00
      vertex   -1.195780e+00 -1.798808e+00 1.000000e+00
    endloop
  endfacet
  facet normal -3.780073e-01 -6.015951e-01 7.037001e-01
    outer loop
      vertex   -1.125000e+00 -1.948557e+00 9.100000e-01
      vertex   -1.195780e+00 -1.798808e+00 1.000000e+00
      vertex   -1.267470e+00 -1.859037e+00 9.100000e-01
    endloop
  endfacet
  facet normal -4.116738e-01 -5.711542e-01 7.101461e-01
    outer loop
      vertex   -1.267470e+00 -1.859037e+00 9.100000e-01
      vertex   -1.195780e+00 -1.798808e+00 1.000000e+00
      vertex   -1.328397e+00 -1.703221e+00 1.000000e+00
    endloop
  endfacet
  facet normal -4.217883e-01 -5.715029e-01 7.039027e-01
    outer loop
      vertex   -1.267470e+00 -1.859037e+00 9.100000e-01
      vertex   -1.328397e+00 -1.703221e+00 1.000000e+00
      vertex   -1.402852e+00 -1.759121e+00 9.100000e-01
    endloop
  endfacet
  facet normal -4.538264e-01 -5.385453e-01 7.099370e-01
    outer loop
      vertex   -1.402852e+00 -1.759121e+00 9.100000e-01
      vertex   -1.328397e+00 -1.703221e+00 1.000000e+00
      vertex   -1.453405e+00 -1.597878e+00 1.000000e+00
    endloop
  endfacet
  facet normal -4.631820e-01 -5.382272e-01 7.041122e-01
    outer loop
      vertex   -1.402852e+00 -1.759121e+00 9.100000e-01
      vertex   -1.453405e+00 -1.597878e+00 1.000000e+00
      vertex   -1.530389e+00 -1.649367e+00 9.100000e-01
    endloop
  endfacet
  facet normal -4.934089e-01 -5.028363e-01 7.097206e-01
    outer loop
      vertex   -1.530389e+00 -1.649367e+00 9.100000e-01
      vertex   -1.453405e+00 -1.597878e+00 1.000000e+00
      vertex   -1.570088e+00 -1.483383e+00 1.000000e+00
    endloop
  endfacet
  facet normal -5.019569e-01 -5.019569e-01 7.043284e-01
    outer loop
      vertex   -1.530389e+00 -1.649367e+00 9.100000e-01
      vertex   -1.570088e+00 -1.483383e+00 1.000000e+00
      vertex   -1.649367e+00 -1.530389e+00 9.100000e-01
    endloop
  endfacet
  facet normal -5.301942e-01 -4.642287e-01 7.094969e-01
    outer loop
      vertex   -1.649367e+00 -1.530389e+00 9.100000e-01
      vertex   -1.570088e+00 -1.483383e+00 1.000000e+00
      vertex   -1.677777e+00 -1.360391e+00 1.000000e+00
    endloop
  endfacet
  facet normal -5.378969e-01 -4.628977e-01 7.045514e-01
    outer loop
      vertex   -1.649367e+00 -1.530389e+00 9.100000e-01
      vertex   -1.677777e+00 -1.360391e+00 1.000000e+00
      vertex   -1.759121e+00 -1.402852e+00 9.100000e-01
    endloop
  endfacet
  facet normal -5.639708e-01 -4.229407e-01 7.092659e-01
    outer loop
      vertex   -1.759121e+00 -1.402852e+00 9.100000e-01
      vertex   -1.677777e+00 -1.360391e+00 1.000000e+00
      vertex   -1.775857e+00 -1.229606e+00 1.000000e+00
    endloop
  endfacet
  facet normal -5.708016e-01 -4.212708e-01 7.047811e-01
    outer loop
      vertex   -1.759121e+00 -1.402852e+00 9.100000e-01
      vertex   -1.775857e+00 -1.229606e+00 1.000000e+00
      vertex   -1.859037e+00 -1.267470e+00 9.100000e-01
    endloop
  endfacet
  facet normal -5.945442e-01 -3.792060e-01 7.090275e-01
    outer loop
      vertex   -1.859037e+00 -1.267470e+00 9.100000e-01
      vertex   -1.775857e+00 -1.229606e+00 1.000000e+00
      vertex   -1.863765e+00 -1.091779e+00 1.000000e+00
    endloop
  endfacet
  facet normal -6.004882e-01 -3.773117e-01 7.050176e-01
    outer loop
      vertex   -1.859037e+00 -1.267470e+00 9.100000e-01
      vertex   -1.863765e+00 -1.091779e+00 1.000000e+00
      vertex   -1.948557e+00 -1.125000e+00 9.100000e-01
    endloop
  endfacet
  facet normal -6.217380e-01 -3.332720e-01 7.087818e-01
    outer loop
      vertex   -1.948557e+00 -1.125000e+00 9.100000e-01
      vertex   -1.863765e+00 -1.091779e+00 1.000000e+00
      vertex   -1.940997e+00 -9.476981e-01 1.000000e+00
    endloop
  endfacet
  facet normal -6.267918e-01 -3.312692e-01 7.052607e-01
    outer loop
      vertex   -1.948557e+00 -1.125000e+00 9.100000e-01
      vertex   -1.940997e+00 -9.476981e-01 1.000000e+00
      vertex   -2.027180e+00 -9.762384e-01 9.100000e-01
    endloop
  endfacet
  facet normal -6.453948e-01 -2.853991e-01 7.085287e-01
    outer loop
      vertex   -2.027180e+00 -9.762384e-01 9.100000e-01
      vertex   -1.940997e+00 -9.476981e-01 1.000000e+00
      vertex   -2.007111e+00 -7.981888e-01 1.000000e+00
    endloop
  endfacet
  facet normal -6.495671e-01 -2.834032e-01 7.055106e-01
    outer loop
      vertex   -2.027180e+00 -9.762384e-01 9.100000e-01
      vertex   -2.007111e+00 -7.981888e-01 1.000000e+00
      vertex   -2.094466e+00 -8.220173e-01 9.100000e-01
    endloop
  endfacet
  facet normal -6.653773e-01 -2.358587e-01 7.082682e-01
    outer loop
      vertex   -2.094466e+00 -8.220173e-01 9.100000e-01
      vertex   -2.007111e+00 -7.981888e-01 1.000000e+00
      vertex   -2.061729e+00 -6.441075e-01 1.000000e+00
    endloop
  endfacet
  facet normal -6.686884e-01 -2.339842e-01 7.057671e-01
    outer loop
      vertex   -2.094466e+00 -8.220173e-01 9.100000e-01
      vertex   -2.061729e+00 -6.441075e-01 1.000000e+00
      vertex   -2.150039e+00 -6.631991e-01 9.100000e-01
    endloop
  endfacet
  facet normal -6.815687e-01 -1.849319e-01 7.080002e-01
    outer loop
      vertex   -2.150039e+00 -6.631991e-01 9.100000e-01
      vertex   -2.061729e+00 -6.441075e-01 1.000000e+00
      vertex   -2.104537e+00 -4.863368e-01 1.000000e+00
    endloop
  endfacet
  facet normal -6.840509e-01 -1.832909e-01 7.060303e-01
    outer loop
      vertex   -2.150039e+00 -6.631991e-01 9.100000e-01
      vertex   -2.104537e+00 -4.863368e-01 1.000000e+00
      vertex   -2.193588e+00 -5.006721e-01 9.100000e-01
    endloop
  endfacet
  facet normal -6.938740e-01 -1.329080e-01 7.077247e-01
    outer loop
      vertex   -2.193588e+00 -5.006721e-01 9.100000e-01
      vertex   -2.104537e+00 -4.863368e-01 1.000000e+00
      vertex   -2.135291e+00 -3.257805e-01 1.000000e+00
    endloop
  endfacet
  facet normal -6.955711e-01 -1.316092e-01 7.063001e-01
    outer loop
      vertex   -2.193588e+00 -5.006721e-01 9.100000e-01
      vertex   -2.135291e+00 -3.257805e-01 1.000000e+00
      vertex   -2.224869e+00 -3.353451e-01 9.100000e-01
    endloop
  endfacet
  facet normal -7.022199e-01 -8.008265e-02 7.074418e-01
    outer loop
      vertex   -2.224869e+00 -3.353451e-01 9.100000e-01
      vertex   -2.135291e+00 -3.257805e-01 1.000000e+00
      vertex   -2.153814e+00 -1.633581e-01 1.000000e+00
    endloop
  endfacet
  facet normal -7.031872e-01 -7.923017e-02 7.065765e-01
    outer loop
      vertex   -2.224869e+00 -3.353451e-01 9.100000e-01
      vertex   -2.153814e+00 -1.633581e-01 1.000000e+00
      vertex   -2.243709e+00 -1.681427e-01 9.100000e-01
    endloop
  endfacet
  facet normal -7.065557e-01 -2.675628e-02 7.071514e-01
    outer loop
      vertex   -2.243709e+00 -1.681427e-01 9.100000e-01
      vertex   -2.153814e+00 -1.633581e-01 1.000000e+00
      vertex   -2.160000e+00 0.000000e+00 1.000000e+00
    endloop
  endfacet
  facet normal 9.988318e-01 -4.831336e-02 9.112677e-04
    outer loop
      vertex   -1.343698e+00 1.302938e-01 -8.650000e-01
      vertex   -1.348424e+00 6.522306e-02 8.650000e-01
      vertex   -1.350000e+00 1.653273e-16 -8.650000e-01
    endloop
  endfacet
  facet normal 9.999996e-01 0.000000e+00 -9.112677e-04
    outer loop
      vertex   -1.350000e+00 1.653273e-16 -8.650000e-01
      vertex   -1.348424e+00 6.522306e-02 8.650000e-01
      vertex   -1.348424e+00 -6.522306e-02 8.650000e-01
    endloop
  endfacet
  facet normal 9.988318e-01 4.831336e-02 9.112677e-04
    outer loop
      vertex   -1.350000e+00 1.653273e-16 -8.650000e-01
      vertex   -1.348424e+00 -6.522306e-02 8.650000e-01
      vertex   -1.343698e+00 -1.302938e-01 -8.650000e-01
    endloop
  endfacet
  facet normal 9.953312e-01 9.651388e-02 -9.112677e-04
    outer loop
      vertex   -1.343698e+00 -1.302938e-01 -8.650000e-01
      vertex   -1.348424e+00 -6.522306e-02 8.650000e-01
      vertex   -1.335834e+00 -1.950602e-01 8.650000e-01
    endloop
  endfacet
  facet normal 9.895060e-01 1.444890e-01 9.112677e-04
    outer loop
      vertex   -1.343698e+00 -1.302938e-01 -8.650000e-01
      vertex   -1.335834e+00 -1.950602e-01 8.650000e-01
      vertex   -1.324850e+00 -2.593711e-01 -8.650000e-01
    endloop
  endfacet
  facet normal 9.813697e-01 1.921266e-01 -9.112677e-04
    outer loop
      vertex   -1.324850e+00 -2.593711e-01 -8.650000e-01
      vertex   -1.335834e+00 -1.950602e-01 8.650000e-01
      vertex   -1.310771e+00 -3.230761e-01 8.650000e-01
    endloop
  endfacet
  facet normal 9.709414e-01 2.393156e-01 9.112677e-04
    outer loop
      vertex   -1.324850e+00 -2.593711e-01 -8.650000e-01
      vertex   -1.310771e+00 -3.230761e-01 8.650000e-01
      vertex   -1.293632e+00 -3.860267e-01 -8.650000e-01
    endloop
  endfacet
  facet normal 9.582454e-01 2.859456e-01 -9.112677e-04
    outer loop
      vertex   -1.293632e+00 -3.860267e-01 -8.650000e-01
      vertex   -1.310771e+00 -3.230761e-01 8.650000e-01
      vertex   -1.273471e+00 -4.480756e-01 8.650000e-01
    endloop
  endfacet
  facet normal 9.433114e-01 3.319077e-01 9.112677e-04
    outer loop
      vertex   -1.293632e+00 -3.860267e-01 -8.650000e-01
      vertex   -1.273471e+00 -4.480756e-01 8.650000e-01
      vertex   -1.250336e+00 -5.090780e-01 -8.650000e-01
    endloop
  endfacet
  facet normal 9.261743e-01 3.770947e-01 -9.112677e-04
    outer loop
      vertex   -1.250336e+00 -5.090780e-01 -8.650000e-01
      vertex   -1.273471e+00 -4.480756e-01 8.650000e-01
      vertex   -1.224280e+00 -5.688915e-01 8.650000e-01
    endloop
  endfacet
  facet normal 9.068740e-01 4.214009e-01 9.112677e-04
    outer loop
      vertex   -1.250336e+00 -5.090780e-01 -8.650000e-01
      vertex   -1.224280e+00 -5.688915e-01 8.650000e-01
      vertex   -1.195366e+00 -6.273763e-01 -8.650000e-01
    endloop
  endfacet
  facet normal 8.854557e-01 4.647230e-01 -9.112677e-04
    outer loop
      vertex   -1.195366e+00 -6.273763e-01 -8.650000e-01
      vertex   -1.224280e+00 -5.688915e-01 8.650000e-01
      vertex   -1.163659e+00 -6.843958e-01 8.650000e-01
    endloop
  endfacet
  facet normal 8.619693e-01 5.069596e-01 9.112677e-04
    outer loop
      vertex   -1.195366e+00 -6.273763e-01 -8.650000e-01
      vertex   -1.163659e+00 -6.843958e-01 8.650000e-01
      vertex   -1.129235e+00 -7.398169e-01 -8.650000e-01
    endloop
  endfacet
  facet normal 8.364698e-01 5.480123e-01 -9.112677e-04
    outer loop
      vertex   -1.129235e+00 -7.398169e-01 -8.650000e-01
      vertex   -1.163659e+00 -6.843958e-01 8.650000e-01
      vertex   -1.092173e+00 -7.935101e-01 8.650000e-01
    endloop
  endfacet
  facet normal 8.090167e-01 5.877850e-01 9.112677e-04
    outer loop
      vertex   -1.129235e+00 -7.398169e-01 -8.650000e-01
      vertex   -1.092173e+00 -7.935101e-01 8.650000e-01
      vertex   -1.052560e+00 -8.453500e-01 -8.650000e-01
    endloop
  endfacet
  facet normal 7.796740e-01 6.261849e-01 -9.112677e-04
    outer loop
      vertex   -1.052560e+00 -8.453500e-01 -8.650000e-01
      vertex   -1.092173e+00 -7.935101e-01 8.650000e-01
      vertex   -1.010490e+00 -8.952156e-01 8.650000e-01
    endloop
  endfacet
  facet normal 7.485104e-01 6.631224e-01 9.112677e-04
    outer loop
      vertex   -1.052560e+00 -8.453500e-01 -8.650000e-01
      vertex   -1.010490e+00 -8.952156e-01 8.650000e-01
      vertex   -9.660586e-01 -9.429903e-01 -8.650000e-01
    endloop
  endfacet
  facet normal 7.155987e-01 6.985111e-01 -9.112677e-04
    outer loop
      vertex   -9.660586e-01 -9.429903e-01 -8.650000e-01
      vertex   -1.010490e+00 -8.952156e-01 8.650000e-01
      vertex   -9.193714e-01 -9.885627e-01 8.650000e-01
    endloop
  endfacet
  facet normal 6.810156e-01 7.322684e-01 9.112677e-04
    outer loop
      vertex   -9.660586e-01 -9.429903e-01 -8.650000e-01
      vertex   -9.193714e-01 -9.885627e-01 8.650000e-01
      vertex   -8.705370e-01 -1.031826e+00 -8.650000e-01
    endloop
  endfacet
  facet normal 6.448419e-01 7.643154e-01 -9.112677e-04
    outer loop
      vertex   -8.705370e-01 -1.031826e+00 -8.650000e-01
      vertex   -9.193714e-01 -9.885627e-01 8.650000e-01
      vertex   -8.196694e-01 -1.072680e+00 8.650000e-01
    endloop
  endfacet
  facet normal 6.071623e-01 7.945773e-01 9.112677e-04
    outer loop
      vertex   -8.705370e-01 -1.031826e+00 -8.650000e-01
      vertex   -8.196694e-01 -1.072680e+00 8.650000e-01
      vertex   -7.668874e-01 -1.111028e+00 -8.650000e-01
    endloop
  endfacet
  facet normal 5.680645e-01 8.229835e-01 -9.112677e-04
    outer loop
      vertex   -7.668874e-01 -1.111028e+00 -8.650000e-01
      vertex   -8.196694e-01 -1.072680e+00 8.650000e-01
      vertex   -7.123143e-01 -1.146782e+00 8.650000e-01
    endloop
  endfacet
  facet normal 5.276400e-01 8.494676e-01 9.112677e-04
    outer loop
      vertex   -7.668874e-01 -1.111028e+00 -8.650000e-01
      vertex   -7.123143e-01 -1.146782e+00 8.650000e-01
      vertex   -6.560776e-01 -1.179857e+00 -8.650000e-01
    endloop
  endfacet
  facet normal 4.859832e-01 8.739677e-01 -9.112677e-04
    outer loop
      vertex   -6.560776e-01 -1.179857e+00 -8.650000e-01
      vertex   -7.123143e-01 -1.146782e+00 8.650000e-01
      vertex   -5.983086e-01 -1.210176e+00 8.650000e-01
    endloop
  endfacet
  facet normal 4.431914e-01 8.964266e-01 9.112677e-04
    outer loop
      vertex   -6.560776e-01 -1.179857e+00 -8.650000e-01
      vertex   -5.983086e-01 -1.210176e+00 8.650000e-01
      vertex   -5.391422e-01 -1.237669e+00 -8.650000e-01
    endloop
  endfacet
  facet normal 3.993644e-01 9.167918e-01 -9.112677e-04
    outer loop
      vertex   -5.391422e-01 -1.237669e+00 -8.650000e-01
      vertex   -5.983086e-01 -1.210176e+00 8.650000e-01
      vertex   -4.787166e-01 -1.262272e+00 8.650000e-01
    endloop
  endfacet
  facet normal 3.546047e-01 9.350159e-01 9.112677e-04
    outer loop
      vertex   -5.391422e-01 -1.237669e+00 -8.650000e-01
      vertex   -4.787166e-01 -1.262272e+00 8.650000e-01
      vertex   -4.171729e-01 -1.283926e+00 -8.650000e-01
    endloop
  endfacet
  facet normal 3.090169e-01 9.510561e-01 -9.112677e-04
    outer loop
      vertex   -4.171729e-01 -1.283926e+00 -8.650000e-01
      vertex   -4.787166e-01 -1.262272e+00 8.650000e-01
      vertex   -3.546550e-01 -1.302582e+00 8.650000e-01
    endloop
  endfacet
  facet normal 2.627073e-01 9.648752e-01 9.112677e-04
    outer loop
      vertex   -4.171729e-01 -1.283926e+00 -8.650000e-01
      vertex   -3.546550e-01 -1.302582e+00 8.650000e-01
      vertex   -2.913087e-01 -1.318195e+00 -8.650000e-01
    endloop
  endfacet
  facet normal 2.157841e-01 9.764407e-01 -9.112677e-04
    outer loop
      vertex   -2.913087e-01 -1.318195e+00 -8.650000e-01
      vertex   -3.546550e-01 -1.302582e+00 8.650000e-01
      vertex   -2.272820e-01 -1.330730e+00 8.650000e-01
    endloop
  endfacet
  facet normal 1.683570e-01 9.857257e-01 9.112677e-04
    outer loop
      vertex   -2.913087e-01 -1.318195e+00 -8.650000e-01
      vertex   -2.272820e-01 -1.330730e+00 8.650000e-01
      vertex   -1.627245e-01 -1.340157e+00 -8.650000e-01
    endloop
  endfacet
  facet normal 1.205366e-01 9.927085e-01 -9.112677e-04
    outer loop
      vertex   -1.627245e-01 -1.340157e+00 -8.650000e-01
      vertex   -2.272820e-01 -1.330730e+00 8.650000e-01
      vertex   -9.778698e-02 -1.346454e+00 8.650000e-01
    endloop
  endfacet
  facet normal 7.243477e-02 9.973727e-01 9.112677e-04
    outer loop
      vertex   -1.627245e-01 -1.340157e+00 -8.650000e-01
      vertex   -9.778698e-02 -1.346454e+00 8.650000e-01
      vertex   -3.262106e-02 -1.349606e+00 -8.650000e-01
    endloop
  endfacet
  facet normal 2.416374e-02 9.997076e-01 -9.112677e-04
    outer loop
      vertex   -3.262106e-02 -1.349606e+00 -8.650000e-01
      vertex   -9.778698e-02 -1.346454e+00 8.650000e-01
      vertex   3.262106e-02 -1.349606e+00 8.650000e-01
    endloop
  endfacet
  facet normal -2.416374e-02 9.997076e-01 9.112677e-04
    outer loop
      vertex   -3.262106e-02 -1.349606e+00 -8.650000e-01
      vertex   3.262106e-02 -1.349606e+00 8.650000e-01
      vertex   9.778698e-02 -1.346454e+00 -8.650000e-01
    endloop
  endfacet
  facet normal -7.243477e-02 9.973727e-01 -9.112677e-04
    outer loop
      vertex   9.778698e-02 -1.346454e+00 -8.650000e-01
      vertex   3.262106e-02 -1.349606e+00 8.650000e-01
      vertex   1.627245e-01 -1.340157e+00 8.650000e-01
    endloop
  endfacet
  facet normal -1.205366e-01 9.927085e-01 9.112677e-04
    outer loop
      vertex   9.778698e-02 -1.346454e+00 -8.650000e-01
      vertex   1.627245e-01 -1.340157e+00 8.650000e-01
      vertex   2.272820e-01 -1.330730e+00 -8.650000e-01
    endloop
  endfacet
  facet normal -1.683570e-01 9.857257e-01 -9.112677e-04
    outer loop
      vertex   2.272820e-01 -1.330730e+00 -8.650000e-01
      vertex   1.627245e-01 -1.340157e+00 8.650000e-01
      vertex   2.913087e-01 -1.318195e+00 8.650000e-01
    endloop
  endfacet
  facet normal -2.157841e-01 9.764407e-01 9.112677e-04
    outer loop
      vertex   2.272820e-01 -1.330730e+00 -8.650000e-01
      vertex   2.913087e-01 -1.318195e+00 8.650000e-01
      vertex   3.546550e-01 -1.302582e+00 -8.650000e-01
    endloop
  endfacet
  facet normal -2.627073e-01 9.648752e-01 -9.112677e-04
    outer loop
      vertex   3.546550e-01 -1.302582e+00 -8.650000e-01
      vertex   2.913087e-01 -1.318195e+00 8.650000e-01
      vertex   4.171729e-01 -1.283926e+00 8.650000e-01
    endloop
  endfacet
  facet normal -3.090169e-01 9.510561e-01 9.112677e-04
    outer loop
      vertex   3.546550e-01 -1.302582e+00 -8.650000e-01
      vertex   4.171729e-01 -1.283926e+00 8.650000e-01
      vertex   4.787166e-01 -1.262272e+00 -8.650000e-01
    endloop
  endfacet
  facet normal -3.546047e-01 9.350159e-01 -9.112677e-04
    outer loop
      vertex   4.787166e-01 -1.262272e+00 -8.650000e-01
      vertex   4.171729e-01 -1.283926e+00 8.650000e-01
      vertex   5.391422e-01 -1.237669e+00 8.650000e-01
    endloop
  endfacet
  facet normal -3.993644e-01 9.167918e-01 9.112677e-04
    outer loop
      vertex   4.787166e-01 -1.262272e+00 -8.650000e-01
      vertex   5.391422e-01 -1.237669e+00 8.650000e-01
      vertex   5.983086e-01 -1.210176e+00 -8.650000e-01
    endloop
  endfacet
  facet normal -4.431914e-01 8.964266e-01 -9.112677e-04
    outer loop
      vertex   5.983086e-01 -1.210176e+00 -8.650000e-01
      vertex   5.391422e-01 -1.237669e+00 8.650000e-01
      vertex   6.560776e-01 -1.179857e+00 8.650000e-01
    endloop
  endfacet
  facet normal -4.859832e-01 8.739677e-01 9.112677e-04
    outer loop
      vertex   5.983086e-01 -1.210176e+00 -8.650000e-01
      vertex   6.560776e-01 -1.179857e+00 8.650000e-01
      vertex   7.123143e-01 -1.146782e+00 -8.650000e-01
    endloop
  endfacet
  facet normal -5.276400e-01 8.494676e-01 -9.112677e-04
    outer loop
      vertex   7.123143e-01 -1.146782e+00 -8.650000e-01
      vertex   6.560776e-01 -1.179857e+00 8.650000e-01
      vertex   7.668874e-01 -1.111028e+00 8.650000e-01
    endloop
  endfacet
  facet normal -5.680645e-01 8.229835e-01 9.112677e-04
    outer loop
      vertex   7.123143e-01 -1.146782e+00 -8.650000e-01
      vertex   7.668874e-01 -1.111028e+00 8.650000e-01
      vertex   8.196694e-01 -1.072680e+00 -8.650000e-01
    endloop
  endfacet
  facet normal -6.071623e-01 7.945773e-01 -9.112677e-04
    outer loop
      vertex   8.196694e-01 -1.072680e+00 -8.650000e-01
      vertex   7.668874e-01 -1.111028e+00 8.650000e-01
      vertex   8.705370e-01 -1.031826e+00 8.650000e-01
    endloop
  endfacet
  facet normal -6.448419e-01 7.643154e-01 9.112677e-04
    outer loop
      vertex   8.196694e-01 -1.072680e+00 -8.650000e-01
      vertex   8.705370e-01 -1.031826e+00 8.650000e-01
      vertex   9.193714e-01 -9.885627e-01 -8.650000e-01
    endloop
  endfacet
  facet normal -6.810156e-01 7.322684e-01 -9.112677e-04
    outer loop
      vertex   9.193714e-01 -9.885627e-01 -8.650000e-01
      vertex   8.705370e-01 -1.031826e+00 8.650000e-01
      vertex   9.660586e-01 -9.429903e-01 8.650000e-01
    endloop
  endfacet
  facet normal -7.155987e-01 6.985111e-01 9.112677e-04
    outer loop
      vertex   9.193714e-01 -9.885627e-01 -8.650000e-01
      vertex   9.660586e-01 -9.429903e-01 8.650000e-01
      vertex   1.010490e+00 -8.952156e-01 -8.650000e-01
    endloop
  endfacet
  facet normal -7.485104e-01 6.631224e-01 -9.112677e-04
    outer loop
      vertex   1.010490e+00 -8.952156e-01 -8.650000e-01
      vertex   9.660586e-01 -9.429903e-01 8.650000e-01
      vertex   1.052560e+00 -8.453500e-01 8.650000e-01
    endloop
  endfacet
  facet normal -7.796740e-01 6.261849e-01 9.112677e-04
    outer loop
      vertex   1.010490e+00 -8.952156e-01 -8.650000e-01
      vertex   1.052560e+00 -8.453500e-01 8.650000e-01
      vertex   1.092173e+00 -7.935101e-01 -8.650000e-01
    endloop
  endfacet
  facet normal -8.090167e-01 5.877850e-01 -9.112677e-04
    outer loop
      vertex   1.092173e+00 -7.935101e-01 -8.650000e-01
      vertex   1.052560e+00 -8.453500e-01 8.650000e-01
      vertex   1.129235e+00 -7.398169e-01 8.650000e-01
    endloop
  endfacet
  facet normal -8.364698e-01 5.480123e-01 9.112677e-04
    outer loop
      vertex   1.092173e+00 -7.935101e-01 -8.650000e-01
      vertex   1.129235e+00 -7.398169e-01 8.650000e-01
      vertex   1.163659e+00 -6.843958e-01 -8.650000e-01
    endloop
  endfacet
  facet normal -8.619693e-01 5.069596e-01 -9.112677e-04
    outer loop
      vertex   1.163659e+00 -6.843958e-01 -8.650000e-01
      vertex   1.129235e+00 -7.398169e-01 8.650000e-01
      vertex   1.195366e+00 -6.273763e-01 8.650000e-01
    endloop
  endfacet
  facet normal -8.854557e-01 4.647230e-01 9.112677e-04
    outer loop
      vertex   1.163659e+00 -6.843958e-01 -8.650000e-01
      vertex   1.195366e+00 -6.273763e-01 8.650000e-01
      vertex   1.224280e+00 -5.688915e-01 -8.650000e-01
    endloop
  endfacet
  facet normal -9.068740e-01 4.214009e-01 -9.112677e-04
    outer loop
      vertex   1.224280e+00 -5.688915e-01 -8.650000e-01
      vertex   1.195366e+00 -6.273763e-01 8.650000e-01
      vertex   1.250336e+00 -5.090780e-01 8.650000e-01
    endloop
  endfacet
  facet normal -9.261743e-01 3.770947e-01 9.112677e-04
    outer loop
      vertex   1.224280e+00 -5.688915e-01 -8.650000e-01
      vertex   1.250336e+00 -5.090780e-01 8.650000e-01
      vertex   1.273471e+00 -4.480756e-01 -8.650000e-01
    endloop
  endfacet
  facet normal -9.433114e-01 3.319077e-01 -9.112677e-04
    outer loop
      vertex   1.273471e+00 -4.480756e-01 -8.650000e-01
      vertex   1.250336e+00 -5.090780e-01 8.650000e-01
      vertex   1.293632e+00 -3.860267e-01 8.650000e-01
    endloop
  endfacet
  facet normal -9.582454e-01 2.859456e-01 9.112677e-04
    outer loop
      vertex   1.273471e+00 -4.480756e-01 -8.650000e-01
      vertex   1.293632e+00 -3.860267e-01 8.650000e-01
      vertex   1.310771e+00 -3.230761e-01 -8.650000e-01
    endloop
  endfacet
  facet normal -9.709414e-01 2.393156e-01 -9.112677e-04
    outer loop
      vertex   1.310771e+00 -3.230761e-01 -8.650000e-01
      vertex   1.293632e+00 -3.860267e-01 8.650000e-01
      vertex   1.324850e+00 -2.593711e-01 8.650000e-01
    endloop
  endfacet
  facet normal -9.813697e-01 1.921266e-01 9.112677e-04
    outer loop
      vertex   1.310771e+00 -3.230761e-01 -8.650000e-01
      vertex   1.324850e+00 -2.593711e-01 8.650000e-01
      vertex   1.335834e+00 -1.950602e-01 -8.650000e-01
    endloop
  endfacet
  facet normal -9.895060e-01 1.444890e-01 -9.112677e-04
    outer loop
      vertex   1.335834e+00 -1.950602e-01 -8.650000e-01
      vertex   1.324850e+00 -2.593711e-01 8.650000e-01
      vertex   1.343698e+00 -1.302938e-01 8.650000e-01
    endloop
  endfacet
  facet normal -9.953312e-01 9.651388e-02 9.112677e-04
    outer loop
      vertex   1.335834e+00 -1.950602e-01 -8.650000e-01
      vertex   1.343698e+00 -1.302938e-01 8.650000e-01
      vertex   1.348424e+00 -6.522306e-02 -8.650000e-01
    endloop
  endfacet
  facet normal -9.988318e-01 4.831336e-02 -9.112677e-04
    outer loop
      vertex   1.348424e+00 -6.522306e-02 -8.650000e-01
      vertex   1.343698e+00 -1.302938e-01 8.650000e-01
      vertex   1.350000e+00 0.000000e+00 8.650000e-01
    endloop
  endfacet
  facet normal -9.999996e-01 -3.404386e-15 9.112677e-04
    outer loop
      vertex   1.348424e+00 -6.522306e-02 -8.650000e-01
      vertex   1.350000e+00 0.000000e+00 8.650000e-01
      vertex   1.348424e+00 6.522306e-02 -8.650000e-01
    endloop
  endfacet
  facet normal -9.988318e-01 -4.831336e-02 -9.112677e-04
    outer loop
      vertex   1.348424e+00 6.522306e-02 -8.650000e-01
      vertex   1.350000e+00 0.000000e+00 8.650000e-01
      vertex   1.343698e+00 1.302938e-01 8.650000e-01
    endloop
  endfacet
  facet normal -9.953312e-01 -9.651388e-02 9.112677e-04
    outer loop
      vertex   1.348424e+00 6.522306e-02 -8.650000e-01
      vertex   1.343698e+00 1.302938e-01 8.650000e-01
      vertex   1.335834e+00 1.950602e-01 -8.650000e-01
    endloop
  endfacet
  facet normal -9.895060e-01 -1.444890e-01 -9.112677e-04
    outer loop
      vertex   1.335834e+00 1.950602e-01 -8.650000e-01
      vertex   1.343698e+00 1.302938e-01 8.650000e-01
      vertex   1.324850e+00 2.593711e-01 8.650000e-01
    endloop
  endfacet
  facet normal -9.813697e-01 -1.921266e-01 9.112677e-04
    outer loop
      vertex   1.335834e+00 1.950602e-01 -8.650000e-01
      vertex   1.324850e+00 2.593711e-01 8.650000e-01
      vertex   1.310771e+00 3.230761e-01 -8.650000e-01
    endloop
  endfacet
  facet normal -9.709414e-01 -2.393156e-01 -9.112677e-04
    outer loop
      vertex   1.310771e+00 3.230761e-01 -8.650000e-01
      vertex   1.324850e+00 2.593711e-01 8.650000e-01
      vertex   1.293632e+00 3.860267e-01 8.650000e-01
    endloop
  endfacet
  facet normal -9.582454e-01 -2.859456e-01 9.112677e-04
    outer loop
      vertex   1.310771e+00 3.230761e-01 -8.650000e-01
      vertex   1.293632e+00 3.860267e-01 8.650000e-01
      vertex   1.273471e+00 4.480756e-01 -8.650000e-01
    endloop
  endfacet
  facet normal -9.433114e-01 -3.319077e-01 -9.112677e-04
    outer loop
      vertex   1.273471e+00 4.480756e-01 -8.650000e-01
      vertex   1.293632e+00 3.860267e-01 8.650000e-01
      vertex   1.250336e+00 5.090780e-01 8.650000e-01
    endloop
  endfacet
  facet normal -9.261743e-01 -3.770947e-01 9.112677e-04
    outer loop
      vertex   1.273471e+00 4.480756e-01 -8.650000e-01
      vertex   1.250336e+00 5.090780e-01 8.650000e-01
      vertex   1.224280e+00 5.688915e-01 -8.650000e-01
    endloop
  endfacet
  facet normal -9.068740e-01 -4.214009e-01 -9.112677e-04
    outer loop
      vertex   1.224280e+00 5.688915e-01 -8.650000e-01
      vertex   1.250336e+00 5.090780e-01 8.650000e-01
      vertex   1.195366e+00 6.273763e-01 8.650000e-01
    endloop
  endfacet
  facet normal -8.854557e-01 -4.647230e-01 9.112677e-04
    outer loop
      vertex   1.224280e+00 5.688915e-01 -8.650000e-01
      vertex   1.195366e+00 6.273763e-01 8.650000e-01
      vertex   1.163659e+00 6.843958e-01 -8.650000e-01
    endloop
  endfacet
  facet normal -8.619693e-01 -5.069596e-01 -9.112677e-04
    outer loop
      vertex   1.163659e+00 6.843958e-01 -8.650000e-01
      vertex   1.195366e+00 6.273763e-01 8.650000e-01
      vertex   1.129235e+00 7.398169e-01 8.650000e-01
    endloop
  endfacet
  facet normal -8.364698e-01 -5.480123e-01 9.112677e-04
    outer loop
      vertex   1.163659e+00 6.843958e-01 -8.650000e-01
      vertex   1.129235e+00 7.398169e-01 8.650000e-01
      vertex   1.092173e+00 7.935101e-01 -8.650000e-01
    endloop
  endfacet
  facet normal -8.090167e-01 -5.877850e-01 -9.112677e-04
    outer loop
      vertex   1.092173e+00 7.935101e-01 -8.650000e-01
      vertex   1.129235e+00 7.398169e-01 8.650000e-01
      vertex   1.052560e+00 8.453500e-01 8.650000e-01
    endloop
  endfacet
  facet normal -7.796740e-01 -6.261849e-01 9.112677e-04
    outer loop
      vertex   1.092173e+00 7.935101e-01 -8.650000e-01
      vertex   1.052560e+00 8.453500e-01 8.650000e-01
      vertex   1.010490e+00 8.952156e-01 -8.650000e-01
    endloop
  endfacet
  facet normal -7.485104e-01 -6.631224e-01 -9.112677e-04
    outer loop
      vertex   1.010490e+00 8.952156e-01 -8.650000e-01
      vertex   1.052560e+00 8.453500e-01 8.650000e-01
      vertex   9.660586e-01 9.429903e-01 8.650000e-01
    endloop
  endfacet
  facet normal -7.155987e-01 -6.985111e-01 9.112677e-04
    outer loop
      vertex   1.010490e+00 8.952156e-01 -8.650000e-01
      vertex   9.660586e-01 9.429903e-01 8.650000e-01
      vertex   9.193714e-01 9.885627e-01 -8.650000e-01
    endloop
  endfacet
  facet normal -6.810156e-01 -7.322684e-01 -9.112677e-04
    outer loop
      vertex   9.193714e-01 9.885627e-01 -8.650000e-01
      vertex   9.660586e-01 9.429903e-01 8.650000e-01
      vertex   8.705370e-01 1.031826e+00 8.650000e-01
    endloop
  endfacet
  facet normal -6.448419e-01 -7.643154e-01 9.112677e-04
    outer loop
      vertex   9.193714e-01 9.885627e-01 -8.650000e-01
      vertex   8.705370e-01 1.031826e+00 8.650000e-01
      vertex   8.196694e-01 1.072680e+00 -8.650000e-01
    endloop
  endfacet
  facet normal -6.071623e-01 -7.945773e-01 -9.112677e-04
    outer loop
      vertex   8.196694e-01 1.072680e+00 -8.650000e-01
      vertex   8.705370e-01 1.031826e+00 8.650000e-01
      vertex   7.668874e-01 1.111028e+00 8.650000e-01
    endloop
  endfacet
  facet normal -5.680645e-01 -8.229835e-01 9.112677e-04
    outer loop
      vertex   8.196694e-01 1.072680e+00 -8.650000e-01
      vertex   7.668874e-01 1.111028e+00 8.650000e-01
      vertex   7.123143e-01 1.146782e+00 -8.650000e-01
    endloop
  endfacet
  facet normal -5.276400e-01 -8.494676e-01 -9.112677e-04
    outer loop
      vertex   7.123143e-01 1.146782e+00 -8.650000e-01
      vertex   7.668874e-01 1.111028e+00 8.650000e-01
      vertex   6.560776e-01 1.179857e+00 8.650000e-01
    endloop
  endfacet
  facet normal -4.859832e-01 -8.739677e-01 9.112677e-04
    outer loop
      vertex   7.123143e-01 1.146782e+00 -8.650000e-01
      vertex   6.560776e-01 1.179857e+00 8.650000e-01
      vertex   5.983086e-01 1.210176e+00 -8.650000e-01
    endloop
  endfacet
  facet normal -4.431914e-01 -8.964266e-01 -9.112677e-04
    outer loop
      vertex   5.983086e-01 1.210176e+00 -8.650000e-01
      vertex   6.560776e-01 1.179857e+00 8.650000e-01
      vertex   5.391422e-01 1.237669e+00 8.650000e-01
    endloop
  endfacet
  facet normal -3.993644e-01 -9.167918e-01 9.112677e-04
    outer loop
      vertex   5.983086e-01 1.210176e+00 -8.650000e-01
      vertex   5.391422e-01 1.237669e+00 8.650000e-01
      vertex   4.787166e-01 1.262272e+00 -8.650000e-01
    endloop
  endfacet
  facet normal -3.546047e-01 -9.350159e-01 -9.112677e-04
    outer loop
      vertex   4.787166e-01 1.262272e+00 -8.650000e-01
      vertex   5.391422e-01 1.237669e+00 8.650000e-01
      vertex   4.171729e-01 1.283926e+00 8.650000e-01
    endloop
  endfacet
  facet normal -3.090169e-01 -9.510561e-01 9.112677e-04
    outer loop
      vertex   4.787166e-01 1.262272e+00 -8.650000e-01
      vertex   4.171729e-01 1.283926e+00 8.650000e-01
      vertex   3.546550e-01 1.302582e+00 -8.650000e-01
    endloop
  endfacet
  facet normal -2.627073e-01 -9.648752e-01 -9.112677e-04
    outer loop
      vertex   3.546550e-01 1.302582e+00 -8.650000e-01
      vertex   4.171729e-01 1.283926e+00 8.650000e-01
      vertex   2.913087e-01 1.318195e+00 8.650000e-01
    endloop
  endfacet
  facet normal -2.157841e-01 -9.764407e-01 9.112677e-04
    outer loop
      vertex   3.546550e-01 1.302582e+00 -8.650000e-01
      vertex   2.913087e-01 1.318195e+00 8.650000e-01
      vertex   2.272820e-01 1.330730e+00 -8.650000e-01
    endloop
  endfacet
  facet normal -1.683570e-01 -9.857257e-01 -9.112677e-04
    outer loop
      vertex   2.272820e-01 1.330730e+00 -8.650000e-01
      vertex   2.913087e-01 1.318195e+00 8.650000e-01
      vertex   1.627245e-01 1.340157e+00 8.650000e-01
    endloop
  endfacet
  facet normal -1.205366e-01 -9.927085e-01 9.112677e-04
    outer loop
      vertex   2.272820e-01 1.330730e+00 -8.650000e-01
      vertex   1.627245e-01 1.340157e+00 8.650000e-01
      vertex   9.778698e-02 1.346454e+00 -8.650000e-01
    endloop
  endfacet
  facet normal -7.243477e-02 -9.973727e-01 -9.112677e-04
    outer loop
      vertex   9.778698e-02 1.346454e+00 -8.650000e-01
      vertex   1.627245e-01 1.340157e+00 8.650000e-01
      vertex   3.262106e-02 1.349606e+00 8.650000e-01
    endloop
  endfacet
  facet normal -2.416374e-02 -9.997076e-01 9.112677e-04
    outer loop
      vertex   9.778698e-02 1.346454e+00 -8.650000e-01
      vertex   3.262106e-02 1.349606e+00 8.650000e-01
      vertex   -3.262106e-02 1.349606e+00 -8.650000e-01
    endloop
  endfacet
  facet normal 2.416374e-02 -9.997076e-01 -9.112677e-04
    outer loop
      vertex   -3.262106e-02 1.349606e+00 -8.650000e-01
      vertex   3.262106e-02 1.349606e+00 8.650000e-01
      vertex   -9.778698e-02 1.346454e+00 8.650000e-01
    endloop
  endfacet
  facet normal 7.243477e-02 -9.973727e-01 9.112677e-04
    outer loop
      vertex   -3.262106e-02 1.349606e+00 -8.650000e-01
      vertex   -9.778698e-02 1.346454e+00 8.650000e-01
      vertex   -1.627245e-01 1.340157e+00 -8.650000e-01
    endloop
  endfacet
  facet normal 1.205366e-01 -9.927085e-01 -9.112677e-04
    outer loop
      vertex   -1.627245e-01 1.340157e+00 -8.650000e-01
      vertex   -9.778698e-02 1.346454e+00 8.650000e-01
      vertex   -2.272820e-01 1.330730e+00 8.650000e-01
    endloop
  endfacet
  facet normal 1.683570e-01 -9.857257e-01 9.112677e-04
    outer loop
      vertex   -1.627245e-01 1.340157e+00 -8.650000e-01
      vertex   -2.272820e-01 1.330730e+00 8.650000e-01
      vertex   -2.913087e-01 1.318195e+00 -8.650000e-01
    endloop
  endfacet
  facet normal 2.157841e-01 -9.764407e-01 -9.112677e-04
    outer loop
      vertex   -2.913087e-01 1.318195e+00 -8.650000e-01
      vertex   -2.272820e-01 1.330730e+00 8.650000e-01
      vertex   -3.546550e-01 1.302582e+00 8.650000e-01
    endloop
  endfacet
  facet normal 2.627073e-01 -9.648752e-01 9.112677e-04
    outer loop
      vertex   -2.913087e-01 1.318195e+00 -8.650000e-01
      vertex   -3.546550e-01 1.302582e+00 8.650000e-01
      vertex   -4.171729e-01 1.283926e+00 -8.650000e-01
    endloop
  endfacet
  facet normal 3.090169e-01 -9.510561e-01 -9.112677e-04
    outer loop
      vertex   -4.171729e-01 1.283926e+00 -8.650000e-01
      vertex   -3.546550e-01 1.302582e+00 8.650000e-01
      vertex   -4.787166e-01 1.262272e+00 8.650000e-01
    endloop
  endfacet
  facet normal 3.546047e-01 -9.350159e-01 9.112677e-04
    outer loop
      vertex   -4.171729e-01 1.283926e+00 -8.650000e-01
      vertex   -4.787166e-01 1.262272e+00 8.650000e-01
      vertex   -5.391422e-01 1.237669e+00 -8.650000e-01
    endloop
  endfacet
  facet normal 3.993644e-01 -9.167918e-01 -9.112677e-04
    outer loop
      vertex   -5.391422e-01 1.237669e+00 -8.650000e-01
      vertex   -4.787166e-01 1.262272e+00 8.650000e-01
      vertex   -5.983086e-01 1.210176e+00 8.650000e-01
    endloop
  endfacet
  facet normal 4.431914e-01 -8.964266e-01 9.112677e-04
    outer loop
      vertex   -5.391422e-01 1.237669e+00 -8.650000e-01
      vertex   -5.983086e-01 1.210176e+00 8.650000e-01
      vertex   -6.560776e-01 1.179857e+00 -8.650000e-01
    endloop
  endfacet
  facet normal 4.859832e-01 -8.739677e-01 -9.112677e-04
    outer loop
      vertex   -6.560776e-01 1.179857e+00 -8.650000e-01
      vertex   -5.983086e-01 1.210176e+00 8.650000e-01
      vertex   -7.123143e-01 1.146782e+00 8.650000e-01
    endloop
  endfacet
  facet normal 5.276400e-01 -8.494676e-01 9.112677e-04
    outer loop
      vertex   -6.560776e-01 1.179857e+00 -8.650000e-01
      vertex   -7.123143e-01 1.146782e+00 8.650000e-01
      vertex   -7.668874e-01 1.111028e+00 -8.650000e-01
    endloop
  endfacet
  facet normal 5.680645e-01 -8.229835e-01 -9.112677e-04
    outer loop
      vertex   -7.668874e-01 1.111028e+00 -8.650000e-01
      vertex   -7.123143e-01 1.146782e+00 8.650000e-01
      vertex   -8.196694e-01 1.072680e+00 8.650000e-01
    endloop
  endfacet
  facet normal 6.071623e-01 -7.945773e-01 9.112677e-04
    outer loop
      vertex   -7.668874e-01 1.111028e+00 -8.650000e-01
      vertex   -8.196694e-01 1.072680e+00 8.650000e-01
      vertex   -8.705370e-01 1.031826e+00 -8.650000e-01
    endloop
  endfacet
  facet normal 6.448419e-01 -7.643154e-01 -9.112677e-04
    outer loop
      vertex   -8.705370e-01 1.031826e+00 -8.650000e-01
      vertex   -8.196694e-01 1.072680e+00 8.650000e-01
      vertex   -9.193714e-01 9.885627e-01 8.650000e-01
    endloop
  endfacet
  facet normal 6.810156e-01 -7.322684e-01 9.112677e-04
    outer loop
      vertex   -8.705370e-01 1.031826e+00 -8.650000e-01
      vertex   -9.193714e-01 9.885627e-01 8.650000e-01
      vertex   -9.660586e-01 9.429903e-01 -8.650000e-01
    endloop
  endfacet
  facet normal 7.155987e-01 -6.985111e-01 -9.112677e-04
    outer loop
      vertex   -9.660586e-01 9.429903e-01 -8.650000e-01
      vertex   -9.193714e-01 9.885627e-01 8.650000e-01
      vertex   -1.010490e+00 8.952156e-01 8.650000e-01
    endloop
  endfacet
  facet normal 7.485104e-01 -6.631224e-01 9.112677e-04
    outer loop
      vertex   -9.660586e-01 9.429903e-01 -8.650000e-01
      vertex   -1.010490e+00 8.952156e-01 8.650000e-01
      vertex   -1.052560e+00 8.453500e-01 -8.650000e-01
    endloop
  endfacet
  facet normal 7.796740e-01 -6.261849e-01 -9.112677e-04
    outer loop
      vertex   -1.052560e+00 8.453500e-01 -8.650000e-01
      vertex   -1.010490e+00 8.952156e-01 8.650000e-01
      vertex   -1.092173e+00 7.935101e-01 8.650000e-01
    endloop
  endfacet
  facet normal 8.090167e-01 -5.877850e-01 9.112677e-04
    outer loop
      vertex   -1.052560e+00 8.453500e-01 -8.650000e-01
      vertex   -1.092173e+00 7.935101e-01 8.650000e-01
      vertex   -1.129235e+00 7.398169e-01 -8.650000e-01
    endloop
  endfacet
  facet normal 8.364698e-01 -5.480123e-01 -9.112677e-04
    outer loop
      vertex   -1.129235e+00 7.398169e-01 -8.650000e-01
      vertex   -1.092173e+00 7.935101e-01 8.650000e-01
      vertex   -1.163659e+00 6.843958e-01 8.650000e-01
    endloop
  endfacet
  facet normal 8.619693e-01 -5.069596e-01 9.112677e-04
    outer loop
      vertex   -1.129235e+00 7.398169e-01 -8.650000e-01
      vertex   -1.163659e+00 6.843958e-01 8.650000e-01
      vertex   -1.195366e+00 6.273763e-01 -8.650000e-01
    endloop
  endfacet
  facet normal 8.854557e-01 -4.647230e-01 -9.112677e-04
    outer loop
      vertex   -1.195366e+00 6.273763e-01 -8.650000e-01
      vertex   -1.163659e+00 6.843958e-01 8.650000e-01
      vertex   -1.224280e+00 5.688915e-01 8.650000e-01
    endloop
  endfacet
  facet normal 9.068740e-01 -4.214009e-01 9.112677e-04
    outer loop
      vertex   -1.195366e+00 6.273763e-01 -8.650000e-01
      vertex   -1.224280e+00 5.688915e-01 8.650000e-01
      vertex   -1.250336e+00 5.090780e-01 -8.650000e-01
    endloop
  endfacet
  facet normal 9.261743e-01 -3.770947e-01 -9.112677e-04
    outer loop
      vertex   -1.250336e+00 5.090780e-01 -8.650000e-01
      vertex   -1.224280e+00 5.688915e-01 8.650000e-01
      vertex   -1.273471e+00 4.480756e-01 8.650000e-01
    endloop
  endfacet
  facet normal 9.433114e-01 -3.319077e-01 9.112677e-04
    outer loop
      vertex   -1.250336e+00 5.090780e-01 -8.650000e-01
      vertex   -1.273471e+00 4.480756e-01 8.650000e-01
      vertex   -1.293632e+00 3.860267e-01 -8.650000e-01
    endloop
  endfacet
  facet normal 9.582454e-01 -2.859456e-01 -9.112677e-04
    outer loop
      vertex   -1.293632e+00 3.860267e-01 -8.650000e-01
      vertex   -1.273471e+00 4.480756e-01 8.650000e-01
      vertex   -1.310771e+00 3.230761e-01 8.650000e-01
    endloop
  endfacet
  facet normal 9.709414e-01 -2.393156e-01 9.112677e-04
    outer loop
      vertex   -1.293632e+00 3.860267e-01 -8.650000e-01
      vertex   -1.310771e+00 3.230761e-01 8.650000e-01
      vertex   -1.324850e+00 2.593711e-01 -8.650000e-01
    endloop
  endfacet
  facet normal 9.813697e-01 -1.921266e-01 -9.112677e-04
    outer loop
      vertex   -1.324850e+00 2.593711e-01 -8.650000e-01
      vertex   -1.310771e+00 3.230761e-01 8.650000e-01
      vertex   -1.335834e+00 1.950602e-01 8.650000e-01
    endloop
  endfacet
  facet normal 9.895060e-01 -1.444890e-01 9.112677e-04
    outer loop
      vertex   -1.324850e+00 2.593711e-01 -8.650000e-01
      vertex   -1.335834e+00 1.950602e-01 8.650000e-01
      vertex   -1.343698e+00 1.302938e-01 -8.650000e-01
    endloop
  endfacet
  facet normal 9.953312e-01 -9.651388e-02 -9.112677e-04
    outer loop
      vertex   -1.343698e+00 1.302938e-01 -8.650000e-01
      vertex   -1.335834e+00 1.950602e-01 8.650000e-01
      vertex   -1.348424e+00 6.522306e-02 8.650000e-01
    endloop
  endfacet
  facet normal 9.993007e-01 3.739119e-02 6.842730e-18
    outer loop
      vertex   2.243709e+00 1.681427e-01 -9.100000e-01
      vertex   2.243709e+00 1.681427e-01 9.100000e-01
      vertex   2.250000e+00 0.000000e+00 -9.100000e-01
    endloop
  endfacet
  facet normal 9.993007e-01 3.739119e-02 -0.000000e+00
    outer loop
      vertex   2.250000e+00 0.000000e+00 -9.100000e-01
      vertex   2.243709e+00 1.681427e-01 9.100000e-01
      vertex   2.250000e+00 0.000000e+00 9.100000e-01
    endloop
  endfacet
  facet normal 9.993007e-01 -3.739119e-02 0.000000e+00
    outer loop
      vertex   2.250000e+00 0.000000e+00 -9.100000e-01
      vertex   2.250000e+00 0.000000e+00 9.100000e-01
      vertex   2.243709e+00 -1.681427e-01 -9.100000e-01
    endloop
  endfacet
  facet normal 9.993007e-01 -3.739119e-02 -2.908160e-17
    outer loop
      vertex   2.243709e+00 -1.681427e-01 -9.100000e-01
      vertex   2.250000e+00 0.000000e+00 9.100000e-01
      vertex   2.243709e+00 -1.681427e-01 9.100000e-01
    endloop
  endfacet
  facet normal 9.937122e-01 -1.119645e-01 -8.708218e-17
    outer loop
      vertex   2.243709e+00 -1.681427e-01 -9.100000e-01
      vertex   2.243709e+00 -1.681427e-01 9.100000e-01
      vertex   2.224869e+00 -3.353451e-01 -9.100000e-01
    endloop
  endfacet
  facet normal 9.937122e-01 -1.119645e-01 -2.731990e-17
    outer loop
      vertex   2.224869e+00 -3.353451e-01 -9.100000e-01
      vertex   2.243709e+00 -1.681427e-01 9.100000e-01
      vertex   2.224869e+00 -3.353451e-01 9.100000e-01
    endloop
  endfacet
  facet normal 9.825665e-01 -1.859116e-01 -4.536337e-17
    outer loop
      vertex   2.224869e+00 -3.353451e-01 -9.100000e-01
      vertex   2.224869e+00 -3.353451e-01 9.100000e-01
      vertex   2.193588e+00 -5.006721e-01 -9.100000e-01
    endloop
  endfacet
  facet normal 9.825665e-01 -1.859116e-01 5.670422e-17
    outer loop
      vertex   2.193588e+00 -5.006721e-01 -9.100000e-01
      vertex   2.224869e+00 -3.353451e-01 9.100000e-01
      vertex   2.193588e+00 -5.006721e-01 9.100000e-01
    endloop
  endfacet
  facet normal 9.659258e-01 -2.588190e-01 7.894145e-17
    outer loop
      vertex   2.193588e+00 -5.006721e-01 -9.100000e-01
      vertex   2.193588e+00 -5.006721e-01 9.100000e-01
      vertex   2.150039e+00 -6.631991e-01 -9.100000e-01
    endloop
  endfacet
  facet normal 9.659258e-01 -2.588190e-01 3.044303e-17
    outer loop
      vertex   2.150039e+00 -6.631991e-01 -9.100000e-01
      vertex   2.193588e+00 -5.006721e-01 9.100000e-01
      vertex   2.150039e+00 -6.631991e-01 9.100000e-01
    endloop
  endfacet
  facet normal 9.438833e-01 -3.302791e-01 -3.160442e-17
    outer loop
      vertex   2.150039e+00 -6.631991e-01 -9.100000e-01
      vertex   2.150039e+00 -6.631991e-01 9.100000e-01
      vertex   2.094466e+00 -8.220173e-01 -9.100000e-01
    endloop
  endfacet
  facet normal 9.438833e-01 -3.302791e-01 -8.058976e-17
    outer loop
      vertex   2.094466e+00 -8.220173e-01 -9.100000e-01
      vertex   2.150039e+00 -6.631991e-01 9.100000e-01
      vertex   2.094466e+00 -8.220173e-01 9.100000e-01
    endloop
  endfacet
  facet normal 9.165623e-01 -3.998920e-01 -9.757568e-17
    outer loop
      vertex   2.094466e+00 -8.220173e-01 -9.100000e-01
      vertex   2.094466e+00 -8.220173e-01 9.100000e-01
      vertex   2.027180e+00 -9.762384e-01 -9.100000e-01
    endloop
  endfacet
  facet normal 9.165623e-01 -3.998920e-01 -1.016762e-16
    outer loop
      vertex   2.027180e+00 -9.762384e-01 -9.100000e-01
      vertex   2.094466e+00 -8.220173e-01 9.100000e-01
      vertex   2.027180e+00 -9.762384e-01 9.100000e-01
    endloop
  endfacet
  facet normal 8.841154e-01 -4.672686e-01 -7.320874e-17
    outer loop
      vertex   2.027180e+00 -9.762384e-01 -9.100000e-01
      vertex   2.027180e+00 -9.762384e-01 9.100000e-01
      vertex   1.948557e+00 -1.125000e+00 -9.100000e-01
    endloop
  endfacet
  facet normal 8.841154e-01 -4.672686e-01 8.940953e-17
    outer loop
      vertex   1.948557e+00 -1.125000e+00 -9.100000e-01
      vertex   2.027180e+00 -9.762384e-01 9.100000e-01
      vertex   1.948557e+00 -1.125000e+00 9.100000e-01
    endloop
  endfacet
  facet normal 8.467242e-01 -5.320321e-01 2.375442e-17
    outer loop
      vertex   1.948557e+00 -1.125000e+00 -9.100000e-01
      vertex   1.948557e+00 -1.125000e+00 9.100000e-01
      vertex   1.859037e+00 -1.267470e+00 -9.100000e-01
    endloop
  endfacet
  facet normal 8.467242e-01 -5.320321e-01 -9.142528e-17
    outer loop
      vertex   1.859037e+00 -1.267470e+00 -9.100000e-01
      vertex   1.948557e+00 -1.125000e+00 9.100000e-01
      vertex   1.859037e+00 -1.267470e+00 9.100000e-01
    endloop
  endfacet
  facet normal 8.045978e-01 -5.938202e-01 -1.191797e-16
    outer loop
      vertex   1.859037e+00 -1.267470e+00 -9.100000e-01
      vertex   1.859037e+00 -1.267470e+00 9.100000e-01
      vertex   1.759121e+00 -1.402852e+00 -9.100000e-01
    endloop
  endfacet
  facet normal 8.045978e-01 -5.938202e-01 1.238784e-16
    outer loop
      vertex   1.759121e+00 -1.402852e+00 -9.100000e-01
      vertex   1.859037e+00 -1.267470e+00 9.100000e-01
      vertex   1.759121e+00 -1.402852e+00 9.100000e-01
    endloop
  endfacet
  facet normal 7.579717e-01 -6.522874e-01 1.053682e-16
    outer loop
      vertex   1.759121e+00 -1.402852e+00 -9.100000e-01
      vertex   1.759121e+00 -1.402852e+00 9.100000e-01
      vertex   1.649367e+00 -1.530389e+00 -9.100000e-01
    endloop
  endfacet
  facet normal 7.579717e-01 -6.522874e-01 1.440495e-16
    outer loop
      vertex   1.649367e+00 -1.530389e+00 -9.100000e-01
      vertex   1.759121e+00 -1.402852e+00 9.100000e-01
      vertex   1.649367e+00 -1.530389e+00 9.100000e-01
    endloop
  endfacet
  facet normal 7.071068e-01 -7.071068e-01 8.626882e-17
    outer loop
      vertex   1.649367e+00 -1.530389e+00 -9.100000e-01
      vertex   1.649367e+00 -1.530389e+00 9.100000e-01
      vertex   1.530389e+00 -1.649367e+00 -9.100000e-01
    endloop
  endfacet
  facet normal 7.071068e-01 -7.071068e-01 8.626882e-17
    outer loop
      vertex   1.530389e+00 -1.649367e+00 -9.100000e-01
      vertex   1.649367e+00 -1.530389e+00 9.100000e-01
      vertex   1.530389e+00 -1.649367e+00 9.100000e-01
    endloop
  endfacet
  facet normal 6.522874e-01 -7.579717e-01 5.379321e-17
    outer loop
      vertex   1.530389e+00 -1.649367e+00 -9.100000e-01
      vertex   1.530389e+00 -1.649367e+00 9.100000e-01
      vertex   1.402852e+00 -1.759121e+00 -9.100000e-01
    endloop
  endfacet
  facet normal 6.522874e-01 -7.579717e-01 -1.462677e-16
    outer loop
      vertex   1.402852e+00 -1.759121e+00 -9.100000e-01
      vertex   1.530389e+00 -1.649367e+00 9.100000e-01
      vertex   1.402852e+00 -1.759121e+00 9.100000e-01
    endloop
  endfacet
  facet normal 5.938202e-01 -8.045978e-01 -1.191797e-16
    outer loop
      vertex   1.402852e+00 -1.759121e+00 -9.100000e-01
      vertex   1.402852e+00 -1.759121e+00 9.100000e-01
      vertex   1.267470e+00 -1.859037e+00 -9.100000e-01
    endloop
  endfacet
  facet normal 5.938202e-01 -8.045978e-01 4.203353e-17
    outer loop
      vertex   1.267470e+00 -1.859037e+00 -9.100000e-01
      vertex   1.402852e+00 -1.759121e+00 9.100000e-01
      vertex   1.267470e+00 -1.859037e+00 9.100000e-01
    endloop
  endfacet
  facet normal 5.320321e-01 -8.467242e-01 -2.375442e-17
    outer loop
      vertex   1.267470e+00 -1.859037e+00 -9.100000e-01
      vertex   1.267470e+00 -1.859037e+00 9.100000e-01
      vertex   1.125000e+00 -1.948557e+00 -9.100000e-01
    endloop
  endfacet
  facet normal 5.320321e-01 -8.467242e-01 7.954807e-17
    outer loop
      vertex   1.125000e+00 -1.948557e+00 -9.100000e-01
      vertex   1.267470e+00 -1.859037e+00 9.100000e-01
      vertex   1.125000e+00 -1.948557e+00 9.100000e-01
    endloop
  endfacet
  facet normal 4.672686e-01 -8.841154e-01 1.845478e-17
    outer loop
      vertex   1.125000e+00 -1.948557e+00 -9.100000e-01
      vertex   1.125000e+00 -1.948557e+00 9.100000e-01
      vertex   9.762384e-01 -2.027180e+00 -9.100000e-01
    endloop
  endfacet
  facet normal 4.672686e-01 -8.841154e-01 -1.140159e-16
    outer loop
      vertex   9.762384e-01 -2.027180e+00 -9.100000e-01
      vertex   1.125000e+00 -1.948557e+00 9.100000e-01
      vertex   9.762384e-01 -2.027180e+00 9.100000e-01
    endloop
  endfacet
  facet normal 3.998920e-01 -9.165623e-01 -9.757568e-17
    outer loop
      vertex   9.762384e-01 -2.027180e+00 -9.100000e-01
      vertex   9.762384e-01 -2.027180e+00 9.100000e-01
      vertex   8.220173e-01 -2.094466e+00 -9.100000e-01
    endloop
  endfacet
  facet normal 3.998920e-01 -9.165623e-01 6.908120e-17
    outer loop
      vertex   8.220173e-01 -2.094466e+00 -9.100000e-01
      vertex   9.762384e-01 -2.027180e+00 9.100000e-01
      vertex   8.220173e-01 -2.094466e+00 9.100000e-01
    endloop
  endfacet
  facet normal 3.302791e-01 -9.438833e-01 1.145698e-17
    outer loop
      vertex   8.220173e-01 -2.094466e+00 -9.100000e-01
      vertex   8.220173e-01 -2.094466e+00 9.100000e-01
      vertex   6.631991e-01 -2.150039e+00 -9.100000e-01
    endloop
  endfacet
  facet normal 3.302791e-01 -9.438833e-01 1.145698e-17
    outer loop
      vertex   6.631991e-01 -2.150039e+00 -9.100000e-01
      vertex   8.220173e-01 -2.094466e+00 9.100000e-01
      vertex   6.631991e-01 -2.150039e+00 9.100000e-01
    endloop
  endfacet
  facet normal 2.588190e-01 -9.659258e-01 -4.623132e-17
    outer loop
      vertex   6.631991e-01 -2.150039e+00 -9.100000e-01
      vertex   6.631991e-01 -2.150039e+00 9.100000e-01
      vertex   5.006721e-01 -2.193588e+00 -9.100000e-01
    endloop
  endfacet
  facet normal 2.588190e-01 -9.659258e-01 -6.315316e-17
    outer loop
      vertex   5.006721e-01 -2.193588e+00 -9.100000e-01
      vertex   6.631991e-01 -2.150039e+00 9.100000e-01
      vertex   5.006721e-01 -2.193588e+00 9.100000e-01
    endloop
  endfacet
  facet normal 1.859116e-01 -9.825665e-01 -4.536337e-17
    outer loop
      vertex   5.006721e-01 -2.193588e+00 -9.100000e-01
      vertex   5.006721e-01 -2.193588e+00 9.100000e-01
      vertex   3.353451e-01 -2.224869e+00 -9.100000e-01
    endloop
  endfacet
  facet normal 1.859116e-01 -9.825665e-01 1.474310e-16
    outer loop
      vertex   3.353451e-01 -2.224869e+00 -9.100000e-01
      vertex   5.006721e-01 -2.193588e+00 9.100000e-01
      vertex   3.353451e-01 -2.224869e+00 9.100000e-01
    endloop
  endfacet
  facet normal 1.119645e-01 -9.937122e-01 8.878967e-17
    outer loop
      vertex   3.353451e-01 -2.224869e+00 -9.100000e-01
      vertex   3.353451e-01 -2.224869e+00 9.100000e-01
      vertex   1.681427e-01 -2.243709e+00 -9.100000e-01
    endloop
  endfacet
  facet normal 1.119645e-01 -9.937122e-01 8.708218e-17
    outer loop
      vertex   1.681427e-01 -2.243709e+00 -9.100000e-01
      vertex   3.353451e-01 -2.224869e+00 9.100000e-01
      vertex   1.681427e-01 -2.243709e+00 9.100000e-01
    endloop
  endfacet
  facet normal 3.739119e-02 -9.993007e-01 2.908160e-17
    outer loop
      vertex   1.681427e-01 -2.243709e+00 -9.100000e-01
      vertex   1.681427e-01 -2.243709e+00 9.100000e-01
      vertex   -4.133183e-16 -2.250000e+00 -9.100000e-01
    endloop
  endfacet
  facet normal 3.739119e-02 -9.993007e-01 -1.132195e-17
    outer loop
      vertex   -4.133183e-16 -2.250000e+00 -9.100000e-01
      vertex   1.681427e-01 -2.243709e+00 9.100000e-01
      vertex   1.377728e-16 -2.250000e+00 9.100000e-01
    endloop
  endfacet
  facet normal -3.739119e-02 -9.993007e-01 1.132195e-17
    outer loop
      vertex   -4.133183e-16 -2.250000e+00 -9.100000e-01
      vertex   1.377728e-16 -2.250000e+00 9.100000e-01
      vertex   -1.681427e-01 -2.243709e+00 -9.100000e-01
    endloop
  endfacet
  facet normal -3.739119e-02 -9.993007e-01 -3.022206e-17
    outer loop
      vertex   -1.681427e-01 -2.243709e+00 -9.100000e-01
      vertex   1.377728e-16 -2.250000e+00 9.100000e-01
      vertex   -1.681427e-01 -2.243709e+00 9.100000e-01
    endloop
  endfacet
  facet normal -1.119645e-01 -9.937122e-01 -9.049716e-17
    outer loop
      vertex   -1.681427e-01 -2.243709e+00 -9.100000e-01
      vertex   -1.681427e-01 -2.243709e+00 9.100000e-01
      vertex   -3.353451e-01 -2.224869e+00 -9.100000e-01
    endloop
  endfacet
  facet normal -1.119645e-01 -9.937122e-01 -8.195970e-17
    outer loop
      vertex   -3.353451e-01 -2.224869e+00 -9.100000e-01
      vertex   -1.681427e-01 -2.243709e+00 9.100000e-01
      vertex   -3.353451e-01 -2.224869e+00 9.100000e-01
    endloop
  endfacet
  facet normal -1.859116e-01 -9.825665e-01 -1.360901e-16
    outer loop
      vertex   -3.353451e-01 -2.224869e+00 -9.100000e-01
      vertex   -3.353451e-01 -2.224869e+00 9.100000e-01
      vertex   -5.006721e-01 -2.193588e+00 -9.100000e-01
    endloop
  endfacet
  facet normal -1.859116e-01 -9.825665e-01 5.670422e-17
    outer loop
      vertex   -5.006721e-01 -2.193588e+00 -9.100000e-01
      vertex   -3.353451e-01 -2.224869e+00 9.100000e-01
      vertex   -5.006721e-01 -2.193588e+00 9.100000e-01
    endloop
  endfacet
  facet normal -2.588190e-01 -9.659258e-01 7.894145e-17
    outer loop
      vertex   -5.006721e-01 -2.193588e+00 -9.100000e-01
      vertex   -5.006721e-01 -2.193588e+00 9.100000e-01
      vertex   -6.631991e-01 -2.150039e+00 -9.100000e-01
    endloop
  endfacet
  facet normal -2.588190e-01 -9.659258e-01 4.623132e-17
    outer loop
      vertex   -6.631991e-01 -2.150039e+00 -9.100000e-01
      vertex   -5.006721e-01 -2.193588e+00 9.100000e-01
      vertex   -6.631991e-01 -2.150039e+00 9.100000e-01
    endloop
  endfacet
  facet normal -3.302791e-01 -9.438833e-01 -1.145698e-17
    outer loop
      vertex   -6.631991e-01 -2.150039e+00 -9.100000e-01
      vertex   -6.631991e-01 -2.150039e+00 9.100000e-01
      vertex   -8.220173e-01 -2.094466e+00 -9.100000e-01
    endloop
  endfacet
  facet normal -3.302791e-01 -9.438833e-01 -3.160442e-17
    outer loop
      vertex   -8.220173e-01 -2.094466e+00 -9.100000e-01
      vertex   -6.631991e-01 -2.150039e+00 9.100000e-01
      vertex   -8.220173e-01 -2.094466e+00 9.100000e-01
    endloop
  endfacet
  facet normal -3.998920e-01 -9.165623e-01 -9.347512e-17
    outer loop
      vertex   -8.220173e-01 -2.094466e+00 -9.100000e-01
      vertex   -8.220173e-01 -2.094466e+00 9.100000e-01
      vertex   -9.762384e-01 -2.027180e+00 -9.100000e-01
    endloop
  endfacet
  facet normal -3.998920e-01 -9.165623e-01 -1.016762e-16
    outer loop
      vertex   -9.762384e-01 -2.027180e+00 -9.100000e-01
      vertex   -8.220173e-01 -2.094466e+00 9.100000e-01
      vertex   -9.762384e-01 -2.027180e+00 9.100000e-01
    endloop
  endfacet
  facet normal -4.672686e-01 -8.841154e-01 -7.320874e-17
    outer loop
      vertex   -9.762384e-01 -2.027180e+00 -9.100000e-01
      vertex   -9.762384e-01 -2.027180e+00 9.100000e-01
      vertex   -1.125000e+00 -1.948557e+00 -9.100000e-01
    endloop
  endfacet
  facet normal -4.672686e-01 -8.841154e-01 -1.833271e-16
    outer loop
      vertex   -1.125000e+00 -1.948557e+00 -9.100000e-01
      vertex   -9.762384e-01 -2.027180e+00 9.100000e-01
      vertex   -1.125000e+00 -1.948557e+00 9.100000e-01
    endloop
  endfacet
  facet normal -5.320321e-01 -8.467242e-01 -2.477598e-16
    outer loop
      vertex   -1.125000e+00 -1.948557e+00 -9.100000e-01
      vertex   -1.125000e+00 -1.948557e+00 9.100000e-01
      vertex   -1.267470e+00 -1.859037e+00 -9.100000e-01
    endloop
  endfacet
  facet normal -5.320321e-01 -8.467242e-01 -1.463881e-17
    outer loop
      vertex   -1.267470e+00 -1.859037e+00 -9.100000e-01
      vertex   -1.125000e+00 -1.948557e+00 9.100000e-01
      vertex   -1.267470e+00 -1.859037e+00 9.100000e-01
    endloop
  endfacet
  facet normal -5.938202e-01 -8.045978e-01 -6.774893e-17
    outer loop
      vertex   -1.267470e+00 -1.859037e+00 -9.100000e-01
      vertex   -1.267470e+00 -1.859037e+00 9.100000e-01
      vertex   -1.402852e+00 -1.759121e+00 -9.100000e-01
    endloop
  endfacet
  facet normal -5.938202e-01 -8.045978e-01 -5.143080e-17
    outer loop
      vertex   -1.402852e+00 -1.759121e+00 -9.100000e-01
      vertex   -1.267470e+00 -1.859037e+00 9.100000e-01
      vertex   -1.402852e+00 -1.759121e+00 9.100000e-01
    endloop
  endfacet
  facet normal -6.522874e-01 -7.579717e-01 -2.578751e-17
    outer loop
      vertex   -1.402852e+00 -1.759121e+00 -9.100000e-01
      vertex   -1.402852e+00 -1.759121e+00 9.100000e-01
      vertex   -1.530389e+00 -1.649367e+00 -9.100000e-01
    endloop
  endfacet
  facet normal -6.522874e-01 -7.579717e-01 1.182620e-16
    outer loop
      vertex   -1.530389e+00 -1.649367e+00 -9.100000e-01
      vertex   -1.402852e+00 -1.759121e+00 9.100000e-01
      vertex   -1.530389e+00 -1.649367e+00 9.100000e-01
    endloop
  endfacet
  facet normal -7.071068e-01 -7.071068e-01 8.626882e-17
    outer loop
      vertex   -1.530389e+00 -1.649367e+00 -9.100000e-01
      vertex   -1.530389e+00 -1.649367e+00 9.100000e-01
      vertex   -1.649367e+00 -1.530389e+00 -9.100000e-01
    endloop
  endfacet
  facet normal -7.071068e-01 -7.071068e-01 9.660030e-31
    outer loop
      vertex   -1.649367e+00 -1.530389e+00 -9.100000e-01
      vertex   -1.530389e+00 -1.649367e+00 9.100000e-01
      vertex   -1.649367e+00 -1.530389e+00 9.100000e-01
    endloop
  endfacet
  facet normal -7.579717e-01 -6.522874e-01 -7.736252e-17
    outer loop
      vertex   -1.649367e+00 -1.530389e+00 -9.100000e-01
      vertex   -1.649367e+00 -1.530389e+00 9.100000e-01
      vertex   -1.759121e+00 -1.402852e+00 -9.100000e-01
    endloop
  endfacet
  facet normal -7.579717e-01 -6.522874e-01 -2.578751e-17
    outer loop
      vertex   -1.759121e+00 -1.402852e+00 -9.100000e-01
      vertex   -1.649367e+00 -1.530389e+00 9.100000e-01
      vertex   -1.759121e+00 -1.402852e+00 9.100000e-01
    endloop
  endfacet
  facet normal -8.045978e-01 -5.938202e-01 -5.143080e-17
    outer loop
      vertex   -1.759121e+00 -1.402852e+00 -9.100000e-01
      vertex   -1.759121e+00 -1.402852e+00 9.100000e-01
      vertex   -1.859037e+00 -1.267470e+00 -9.100000e-01
    endloop
  endfacet
  facet normal -8.045978e-01 -5.938202e-01 -5.143080e-17
    outer loop
      vertex   -1.859037e+00 -1.267470e+00 -9.100000e-01
      vertex   -1.759121e+00 -1.402852e+00 9.100000e-01
      vertex   -1.859037e+00 -1.267470e+00 9.100000e-01
    endloop
  endfacet
  facet normal -8.467242e-01 -5.320321e-01 -7.678647e-17
    outer loop
      vertex   -1.859037e+00 -1.267470e+00 -9.100000e-01
      vertex   -1.859037e+00 -1.267470e+00 9.100000e-01
      vertex   -1.948557e+00 -1.125000e+00 -9.100000e-01
    endloop
  endfacet
  facet normal -8.467242e-01 -5.320321e-01 1.463881e-17
    outer loop
      vertex   -1.948557e+00 -1.125000e+00 -9.100000e-01
      vertex   -1.859037e+00 -1.267470e+00 9.100000e-01
      vertex   -1.948557e+00 -1.125000e+00 9.100000e-01
    endloop
  endfacet
  facet normal -8.841154e-01 -4.672686e-01 -3.855317e-17
    outer loop
      vertex   -1.948557e+00 -1.125000e+00 -9.100000e-01
      vertex   -1.948557e+00 -1.125000e+00 9.100000e-01
      vertex   -2.027180e+00 -9.762384e-01 -9.100000e-01
    endloop
  endfacet
  facet normal -8.841154e-01 -4.672686e-01 4.470477e-17
    outer loop
      vertex   -2.027180e+00 -9.762384e-01 -9.100000e-01
      vertex   -1.948557e+00 -1.125000e+00 9.100000e-01
      vertex   -2.027180e+00 -9.762384e-01 9.100000e-01
    endloop
  endfacet
  facet normal -9.165623e-01 -3.998920e-01 7.728231e-17
    outer loop
      vertex   -2.027180e+00 -9.762384e-01 -9.100000e-01
      vertex   -2.027180e+00 -9.762384e-01 9.100000e-01
      vertex   -2.094466e+00 -8.220173e-01 -9.100000e-01
    endloop
  endfacet
  facet normal -9.165623e-01 -3.998920e-01 9.757568e-17
    outer loop
      vertex   -2.094466e+00 -8.220173e-01 -9.100000e-01
      vertex   -2.027180e+00 -9.762384e-01 9.100000e-01
      vertex   -2.094466e+00 -8.220173e-01 9.100000e-01
    endloop
  endfacet
  facet normal -9.438833e-01 -3.302791e-01 8.058976e-17
    outer loop
      vertex   -2.094466e+00 -8.220173e-01 -9.100000e-01
      vertex   -2.094466e+00 -8.220173e-01 9.100000e-01
      vertex   -2.150039e+00 -6.631991e-01 -9.100000e-01
    endloop
  endfacet
  facet normal -9.438833e-01 -3.302791e-01 3.160442e-17
    outer loop
      vertex   -2.150039e+00 -6.631991e-01 -9.100000e-01
      vertex   -2.094466e+00 -8.220173e-01 9.100000e-01
      vertex   -2.150039e+00 -6.631991e-01 9.100000e-01
    endloop
  endfacet
  facet normal -9.659258e-01 -2.588190e-01 -3.044303e-17
    outer loop
      vertex   -2.150039e+00 -6.631991e-01 -9.100000e-01
      vertex   -2.150039e+00 -6.631991e-01 9.100000e-01
      vertex   -2.193588e+00 -5.006721e-01 -9.100000e-01
    endloop
  endfacet
  facet normal -9.659258e-01 -2.588190e-01 -7.894145e-17
    outer loop
      vertex   -2.193588e+00 -5.006721e-01 -9.100000e-01
      vertex   -2.150039e+00 -6.631991e-01 9.100000e-01
      vertex   -2.193588e+00 -5.006721e-01 9.100000e-01
    endloop
  endfacet
  facet normal -9.825665e-01 -1.859116e-01 -5.670422e-17
    outer loop
      vertex   -2.193588e+00 -5.006721e-01 -9.100000e-01
      vertex   -2.193588e+00 -5.006721e-01 9.100000e-01
      vertex   -2.224869e+00 -3.353451e-01 -9.100000e-01
    endloop
  endfacet
  facet normal -9.825665e-01 -1.859116e-01 3.969295e-17
    outer loop
      vertex   -2.224869e+00 -3.353451e-01 -9.100000e-01
      vertex   -2.193588e+00 -5.006721e-01 9.100000e-01
      vertex   -2.224869e+00 -3.353451e-01 9.100000e-01
    endloop
  endfacet
  facet normal -9.937122e-01 -1.119645e-01 2.390491e-17
    outer loop
      vertex   -2.224869e+00 -3.353451e-01 -9.100000e-01
      vertex   -2.224869e+00 -3.353451e-01 9.100000e-01
      vertex   -2.243709e+00 -1.681427e-01 -9.100000e-01
    endloop
  endfacet
  facet normal -9.937122e-01 -1.119645e-01 8.878967e-17
    outer loop
      vertex   -2.243709e+00 -1.681427e-01 -9.100000e-01
      vertex   -2.224869e+00 -3.353451e-01 9.100000e-01
      vertex   -2.243709e+00 -1.681427e-01 9.100000e-01
    endloop
  endfacet
  facet normal -9.993007e-01 -3.739119e-02 2.965183e-17
    outer loop
      vertex   -2.243709e+00 -1.681427e-01 -9.100000e-01
      vertex   -2.243709e+00 -1.681427e-01 9.100000e-01
      vertex   -2.250000e+00 2.755455e-16 -9.100000e-01
    endloop
  endfacet
  facet normal -9.993007e-01 -3.739119e-02 -1.012928e-33
    outer loop
      vertex   -2.250000e+00 2.755455e-16 -9.100000e-01
      vertex   -2.243709e+00 -1.681427e-01 9.100000e-01
      vertex   -2.250000e+00 2.755455e-16 9.100000e-01
    endloop
  endfacet
  facet normal -9.993007e-01 3.739119e-02 1.012928e-33
    outer loop
      vertex   -2.250000e+00 2.755455e-16 -9.100000e-01
      vertex   -2.250000e+00 2.755455e-16 9.100000e-01
      vertex   -2.243709e+00 1.681427e-01 -9.100000e-01
    endloop
  endfacet
  facet normal -9.993007e-01 3.739119e-02 0.000000e+00
    outer loop
      vertex   -2.243709e+00 1.681427e-01 -9.100000e-01
      vertex   -2.250000e+00 2.755455e-16 9.100000e-01
      vertex   -2.243709e+00 1.681427e-01 9.100000e-01
    endloop
  endfacet
  facet normal -9.937122e-01 1.119645e-01 0.000000e+00
    outer loop
      vertex   -2.243709e+00 1.681427e-01 -9.100000e-01
      vertex   -2.243709e+00 1.681427e-01 9.100000e-01
      vertex   -2.224869e+00 3.353451e-01 -9.100000e-01
    endloop
  endfacet
  facet normal -9.937122e-01 1.119645e-01 -5.805478e-17
    outer loop
      vertex   -2.224869e+00 3.353451e-01 -9.100000e-01
      vertex   -2.243709e+00 1.681427e-01 9.100000e-01
      vertex   -2.224869e+00 3.353451e-01 9.100000e-01
    endloop
  endfacet
  facet normal -9.825665e-01 1.859116e-01 -9.639717e-17
    outer loop
      vertex   -2.224869e+00 3.353451e-01 -9.100000e-01
      vertex   -2.224869e+00 3.353451e-01 9.100000e-01
      vertex   -2.193588e+00 5.006721e-01 -9.100000e-01
    endloop
  endfacet
  facet normal -9.825665e-01 1.859116e-01 0.000000e+00
    outer loop
      vertex   -2.193588e+00 5.006721e-01 -9.100000e-01
      vertex   -2.224869e+00 3.353451e-01 9.100000e-01
      vertex   -2.193588e+00 5.006721e-01 9.100000e-01
    endloop
  endfacet
  facet normal -9.659258e-01 2.588190e-01 0.000000e+00
    outer loop
      vertex   -2.193588e+00 5.006721e-01 -9.100000e-01
      vertex   -2.193588e+00 5.006721e-01 9.100000e-01
      vertex   -2.150039e+00 6.631991e-01 -9.100000e-01
    endloop
  endfacet
  facet normal -9.659258e-01 2.588190e-01 0.000000e+00
    outer loop
      vertex   -2.150039e+00 6.631991e-01 -9.100000e-01
      vertex   -2.193588e+00 5.006721e-01 9.100000e-01
      vertex   -2.150039e+00 6.631991e-01 9.100000e-01
    endloop
  endfacet
  facet normal -9.438833e-01 3.302791e-01 0.000000e+00
    outer loop
      vertex   -2.150039e+00 6.631991e-01 -9.100000e-01
      vertex   -2.150039e+00 6.631991e-01 9.100000e-01
      vertex   -2.094466e+00 8.220173e-01 -9.100000e-01
    endloop
  endfacet
  facet normal -9.438833e-01 3.302791e-01 4.898534e-17
    outer loop
      vertex   -2.094466e+00 8.220173e-01 -9.100000e-01
      vertex   -2.150039e+00 6.631991e-01 9.100000e-01
      vertex   -2.094466e+00 8.220173e-01 9.100000e-01
    endloop
  endfacet
  facet normal -9.165623e-01 3.998920e-01 4.100554e-18
    outer loop
      vertex   -2.094466e+00 8.220173e-01 -9.100000e-01
      vertex   -2.094466e+00 8.220173e-01 9.100000e-01
      vertex   -2.027180e+00 9.762384e-01 -9.100000e-01
    endloop
  endfacet
  facet normal -9.165623e-01 3.998920e-01 0.000000e+00
    outer loop
      vertex   -2.027180e+00 9.762384e-01 -9.100000e-01
      vertex   -2.094466e+00 8.220173e-01 9.100000e-01
      vertex   -2.027180e+00 9.762384e-01 9.100000e-01
    endloop
  endfacet
  facet normal -8.841154e-01 4.672686e-01 0.000000e+00
    outer loop
      vertex   -2.027180e+00 9.762384e-01 -9.100000e-01
      vertex   -2.027180e+00 9.762384e-01 9.100000e-01
      vertex   -1.948557e+00 1.125000e+00 -9.100000e-01
    endloop
  endfacet
  facet normal -8.841154e-01 4.672686e-01 1.525691e-16
    outer loop
      vertex   -1.948557e+00 1.125000e+00 -9.100000e-01
      vertex   -2.027180e+00 9.762384e-01 9.100000e-01
      vertex   -1.948557e+00 1.125000e+00 9.100000e-01
    endloop
  endfacet
  facet normal -8.467242e-01 5.320321e-01 1.151797e-16
    outer loop
      vertex   -1.948557e+00 1.125000e+00 -9.100000e-01
      vertex   -1.948557e+00 1.125000e+00 9.100000e-01
      vertex   -1.859037e+00 1.267470e+00 -9.100000e-01
    endloop
  endfacet
  facet normal -8.467242e-01 5.320321e-01 1.535729e-16
    outer loop
      vertex   -1.859037e+00 1.267470e+00 -9.100000e-01
      vertex   -1.948557e+00 1.125000e+00 9.100000e-01
      vertex   -1.859037e+00 1.267470e+00 9.100000e-01
    endloop
  endfacet
  facet normal -8.045978e-01 5.938202e-01 1.028616e-16
    outer loop
      vertex   -1.859037e+00 1.267470e+00 -9.100000e-01
      vertex   -1.859037e+00 1.267470e+00 9.100000e-01
      vertex   -1.759121e+00 1.402852e+00 -9.100000e-01
    endloop
  endfacet
  facet normal -8.045978e-01 5.938202e-01 0.000000e+00
    outer loop
      vertex   -1.759121e+00 1.402852e+00 -9.100000e-01
      vertex   -1.859037e+00 1.267470e+00 9.100000e-01
      vertex   -1.759121e+00 1.402852e+00 9.100000e-01
    endloop
  endfacet
  facet normal -7.579717e-01 6.522874e-01 0.000000e+00
    outer loop
      vertex   -1.759121e+00 1.402852e+00 -9.100000e-01
      vertex   -1.759121e+00 1.402852e+00 9.100000e-01
      vertex   -1.649367e+00 1.530389e+00 -9.100000e-01
    endloop
  endfacet
  facet normal -7.579717e-01 6.522874e-01 1.311557e-16
    outer loop
      vertex   -1.649367e+00 1.530389e+00 -9.100000e-01
      vertex   -1.759121e+00 1.402852e+00 9.100000e-01
      vertex   -1.649367e+00 1.530389e+00 9.100000e-01
    endloop
  endfacet
  facet normal -7.071068e-01 7.071068e-01 8.626882e-17
    outer loop
      vertex   -1.649367e+00 1.530389e+00 -9.100000e-01
      vertex   -1.649367e+00 1.530389e+00 9.100000e-01
      vertex   -1.530389e+00 1.649367e+00 -9.100000e-01
    endloop
  endfacet
  facet normal -7.071068e-01 7.071068e-01 -8.626882e-17
    outer loop
      vertex   -1.530389e+00 1.649367e+00 -9.100000e-01
      vertex   -1.649367e+00 1.530389e+00 9.100000e-01
      vertex   -1.530389e+00 1.649367e+00 9.100000e-01
    endloop
  endfacet
  facet normal -6.522874e-01 7.579717e-01 -1.311557e-16
    outer loop
      vertex   -1.530389e+00 1.649367e+00 -9.100000e-01
      vertex   -1.530389e+00 1.649367e+00 9.100000e-01
      vertex   -1.402852e+00 1.759121e+00 -9.100000e-01
    endloop
  endfacet
  facet normal -6.522874e-01 7.579717e-01 0.000000e+00
    outer loop
      vertex   -1.402852e+00 1.759121e+00 -9.100000e-01
      vertex   -1.530389e+00 1.649367e+00 9.100000e-01
      vertex   -1.402852e+00 1.759121e+00 9.100000e-01
    endloop
  endfacet
  facet normal -5.938202e-01 8.045978e-01 0.000000e+00
    outer loop
      vertex   -1.402852e+00 1.759121e+00 -9.100000e-01
      vertex   -1.402852e+00 1.759121e+00 9.100000e-01
      vertex   -1.267470e+00 1.859037e+00 -9.100000e-01
    endloop
  endfacet
  facet normal -5.938202e-01 8.045978e-01 -2.477567e-16
    outer loop
      vertex   -1.267470e+00 1.859037e+00 -9.100000e-01
      vertex   -1.402852e+00 1.759121e+00 9.100000e-01
      vertex   -1.267470e+00 1.859037e+00 9.100000e-01
    endloop
  endfacet
  facet normal -5.320321e-01 8.467242e-01 -2.833915e-16
    outer loop
      vertex   -1.267470e+00 1.859037e+00 -9.100000e-01
      vertex   -1.267470e+00 1.859037e+00 9.100000e-01
      vertex   -1.125000e+00 1.948557e+00 -9.100000e-01
    endloop
  endfacet
  facet normal -5.320321e-01 8.467242e-01 2.212438e-16
    outer loop
      vertex   -1.125000e+00 1.948557e+00 -9.100000e-01
      vertex   -1.267470e+00 1.859037e+00 9.100000e-01
      vertex   -1.125000e+00 1.948557e+00 9.100000e-01
    endloop
  endfacet
  facet normal -4.672686e-01 8.841154e-01 1.771755e-16
    outer loop
      vertex   -1.125000e+00 1.948557e+00 -9.100000e-01
      vertex   -1.125000e+00 1.948557e+00 9.100000e-01
      vertex   -9.762384e-01 2.027180e+00 -9.100000e-01
    endloop
  endfacet
  facet normal -4.672686e-01 8.841154e-01 0.000000e+00
    outer loop
      vertex   -9.762384e-01 2.027180e+00 -9.100000e-01
      vertex   -1.125000e+00 1.948557e+00 9.100000e-01
      vertex   -9.762384e-01 2.027180e+00 9.100000e-01
    endloop
  endfacet
  facet normal -3.998920e-01 9.165623e-01 0.000000e+00
    outer loop
      vertex   -9.762384e-01 2.027180e+00 -9.100000e-01
      vertex   -9.762384e-01 2.027180e+00 9.100000e-01
      vertex   -8.220173e-01 2.094466e+00 -9.100000e-01
    endloop
  endfacet
  facet normal -3.998920e-01 9.165623e-01 9.757568e-17
    outer loop
      vertex   -8.220173e-01 2.094466e+00 -9.100000e-01
      vertex   -9.762384e-01 2.027180e+00 9.100000e-01
      vertex   -8.220173e-01 2.094466e+00 9.100000e-01
    endloop
  endfacet
  facet normal -3.302791e-01 9.438833e-01 8.058976e-17
    outer loop
      vertex   -8.220173e-01 2.094466e+00 -9.100000e-01
      vertex   -8.220173e-01 2.094466e+00 9.100000e-01
      vertex   -6.631991e-01 2.150039e+00 -9.100000e-01
    endloop
  endfacet
  facet normal -3.302791e-01 9.438833e-01 8.058976e-17
    outer loop
      vertex   -6.631991e-01 2.150039e+00 -9.100000e-01
      vertex   -8.220173e-01 2.094466e+00 9.100000e-01
      vertex   -6.631991e-01 2.150039e+00 9.100000e-01
    endloop
  endfacet
  facet normal -2.588190e-01 9.659258e-01 6.315316e-17
    outer loop
      vertex   -6.631991e-01 2.150039e+00 -9.100000e-01
      vertex   -6.631991e-01 2.150039e+00 9.100000e-01
      vertex   -5.006721e-01 2.193588e+00 -9.100000e-01
    endloop
  endfacet
  facet normal -2.588190e-01 9.659258e-01 0.000000e+00
    outer loop
      vertex   -5.006721e-01 2.193588e+00 -9.100000e-01
      vertex   -6.631991e-01 2.150039e+00 9.100000e-01
      vertex   -5.006721e-01 2.193588e+00 9.100000e-01
    endloop
  endfacet
  facet normal -1.859116e-01 9.825665e-01 0.000000e+00
    outer loop
      vertex   -5.006721e-01 2.193588e+00 -9.100000e-01
      vertex   -5.006721e-01 2.193588e+00 9.100000e-01
      vertex   -3.353451e-01 2.224869e+00 -9.100000e-01
    endloop
  endfacet
  facet normal -1.859116e-01 9.825665e-01 5.103379e-17
    outer loop
      vertex   -3.353451e-01 2.224869e+00 -9.100000e-01
      vertex   -5.006721e-01 2.193588e+00 9.100000e-01
      vertex   -3.353451e-01 2.224869e+00 9.100000e-01
    endloop
  endfacet
  facet normal -1.119645e-01 9.937122e-01 3.073489e-17
    outer loop
      vertex   -3.353451e-01 2.224869e+00 -9.100000e-01
      vertex   -3.353451e-01 2.224869e+00 9.100000e-01
      vertex   -1.681427e-01 2.243709e+00 -9.100000e-01
    endloop
  endfacet
  facet normal -1.119645e-01 9.937122e-01 3.073489e-17
    outer loop
      vertex   -1.681427e-01 2.243709e+00 -9.100000e-01
      vertex   -3.353451e-01 2.224869e+00 9.100000e-01
      vertex   -1.681427e-01 2.243709e+00 9.100000e-01
    endloop
  endfacet
  facet normal -3.739119e-02 9.993007e-01 1.026410e-17
    outer loop
      vertex   -1.681427e-01 2.243709e+00 -9.100000e-01
      vertex   -1.681427e-01 2.243709e+00 9.100000e-01
      vertex   1.377728e-16 2.250000e+00 -9.100000e-01
    endloop
  endfacet
  facet normal -3.739119e-02 9.993007e-01 0.000000e+00
    outer loop
      vertex   1.377728e-16 2.250000e+00 -9.100000e-01
      vertex   -1.681427e-01 2.243709e+00 9.100000e-01
      vertex   1.377728e-16 2.250000e+00 9.100000e-01
    endloop
  endfacet
  facet normal 3.739119e-02 9.993007e-01 -0.000000e+00
    outer loop
      vertex   1.377728e-16 2.250000e+00 -9.100000e-01
      vertex   1.377728e-16 2.250000e+00 9.100000e-01
      vertex   1.681427e-01 2.243709e+00 -9.100000e-01
    endloop
  endfacet
  facet normal 3.739119e-02 9.993007e-01 -1.026410e-17
    outer loop
      vertex   1.681427e-01 2.243709e+00 -9.100000e-01
      vertex   1.377728e-16 2.250000e+00 9.100000e-01
      vertex   1.681427e-01 2.243709e+00 9.100000e-01
    endloop
  endfacet
  facet normal 1.119645e-01 9.937122e-01 -3.073489e-17
    outer loop
      vertex   1.681427e-01 2.243709e+00 -9.100000e-01
      vertex   1.681427e-01 2.243709e+00 9.100000e-01
      vertex   3.353451e-01 2.224869e+00 -9.100000e-01
    endloop
  endfacet
  facet normal 1.119645e-01 9.937122e-01 -3.414987e-17
    outer loop
      vertex   3.353451e-01 2.224869e+00 -9.100000e-01
      vertex   1.681427e-01 2.243709e+00 9.100000e-01
      vertex   3.353451e-01 2.224869e+00 9.100000e-01
    endloop
  endfacet
  facet normal 1.859116e-01 9.825665e-01 -5.670422e-17
    outer loop
      vertex   3.353451e-01 2.224869e+00 -9.100000e-01
      vertex   3.353451e-01 2.224869e+00 9.100000e-01
      vertex   5.006721e-01 2.193588e+00 -9.100000e-01
    endloop
  endfacet
  facet normal 1.859116e-01 9.825665e-01 -0.000000e+00
    outer loop
      vertex   5.006721e-01 2.193588e+00 -9.100000e-01
      vertex   3.353451e-01 2.224869e+00 9.100000e-01
      vertex   5.006721e-01 2.193588e+00 9.100000e-01
    endloop
  endfacet
  facet normal 2.588190e-01 9.659258e-01 -0.000000e+00
    outer loop
      vertex   5.006721e-01 2.193588e+00 -9.100000e-01
      vertex   5.006721e-01 2.193588e+00 9.100000e-01
      vertex   6.631991e-01 2.150039e+00 -9.100000e-01
    endloop
  endfacet
  facet normal 2.588190e-01 9.659258e-01 1.725376e-16
    outer loop
      vertex   6.631991e-01 2.150039e+00 -9.100000e-01
      vertex   5.006721e-01 2.193588e+00 9.100000e-01
      vertex   6.631991e-01 2.150039e+00 9.100000e-01
    endloop
  endfacet
  facet normal 3.302791e-01 9.438833e-01 1.497225e-16
    outer loop
      vertex   6.631991e-01 2.150039e+00 -9.100000e-01
      vertex   6.631991e-01 2.150039e+00 9.100000e-01
      vertex   8.220173e-01 2.094466e+00 -9.100000e-01
    endloop
  endfacet
  facet normal 3.302791e-01 9.438833e-01 1.094277e-16
    outer loop
      vertex   8.220173e-01 2.094466e+00 -9.100000e-01
      vertex   6.631991e-01 2.150039e+00 9.100000e-01
      vertex   8.220173e-01 2.094466e+00 9.100000e-01
    endloop
  endfacet
  facet normal 3.998920e-01 9.165623e-01 7.728231e-17
    outer loop
      vertex   8.220173e-01 2.094466e+00 -9.100000e-01
      vertex   8.220173e-01 2.094466e+00 9.100000e-01
      vertex   9.762384e-01 2.027180e+00 -9.100000e-01
    endloop
  endfacet
  facet normal 3.998920e-01 9.165623e-01 -0.000000e+00
    outer loop
      vertex   9.762384e-01 2.027180e+00 -9.100000e-01
      vertex   8.220173e-01 2.094466e+00 9.100000e-01
      vertex   9.762384e-01 2.027180e+00 9.100000e-01
    endloop
  endfacet
  facet normal 4.672686e-01 8.841154e-01 -0.000000e+00
    outer loop
      vertex   9.762384e-01 2.027180e+00 -9.100000e-01
      vertex   9.762384e-01 2.027180e+00 9.100000e-01
      vertex   1.125000e+00 1.948557e+00 -9.100000e-01
    endloop
  endfacet
  facet normal 4.672686e-01 8.841154e-01 9.556113e-17
    outer loop
      vertex   1.125000e+00 1.948557e+00 -9.100000e-01
      vertex   9.762384e-01 2.027180e+00 9.100000e-01
      vertex   1.125000e+00 1.948557e+00 9.100000e-01
    endloop
  endfacet
  facet normal 5.320321e-01 8.467242e-01 5.027045e-17
    outer loop
      vertex   1.125000e+00 1.948557e+00 -9.100000e-01
      vertex   1.125000e+00 1.948557e+00 9.100000e-01
      vertex   1.267470e+00 1.859037e+00 -9.100000e-01
    endloop
  endfacet
  facet normal 5.320321e-01 8.467242e-01 -9.142528e-17
    outer loop
      vertex   1.267470e+00 1.859037e+00 -9.100000e-01
      vertex   1.125000e+00 1.948557e+00 9.100000e-01
      vertex   1.267470e+00 1.859037e+00 9.100000e-01
    endloop
  endfacet
  facet normal 5.938202e-01 8.045978e-01 -1.191797e-16
    outer loop
      vertex   1.267470e+00 1.859037e+00 -9.100000e-01
      vertex   1.267470e+00 1.859037e+00 9.100000e-01
      vertex   1.402852e+00 1.759121e+00 -9.100000e-01
    endloop
  endfacet
  facet normal 5.938202e-01 8.045978e-01 -0.000000e+00
    outer loop
      vertex   1.402852e+00 1.759121e+00 -9.100000e-01
      vertex   1.267470e+00 1.859037e+00 9.100000e-01
      vertex   1.402852e+00 1.759121e+00 9.100000e-01
    endloop
  endfacet
  facet normal 6.522874e-01 7.579717e-01 -0.000000e+00
    outer loop
      vertex   1.402852e+00 1.759121e+00 -9.100000e-01
      vertex   1.402852e+00 1.759121e+00 9.100000e-01
      vertex   1.530389e+00 1.649367e+00 -9.100000e-01
    endloop
  endfacet
  facet normal 6.522874e-01 7.579717e-01 1.182620e-16
    outer loop
      vertex   1.530389e+00 1.649367e+00 -9.100000e-01
      vertex   1.402852e+00 1.759121e+00 9.100000e-01
      vertex   1.530389e+00 1.649367e+00 9.100000e-01
    endloop
  endfacet
  facet normal 7.071068e-01 7.071068e-01 8.626882e-17
    outer loop
      vertex   1.530389e+00 1.649367e+00 -9.100000e-01
      vertex   1.530389e+00 1.649367e+00 9.100000e-01
      vertex   1.649367e+00 1.530389e+00 -9.100000e-01
    endloop
  endfacet
  facet normal 7.071068e-01 7.071068e-01 1.725376e-16
    outer loop
      vertex   1.649367e+00 1.530389e+00 -9.100000e-01
      vertex   1.530389e+00 1.649367e+00 9.100000e-01
      vertex   1.649367e+00 1.530389e+00 9.100000e-01
    endloop
  endfacet
  facet normal 7.579717e-01 6.522874e-01 1.462677e-16
    outer loop
      vertex   1.649367e+00 1.530389e+00 -9.100000e-01
      vertex   1.649367e+00 1.530389e+00 9.100000e-01
      vertex   1.759121e+00 1.402852e+00 -9.100000e-01
    endloop
  endfacet
  facet normal 7.579717e-01 6.522874e-01 -0.000000e+00
    outer loop
      vertex   1.759121e+00 1.402852e+00 -9.100000e-01
      vertex   1.649367e+00 1.530389e+00 9.100000e-01
      vertex   1.759121e+00 1.402852e+00 9.100000e-01
    endloop
  endfacet
  facet normal 8.045978e-01 5.938202e-01 -0.000000e+00
    outer loop
      vertex   1.759121e+00 1.402852e+00 -9.100000e-01
      vertex   1.759121e+00 1.402852e+00 9.100000e-01
      vertex   1.859037e+00 1.267470e+00 -9.100000e-01
    endloop
  endfacet
  facet normal 8.045978e-01 5.938202e-01 -5.143080e-17
    outer loop
      vertex   1.859037e+00 1.267470e+00 -9.100000e-01
      vertex   1.759121e+00 1.402852e+00 9.100000e-01
      vertex   1.859037e+00 1.267470e+00 9.100000e-01
    endloop
  endfacet
  facet normal 8.467242e-01 5.320321e-01 -7.678647e-17
    outer loop
      vertex   1.859037e+00 1.267470e+00 -9.100000e-01
      vertex   1.859037e+00 1.267470e+00 9.100000e-01
      vertex   1.948557e+00 1.125000e+00 -9.100000e-01
    endloop
  endfacet
  facet normal 8.467242e-01 5.320321e-01 2.651602e-17
    outer loop
      vertex   1.948557e+00 1.125000e+00 -9.100000e-01
      vertex   1.859037e+00 1.267470e+00 9.100000e-01
      vertex   1.948557e+00 1.125000e+00 9.100000e-01
    endloop
  endfacet
  facet normal 8.841154e-01 4.672686e-01 6.151595e-18
    outer loop
      vertex   1.948557e+00 1.125000e+00 -9.100000e-01
      vertex   1.948557e+00 1.125000e+00 9.100000e-01
      vertex   2.027180e+00 9.762384e-01 -9.100000e-01
    endloop
  endfacet
  facet normal 8.841154e-01 4.672686e-01 -0.000000e+00
    outer loop
      vertex   2.027180e+00 9.762384e-01 -9.100000e-01
      vertex   1.948557e+00 1.125000e+00 9.100000e-01
      vertex   2.027180e+00 9.762384e-01 9.100000e-01
    endloop
  endfacet
  facet normal 9.165623e-01 3.998920e-01 -0.000000e+00
    outer loop
      vertex   2.027180e+00 9.762384e-01 -9.100000e-01
      vertex   2.027180e+00 9.762384e-01 9.100000e-01
      vertex   2.094466e+00 8.220173e-01 -9.100000e-01
    endloop
  endfacet
  facet normal 9.165623e-01 3.998920e-01 1.463635e-16
    outer loop
      vertex   2.094466e+00 8.220173e-01 -9.100000e-01
      vertex   2.027180e+00 9.762384e-01 9.100000e-01
      vertex   2.094466e+00 8.220173e-01 9.100000e-01
    endloop
  endfacet
  facet normal 9.438833e-01 3.302791e-01 1.208846e-16
    outer loop
      vertex   2.094466e+00 8.220173e-01 -9.100000e-01
      vertex   2.094466e+00 8.220173e-01 9.100000e-01
      vertex   2.150039e+00 6.631991e-01 -9.100000e-01
    endloop
  endfacet
  facet normal 9.438833e-01 3.302791e-01 -1.698700e-16
    outer loop
      vertex   2.150039e+00 6.631991e-01 -9.100000e-01
      vertex   2.094466e+00 8.220173e-01 9.100000e-01
      vertex   2.150039e+00 6.631991e-01 9.100000e-01
    endloop
  endfacet
  facet normal 9.659258e-01 2.588190e-01 -1.883259e-16
    outer loop
      vertex   2.150039e+00 6.631991e-01 -9.100000e-01
      vertex   2.150039e+00 6.631991e-01 9.100000e-01
      vertex   2.193588e+00 5.006721e-01 -9.100000e-01
    endloop
  endfacet
  facet normal 9.659258e-01 2.588190e-01 -0.000000e+00
    outer loop
      vertex   2.193588e+00 5.006721e-01 -9.100000e-01
      vertex   2.150039e+00 6.631991e-01 9.100000e-01
      vertex   2.193588e+00 5.006721e-01 9.100000e-01
    endloop
  endfacet
  facet normal 9.825665e-01 1.859116e-01 -0.000000e+00
    outer loop
      vertex   2.193588e+00 5.006721e-01 -9.100000e-01
      vertex   2.193588e+00 5.006721e-01 9.100000e-01
      vertex   2.224869e+00 3.353451e-01 -9.100000e-01
    endloop
  endfacet
  facet normal 9.825665e-01 1.859116e-01 6.804506e-17
    outer loop
      vertex   2.224869e+00 3.353451e-01 -9.100000e-01
      vertex   2.193588e+00 5.006721e-01 9.100000e-01
      vertex   2.224869e+00 3.353451e-01 9.100000e-01
    endloop
  endfacet
  facet normal 9.937122e-01 1.119645e-01 4.097985e-17
    outer loop
      vertex   2.224869e+00 3.353451e-01 -9.100000e-01
      vertex   2.224869e+00 3.353451e-01 9.100000e-01
      vertex   2.243709e+00 1.681427e-01 -9.100000e-01
    endloop
  endfacet
  facet normal 9.937122e-01 1.119645e-01 2.048992e-17
    outer loop
      vertex   2.243709e+00 1.681427e-01 -9.100000e-01
      vertex   2.224869e+00 3.353451e-01 9.100000e-01
      vertex   2.243709e+00 1.681427e-01 9.100000e-01
    endloop
  endfacet
  facet normal 0.000000e+00 -0.000000e+00 -1.000000e+00
    outer loop
      vertex   2.153814e+00 1.633581e-01 -1.000000e+00
      vertex   2.160000e+00 0.000000e+00 -1.000000e+00
      vertex   1.485000e+00 0.000000e+00 -1.000000e+00
    endloop
  endfacet
  facet normal 0.000000e+00 0.000000e+00 -1.000000e+00
    outer loop
      vertex   1.485000e+00 0.000000e+00 -1.000000e+00
      vertex   2.160000e+00 0.000000e+00 -1.000000e+00
      vertex   2.153814e+00 -1.633581e-01 -1.000000e+00
    endloop
  endfacet
  facet normal 0.000000e+00 -0.000000e+00 -1.000000e+00
    outer loop
      vertex   1.485000e+00 0.000000e+00 -1.000000e+00
      vertex   2.153814e+00 -1.633581e-01 -1.000000e+00
      vertex   1.478665e+00 -1.370185e-01 -1.000000e+00
    endloop
  endfacet
  facet normal 0.000000e+00 0.000000e+00 -1.000000e+00
    outer loop
      vertex   1.478665e+00 -1.370185e-01 -1.000000e+00
      vertex   2.153814e+00 -1.633581e-01 -1.000000e+00
      vertex   2.135291e+00 -3.257805e-01 -1.000000e+00
    endloop
  endfacet
  facet normal 0.000000e+00 -0.000000e+00 -1.000000e+00
    outer loop
      vertex   1.478665e+00 -1.370185e-01 -1.000000e+00
      vertex   2.135291e+00 -3.257805e-01 -1.000000e+00
      vertex   1.459715e+00 -2.728680e-01 -1.000000e+00
    endloop
  endfacet
  facet normal 0.000000e+00 0.000000e+00 -1.000000e+00
    outer loop
      vertex   1.459715e+00 -2.728680e-01 -1.000000e+00
      vertex   2.135291e+00 -3.257805e-01 -1.000000e+00
      vertex   2.104537e+00 -4.863368e-01 -1.000000e+00
    endloop
  endfacet
  facet normal 0.000000e+00 -0.000000e+00 -1.000000e+00
    outer loop
      vertex   1.459715e+00 -2.728680e-01 -1.000000e+00
      vertex   2.104537e+00 -4.863368e-01 -1.000000e+00
      vertex   1.428311e+00 -4.063895e-01 -1.000000e+00
    endloop
  endfacet
  facet normal 0.000000e+00 0.000000e+00 -1.000000e+00
    outer loop
      vertex   1.428311e+00 -4.063895e-01 -1.000000e+00
      vertex   2.104537e+00 -4.863368e-01 -1.000000e+00
      vertex   2.061729e+00 -6.441075e-01 -1.000000e+00
    endloop
  endfacet
  facet normal 0.000000e+00 -0.000000e+00 -1.000000e+00
    outer loop
      vertex   1.428311e+00 -4.063895e-01 -1.000000e+00
      vertex   2.061729e+00 -6.441075e-01 -1.000000e+00
      vertex   1.384721e+00 -5.364439e-01 -1.000000e+00
    endloop
  endfacet
  facet normal 0.000000e+00 0.000000e+00 -1.000000e+00
    outer loop
      vertex   1.384721e+00 -5.364439e-01 -1.000000e+00
      vertex   2.061729e+00 -6.441075e-01 -1.000000e+00
      vertex   2.007111e+00 -7.981888e-01 -1.000000e+00
    endloop
  endfacet
  facet normal 0.000000e+00 -0.000000e+00 -1.000000e+00
    outer loop
      vertex   1.384721e+00 -5.364439e-01 -1.000000e+00
      vertex   2.007111e+00 -7.981888e-01 -1.000000e+00
      vertex   1.329317e+00 -6.619215e-01 -1.000000e+00
    endloop
  endfacet
  facet normal 0.000000e+00 0.000000e+00 -1.000000e+00
    outer loop
      vertex   1.329317e+00 -6.619215e-01 -1.000000e+00
      vertex   2.007111e+00 -7.981888e-01 -1.000000e+00
      vertex   1.940997e+00 -9.476981e-01 -1.000000e+00
    endloop
  endfacet
  facet normal 0.000000e+00 0.000000e+00 -1.000000e+00
    outer loop
      vertex   1.329317e+00 -6.619215e-01 -1.000000e+00
      vertex   1.940997e+00 -9.476981e-01 -1.000000e+00
      vertex   1.863765e+00 -1.091779e+00 -1.000000e+00
    endloop
  endfacet
  facet normal 0.000000e+00 -0.000000e+00 -1.000000e+00
    outer loop
      vertex   1.329317e+00 -6.619215e-01 -1.000000e+00
      vertex   1.863765e+00 -1.091779e+00 -1.000000e+00
      vertex   1.262572e+00 -7.817518e-01 -1.000000e+00
    endloop
  endfacet
  facet normal 0.000000e+00 0.000000e+00 -1.000000e+00
    outer loop
      vertex   1.262572e+00 -7.817518e-01 -1.000000e+00
      vertex   1.863765e+00 -1.091779e+00 -1.000000e+00
      vertex   1.775857e+00 -1.229606e+00 -1.000000e+00
    endloop
  endfacet
  facet normal 0.000000e+00 -0.000000e+00 -1.000000e+00
    outer loop
      vertex   1.262572e+00 -7.817518e-01 -1.000000e+00
      vertex   1.775857e+00 -1.229606e+00 -1.000000e+00
      vertex   1.185056e+00 -8.949124e-01 -1.000000e+00
    endloop
  endfacet
  facet normal 0.000000e+00 0.000000e+00 -1.000000e+00
    outer loop
      vertex   1.185056e+00 -8.949124e-01 -1.000000e+00
      vertex   1.775857e+00 -1.229606e+00 -1.000000e+00
      vertex   1.677777e+00 -1.360391e+00 -1.000000e+00
    endloop
  endfacet
  facet normal 0.000000e+00 -0.000000e+00 -1.000000e+00
    outer loop
      vertex   1.185056e+00 -8.949124e-01 -1.000000e+00
      vertex   1.677777e+00 -1.360391e+00 -1.000000e+00
      vertex   1.097428e+00 -1.000438e+00 -1.000000e+00
    endloop
  endfacet
  facet normal 0.000000e+00 0.000000e+00 -1.000000e+00
    outer loop
      vertex   1.097428e+00 -1.000438e+00 -1.000000e+00
      vertex   1.677777e+00 -1.360391e+00 -1.000000e+00
      vertex   1.570088e+00 -1.483383e+00 -1.000000e+00
    endloop
  endfacet
  facet normal 0.000000e+00 -0.000000e+00 -1.000000e+00
    outer loop
      vertex   1.097428e+00 -1.000438e+00 -1.000000e+00
      vertex   1.570088e+00 -1.483383e+00 -1.000000e+00
      vertex   1.000438e+00 -1.097428e+00 -1.000000e+00
    endloop
  endfacet
  facet normal 0.000000e+00 0.000000e+00 -1.000000e+00
    outer loop
      vertex   1.000438e+00 -1.097428e+00 -1.000000e+00
      vertex   1.570088e+00 -1.483383e+00 -1.000000e+00
      vertex   1.453405e+00 -1.597878e+00 -1.000000e+00
    endloop
  endfacet
  facet normal 0.000000e+00 0.000000e+00 -1.000000e+00
    outer loop
      vertex   1.000438e+00 -1.097428e+00 -1.000000e+00
      vertex   1.453405e+00 -1.597878e+00 -1.000000e+00
      vertex   1.328397e+00 -1.703221e+00 -1.000000e+00
    endloop
  endfacet
  facet normal 0.000000e+00 -0.000000e+00 -1.000000e+00
    outer loop
      vertex   1.000438e+00 -1.097428e+00 -1.000000e+00
      vertex   1.328397e+00 -1.703221e+00 -1.000000e+00
      vertex   8.949124e-01 -1.185056e+00 -1.000000e+00
    endloop
  endfacet
  facet normal 0.000000e+00 0.000000e+00 -1.000000e+00
    outer loop
      vertex   8.949124e-01 -1.185056e+00 -1.000000e+00
      vertex   1.328397e+00 -1.703221e+00 -1.000000e+00
      vertex   1.195780e+00 -1.798808e+00 -1.000000e+00
    endloop
  endfacet
  facet normal 0.000000e+00 -0.000000e+00 -1.000000e+00
    outer loop
      vertex   8.949124e-01 -1.185056e+00 -1.000000e+00
      vertex   1.195780e+00 -1.798808e+00 -1.000000e+00
      vertex   7.817518e-01 -1.262572e+00 -1.000000e+00
    endloop
  endfacet
  facet normal 0.000000e+00 0.000000e+00 -1.000000e+00
    outer loop
      vertex   7.817518e-01 -1.262572e+00 -1.000000e+00
      vertex   1.195780e+00 -1.798808e+00 -1.000000e+00
      vertex   1.056313e+00 -1.884092e+00 -1.000000e+00
    endloop
  endfacet
  facet normal 0.000000e+00 -0.000000e+00 -1.000000e+00
    outer loop
      vertex   7.817518e-01 -1.262572e+00 -1.000000e+00
      vertex   1.056313e+00 -1.884092e+00 -1.000000e+00
      vertex   6.619215e-01 -1.329317e+00 -1.000000e+00
    endloop
  endfacet
  facet normal 0.000000e+00 0.000000e+00 -1.000000e+00
    outer loop
      vertex   6.619215e-01 -1.329317e+00 -1.000000e+00
      vertex   1.056313e+00 -1.884092e+00 -1.000000e+00
      vertex   9.107967e-01 -1.958584e+00 -1.000000e+00
    endloop
  endfacet
  facet normal 0.000000e+00 -0.000000e+00 -1.000000e+00
    outer loop
      vertex   6.619215e-01 -1.329317e+00 -1.000000e+00
      vertex   9.107967e-01 -1.958584e+00 -1.000000e+00
      vertex   5.364439e-01 -1.384721e+00 -1.000000e+00
    endloop
  endfacet
  facet normal 0.000000e+00 0.000000e+00 -1.000000e+00
    outer loop
      vertex   5.364439e-01 -1.384721e+00 -1.000000e+00
      vertex   9.107967e-01 -1.958584e+00 -1.000000e+00
      vertex   7.600630e-01 -2.021857e+00 -1.000000e+00
    endloop
  endfacet
  facet normal 0.000000e+00 -0.000000e+00 -1.000000e+00
    outer loop
      vertex   5.364439e-01 -1.384721e+00 -1.000000e+00
      vertex   7.600630e-01 -2.021857e+00 -1.000000e+00
      vertex   4.063895e-01 -1.428311e+00 -1.000000e+00
    endloop
  endfacet
  facet normal 0.000000e+00 0.000000e+00 -1.000000e+00
    outer loop
      vertex   4.063895e-01 -1.428311e+00 -1.000000e+00
      vertex   7.600630e-01 -2.021857e+00 -1.000000e+00
      vertex   6.049757e-01 -2.073549e+00 -1.000000e+00
    endloop
  endfacet
  facet normal 0.000000e+00 0.000000e+00 -1.000000e+00
    outer loop
      vertex   4.063895e-01 -1.428311e+00 -1.000000e+00
      vertex   6.049757e-01 -2.073549e+00 -1.000000e+00
      vertex   4.464232e-01 -2.113364e+00 -1.000000e+00
    endloop
  endfacet
  facet normal 0.000000e+00 -0.000000e+00 -1.000000e+00
    outer loop
      vertex   4.063895e-01 -1.428311e+00 -1.000000e+00
      vertex   4.464232e-01 -2.113364e+00 -1.000000e+00
      vertex   2.728680e-01 -1.459715e+00 -1.000000e+00
    endloop
  endfacet
  facet normal 0.000000e+00 0.000000e+00 -1.000000e+00
    outer loop
      vertex   2.728680e-01 -1.459715e+00 -1.000000e+00
      vertex   4.464232e-01 -2.113364e+00 -1.000000e+00
      vertex   2.853136e-01 -2.141074e+00 -1.000000e+00
    endloop
  endfacet
  facet normal 0.000000e+00 -0.000000e+00 -1.000000e+00
    outer loop
      vertex   2.728680e-01 -1.459715e+00 -1.000000e+00
      vertex   2.853136e-01 -2.141074e+00 -1.000000e+00
      vertex   1.370185e-01 -1.478665e+00 -1.000000e+00
    endloop
  endfacet
  facet normal 0.000000e+00 -0.000000e+00 -1.000000e+00
    outer loop
      vertex   1.370185e-01 -1.478665e+00 -1.000000e+00
      vertex   2.853136e-01 -2.141074e+00 -1.000000e+00
      vertex   1.225698e-01 -2.156520e+00 -1.000000e+00
    endloop
  endfacet
  facet normal 0.000000e+00 0.000000e+00 -1.000000e+00
    outer loop
      vertex   1.370185e-01 -1.478665e+00 -1.000000e+00
      vertex   1.225698e-01 -2.156520e+00 -1.000000e+00
      vertex   9.093002e-17 -1.485000e+00 -1.000000e+00
    endloop
  endfacet
  facet normal 0.000000e+00 -0.000000e+00 -1.000000e+00
    outer loop
      vertex   9.093002e-17 -1.485000e+00 -1.000000e+00
      vertex   1.225698e-01 -2.156520e+00 -1.000000e+00
      vertex   -4.087611e-02 -2.159613e+00 -1.000000e+00
    endloop
  endfacet
  facet normal -0.000000e+00 0.000000e+00 -1.000000e+00
    outer loop
      vertex   9.093002e-17 -1.485000e+00 -1.000000e+00
      vertex   -4.087611e-02 -2.159613e+00 -1.000000e+00
      vertex   -1.370185e-01 -1.478665e+00 -1.000000e+00
    endloop
  endfacet
  facet normal 0.000000e+00 -0.000000e+00 -1.000000e+00
    outer loop
      vertex   -1.370185e-01 -1.478665e+00 -1.000000e+00
      vertex   -4.087611e-02 -2.159613e+00 -1.000000e+00
      vertex   -2.040879e-01 -2.150337e+00 -1.000000e+00
    endloop
  endfacet
  facet normal 0.000000e+00 0.000000e+00 -1.000000e+00
    outer loop
      vertex   -1.370185e-01 -1.478665e+00 -1.000000e+00
      vertex   -2.040879e-01 -2.150337e+00 -1.000000e+00
      vertex   -3.661307e-01 -2.128743e+00 -1.000000e+00
    endloop
  endfacet
  facet normal -0.000000e+00 0.000000e+00 -1.000000e+00
    outer loop
      vertex   -1.370185e-01 -1.478665e+00 -1.000000e+00
      vertex   -3.661307e-01 -2.128743e+00 -1.000000e+00
      vertex   -2.728680e-01 -1.459715e+00 -1.000000e+00
    endloop
  endfacet
  facet normal 0.000000e+00 0.000000e+00 -1.000000e+00
    outer loop
      vertex   -2.728680e-01 -1.459715e+00 -1.000000e+00
      vertex   -3.661307e-01 -2.128743e+00 -1.000000e+00
      vertex   -5.260763e-01 -2.094957e+00 -1.000000e+00
    endloop
  endfacet
  facet normal -0.000000e+00 0.000000e+00 -1.000000e+00
    outer loop
      vertex   -2.728680e-01 -1.459715e+00 -1.000000e+00
      vertex   -5.260763e-01 -2.094957e+00 -1.000000e+00
      vertex   -4.063895e-01 -1.428311e+00 -1.000000e+00
    endloop
  endfacet
  facet normal 0.000000e+00 0.000000e+00 -1.000000e+00
    outer loop
      vertex   -4.063895e-01 -1.428311e+00 -1.000000e+00
      vertex   -5.260763e-01 -2.094957e+00 -1.000000e+00
      vertex   -6.830086e-01 -2.049170e+00 -1.000000e+00
    endloop
  endfacet
  facet normal -0.000000e+00 0.000000e+00 -1.000000e+00
    outer loop
      vertex   -4.063895e-01 -1.428311e+00 -1.000000e+00
      vertex   -6.830086e-01 -2.049170e+00 -1.000000e+00
      vertex   -5.364439e-01 -1.384721e+00 -1.000000e+00
    endloop
  endfacet
  facet normal 0.000000e+00 0.000000e+00 -1.000000e+00
    outer loop
      vertex   -5.364439e-01 -1.384721e+00 -1.000000e+00
      vertex   -6.830086e-01 -2.049170e+00 -1.000000e+00
      vertex   -8.360286e-01 -1.991647e+00 -1.000000e+00
    endloop
  endfacet
  facet normal -0.000000e+00 0.000000e+00 -1.000000e+00
    outer loop
      vertex   -5.364439e-01 -1.384721e+00 -1.000000e+00
      vertex   -8.360286e-01 -1.991647e+00 -1.000000e+00
      vertex   -6.619215e-01 -1.329317e+00 -1.000000e+00
    endloop
  endfacet
  facet normal 0.000000e+00 0.000000e+00 -1.000000e+00
    outer loop
      vertex   -6.619215e-01 -1.329317e+00 -1.000000e+00
      vertex   -8.360286e-01 -1.991647e+00 -1.000000e+00
      vertex   -9.842600e-01 -1.922715e+00 -1.000000e+00
    endloop
  endfacet
  facet normal -0.000000e+00 0.000000e+00 -1.000000e+00
    outer loop
      vertex   -6.619215e-01 -1.329317e+00 -1.000000e+00
      vertex   -9.842600e-01 -1.922715e+00 -1.000000e+00
      vertex   -7.817518e-01 -1.262572e+00 -1.000000e+00
    endloop
  endfacet
  facet normal 0.000000e+00 0.000000e+00 -1.000000e+00
    outer loop
      vertex   -7.817518e-01 -1.262572e+00 -1.000000e+00
      vertex   -9.842600e-01 -1.922715e+00 -1.000000e+00
      vertex   -1.126854e+00 -1.842770e+00 -1.000000e+00
    endloop
  endfacet
  facet normal 0.000000e+00 0.000000e+00 -1.000000e+00
    outer loop
      vertex   -7.817518e-01 -1.262572e+00 -1.000000e+00
      vertex   -1.126854e+00 -1.842770e+00 -1.000000e+00
      vertex   -1.262993e+00 -1.752270e+00 -1.000000e+00
    endloop
  endfacet
  facet normal -0.000000e+00 0.000000e+00 -1.000000e+00
    outer loop
      vertex   -7.817518e-01 -1.262572e+00 -1.000000e+00
      vertex   -1.262993e+00 -1.752270e+00 -1.000000e+00
      vertex   -8.949124e-01 -1.185056e+00 -1.000000e+00
    endloop
  endfacet
  facet normal 0.000000e+00 0.000000e+00 -1.000000e+00
    outer loop
      vertex   -8.949124e-01 -1.185056e+00 -1.000000e+00
      vertex   -1.262993e+00 -1.752270e+00 -1.000000e+00
      vertex   -1.391898e+00 -1.651733e+00 -1.000000e+00
    endloop
  endfacet
  facet normal -0.000000e+00 0.000000e+00 -1.000000e+00
    outer loop
      vertex   -8.949124e-01 -1.185056e+00 -1.000000e+00
      vertex   -1.391898e+00 -1.651733e+00 -1.000000e+00
      vertex   -1.000438e+00 -1.097428e+00 -1.000000e+00
    endloop
  endfacet
  facet normal 0.000000e+00 0.000000e+00 -1.000000e+00
    outer loop
      vertex   -1.000438e+00 -1.097428e+00 -1.000000e+00
      vertex   -1.391898e+00 -1.651733e+00 -1.000000e+00
      vertex   -1.512830e+00 -1.541735e+00 -1.000000e+00
    endloop
  endfacet
  facet normal -0.000000e+00 0.000000e+00 -1.000000e+00
    outer loop
      vertex   -1.000438e+00 -1.097428e+00 -1.000000e+00
      vertex   -1.512830e+00 -1.541735e+00 -1.000000e+00
      vertex   -1.097428e+00 -1.000438e+00 -1.000000e+00
    endloop
  endfacet
  facet normal 0.000000e+00 0.000000e+00 -1.000000e+00
    outer loop
      vertex   -1.097428e+00 -1.000438e+00 -1.000000e+00
      vertex   -1.512830e+00 -1.541735e+00 -1.000000e+00
      vertex   -1.625097e+00 -1.422906e+00 -1.000000e+00
    endloop
  endfacet
  facet normal -0.000000e+00 0.000000e+00 -1.000000e+00
    outer loop
      vertex   -1.097428e+00 -1.000438e+00 -1.000000e+00
      vertex   -1.625097e+00 -1.422906e+00 -1.000000e+00
      vertex   -1.185056e+00 -8.949124e-01 -1.000000e+00
    endloop
  endfacet
  facet normal 0.000000e+00 0.000000e+00 -1.000000e+00
    outer loop
      vertex   -1.185056e+00 -8.949124e-01 -1.000000e+00
      vertex   -1.625097e+00 -1.422906e+00 -1.000000e+00
      vertex   -1.728055e+00 -1.295927e+00 -1.000000e+00
    endloop
  endfacet
  facet normal 0.000000e+00 0.000000e+00 -1.000000e+00
    outer loop
      vertex   -1.185056e+00 -8.949124e-01 -1.000000e+00
      vertex   -1.728055e+00 -1.295927e+00 -1.000000e+00
      vertex   -1.821115e+00 -1.161525e+00 -1.000000e+00
    endloop
  endfacet
  facet normal -0.000000e+00 0.000000e+00 -1.000000e+00
    outer loop
      vertex   -1.185056e+00 -8.949124e-01 -1.000000e+00
      vertex   -1.821115e+00 -1.161525e+00 -1.000000e+00
      vertex   -1.262572e+00 -7.817518e-01 -1.000000e+00
    endloop
  endfacet
  facet normal 0.000000e+00 0.000000e+00 -1.000000e+00
    outer loop
      vertex   -1.262572e+00 -7.817518e-01 -1.000000e+00
      vertex   -1.821115e+00 -1.161525e+00 -1.000000e+00
      vertex   -1.903744e+00 -1.020469e+00 -1.000000e+00
    endloop
  endfacet
  facet normal -0.000000e+00 0.000000e+00 -1.000000e+00
    outer loop
      vertex   -1.262572e+00 -7.817518e-01 -1.000000e+00
      vertex   -1.903744e+00 -1.020469e+00 -1.000000e+00
      vertex   -1.329317e+00 -6.619215e-01 -1.000000e+00
    endloop
  endfacet
  facet normal 0.000000e+00 0.000000e+00 -1.000000e+00
    outer loop
      vertex   -1.329317e+00 -6.619215e-01 -1.000000e+00
      vertex   -1.903744e+00 -1.020469e+00 -1.000000e+00
      vertex   -1.975469e+00 -8.735691e-01 -1.000000e+00
    endloop
  endfacet
  facet normal -0.000000e+00 0.000000e+00 -1.000000e+00
    outer loop
      vertex   -1.329317e+00 -6.619215e-01 -1.000000e+00
      vertex   -1.975469e+00 -8.735691e-01 -1.000000e+00
      vertex   -1.384721e+00 -5.364439e-01 -1.000000e+00
    endloop
  endfacet
  facet normal 0.000000e+00 0.000000e+00 -1.000000e+00
    outer loop
      vertex   -1.384721e+00 -5.364439e-01 -1.000000e+00
      vertex   -1.975469e+00 -8.735691e-01 -1.000000e+00
      vertex   -2.035878e+00 -7.216650e-01 -1.000000e+00
    endloop
  endfacet
  facet normal -0.000000e+00 0.000000e+00 -1.000000e+00
    outer loop
      vertex   -1.384721e+00 -5.364439e-01 -1.000000e+00
      vertex   -2.035878e+00 -7.216650e-01 -1.000000e+00
      vertex   -1.428311e+00 -4.063895e-01 -1.000000e+00
    endloop
  endfacet
  facet normal 0.000000e+00 0.000000e+00 -1.000000e+00
    outer loop
      vertex   -1.428311e+00 -4.063895e-01 -1.000000e+00
      vertex   -2.035878e+00 -7.216650e-01 -1.000000e+00
      vertex   -2.084626e+00 -5.656273e-01 -1.000000e+00
    endloop
  endfacet
  facet normal -0.000000e+00 0.000000e+00 -1.000000e+00
    outer loop
      vertex   -1.428311e+00 -4.063895e-01 -1.000000e+00
      vertex   -2.084626e+00 -5.656273e-01 -1.000000e+00
      vertex   -1.459715e+00 -2.728680e-01 -1.000000e+00
    endloop
  endfacet
  facet normal 0.000000e+00 0.000000e+00 -1.000000e+00
    outer loop
      vertex   -1.459715e+00 -2.728680e-01 -1.000000e+00
      vertex   -2.084626e+00 -5.656273e-01 -1.000000e+00
      vertex   -2.121433e+00 -4.063497e-01 -1.000000e+00
    endloop
  endfacet
  facet normal -0.000000e+00 0.000000e+00 -1.000000e+00
    outer loop
      vertex   -1.459715e+00 -2.728680e-01 -1.000000e+00
      vertex   -2.121433e+00 -4.063497e-01 -1.000000e+00
      vertex   -2.146089e+00 -2.447446e-01 -1.000000e+00
    endloop
  endfacet
  facet normal 0.000000e+00 0.000000e+00 -1.000000e+00
    outer loop
      vertex   -1.459715e+00 -2.728680e-01 -1.000000e+00
      vertex   -2.146089e+00 -2.447446e-01 -1.000000e+00
      vertex   -1.478665e+00 -1.370185e-01 -1.000000e+00
    endloop
  endfacet
  facet normal -0.000000e+00 0.000000e+00 -1.000000e+00
    outer loop
      vertex   -1.478665e+00 -1.370185e-01 -1.000000e+00
      vertex   -2.146089e+00 -2.447446e-01 -1.000000e+00
      vertex   -2.158453e+00 -8.173759e-02 -1.000000e+00
    endloop
  endfacet
  facet normal 0.000000e+00 0.000000e+00 -1.000000e+00
    outer loop
      vertex   -1.478665e+00 -1.370185e-01 -1.000000e+00
      vertex   -2.158453e+00 -8.173759e-02 -1.000000e+00
      vertex   -1.485000e+00 0.000000e+00 -1.000000e+00
    endloop
  endfacet
  facet normal -0.000000e+00 0.000000e+00 -1.000000e+00
    outer loop
      vertex   -1.485000e+00 0.000000e+00 -1.000000e+00
      vertex   -2.158453e+00 -8.173759e-02 -1.000000e+00
      vertex   -2.158453e+00 8.173759e-02 -1.000000e+00
    endloop
  endfacet
  facet normal 0.000000e+00 0.000000e+00 -1.000000e+00
    outer loop
      vertex   -1.485000e+00 0.000000e+00 -1.000000e+00
      vertex   -2.158453e+00 8.173759e-02 -1.000000e+00
      vertex   -1.478665e+00 1.370185e-01 -1.000000e+00
    endloop
  endfacet
  facet normal -0.000000e+00 0.000000e+00 -1.000000e+00
    outer loop
      vertex   -1.478665e+00 1.370185e-01 -1.000000e+00
      vertex   -2.158453e+00 8.173759e-02 -1.000000e+00
      vertex   -2.146089e+00 2.447446e-01 -1.000000e+00
    endloop
  endfacet
  facet normal 0.000000e+00 0.000000e+00 -1.000000e+00
    outer loop
      vertex   -1.478665e+00 1.370185e-01 -1.000000e+00
      vertex   -2.146089e+00 2.447446e-01 -1.000000e+00
      vertex   -1.459715e+00 2.728680e-01 -1.000000e+00
    endloop
  endfacet
  facet normal -0.000000e+00 0.000000e+00 -1.000000e+00
    outer loop
      vertex   -1.459715e+00 2.728680e-01 -1.000000e+00
      vertex   -2.146089e+00 2.447446e-01 -1.000000e+00
      vertex   -2.121433e+00 4.063497e-01 -1.000000e+00
    endloop
  endfacet
  facet normal 0.000000e+00 0.000000e+00 -1.000000e+00
    outer loop
      vertex   -1.459715e+00 2.728680e-01 -1.000000e+00
      vertex   -2.121433e+00 4.063497e-01 -1.000000e+00
      vertex   -2.084626e+00 5.656273e-01 -1.000000e+00
    endloop
  endfacet
  facet normal 0.000000e+00 0.000000e+00 -1.000000e+00
    outer loop
      vertex   -1.459715e+00 2.728680e-01 -1.000000e+00
      vertex   -2.084626e+00 5.656273e-01 -1.000000e+00
      vertex   -1.428311e+00 4.063895e-01 -1.000000e+00
    endloop
  endfacet
  facet normal 0.000000e+00 0.000000e+00 -1.000000e+00
    outer loop
      vertex   -1.428311e+00 4.063895e-01 -1.000000e+00
      vertex   -2.084626e+00 5.656273e-01 -1.000000e+00
      vertex   -2.035878e+00 7.216650e-01 -1.000000e+00
    endloop
  endfacet
  facet normal 0.000000e+00 0.000000e+00 -1.000000e+00
    outer loop
      vertex   -1.428311e+00 4.063895e-01 -1.000000e+00
      vertex   -2.035878e+00 7.216650e-01 -1.000000e+00
      vertex   -1.384721e+00 5.364439e-01 -1.000000e+00
    endloop
  endfacet
  facet normal 0.000000e+00 0.000000e+00 -1.000000e+00
    outer loop
      vertex   -1.384721e+00 5.364439e-01 -1.000000e+00
      vertex   -2.035878e+00 7.216650e-01 -1.000000e+00
      vertex   -1.975469e+00 8.735691e-01 -1.000000e+00
    endloop
  endfacet
  facet normal 0.000000e+00 0.000000e+00 -1.000000e+00
    outer loop
      vertex   -1.384721e+00 5.364439e-01 -1.000000e+00
      vertex   -1.975469e+00 8.735691e-01 -1.000000e+00
      vertex   -1.329317e+00 6.619215e-01 -1.000000e+00
    endloop
  endfacet
  facet normal 0.000000e+00 0.000000e+00 -1.000000e+00
    outer loop
      vertex   -1.329317e+00 6.619215e-01 -1.000000e+00
      vertex   -1.975469e+00 8.735691e-01 -1.000000e+00
      vertex   -1.903744e+00 1.020469e+00 -1.000000e+00
    endloop
  endfacet
  facet normal 0.000000e+00 0.000000e+00 -1.000000e+00
    outer loop
      vertex   -1.329317e+00 6.619215e-01 -1.000000e+00
      vertex   -1.903744e+00 1.020469e+00 -1.000000e+00
      vertex   -1.262572e+00 7.817518e-01 -1.000000e+00
    endloop
  endfacet
  facet normal 0.000000e+00 0.000000e+00 -1.000000e+00
    outer loop
      vertex   -1.262572e+00 7.817518e-01 -1.000000e+00
      vertex   -1.903744e+00 1.020469e+00 -1.000000e+00
      vertex   -1.821115e+00 1.161525e+00 -1.000000e+00
    endloop
  endfacet
  facet normal 0.000000e+00 0.000000e+00 -1.000000e+00
    outer loop
      vertex   -1.262572e+00 7.817518e-01 -1.000000e+00
      vertex   -1.821115e+00 1.161525e+00 -1.000000e+00
      vertex   -1.185056e+00 8.949124e-01 -1.000000e+00
    endloop
  endfacet
  facet normal 0.000000e+00 0.000000e+00 -1.000000e+00
    outer loop
      vertex   -1.185056e+00 8.949124e-01 -1.000000e+00
      vertex   -1.821115e+00 1.161525e+00 -1.000000e+00
      vertex   -1.728055e+00 1.295927e+00 -1.000000e+00
    endloop
  endfacet
  facet normal 0.000000e+00 0.000000e+00 -1.000000e+00
    outer loop
      vertex   -1.185056e+00 8.949124e-01 -1.000000e+00
      vertex   -1.728055e+00 1.295927e+00 -1.000000e+00
      vertex   -1.625097e+00 1.422906e+00 -1.000000e+00
    endloop
  endfacet
  facet normal 0.000000e+00 0.000000e+00 -1.000000e+00
    outer loop
      vertex   -1.185056e+00 8.949124e-01 -1.000000e+00
      vertex   -1.625097e+00 1.422906e+00 -1.000000e+00
      vertex   -1.097428e+00 1.000438e+00 -1.000000e+00
    endloop
  endfacet
  facet normal 0.000000e+00 0.000000e+00 -1.000000e+00
    outer loop
      vertex   -1.097428e+00 1.000438e+00 -1.000000e+00
      vertex   -1.625097e+00 1.422906e+00 -1.000000e+00
      vertex   -1.512830e+00 1.541735e+00 -1.000000e+00
    endloop
  endfacet
  facet normal 0.000000e+00 0.000000e+00 -1.000000e+00
    outer loop
      vertex   -1.097428e+00 1.000438e+00 -1.000000e+00
      vertex   -1.512830e+00 1.541735e+00 -1.000000e+00
      vertex   -1.000438e+00 1.097428e+00 -1.000000e+00
    endloop
  endfacet
  facet normal 0.000000e+00 0.000000e+00 -1.000000e+00
    outer loop
      vertex   -1.000438e+00 1.097428e+00 -1.000000e+00
      vertex   -1.512830e+00 1.541735e+00 -1.000000e+00
      vertex   -1.391898e+00 1.651733e+00 -1.000000e+00
    endloop
  endfacet
  facet normal 0.000000e+00 0.000000e+00 -1.000000e+00
    outer loop
      vertex   -1.000438e+00 1.097428e+00 -1.000000e+00
      vertex   -1.391898e+00 1.651733e+00 -1.000000e+00
      vertex   -8.949124e-01 1.185056e+00 -1.000000e+00
    endloop
  endfacet
  facet normal 0.000000e+00 0.000000e+00 -1.000000e+00
    outer loop
      vertex   -8.949124e-01 1.185056e+00 -1.000000e+00
      vertex   -1.391898e+00 1.651733e+00 -1.000000e+00
      vertex   -1.262993e+00 1.752270e+00 -1.000000e+00
    endloop
  endfacet
  facet normal 0.000000e+00 0.000000e+00 -1.000000e+00
    outer loop
      vertex   -8.949124e-01 1.185056e+00 -1.000000e+00
      vertex   -1.262993e+00 1.752270e+00 -1.000000e+00
      vertex   -7.817518e-01 1.262572e+00 -1.000000e+00
    endloop
  endfacet
  facet normal 0.000000e+00 0.000000e+00 -1.000000e+00
    outer loop
      vertex   -7.817518e-01 1.262572e+00 -1.000000e+00
      vertex   -1.262993e+00 1.752270e+00 -1.000000e+00
      vertex   -1.126854e+00 1.842770e+00 -1.000000e+00
    endloop
  endfacet
  facet normal 0.000000e+00 0.000000e+00 -1.000000e+00
    outer loop
      vertex   -7.817518e-01 1.262572e+00 -1.000000e+00
      vertex   -1.126854e+00 1.842770e+00 -1.000000e+00
      vertex   -9.842600e-01 1.922715e+00 -1.000000e+00
    endloop
  endfacet
  facet normal 0.000000e+00 0.000000e+00 -1.000000e+00
    outer loop
      vertex   -7.817518e-01 1.262572e+00 -1.000000e+00
      vertex   -9.842600e-01 1.922715e+00 -1.000000e+00
      vertex   -6.619215e-01 1.329317e+00 -1.000000e+00
    endloop
  endfacet
  facet normal 0.000000e+00 0.000000e+00 -1.000000e+00
    outer loop
      vertex   -6.619215e-01 1.329317e+00 -1.000000e+00
      vertex   -9.842600e-01 1.922715e+00 -1.000000e+00
      vertex   -8.360286e-01 1.991647e+00 -1.000000e+00
    endloop
  endfacet
  facet normal 0.000000e+00 0.000000e+00 -1.000000e+00
    outer loop
      vertex   -6.619215e-01 1.329317e+00 -1.000000e+00
      vertex   -8.360286e-01 1.991647e+00 -1.000000e+00
      vertex   -5.364439e-01 1.384721e+00 -1.000000e+00
    endloop
  endfacet
  facet normal 0.000000e+00 0.000000e+00 -1.000000e+00
    outer loop
      vertex   -5.364439e-01 1.384721e+00 -1.000000e+00
      vertex   -8.360286e-01 1.991647e+00 -1.000000e+00
      vertex   -6.830086e-01 2.049170e+00 -1.000000e+00
    endloop
  endfacet
  facet normal 0.000000e+00 0.000000e+00 -1.000000e+00
    outer loop
      vertex   -5.364439e-01 1.384721e+00 -1.000000e+00
      vertex   -6.830086e-01 2.049170e+00 -1.000000e+00
      vertex   -4.063895e-01 1.428311e+00 -1.000000e+00
    endloop
  endfacet
  facet normal 0.000000e+00 0.000000e+00 -1.000000e+00
    outer loop
      vertex   -4.063895e-01 1.428311e+00 -1.000000e+00
      vertex   -6.830086e-01 2.049170e+00 -1.000000e+00
      vertex   -5.260763e-01 2.094957e+00 -1.000000e+00
    endloop
  endfacet
  facet normal 0.000000e+00 0.000000e+00 -1.000000e+00
    outer loop
      vertex   -4.063895e-01 1.428311e+00 -1.000000e+00
      vertex   -5.260763e-01 2.094957e+00 -1.000000e+00
      vertex   -2.728680e-01 1.459715e+00 -1.000000e+00
    endloop
  endfacet
  facet normal 0.000000e+00 0.000000e+00 -1.000000e+00
    outer loop
      vertex   -2.728680e-01 1.459715e+00 -1.000000e+00
      vertex   -5.260763e-01 2.094957e+00 -1.000000e+00
      vertex   -3.661307e-01 2.128743e+00 -1.000000e+00
    endloop
  endfacet
  facet normal 0.000000e+00 0.000000e+00 -1.000000e+00
    outer loop
      vertex   -2.728680e-01 1.459715e+00 -1.000000e+00
      vertex   -3.661307e-01 2.128743e+00 -1.000000e+00
      vertex   -1.370185e-01 1.478665e+00 -1.000000e+00
    endloop
  endfacet
  facet normal 0.000000e+00 0.000000e+00 -1.000000e+00
    outer loop
      vertex   -1.370185e-01 1.478665e+00 -1.000000e+00
      vertex   -3.661307e-01 2.128743e+00 -1.000000e+00
      vertex   -2.040879e-01 2.150337e+00 -1.000000e+00
    endloop
  endfacet
  facet normal 0.000000e+00 0.000000e+00 -1.000000e+00
    outer loop
      vertex   -1.370185e-01 1.478665e+00 -1.000000e+00
      vertex   -2.040879e-01 2.150337e+00 -1.000000e+00
      vertex   -4.087611e-02 2.159613e+00 -1.000000e+00
    endloop
  endfacet
  facet normal 0.000000e+00 0.000000e+00 -1.000000e+00
    outer loop
      vertex   -1.370185e-01 1.478665e+00 -1.000000e+00
      vertex   -4.087611e-02 2.159613e+00 -1.000000e+00
      vertex   9.093002e-17 1.485000e+00 -1.000000e+00
    endloop
  endfacet
  facet normal 0.000000e+00 0.000000e+00 -1.000000e+00
    outer loop
      vertex   9.093002e-17 1.485000e+00 -1.000000e+00
      vertex   -4.087611e-02 2.159613e+00 -1.000000e+00
      vertex   1.225698e-01 2.156520e+00 -1.000000e+00
    endloop
  endfacet
  facet normal 0.000000e+00 0.000000e+00 -1.000000e+00
    outer loop
      vertex   9.093002e-17 1.485000e+00 -1.000000e+00
      vertex   1.225698e-01 2.156520e+00 -1.000000e+00
      vertex   1.370185e-01 1.478665e+00 -1.000000e+00
    endloop
  endfacet
  facet normal 0.000000e+00 0.000000e+00 -1.000000e+00
    outer loop
      vertex   1.370185e-01 1.478665e+00 -1.000000e+00
      vertex   1.225698e-01 2.156520e+00 -1.000000e+00
      vertex   2.853136e-01 2.141074e+00 -1.000000e+00
    endloop
  endfacet
  facet normal 0.000000e+00 0.000000e+00 -1.000000e+00
    outer loop
      vertex   1.370185e-01 1.478665e+00 -1.000000e+00
      vertex   2.853136e-01 2.141074e+00 -1.000000e+00
      vertex   2.728680e-01 1.459715e+00 -1.000000e+00
    endloop
  endfacet
  facet normal 0.000000e+00 0.000000e+00 -1.000000e+00
    outer loop
      vertex   2.728680e-01 1.459715e+00 -1.000000e+00
      vertex   2.853136e-01 2.141074e+00 -1.000000e+00
      vertex   4.464232e-01 2.113364e+00 -1.000000e+00
    endloop
  endfacet
  facet normal 0.000000e+00 0.000000e+00 -1.000000e+00
    outer loop
      vertex   2.728680e-01 1.459715e+00 -1.000000e+00
      vertex   4.464232e-01 2.113364e+00 -1.000000e+00
      vertex   4.063895e-01 1.428311e+00 -1.000000e+00
    endloop
  endfacet
  facet normal 0.000000e+00 0.000000e+00 -1.000000e+00
    outer loop
      vertex   4.063895e-01 1.428311e+00 -1.000000e+00
      vertex   4.464232e-01 2.113364e+00 -1.000000e+00
      vertex   6.049757e-01 2.073549e+00 -1.000000e+00
    endloop
  endfacet
  facet normal 0.000000e+00 0.000000e+00 -1.000000e+00
    outer loop
      vertex   4.063895e-01 1.428311e+00 -1.000000e+00
      vertex   6.049757e-01 2.073549e+00 -1.000000e+00
      vertex   7.600630e-01 2.021857e+00 -1.000000e+00
    endloop
  endfacet
  facet normal 0.000000e+00 0.000000e+00 -1.000000e+00
    outer loop
      vertex   4.063895e-01 1.428311e+00 -1.000000e+00
      vertex   7.600630e-01 2.021857e+00 -1.000000e+00
      vertex   5.364439e-01 1.384721e+00 -1.000000e+00
    endloop
  endfacet
  facet normal 0.000000e+00 0.000000e+00 -1.000000e+00
    outer loop
      vertex   5.364439e-01 1.384721e+00 -1.000000e+00
      vertex   7.600630e-01 2.021857e+00 -1.000000e+00
      vertex   9.107967e-01 1.958584e+00 -1.000000e+00
    endloop
  endfacet
  facet normal 0.000000e+00 0.000000e+00 -1.000000e+00
    outer loop
      vertex   5.364439e-01 1.384721e+00 -1.000000e+00
      vertex   9.107967e-01 1.958584e+00 -1.000000e+00
      vertex   6.619215e-01 1.329317e+00 -1.000000e+00
    endloop
  endfacet
  facet normal 0.000000e+00 0.000000e+00 -1.000000e+00
    outer loop
      vertex   6.619215e-01 1.329317e+00 -1.000000e+00
      vertex   9.107967e-01 1.958584e+00 -1.000000e+00
      vertex   1.056313e+00 1.884092e+00 -1.000000e+00
    endloop
  endfacet
  facet normal 0.000000e+00 0.000000e+00 -1.000000e+00
    outer loop
      vertex   6.619215e-01 1.329317e+00 -1.000000e+00
      vertex   1.056313e+00 1.884092e+00 -1.000000e+00
      vertex   7.817518e-01 1.262572e+00 -1.000000e+00
    endloop
  endfacet
  facet normal 0.000000e+00 0.000000e+00 -1.000000e+00
    outer loop
      vertex   7.817518e-01 1.262572e+00 -1.000000e+00
      vertex   1.056313e+00 1.884092e+00 -1.000000e+00
      vertex   1.195780e+00 1.798808e+00 -1.000000e+00
    endloop
  endfacet
  facet normal 0.000000e+00 0.000000e+00 -1.000000e+00
    outer loop
      vertex   7.817518e-01 1.262572e+00 -1.000000e+00
      vertex   1.195780e+00 1.798808e+00 -1.000000e+00
      vertex   8.949124e-01 1.185056e+00 -1.000000e+00
    endloop
  endfacet
  facet normal 0.000000e+00 0.000000e+00 -1.000000e+00
    outer loop
      vertex   8.949124e-01 1.185056e+00 -1.000000e+00
      vertex   1.195780e+00 1.798808e+00 -1.000000e+00
      vertex   1.328397e+00 1.703221e+00 -1.000000e+00
    endloop
  endfacet
  facet normal 0.000000e+00 0.000000e+00 -1.000000e+00
    outer loop
      vertex   8.949124e-01 1.185056e+00 -1.000000e+00
      vertex   1.328397e+00 1.703221e+00 -1.000000e+00
      vertex   1.000438e+00 1.097428e+00 -1.000000e+00
    endloop
  endfacet
  facet normal 0.000000e+00 0.000000e+00 -1.000000e+00
    outer loop
      vertex   1.000438e+00 1.097428e+00 -1.000000e+00
      vertex   1.328397e+00 1.703221e+00 -1.000000e+00
      vertex   1.453405e+00 1.597878e+00 -1.000000e+00
    endloop
  endfacet
  facet normal 0.000000e+00 0.000000e+00 -1.000000e+00
    outer loop
      vertex   1.000438e+00 1.097428e+00 -1.000000e+00
      vertex   1.453405e+00 1.597878e+00 -1.000000e+00
      vertex   1.570088e+00 1.483383e+00 -1.000000e+00
    endloop
  endfacet
  facet normal 0.000000e+00 0.000000e+00 -1.000000e+00
    outer loop
      vertex   1.000438e+00 1.097428e+00 -1.000000e+00
      vertex   1.570088e+00 1.483383e+00 -1.000000e+00
      vertex   1.097428e+00 1.000438e+00 -1.000000e+00
    endloop
  endfacet
  facet normal 0.000000e+00 0.000000e+00 -1.000000e+00
    outer loop
      vertex   1.097428e+00 1.000438e+00 -1.000000e+00
      vertex   1.570088e+00 1.483383e+00 -1.000000e+00
      vertex   1.677777e+00 1.360391e+00 -1.000000e+00
    endloop
  endfacet
  facet normal 0.000000e+00 0.000000e+00 -1.000000e+00
    outer loop
      vertex   1.097428e+00 1.000438e+00 -1.000000e+00
      vertex   1.677777e+00 1.360391e+00 -1.000000e+00
      vertex   1.185056e+00 8.949124e-01 -1.000000e+00
    endloop
  endfacet
  facet normal 0.000000e+00 0.000000e+00 -1.000000e+00
    outer loop
      vertex   1.185056e+00 8.949124e-01 -1.000000e+00
      vertex   1.677777e+00 1.360391e+00 -1.000000e+00
      vertex   1.775857e+00 1.229606e+00 -1.000000e+00
    endloop
  endfacet
  facet normal 0.000000e+00 0.000000e+00 -1.000000e+00
    outer loop
      vertex   1.185056e+00 8.949124e-01 -1.000000e+00
      vertex   1.775857e+00 1.229606e+00 -1.000000e+00
      vertex   1.262572e+00 7.817518e-01 -1.000000e+00
    endloop
  endfacet
  facet normal 0.000000e+00 0.000000e+00 -1.000000e+00
    outer loop
      vertex   1.262572e+00 7.817518e-01 -1.000000e+00
      vertex   1.775857e+00 1.229606e+00 -1.000000e+00
      vertex   1.863765e+00 1.091779e+00 -1.000000e+00
    endloop
  endfacet
  facet normal 0.000000e+00 0.000000e+00 -1.000000e+00
    outer loop
      vertex   1.262572e+00 7.817518e-01 -1.000000e+00
      vertex   1.863765e+00 1.091779e+00 -1.000000e+00
      vertex   1.329317e+00 6.619215e-01 -1.000000e+00
    endloop
  endfacet
  facet normal 0.000000e+00 0.000000e+00 -1.000000e+00
    outer loop
      vertex   1.329317e+00 6.619215e-01 -1.000000e+00
      vertex   1.863765e+00 1.091779e+00 -1.000000e+00
      vertex   1.940997e+00 9.476981e-01 -1.000000e+00
    endloop
  endfacet
  facet normal 0.000000e+00 0.000000e+00 -1.000000e+00
    outer loop
      vertex   1.329317e+00 6.619215e-01 -1.000000e+00
      vertex   1.940997e+00 9.476981e-01 -1.000000e+00
      vertex   2.007111e+00 7.981888e-01 -1.000000e+00
    endloop
  endfacet
  facet normal 0.000000e+00 0.000000e+00 -1.000000e+00
    outer loop
      vertex   1.329317e+00 6.619215e-01 -1.000000e+00
      vertex   2.007111e+00 7.981888e-01 -1.000000e+00
      vertex   1.384721e+00 5.364439e-01 -1.000000e+00
    endloop
  endfacet
  facet normal 0.000000e+00 0.000000e+00 -1.000000e+00
    outer loop
      vertex   1.384721e+00 5.364439e-01 -1.000000e+00
      vertex   2.007111e+00 7.981888e-01 -1.000000e+00
      vertex   2.061729e+00 6.441075e-01 -1.000000e+00
    endloop
  endfacet
  facet normal 0.000000e+00 0.000000e+00 -1.000000e+00
    outer loop
      vertex   1.384721e+00 5.364439e-01 -1.000000e+00
      vertex   2.061729e+00 6.441075e-01 -1.000000e+00
      vertex   1.428311e+00 4.063895e-01 -1.000000e+00
    endloop
  endfacet
  facet normal 0.000000e+00 0.000000e+00 -1.000000e+00
    outer loop
      vertex   1.428311e+00 4.063895e-01 -1.000000e+00
      vertex   2.061729e+00 6.441075e-01 -1.000000e+00
      vertex   2.104537e+00 4.863368e-01 -1.000000e+00
    endloop
  endfacet
  facet normal 0.000000e+00 0.000000e+00 -1.000000e+00
    outer loop
      vertex   1.428311e+00 4.063895e-01 -1.000000e+00
      vertex   2.104537e+00 4.863368e-01 -1.000000e+00
      vertex   1.459715e+00 2.728680e-01 -1.000000e+00
    endloop
  endfacet
  facet normal 0.000000e+00 0.000000e+00 -1.000000e+00
    outer loop
      vertex   1.459715e+00 2.728680e-01 -1.000000e+00
      vertex   2.104537e+00 4.863368e-01 -1.000000e+00
      vertex   2.135291e+00 3.257805e-01 -1.000000e+00
    endloop
  endfacet
  facet normal 0.000000e+00 0.000000e+00 -1.000000e+00
    outer loop
      vertex   1.459715e+00 2.728680e-01 -1.000000e+00
      vertex   2.135291e+00 3.257805e-01 -1.000000e+00
      vertex   1.478665e+00 1.370185e-01 -1.000000e+00
    endloop
  endfacet
  facet normal 0.000000e+00 0.000000e+00 -1.000000e+00
    outer loop
      vertex   1.478665e+00 1.370185e-01 -1.000000e+00
      vertex   2.135291e+00 3.257805e-01 -1.000000e+00
      vertex   2.153814e+00 1.633581e-01 -1.000000e+00
    endloop
  endfacet
  facet normal 0.000000e+00 0.000000e+00 -1.000000e+00
    outer loop
      vertex   1.478665e+00 1.370185e-01 -1.000000e+00
      vertex   2.153814e+00 1.633581e-01 -1.000000e+00
      vertex   1.485000e+00 0.000000e+00 -1.000000e+00
    endloop
  endfacet
  facet normal 0.000000e+00 0.000000e+00 1.000000e+00
    outer loop
      vertex   -2.153814e+00 1.633581e-01 1.000000e+00
      vertex   -2.160000e+00 0.000000e+00 1.000000e+00
      vertex   -1.485000e+00 -1.818600e-16 1.000000e+00
    endloop
  endfacet
  facet normal 0.000000e+00 0.000000e+00 1.000000e+00
    outer loop
      vertex   -1.485000e+00 -1.818600e-16 1.000000e+00
      vertex   -2.160000e+00 0.000000e+00 1.000000e+00
      vertex   -2.153814e+00 -1.633581e-01 1.000000e+00
    endloop
  endfacet
  facet normal 0.000000e+00 0.000000e+00 1.000000e+00
    outer loop
      vertex   -1.485000e+00 -1.818600e-16 1.000000e+00
      vertex   -2.153814e+00 -1.633581e-01 1.000000e+00
      vertex   -1.478665e+00 -1.370185e-01 1.000000e+00
    endloop
  endfacet
  facet normal 0.000000e+00 0.000000e+00 1.000000e+00
    outer loop
      vertex   -1.478665e+00 -1.370185e-01 1.000000e+00
      vertex   -2.153814e+00 -1.633581e-01 1.000000e+00
      vertex   -2.135291e+00 -3.257805e-01 1.000000e+00
    endloop
  endfacet
  facet normal 0.000000e+00 0.000000e+00 1.000000e+00
    outer loop
      vertex   -1.478665e+00 -1.370185e-01 1.000000e+00
      vertex   -2.135291e+00 -3.257805e-01 1.000000e+00
      vertex   -1.459715e+00 -2.728680e-01 1.000000e+00
    endloop
  endfacet
  facet normal 0.000000e+00 0.000000e+00 1.000000e+00
    outer loop
      vertex   -1.459715e+00 -2.728680e-01 1.000000e+00
      vertex   -2.135291e+00 -3.257805e-01 1.000000e+00
      vertex   -2.104537e+00 -4.863368e-01 1.000000e+00
    endloop
  endfacet
  facet normal 0.000000e+00 0.000000e+00 1.000000e+00
    outer loop
      vertex   -1.459715e+00 -2.728680e-01 1.000000e+00
      vertex   -2.104537e+00 -4.863368e-01 1.000000e+00
      vertex   -1.428311e+00 -4.063895e-01 1.000000e+00
    endloop
  endfacet
  facet normal 0.000000e+00 0.000000e+00 1.000000e+00
    outer loop
      vertex   -1.428311e+00 -4.063895e-01 1.000000e+00
      vertex   -2.104537e+00 -4.863368e-01 1.000000e+00
      vertex   -2.061729e+00 -6.441075e-01 1.000000e+00
    endloop
  endfacet
  facet normal 0.000000e+00 0.000000e+00 1.000000e+00
    outer loop
      vertex   -1.428311e+00 -4.063895e-01 1.000000e+00
      vertex   -2.061729e+00 -6.441075e-01 1.000000e+00
      vertex   -1.384721e+00 -5.364439e-01 1.000000e+00
    endloop
  endfacet
  facet normal 0.000000e+00 0.000000e+00 1.000000e+00
    outer loop
      vertex   -1.384721e+00 -5.364439e-01 1.000000e+00
      vertex   -2.061729e+00 -6.441075e-01 1.000000e+00
      vertex   -2.007111e+00 -7.981888e-01 1.000000e+00
    endloop
  endfacet
  facet normal 0.000000e+00 0.000000e+00 1.000000e+00
    outer loop
      vertex   -1.384721e+00 -5.364439e-01 1.000000e+00
      vertex   -2.007111e+00 -7.981888e-01 1.000000e+00
      vertex   -1.329317e+00 -6.619215e-01 1.000000e+00
    endloop
  endfacet
  facet normal 0.000000e+00 0.000000e+00 1.000000e+00
    outer loop
      vertex   -1.329317e+00 -6.619215e-01 1.000000e+00
      vertex   -2.007111e+00 -7.981888e-01 1.000000e+00
      vertex   -1.940997e+00 -9.476981e-01 1.000000e+00
    endloop
  endfacet
  facet normal 0.000000e+00 0.000000e+00 1.000000e+00
    outer loop
      vertex   -1.329317e+00 -6.619215e-01 1.000000e+00
      vertex   -1.940997e+00 -9.476981e-01 1.000000e+00
      vertex   -1.863765e+00 -1.091779e+00 1.000000e+00
    endloop
  endfacet
  facet normal 0.000000e+00 0.000000e+00 1.000000e+00
    outer loop
      vertex   -1.329317e+00 -6.619215e-01 1.000000e+00
      vertex   -1.863765e+00 -1.091779e+00 1.000000e+00
      vertex   -1.262572e+00 -7.817518e-01 1.000000e+00
    endloop
  endfacet
  facet normal 0.000000e+00 0.000000e+00 1.000000e+00
    outer loop
      vertex   -1.262572e+00 -7.817518e-01 1.000000e+00
      vertex   -1.863765e+00 -1.091779e+00 1.000000e+00
      vertex   -1.775857e+00 -1.229606e+00 1.000000e+00
    endloop
  endfacet
  facet normal 0.000000e+00 0.000000e+00 1.000000e+00
    outer loop
      vertex   -1.262572e+00 -7.817518e-01 1.000000e+00
      vertex   -1.775857e+00 -1.229606e+00 1.000000e+00
      vertex   -1.185056e+00 -8.949124e-01 1.000000e+00
    endloop
  endfacet
  facet normal 0.000000e+00 0.000000e+00 1.000000e+00
    outer loop
      vertex   -1.185056e+00 -8.949124e-01 1.000000e+00
      vertex   -1.775857e+00 -1.229606e+00 1.000000e+00
      vertex   -1.677777e+00 -1.360391e+00 1.000000e+00
    endloop
  endfacet
  facet normal 0.000000e+00 0.000000e+00 1.000000e+00
    outer loop
      vertex   -1.185056e+00 -8.949124e-01 1.000000e+00
      vertex   -1.677777e+00 -1.360391e+00 1.000000e+00
      vertex   -1.097428e+00 -1.000438e+00 1.000000e+00
    endloop
  endfacet
  facet normal 0.000000e+00 0.000000e+00 1.000000e+00
    outer loop
      vertex   -1.097428e+00 -1.000438e+00 1.000000e+00
      vertex   -1.677777e+00 -1.360391e+00 1.000000e+00
      vertex   -1.570088e+00 -1.483383e+00 1.000000e+00
    endloop
  endfacet
  facet normal 0.000000e+00 0.000000e+00 1.000000e+00
    outer loop
      vertex   -1.097428e+00 -1.000438e+00 1.000000e+00
      vertex   -1.570088e+00 -1.483383e+00 1.000000e+00
      vertex   -1.000438e+00 -1.097428e+00 1.000000e+00
    endloop
  endfacet
  facet normal 0.000000e+00 0.000000e+00 1.000000e+00
    outer loop
      vertex   -1.000438e+00 -1.097428e+00 1.000000e+00
      vertex   -1.570088e+00 -1.483383e+00 1.000000e+00
      vertex   -1.453405e+00 -1.597878e+00 1.000000e+00
    endloop
  endfacet
  facet normal 0.000000e+00 0.000000e+00 1.000000e+00
    outer loop
      vertex   -1.000438e+00 -1.097428e+00 1.000000e+00
      vertex   -1.453405e+00 -1.597878e+00 1.000000e+00
      vertex   -1.328397e+00 -1.703221e+00 1.000000e+00
    endloop
  endfacet
  facet normal 0.000000e+00 0.000000e+00 1.000000e+00
    outer loop
      vertex   -1.000438e+00 -1.097428e+00 1.000000e+00
      vertex   -1.328397e+00 -1.703221e+00 1.000000e+00
      vertex   -8.949124e-01 -1.185056e+00 1.000000e+00
    endloop
  endfacet
  facet normal 0.000000e+00 0.000000e+00 1.000000e+00
    outer loop
      vertex   -8.949124e-01 -1.185056e+00 1.000000e+00
      vertex   -1.328397e+00 -1.703221e+00 1.000000e+00
      vertex   -1.195780e+00 -1.798808e+00 1.000000e+00
    endloop
  endfacet
  facet normal 0.000000e+00 0.000000e+00 1.000000e+00
    outer loop
      vertex   -8.949124e-01 -1.185056e+00 1.000000e+00
      vertex   -1.195780e+00 -1.798808e+00 1.000000e+00
      vertex   -7.817518e-01 -1.262572e+00 1.000000e+00
    endloop
  endfacet
  facet normal 0.000000e+00 0.000000e+00 1.000000e+00
    outer loop
      vertex   -7.817518e-01 -1.262572e+00 1.000000e+00
      vertex   -1.195780e+00 -1.798808e+00 1.000000e+00
      vertex   -1.056313e+00 -1.884092e+00 1.000000e+00
    endloop
  endfacet
  facet normal 0.000000e+00 0.000000e+00 1.000000e+00
    outer loop
      vertex   -7.817518e-01 -1.262572e+00 1.000000e+00
      vertex   -1.056313e+00 -1.884092e+00 1.000000e+00
      vertex   -6.619215e-01 -1.329317e+00 1.000000e+00
    endloop
  endfacet
  facet normal 0.000000e+00 0.000000e+00 1.000000e+00
    outer loop
      vertex   -6.619215e-01 -1.329317e+00 1.000000e+00
      vertex   -1.056313e+00 -1.884092e+00 1.000000e+00
      vertex   -9.107967e-01 -1.958584e+00 1.000000e+00
    endloop
  endfacet
  facet normal 0.000000e+00 0.000000e+00 1.000000e+00
    outer loop
      vertex   -6.619215e-01 -1.329317e+00 1.000000e+00
      vertex   -9.107967e-01 -1.958584e+00 1.000000e+00
      vertex   -5.364439e-01 -1.384721e+00 1.000000e+00
    endloop
  endfacet
  facet normal 0.000000e+00 0.000000e+00 1.000000e+00
    outer loop
      vertex   -5.364439e-01 -1.384721e+00 1.000000e+00
      vertex   -9.107967e-01 -1.958584e+00 1.000000e+00
      vertex   -7.600630e-01 -2.021857e+00 1.000000e+00
    endloop
  endfacet
  facet normal 0.000000e+00 0.000000e+00 1.000000e+00
    outer loop
      vertex   -5.364439e-01 -1.384721e+00 1.000000e+00
      vertex   -7.600630e-01 -2.021857e+00 1.000000e+00
      vertex   -4.063895e-01 -1.428311e+00 1.000000e+00
    endloop
  endfacet
  facet normal 0.000000e+00 0.000000e+00 1.000000e+00
    outer loop
      vertex   -4.063895e-01 -1.428311e+00 1.000000e+00
      vertex   -7.600630e-01 -2.021857e+00 1.000000e+00
      vertex   -6.049757e-01 -2.073549e+00 1.000000e+00
    endloop
  endfacet
  facet normal 0.000000e+00 0.000000e+00 1.000000e+00
    outer loop
      vertex   -4.063895e-01 -1.428311e+00 1.000000e+00
      vertex   -6.049757e-01 -2.073549e+00 1.000000e+00
      vertex   -4.464232e-01 -2.113364e+00 1.000000e+00
    endloop
  endfacet
  facet normal 0.000000e+00 0.000000e+00 1.000000e+00
    outer loop
      vertex   -4.063895e-01 -1.428311e+00 1.000000e+00
      vertex   -4.464232e-01 -2.113364e+00 1.000000e+00
      vertex   -2.728680e-01 -1.459715e+00 1.000000e+00
    endloop
  endfacet
  facet normal 0.000000e+00 0.000000e+00 1.000000e+00
    outer loop
      vertex   -2.728680e-01 -1.459715e+00 1.000000e+00
      vertex   -4.464232e-01 -2.113364e+00 1.000000e+00
      vertex   -2.853136e-01 -2.141074e+00 1.000000e+00
    endloop
  endfacet
  facet normal 0.000000e+00 0.000000e+00 1.000000e+00
    outer loop
      vertex   -2.728680e-01 -1.459715e+00 1.000000e+00
      vertex   -2.853136e-01 -2.141074e+00 1.000000e+00
      vertex   -1.370185e-01 -1.478665e+00 1.000000e+00
    endloop
  endfacet
  facet normal 0.000000e+00 0.000000e+00 1.000000e+00
    outer loop
      vertex   -1.370185e-01 -1.478665e+00 1.000000e+00
      vertex   -2.853136e-01 -2.141074e+00 1.000000e+00
      vertex   -1.225698e-01 -2.156520e+00 1.000000e+00
    endloop
  endfacet
  facet normal 0.000000e+00 0.000000e+00 1.000000e+00
    outer loop
      vertex   -1.370185e-01 -1.478665e+00 1.000000e+00
      vertex   -1.225698e-01 -2.156520e+00 1.000000e+00
      vertex   9.093002e-17 -1.485000e+00 1.000000e+00
    endloop
  endfacet
  facet normal 0.000000e+00 0.000000e+00 1.000000e+00
    outer loop
      vertex   9.093002e-17 -1.485000e+00 1.000000e+00
      vertex   -1.225698e-01 -2.156520e+00 1.000000e+00
      vertex   4.087611e-02 -2.159613e+00 1.000000e+00
    endloop
  endfacet
  facet normal -0.000000e+00 0.000000e+00 1.000000e+00
    outer loop
      vertex   9.093002e-17 -1.485000e+00 1.000000e+00
      vertex   4.087611e-02 -2.159613e+00 1.000000e+00
      vertex   1.370185e-01 -1.478665e+00 1.000000e+00
    endloop
  endfacet
  facet normal 0.000000e+00 0.000000e+00 1.000000e+00
    outer loop
      vertex   1.370185e-01 -1.478665e+00 1.000000e+00
      vertex   4.087611e-02 -2.159613e+00 1.000000e+00
      vertex   2.040879e-01 -2.150337e+00 1.000000e+00
    endloop
  endfacet
  facet normal 0.000000e+00 0.000000e+00 1.000000e+00
    outer loop
      vertex   1.370185e-01 -1.478665e+00 1.000000e+00
      vertex   2.040879e-01 -2.150337e+00 1.000000e+00
      vertex   3.661307e-01 -2.128743e+00 1.000000e+00
    endloop
  endfacet
  facet normal -0.000000e+00 0.000000e+00 1.000000e+00
    outer loop
      vertex   1.370185e-01 -1.478665e+00 1.000000e+00
      vertex   3.661307e-01 -2.128743e+00 1.000000e+00
      vertex   2.728680e-01 -1.459715e+00 1.000000e+00
    endloop
  endfacet
  facet normal 0.000000e+00 0.000000e+00 1.000000e+00
    outer loop
      vertex   2.728680e-01 -1.459715e+00 1.000000e+00
      vertex   3.661307e-01 -2.128743e+00 1.000000e+00
      vertex   5.260763e-01 -2.094957e+00 1.000000e+00
    endloop
  endfacet
  facet normal -0.000000e+00 0.000000e+00 1.000000e+00
    outer loop
      vertex   2.728680e-01 -1.459715e+00 1.000000e+00
      vertex   5.260763e-01 -2.094957e+00 1.000000e+00
      vertex   4.063895e-01 -1.428311e+00 1.000000e+00
    endloop
  endfacet
  facet normal 0.000000e+00 0.000000e+00 1.000000e+00
    outer loop
      vertex   4.063895e-01 -1.428311e+00 1.000000e+00
      vertex   5.260763e-01 -2.094957e+00 1.000000e+00
      vertex   6.830086e-01 -2.049170e+00 1.000000e+00
    endloop
  endfacet
  facet normal -0.000000e+00 0.000000e+00 1.000000e+00
    outer loop
      vertex   4.063895e-01 -1.428311e+00 1.000000e+00
      vertex   6.830086e-01 -2.049170e+00 1.000000e+00
      vertex   5.364439e-01 -1.384721e+00 1.000000e+00
    endloop
  endfacet
  facet normal 0.000000e+00 0.000000e+00 1.000000e+00
    outer loop
      vertex   5.364439e-01 -1.384721e+00 1.000000e+00
      vertex   6.830086e-01 -2.049170e+00 1.000000e+00
      vertex   8.360286e-01 -1.991647e+00 1.000000e+00
    endloop
  endfacet
  facet normal -0.000000e+00 0.000000e+00 1.000000e+00
    outer loop
      vertex   5.364439e-01 -1.384721e+00 1.000000e+00
      vertex   8.360286e-01 -1.991647e+00 1.000000e+00
      vertex   6.619215e-01 -1.329317e+00 1.000000e+00
    endloop
  endfacet
  facet normal 0.000000e+00 0.000000e+00 1.000000e+00
    outer loop
      vertex   6.619215e-01 -1.329317e+00 1.000000e+00
      vertex   8.360286e-01 -1.991647e+00 1.000000e+00
      vertex   9.842600e-01 -1.922715e+00 1.000000e+00
    endloop
  endfacet
  facet normal -0.000000e+00 0.000000e+00 1.000000e+00
    outer loop
      vertex   6.619215e-01 -1.329317e+00 1.000000e+00
      vertex   9.842600e-01 -1.922715e+00 1.000000e+00
      vertex   7.817518e-01 -1.262572e+00 1.000000e+00
    endloop
  endfacet
  facet normal 0.000000e+00 0.000000e+00 1.000000e+00
    outer loop
      vertex   7.817518e-01 -1.262572e+00 1.000000e+00
      vertex   9.842600e-01 -1.922715e+00 1.000000e+00
      vertex   1.126854e+00 -1.842770e+00 1.000000e+00
    endloop
  endfacet
  facet normal 0.000000e+00 0.000000e+00 1.000000e+00
    outer loop
      vertex   7.817518e-01 -1.262572e+00 1.000000e+00
      vertex   1.126854e+00 -1.842770e+00 1.000000e+00
      vertex   1.262993e+00 -1.752270e+00 1.000000e+00
    endloop
  endfacet
  facet normal -0.000000e+00 0.000000e+00 1.000000e+00
    outer loop
      vertex   7.817518e-01 -1.262572e+00 1.000000e+00
      vertex   1.262993e+00 -1.752270e+00 1.000000e+00
      vertex   8.949124e-01 -1.185056e+00 1.000000e+00
    endloop
  endfacet
  facet normal 0.000000e+00 0.000000e+00 1.000000e+00
    outer loop
      vertex   8.949124e-01 -1.185056e+00 1.000000e+00
      vertex   1.262993e+00 -1.752270e+00 1.000000e+00
      vertex   1.391898e+00 -1.651733e+00 1.000000e+00
    endloop
  endfacet
  facet normal -0.000000e+00 0.000000e+00 1.000000e+00
    outer loop
      vertex   8.949124e-01 -1.185056e+00 1.000000e+00
      vertex   1.391898e+00 -1.651733e+00 1.000000e+00
      vertex   1.000438e+00 -1.097428e+00 1.000000e+00
    endloop
  endfacet
  facet normal 0.000000e+00 0.000000e+00 1.000000e+00
    outer loop
      vertex   1.000438e+00 -1.097428e+00 1.000000e+00
      vertex   1.391898e+00 -1.651733e+00 1.000000e+00
      vertex   1.512830e+00 -1.541735e+00 1.000000e+00
    endloop
  endfacet
  facet normal -0.000000e+00 0.000000e+00 1.000000e+00
    outer loop
      vertex   1.000438e+00 -1.097428e+00 1.000000e+00
      vertex   1.512830e+00 -1.541735e+00 1.000000e+00
      vertex   1.097428e+00 -1.000438e+00 1.000000e+00
    endloop
  endfacet
  facet normal 0.000000e+00 0.000000e+00 1.000000e+00
    outer loop
      vertex   1.097428e+00 -1.000438e+00 1.000000e+00
      vertex   1.512830e+00 -1.541735e+00 1.000000e+00
      vertex   1.625097e+00 -1.422906e+00 1.000000e+00
    endloop
  endfacet
  facet normal -0.000000e+00 0.000000e+00 1.000000e+00
    outer loop
      vertex   1.097428e+00 -1.000438e+00 1.000000e+00
      vertex   1.625097e+00 -1.422906e+00 1.000000e+00
      vertex   1.185056e+00 -8.949124e-01 1.000000e+00
    endloop
  endfacet
  facet normal 0.000000e+00 0.000000e+00 1.000000e+00
    outer loop
      vertex   1.185056e+00 -8.949124e-01 1.000000e+00
      vertex   1.625097e+00 -1.422906e+00 1.000000e+00
      vertex   1.728055e+00 -1.295927e+00 1.000000e+00
    endloop
  endfacet
  facet normal 0.000000e+00 0.000000e+00 1.000000e+00
    outer loop
      vertex   1.185056e+00 -8.949124e-01 1.000000e+00
      vertex   1.728055e+00 -1.295927e+00 1.000000e+00
      vertex   1.821115e+00 -1.161525e+00 1.000000e+00
    endloop
  endfacet
  facet normal -0.000000e+00 0.000000e+00 1.000000e+00
    outer loop
      vertex   1.185056e+00 -8.949124e-01 1.000000e+00
      vertex   1.821115e+00 -1.161525e+00 1.000000e+00
      vertex   1.262572e+00 -7.817518e-01 1.000000e+00
    endloop
  endfacet
  facet normal 0.000000e+00 0.000000e+00 1.000000e+00
    outer loop
      vertex   1.262572e+00 -7.817518e-01 1.000000e+00
      vertex   1.821115e+00 -1.161525e+00 1.000000e+00
      vertex   1.903744e+00 -1.020469e+00 1.000000e+00
    endloop
  endfacet
  facet normal -0.000000e+00 0.000000e+00 1.000000e+00
    outer loop
      vertex   1.262572e+00 -7.817518e-01 1.000000e+00
      vertex   1.903744e+00 -1.020469e+00 1.000000e+00
      vertex   1.329317e+00 -6.619215e-01 1.000000e+00
    endloop
  endfacet
  facet normal 0.000000e+00 0.000000e+00 1.000000e+00
    outer loop
      vertex   1.329317e+00 -6.619215e-01 1.000000e+00
      vertex   1.903744e+00 -1.020469e+00 1.000000e+00
      vertex   1.975469e+00 -8.735691e-01 1.000000e+00
    endloop
  endfacet
  facet normal -0.000000e+00 0.000000e+00 1.000000e+00
    outer loop
      vertex   1.329317e+00 -6.619215e-01 1.000000e+00
      vertex   1.975469e+00 -8.735691e-01 1.000000e+00
      vertex   1.384721e+00 -5.364439e-01 1.000000e+00
    endloop
  endfacet
  facet normal 0.000000e+00 0.000000e+00 1.000000e+00
    outer loop
      vertex   1.384721e+00 -5.364439e-01 1.000000e+00
      vertex   1.975469e+00 -8.735691e-01 1.000000e+00
      vertex   2.035878e+00 -7.216650e-01 1.000000e+00
    endloop
  endfacet
  facet normal -0.000000e+00 0.000000e+00 1.000000e+00
    outer loop
      vertex   1.384721e+00 -5.364439e-01 1.000000e+00
      vertex   2.035878e+00 -7.216650e-01 1.000000e+00
      vertex   1.428311e+00 -4.063895e-01 1.000000e+00
    endloop
  endfacet
  facet normal 0.000000e+00 0.000000e+00 1.000000e+00
    outer loop
      vertex   1.428311e+00 -4.063895e-01 1.000000e+00
      vertex   2.035878e+00 -7.216650e-01 1.000000e+00
      vertex   2.084626e+00 -5.656273e-01 1.000000e+00
    endloop
  endfacet
  facet normal -0.000000e+00 0.000000e+00 1.000000e+00
    outer loop
      vertex   1.428311e+00 -4.063895e-01 1.000000e+00
      vertex   2.084626e+00 -5.656273e-01 1.000000e+00
      vertex   1.459715e+00 -2.728680e-01 1.000000e+00
    endloop
  endfacet
  facet normal 0.000000e+00 0.000000e+00 1.000000e+00
    outer loop
      vertex   1.459715e+00 -2.728680e-01 1.000000e+00
      vertex   2.084626e+00 -5.656273e-01 1.000000e+00
      vertex   2.121433e+00 -4.063497e-01 1.000000e+00
    endloop
  endfacet
  facet normal -0.000000e+00 0.000000e+00 1.000000e+00
    outer loop
      vertex   1.459715e+00 -2.728680e-01 1.000000e+00
      vertex   2.121433e+00 -4.063497e-01 1.000000e+00
      vertex   2.146089e+00 -2.447446e-01 1.000000e+00
    endloop
  endfacet
  facet normal 0.000000e+00 0.000000e+00 1.000000e+00
    outer loop
      vertex   1.459715e+00 -2.728680e-01 1.000000e+00
      vertex   2.146089e+00 -2.447446e-01 1.000000e+00
      vertex   1.478665e+00 -1.370185e-01 1.000000e+00
    endloop
  endfacet
  facet normal -0.000000e+00 0.000000e+00 1.000000e+00
    outer loop
      vertex   1.478665e+00 -1.370185e-01 1.000000e+00
      vertex   2.146089e+00 -2.447446e-01 1.000000e+00
      vertex   2.158453e+00 -8.173759e-02 1.000000e+00
    endloop
  endfacet
  facet normal 0.000000e+00 0.000000e+00 1.000000e+00
    outer loop
      vertex   1.478665e+00 -1.370185e-01 1.000000e+00
      vertex   2.158453e+00 -8.173759e-02 1.000000e+00
      vertex   1.485000e+00 0.000000e+00 1.000000e+00
    endloop
  endfacet
  facet normal -0.000000e+00 0.000000e+00 1.000000e+00
    outer loop
      vertex   1.485000e+00 0.000000e+00 1.000000e+00
      vertex   2.158453e+00 -8.173759e-02 1.000000e+00
      vertex   2.158453e+00 8.173759e-02 1.000000e+00
    endloop
  endfacet
  facet normal 0.000000e+00 -0.000000e+00 1.000000e+00
    outer loop
      vertex   1.485000e+00 0.000000e+00 1.000000e+00
      vertex   2.158453e+00 8.173759e-02 1.000000e+00
      vertex   1.478665e+00 1.370185e-01 1.000000e+00
    endloop
  endfacet
  facet normal -0.000000e+00 0.000000e+00 1.000000e+00
    outer loop
      vertex   1.478665e+00 1.370185e-01 1.000000e+00
      vertex   2.158453e+00 8.173759e-02 1.000000e+00
      vertex   2.146089e+00 2.447446e-01 1.000000e+00
    endloop
  endfacet
  facet normal 0.000000e+00 -0.000000e+00 1.000000e+00
    outer loop
      vertex   1.478665e+00 1.370185e-01 1.000000e+00
      vertex   2.146089e+00 2.447446e-01 1.000000e+00
      vertex   1.459715e+00 2.728680e-01 1.000000e+00
    endloop
  endfacet
  facet normal -0.000000e+00 0.000000e+00 1.000000e+00
    outer loop
      vertex   1.459715e+00 2.728680e-01 1.000000e+00
      vertex   2.146089e+00 2.447446e-01 1.000000e+00
      vertex   2.121433e+00 4.063497e-01 1.000000e+00
    endloop
  endfacet
  facet normal 0.000000e+00 0.000000e+00 1.000000e+00
    outer loop
      vertex   1.459715e+00 2.728680e-01 1.000000e+00
      vertex   2.121433e+00 4.063497e-01 1.000000e+00
      vertex   2.084626e+00 5.656273e-01 1.000000e+00
    endloop
  endfacet
  facet normal 0.000000e+00 -0.000000e+00 1.000000e+00
    outer loop
      vertex   1.459715e+00 2.728680e-01 1.000000e+00
      vertex   2.084626e+00 5.656273e-01 1.000000e+00
      vertex   1.428311e+00 4.063895e-01 1.000000e+00
    endloop
  endfacet
  facet normal 0.000000e+00 0.000000e+00 1.000000e+00
    outer loop
      vertex   1.428311e+00 4.063895e-01 1.000000e+00
      vertex   2.084626e+00 5.656273e-01 1.000000e+00
      vertex   2.035878e+00 7.216650e-01 1.000000e+00
    endloop
  endfacet
  facet normal 0.000000e+00 -0.000000e+00 1.000000e+00
    outer loop
      vertex   1.428311e+00 4.063895e-01 1.000000e+00
      vertex   2.035878e+00 7.216650e-01 1.000000e+00
      vertex   1.384721e+00 5.364439e-01 1.000000e+00
    endloop
  endfacet
  facet normal 0.000000e+00 0.000000e+00 1.000000e+00
    outer loop
      vertex   1.384721e+00 5.364439e-01 1.000000e+00
      vertex   2.035878e+00 7.216650e-01 1.000000e+00
      vertex   1.975469e+00 8.735691e-01 1.000000e+00
    endloop
  endfacet
  facet normal 0.000000e+00 -0.000000e+00 1.000000e+00
    outer loop
      vertex   1.384721e+00 5.364439e-01 1.000000e+00
      vertex   1.975469e+00 8.735691e-01 1.000000e+00
      vertex   1.329317e+00 6.619215e-01 1.000000e+00
    endloop
  endfacet
  facet normal 0.000000e+00 0.000000e+00 1.000000e+00
    outer loop
      vertex   1.329317e+00 6.619215e-01 1.000000e+00
      vertex   1.975469e+00 8.735691e-01 1.000000e+00
      vertex   1.903744e+00 1.020469e+00 1.000000e+00
    endloop
  endfacet
  facet normal 0.000000e+00 -0.000000e+00 1.000000e+00
    outer loop
      vertex   1.329317e+00 6.619215e-01 1.000000e+00
      vertex   1.903744e+00 1.020469e+00 1.000000e+00
      vertex   1.262572e+00 7.817518e-01 1.000000e+00
    endloop
  endfacet
  facet normal 0.000000e+00 0.000000e+00 1.000000e+00
    outer loop
      vertex   1.262572e+00 7.817518e-01 1.000000e+00
      vertex   1.903744e+00 1.020469e+00 1.000000e+00
      vertex   1.821115e+00 1.161525e+00 1.000000e+00
    endloop
  endfacet
  facet normal 0.000000e+00 -0.000000e+00 1.000000e+00
    outer loop
      vertex   1.262572e+00 7.817518e-01 1.000000e+00
      vertex   1.821115e+00 1.161525e+00 1.000000e+00
      vertex   1.185056e+00 8.949124e-01 1.000000e+00
    endloop
  endfacet
  facet normal 0.000000e+00 0.000000e+00 1.000000e+00
    outer loop
      vertex   1.185056e+00 8.949124e-01 1.000000e+00
      vertex   1.821115e+00 1.161525e+00 1.000000e+00
      vertex   1.728055e+00 1.295927e+00 1.000000e+00
    endloop
  endfacet
  facet normal 0.000000e+00 0.000000e+00 1.000000e+00
    outer loop
      vertex   1.185056e+00 8.949124e-01 1.000000e+00
      vertex   1.728055e+00 1.295927e+00 1.000000e+00
      vertex   1.625097e+00 1.422906e+00 1.000000e+00
    endloop
  endfacet
  facet normal 0.000000e+00 -0.000000e+00 1.000000e+00
    outer loop
      vertex   1.185056e+00 8.949124e-01 1.000000e+00
      vertex   1.625097e+00 1.422906e+00 1.000000e+00
      vertex   1.097428e+00 1.000438e+00 1.000000e+00
    endloop
  endfacet
  facet normal 0.000000e+00 0.000000e+00 1.000000e+00
    outer loop
      vertex   1.097428e+00 1.000438e+00 1.000000e+00
      vertex   1.625097e+00 1.422906e+00 1.000000e+00
      vertex   1.512830e+00 1.541735e+00 1.000000e+00
    endloop
  endfacet
  facet normal 0.000000e+00 -0.000000e+00 1.000000e+00
    outer loop
      vertex   1.097428e+00 1.000438e+00 1.000000e+00
      vertex   1.512830e+00 1.541735e+00 1.000000e+00
      vertex   1.000438e+00 1.097428e+00 1.000000e+00
    endloop
  endfacet
  facet normal 0.000000e+00 0.000000e+00 1.000000e+00
    outer loop
      vertex   1.000438e+00 1.097428e+00 1.000000e+00
      vertex   1.512830e+00 1.541735e+00 1.000000e+00
      vertex   1.391898e+00 1.651733e+00 1.000000e+00
    endloop
  endfacet
  facet normal 0.000000e+00 -0.000000e+00 1.000000e+00
    outer loop
      vertex   1.000438e+00 1.097428e+00 1.000000e+00
      vertex   1.391898e+00 1.651733e+00 1.000000e+00
      vertex   8.949124e-01 1.185056e+00 1.000000e+00
    endloop
  endfacet
  facet normal 0.000000e+00 0.000000e+00 1.000000e+00
    outer loop
      vertex   8.949124e-01 1.185056e+00 1.000000e+00
      vertex   1.391898e+00 1.651733e+00 1.000000e+00
      vertex   1.262993e+00 1.752270e+00 1.000000e+00
    endloop
  endfacet
  facet normal 0.000000e+00 -0.000000e+00 1.000000e+00
    outer loop
      vertex   8.949124e-01 1.185056e+00 1.000000e+00
      vertex   1.262993e+00 1.752270e+00 1.000000e+00
      vertex   7.817518e-01 1.262572e+00 1.000000e+00
    endloop
  endfacet
  facet normal 0.000000e+00 0.000000e+00 1.000000e+00
    outer loop
      vertex   7.817518e-01 1.262572e+00 1.000000e+00
      vertex   1.262993e+00 1.752270e+00 1.000000e+00
      vertex   1.126854e+00 1.842770e+00 1.000000e+00
    endloop
  endfacet
  facet normal 0.000000e+00 0.000000e+00 1.000000e+00
    outer loop
      vertex   7.817518e-01 1.262572e+00 1.000000e+00
      vertex   1.126854e+00 1.842770e+00 1.000000e+00
      vertex   9.842600e-01 1.922715e+00 1.000000e+00
    endloop
  endfacet
  facet normal 0.000000e+00 -0.000000e+00 1.000000e+00
    outer loop
      vertex   7.817518e-01 1.262572e+00 1.000000e+00
      vertex   9.842600e-01 1.922715e+00 1.000000e+00
      vertex   6.619215e-01 1.329317e+00 1.000000e+00
    endloop
  endfacet
  facet normal 0.000000e+00 0.000000e+00 1.000000e+00
    outer loop
      vertex   6.619215e-01 1.329317e+00 1.000000e+00
      vertex   9.842600e-01 1.922715e+00 1.000000e+00
      vertex   8.360286e-01 1.991647e+00 1.000000e+00
    endloop
  endfacet
  facet normal 0.000000e+00 -0.000000e+00 1.000000e+00
    outer loop
      vertex   6.619215e-01 1.329317e+00 1.000000e+00
      vertex   8.360286e-01 1.991647e+00 1.000000e+00
      vertex   5.364439e-01 1.384721e+00 1.000000e+00
    endloop
  endfacet
  facet normal 0.000000e+00 0.000000e+00 1.000000e+00
    outer loop
      vertex   5.364439e-01 1.384721e+00 1.000000e+00
      vertex   8.360286e-01 1.991647e+00 1.000000e+00
      vertex   6.830086e-01 2.049170e+00 1.000000e+00
    endloop
  endfacet
  facet normal 0.000000e+00 -0.000000e+00 1.000000e+00
    outer loop
      vertex   5.364439e-01 1.384721e+00 1.000000e+00
      vertex   6.830086e-01 2.049170e+00 1.000000e+00
      vertex   4.063895e-01 1.428311e+00 1.000000e+00
    endloop
  endfacet
  facet normal 0.000000e+00 0.000000e+00 1.000000e+00
    outer loop
      vertex   4.063895e-01 1.428311e+00 1.000000e+00
      vertex   6.830086e-01 2.049170e+00 1.000000e+00
      vertex   5.260763e-01 2.094957e+00 1.000000e+00
    endloop
  endfacet
  facet normal 0.000000e+00 -0.000000e+00 1.000000e+00
    outer loop
      vertex   4.063895e-01 1.428311e+00 1.000000e+00
      vertex   5.260763e-01 2.094957e+00 1.000000e+00
      vertex   2.728680e-01 1.459715e+00 1.000000e+00
    endloop
  endfacet
  facet normal 0.000000e+00 0.000000e+00 1.000000e+00
    outer loop
      vertex   2.728680e-01 1.459715e+00 1.000000e+00
      vertex   5.260763e-01 2.094957e+00 1.000000e+00
      vertex   3.661307e-01 2.128743e+00 1.000000e+00
    endloop
  endfacet
  facet normal 0.000000e+00 -0.000000e+00 1.000000e+00
    outer loop
      vertex   2.728680e-01 1.459715e+00 1.000000e+00
      vertex   3.661307e-01 2.128743e+00 1.000000e+00
      vertex   1.370185e-01 1.478665e+00 1.000000e+00
    endloop
  endfacet
  facet normal 0.000000e+00 0.000000e+00 1.000000e+00
    outer loop
      vertex   1.370185e-01 1.478665e+00 1.000000e+00
      vertex   3.661307e-01 2.128743e+00 1.000000e+00
      vertex   2.040879e-01 2.150337e+00 1.000000e+00
    endloop
  endfacet
  facet normal 0.000000e+00 -0.000000e+00 1.000000e+00
    outer loop
      vertex   1.370185e-01 1.478665e+00 1.000000e+00
      vertex   2.040879e-01 2.150337e+00 1.000000e+00
      vertex   4.087611e-02 2.159613e+00 1.000000e+00
    endloop
  endfacet
  facet normal 0.000000e+00 0.000000e+00 1.000000e+00
    outer loop
      vertex   1.370185e-01 1.478665e+00 1.000000e+00
      vertex   4.087611e-02 2.159613e+00 1.000000e+00
      vertex   -2.727901e-16 1.485000e+00 1.000000e+00
    endloop
  endfacet
  facet normal 0.000000e+00 -0.000000e+00 1.000000e+00
    outer loop
      vertex   -2.727901e-16 1.485000e+00 1.000000e+00
      vertex   4.087611e-02 2.159613e+00 1.000000e+00
      vertex   -1.225698e-01 2.156520e+00 1.000000e+00
    endloop
  endfacet
  facet normal 0.000000e+00 0.000000e+00 1.000000e+00
    outer loop
      vertex   -2.727901e-16 1.485000e+00 1.000000e+00
      vertex   -1.225698e-01 2.156520e+00 1.000000e+00
      vertex   -1.370185e-01 1.478665e+00 1.000000e+00
    endloop
  endfacet
  facet normal 0.000000e+00 -0.000000e+00 1.000000e+00
    outer loop
      vertex   -1.370185e-01 1.478665e+00 1.000000e+00
      vertex   -1.225698e-01 2.156520e+00 1.000000e+00
      vertex   -2.853136e-01 2.141074e+00 1.000000e+00
    endloop
  endfacet
  facet normal 0.000000e+00 0.000000e+00 1.000000e+00
    outer loop
      vertex   -1.370185e-01 1.478665e+00 1.000000e+00
      vertex   -2.853136e-01 2.141074e+00 1.000000e+00
      vertex   -2.728680e-01 1.459715e+00 1.000000e+00
    endloop
  endfacet
  facet normal 0.000000e+00 0.000000e+00 1.000000e+00
    outer loop
      vertex   -2.728680e-01 1.459715e+00 1.000000e+00
      vertex   -2.853136e-01 2.141074e+00 1.000000e+00
      vertex   -4.464232e-01 2.113364e+00 1.000000e+00
    endloop
  endfacet
  facet normal 0.000000e+00 0.000000e+00 1.000000e+00
    outer loop
      vertex   -2.728680e-01 1.459715e+00 1.000000e+00
      vertex   -4.464232e-01 2.113364e+00 1.000000e+00
      vertex   -4.063895e-01 1.428311e+00 1.000000e+00
    endloop
  endfacet
  facet normal 0.000000e+00 0.000000e+00 1.000000e+00
    outer loop
      vertex   -4.063895e-01 1.428311e+00 1.000000e+00
      vertex   -4.464232e-01 2.113364e+00 1.000000e+00
      vertex   -6.049757e-01 2.073549e+00 1.000000e+00
    endloop
  endfacet
  facet normal 0.000000e+00 0.000000e+00 1.000000e+00
    outer loop
      vertex   -4.063895e-01 1.428311e+00 1.000000e+00
      vertex   -6.049757e-01 2.073549e+00 1.000000e+00
      vertex   -7.600630e-01 2.021857e+00 1.000000e+00
    endloop
  endfacet
  facet normal 0.000000e+00 0.000000e+00 1.000000e+00
    outer loop
      vertex   -4.063895e-01 1.428311e+00 1.000000e+00
      vertex   -7.600630e-01 2.021857e+00 1.000000e+00
      vertex   -5.364439e-01 1.384721e+00 1.000000e+00
    endloop
  endfacet
  facet normal 0.000000e+00 0.000000e+00 1.000000e+00
    outer loop
      vertex   -5.364439e-01 1.384721e+00 1.000000e+00
      vertex   -7.600630e-01 2.021857e+00 1.000000e+00
      vertex   -9.107967e-01 1.958584e+00 1.000000e+00
    endloop
  endfacet
  facet normal 0.000000e+00 0.000000e+00 1.000000e+00
    outer loop
      vertex   -5.364439e-01 1.384721e+00 1.000000e+00
      vertex   -9.107967e-01 1.958584e+00 1.000000e+00
      vertex   -6.619215e-01 1.329317e+00 1.000000e+00
    endloop
  endfacet
  facet normal 0.000000e+00 0.000000e+00 1.000000e+00
    outer loop
      vertex   -6.619215e-01 1.329317e+00 1.000000e+00
      vertex   -9.107967e-01 1.958584e+00 1.000000e+00
      vertex   -1.056313e+00 1.884092e+00 1.000000e+00
    endloop
  endfacet
  facet normal 0.000000e+00 0.000000e+00 1.000000e+00
    outer loop
      vertex   -6.619215e-01 1.329317e+00 1.000000e+00
      vertex   -1.056313e+00 1.884092e+00 1.000000e+00
      vertex   -7.817518e-01 1.262572e+00 1.000000e+00
    endloop
  endfacet
  facet normal 0.000000e+00 0.000000e+00 1.000000e+00
    outer loop
      vertex   -7.817518e-01 1.262572e+00 1.000000e+00
      vertex   -1.056313e+00 1.884092e+00 1.000000e+00
      vertex   -1.195780e+00 1.798808e+00 1.000000e+00
    endloop
  endfacet
  facet normal 0.000000e+00 0.000000e+00 1.000000e+00
    outer loop
      vertex   -7.817518e-01 1.262572e+00 1.000000e+00
      vertex   -1.195780e+00 1.798808e+00 1.000000e+00
      vertex   -8.949124e-01 1.185056e+00 1.000000e+00
    endloop
  endfacet
  facet normal 0.000000e+00 0.000000e+00 1.000000e+00
    outer loop
      vertex   -8.949124e-01 1.185056e+00 1.000000e+00
      vertex   -1.195780e+00 1.798808e+00 1.000000e+00
      vertex   -1.328397e+00 1.703221e+00 1.000000e+00
    endloop
  endfacet
  facet normal 0.000000e+00 0.000000e+00 1.000000e+00
    outer loop
      vertex   -8.949124e-01 1.185056e+00 1.000000e+00
      vertex   -1.328397e+00 1.703221e+00 1.000000e+00
      vertex   -1.000438e+00 1.097428e+00 1.000000e+00
    endloop
  endfacet
  facet normal 0.000000e+00 0.000000e+00 1.000000e+00
    outer loop
      vertex   -1.000438e+00 1.097428e+00 1.000000e+00
      vertex   -1.328397e+00 1.703221e+00 1.000000e+00
      vertex   -1.453405e+00 1.597878e+00 1.000000e+00
    endloop
  endfacet
  facet normal 0.000000e+00 0.000000e+00 1.000000e+00
    outer loop
      vertex   -1.000438e+00 1.097428e+00 1.000000e+00
      vertex   -1.453405e+00 1.597878e+00 1.000000e+00
      vertex   -1.570088e+00 1.483383e+00 1.000000e+00
    endloop
  endfacet
  facet normal 0.000000e+00 0.000000e+00 1.000000e+00
    outer loop
      vertex   -1.000438e+00 1.097428e+00 1.000000e+00
      vertex   -1.570088e+00 1.483383e+00 1.000000e+00
      vertex   -1.097428e+00 1.000438e+00 1.000000e+00
    endloop
  endfacet
  facet normal 0.000000e+00 0.000000e+00 1.000000e+00
    outer loop
      vertex   -1.097428e+00 1.000438e+00 1.000000e+00
      vertex   -1.570088e+00 1.483383e+00 1.000000e+00
      vertex   -1.677777e+00 1.360391e+00 1.000000e+00
    endloop
  endfacet
  facet normal 0.000000e+00 0.000000e+00 1.000000e+00
    outer loop
      vertex   -1.097428e+00 1.000438e+00 1.000000e+00
      vertex   -1.677777e+00 1.360391e+00 1.000000e+00
      vertex   -1.185056e+00 8.949124e-01 1.000000e+00
    endloop
  endfacet
  facet normal 0.000000e+00 0.000000e+00 1.000000e+00
    outer loop
      vertex   -1.185056e+00 8.949124e-01 1.000000e+00
      vertex   -1.677777e+00 1.360391e+00 1.000000e+00
      vertex   -1.775857e+00 1.229606e+00 1.000000e+00
    endloop
  endfacet
  facet normal 0.000000e+00 0.000000e+00 1.000000e+00
    outer loop
      vertex   -1.185056e+00 8.949124e-01 1.000000e+00
      vertex   -1.775857e+00 1.229606e+00 1.000000e+00
      vertex   -1.262572e+00 7.817518e-01 1.000000e+00
    endloop
  endfacet
  facet normal 0.000000e+00 0.000000e+00 1.000000e+00
    outer loop
      vertex   -1.262572e+00 7.817518e-01 1.000000e+00
      vertex   -1.775857e+00 1.229606e+00 1.000000e+00
      vertex   -1.863765e+00 1.091779e+00 1.000000e+00
    endloop
  endfacet
  facet normal 0.000000e+00 0.000000e+00 1.000000e+00
    outer loop
      vertex   -1.262572e+00 7.817518e-01 1.000000e+00
      vertex   -1.863765e+00 1.091779e+00 1.000000e+00
      vertex   -1.329317e+00 6.619215e-01 1.000000e+00
    endloop
  endfacet
  facet normal 0.000000e+00 0.000000e+00 1.000000e+00
    outer loop
      vertex   -1.329317e+00 6.619215e-01 1.000000e+00
      vertex   -1.863765e+00 1.091779e+00 1.000000e+00
      vertex   -1.940997e+00 9.476981e-01 1.000000e+00
    endloop
  endfacet
  facet normal 0.000000e+00 0.000000e+00 1.000000e+00
    outer loop
      vertex   -1.329317e+00 6.619215e-01 1.000000e+00
      vertex   -1.940997e+00 9.476981e-01 1.000000e+00
      vertex   -2.007111e+00 7.981888e-01 1.000000e+00
    endloop
  endfacet
  facet normal 0.000000e+00 0.000000e+00 1.000000e+00
    outer loop
      vertex   -1.329317e+00 6.619215e-01 1.000000e+00
      vertex   -2.007111e+00 7.981888e-01 1.000000e+00
      vertex   -1.384721e+00 5.364439e-01 1.000000e+00
    endloop
  endfacet
  facet normal 0.000000e+00 0.000000e+00 1.000000e+00
    outer loop
      vertex   -1.384721e+00 5.364439e-01 1.000000e+00
      vertex   -2.007111e+00 7.981888e-01 1.000000e+00
      vertex   -2.061729e+00 6.441075e-01 1.000000e+00
    endloop
  endfacet
  facet normal 0.000000e+00 0.000000e+00 1.000000e+00
    outer loop
      vertex   -1.384721e+00 5.364439e-01 1.000000e+00
      vertex   -2.061729e+00 6.441075e-01 1.000000e+00
      vertex   -1.428311e+00 4.063895e-01 1.000000e+00
    endloop
  endfacet
  facet normal 0.000000e+00 0.000000e+00 1.000000e+00
    outer loop
      vertex   -1.428311e+00 4.063895e-01 1.000000e+00
      vertex   -2.061729e+00 6.441075e-01 1.000000e+00
      vertex   -2.104537e+00 4.863368e-01 1.000000e+00
    endloop
  endfacet
  facet normal 0.000000e+00 0.000000e+00 1.000000e+00
    outer loop
      vertex   -1.428311e+00 4.063895e-01 1.000000e+00
      vertex   -2.104537e+00 4.863368e-01 1.000000e+00
      vertex   -1.459715e+00 2.728680e-01 1.000000e+00
    endloop
  endfacet
  facet normal 0.000000e+00 0.000000e+00 1.000000e+00
    outer loop
      vertex   -1.459715e+00 2.728680e-01 1.000000e+00
      vertex   -2.104537e+00 4.863368e-01 1.000000e+00
      vertex   -2.135291e+00 3.257805e-01 1.000000e+00
    endloop
  endfacet
  facet normal 0.000000e+00 0.000000e+00 1.000000e+00
    outer loop
      vertex   -1.459715e+00 2.728680e-01 1.000000e+00
      vertex   -2.135291e+00 3.257805e-01 1.000000e+00
      vertex   -1.478665e+00 1.370185e-01 1.000000e+00
    endloop
  endfacet
  facet normal 0.000000e+00 0.000000e+00 1.000000e+00
    outer loop
      vertex   -1.478665e+00 1.370185e-01 1.000000e+00
      vertex   -2.135291e+00 3.257805e-01 1.000000e+00
      vertex   -2.153814e+00 1.633581e-01 1.000000e+00
    endloop
  endfacet
  facet normal 0.000000e+00 0.000000e+00 1.000000e+00
    outer loop
      vertex   -1.478665e+00 1.370185e-01 1.000000e+00
      vertex   -2.153814e+00 1.633581e-01 1.000000e+00
      vertex   -1.485000e+00 -1.818600e-16 1.000000e+00
    endloop
  endfacet
endsolid
