solid ASCII
  facet normal 9.981033e-01 6.156091e-02 0.000000e+00
    outer loop
      vertex   -8.217242e-01 -1.017515e-01 7.500000e+00
      vertex   -8.217242e-01 -1.017515e-01 6.000000e+00
      vertex   -8.280000e-01 -1.014008e-16 7.500000e+00
    endloop
  endfacet
  facet normal 9.981033e-01 6.156091e-02 0.000000e+00
    outer loop
      vertex   -8.280000e-01 -1.014008e-16 7.500000e+00
      vertex   -8.217242e-01 -1.017515e-01 6.000000e+00
      vertex   -8.280000e-01 -1.014008e-16 6.000000e+00
    endloop
  endfacet
  facet normal 9.981033e-01 -6.156091e-02 0.000000e+00
    outer loop
      vertex   -8.280000e-01 -1.014008e-16 7.500000e+00
      vertex   -8.280000e-01 -1.014008e-16 6.000000e+00
      vertex   -8.217242e-01 1.017515e-01 7.500000e+00
    endloop
  endfacet
  facet normal 9.981033e-01 -6.156091e-02 0.000000e+00
    outer loop
      vertex   -8.217242e-01 1.017515e-01 7.500000e+00
      vertex   -8.280000e-01 -1.014008e-16 6.000000e+00
      vertex   -8.217242e-01 1.017515e-01 6.000000e+00
    endloop
  endfacet
  facet normal 9.829731e-01 -1.837495e-01 0.000000e+00
    outer loop
      vertex   -8.217242e-01 1.017515e-01 7.500000e+00
      vertex   -8.217242e-01 1.017515e-01 6.000000e+00
      vertex   -8.029919e-01 2.019606e-01 7.500000e+00
    endloop
  endfacet
  facet normal 9.829731e-01 -1.837495e-01 0.000000e+00
    outer loop
      vertex   -8.029919e-01 2.019606e-01 7.500000e+00
      vertex   -8.217242e-01 1.017515e-01 6.000000e+00
      vertex   -8.029919e-01 2.019606e-01 6.000000e+00
    endloop
  endfacet
  facet normal 9.529420e-01 -3.031527e-01 0.000000e+00
    outer loop
      vertex   -8.029919e-01 2.019606e-01 7.500000e+00
      vertex   -8.029919e-01 2.019606e-01 6.000000e+00
      vertex   -7.720870e-01 2.991081e-01 7.500000e+00
    endloop
  endfacet
  facet normal 9.529420e-01 -3.031527e-01 0.000000e+00
    outer loop
      vertex   -7.720870e-01 2.991081e-01 7.500000e+00
      vertex   -8.029919e-01 2.019606e-01 6.000000e+00
      vertex   -7.720870e-01 2.991081e-01 6.000000e+00
    endloop
  endfacet
  facet normal 9.084653e-01 -4.179603e-01 0.000000e+00
    outer loop
      vertex   -7.720870e-01 2.991081e-01 7.500000e+00
      vertex   -7.720870e-01 2.991081e-01 6.000000e+00
      vertex   -7.294781e-01 3.917215e-01 7.500000e+00
    endloop
  endfacet
  facet normal 9.084653e-01 -4.179603e-01 0.000000e+00
    outer loop
      vertex   -7.294781e-01 3.917215e-01 7.500000e+00
      vertex   -7.720870e-01 2.991081e-01 6.000000e+00
      vertex   -7.294781e-01 3.917215e-01 6.000000e+00
    endloop
  endfacet
  facet normal 8.502171e-01 -5.264322e-01 0.000000e+00
    outer loop
      vertex   -7.294781e-01 3.917215e-01 7.500000e+00
      vertex   -7.294781e-01 3.917215e-01 6.000000e+00
      vertex   -6.758110e-01 4.783967e-01 7.500000e+00
    endloop
  endfacet
  facet normal 8.502171e-01 -5.264322e-01 0.000000e+00
    outer loop
      vertex   -6.758110e-01 4.783967e-01 7.500000e+00
      vertex   -7.294781e-01 3.917215e-01 6.000000e+00
      vertex   -6.758110e-01 4.783967e-01 6.000000e+00
    endloop
  endfacet
  facet normal 7.790806e-01 -6.269238e-01 0.000000e+00
    outer loop
      vertex   -6.758110e-01 4.783967e-01 7.500000e+00
      vertex   -6.758110e-01 4.783967e-01 6.000000e+00
      vertex   -6.118994e-01 5.578200e-01 7.500000e+00
    endloop
  endfacet
  facet normal 7.790806e-01 -6.269238e-01 0.000000e+00
    outer loop
      vertex   -6.118994e-01 5.578200e-01 7.500000e+00
      vertex   -6.758110e-01 4.783967e-01 6.000000e+00
      vertex   -6.118994e-01 5.578200e-01 6.000000e+00
    endloop
  endfacet
  facet normal 6.961339e-01 -7.179119e-01 0.000000e+00
    outer loop
      vertex   -6.118994e-01 5.578200e-01 7.500000e+00
      vertex   -6.118994e-01 5.578200e-01 6.000000e+00
      vertex   -5.387120e-01 6.287873e-01 7.500000e+00
    endloop
  endfacet
  facet normal 6.961339e-01 -7.179119e-01 0.000000e+00
    outer loop
      vertex   -5.387120e-01 6.287873e-01 7.500000e+00
      vertex   -6.118994e-01 5.578200e-01 6.000000e+00
      vertex   -5.387120e-01 6.287873e-01 6.000000e+00
    endloop
  endfacet
  facet normal 6.026346e-01 -7.980172e-01 0.000000e+00
    outer loop
      vertex   -5.387120e-01 6.287873e-01 7.500000e+00
      vertex   -5.387120e-01 6.287873e-01 6.000000e+00
      vertex   -4.573582e-01 6.902228e-01 7.500000e+00
    endloop
  endfacet
  facet normal 6.026346e-01 -7.980172e-01 0.000000e+00
    outer loop
      vertex   -4.573582e-01 6.902228e-01 7.500000e+00
      vertex   -5.387120e-01 6.287873e-01 6.000000e+00
      vertex   -4.573582e-01 6.902228e-01 6.000000e+00
    endloop
  endfacet
  facet normal 5.000000e-01 -8.660254e-01 0.000000e+00
    outer loop
      vertex   -4.573582e-01 6.902228e-01 7.500000e+00
      vertex   -4.573582e-01 6.902228e-01 6.000000e+00
      vertex   -3.690714e-01 7.411952e-01 7.500000e+00
    endloop
  endfacet
  facet normal 5.000000e-01 -8.660254e-01 0.000000e+00
    outer loop
      vertex   -3.690714e-01 7.411952e-01 7.500000e+00
      vertex   -4.573582e-01 6.902228e-01 6.000000e+00
      vertex   -3.690714e-01 7.411952e-01 6.000000e+00
    endloop
  endfacet
  facet normal 3.897859e-01 -9.209055e-01 0.000000e+00
    outer loop
      vertex   -3.690714e-01 7.411952e-01 7.500000e+00
      vertex   -3.690714e-01 7.411952e-01 6.000000e+00
      vertex   -2.751898e-01 7.809319e-01 7.500000e+00
    endloop
  endfacet
  facet normal 3.897859e-01 -9.209055e-01 0.000000e+00
    outer loop
      vertex   -2.751898e-01 7.809319e-01 7.500000e+00
      vertex   -3.690714e-01 7.411952e-01 6.000000e+00
      vertex   -2.751898e-01 7.809319e-01 6.000000e+00
    endloop
  endfacet
  facet normal 2.736630e-01 -9.618256e-01 0.000000e+00
    outer loop
      vertex   -2.751898e-01 7.809319e-01 7.500000e+00
      vertex   -2.751898e-01 7.809319e-01 6.000000e+00
      vertex   -1.771366e-01 8.088304e-01 7.500000e+00
    endloop
  endfacet
  facet normal 2.736630e-01 -9.618256e-01 0.000000e+00
    outer loop
      vertex   -1.771366e-01 8.088304e-01 7.500000e+00
      vertex   -2.751898e-01 7.809319e-01 6.000000e+00
      vertex   -1.771366e-01 8.088304e-01 6.000000e+00
    endloop
  endfacet
  facet normal 1.533917e-01 -9.881655e-01 0.000000e+00
    outer loop
      vertex   -1.771366e-01 8.088304e-01 7.500000e+00
      vertex   -1.771366e-01 8.088304e-01 6.000000e+00
      vertex   -7.639820e-02 8.244679e-01 7.500000e+00
    endloop
  endfacet
  facet normal 1.533917e-01 -9.881655e-01 0.000000e+00
    outer loop
      vertex   -7.639820e-02 8.244679e-01 7.500000e+00
      vertex   -1.771366e-01 8.088304e-01 6.000000e+00
      vertex   -7.639820e-02 8.244679e-01 6.000000e+00
    endloop
  endfacet
  facet normal 3.079506e-02 -9.995257e-01 0.000000e+00
    outer loop
      vertex   -7.639820e-02 8.244679e-01 7.500000e+00
      vertex   -7.639820e-02 8.244679e-01 6.000000e+00
      vertex   2.549831e-02 8.276073e-01 7.500000e+00
    endloop
  endfacet
  facet normal 3.079506e-02 -9.995257e-01 0.000000e+00
    outer loop
      vertex   2.549831e-02 8.276073e-01 7.500000e+00
      vertex   -7.639820e-02 8.244679e-01 6.000000e+00
      vertex   2.549831e-02 8.276073e-01 6.000000e+00
    endloop
  endfacet
  facet normal -9.226836e-02 -9.957342e-01 -0.000000e+00
    outer loop
      vertex   2.549831e-02 8.276073e-01 7.500000e+00
      vertex   2.549831e-02 8.276073e-01 6.000000e+00
      vertex   1.270083e-01 8.182010e-01 7.500000e+00
    endloop
  endfacet
  facet normal -9.226836e-02 -9.957342e-01 -0.000000e+00
    outer loop
      vertex   1.270083e-01 8.182010e-01 7.500000e+00
      vertex   2.549831e-02 8.276073e-01 6.000000e+00
      vertex   1.270083e-01 8.182010e-01 6.000000e+00
    endloop
  endfacet
  facet normal -2.139331e-01 -9.768483e-01 -0.000000e+00
    outer loop
      vertex   1.270083e-01 8.182010e-01 7.500000e+00
      vertex   1.270083e-01 8.182010e-01 6.000000e+00
      vertex   2.265930e-01 7.963916e-01 7.500000e+00
    endloop
  endfacet
  facet normal -2.139331e-01 -9.768483e-01 -0.000000e+00
    outer loop
      vertex   2.265930e-01 7.963916e-01 7.500000e+00
      vertex   1.270083e-01 8.182010e-01 6.000000e+00
      vertex   2.265930e-01 7.963916e-01 6.000000e+00
    endloop
  endfacet
  facet normal -3.323548e-01 -9.431544e-01 -0.000000e+00
    outer loop
      vertex   2.265930e-01 7.963916e-01 7.500000e+00
      vertex   2.265930e-01 7.963916e-01 6.000000e+00
      vertex   3.227427e-01 7.625098e-01 7.500000e+00
    endloop
  endfacet
  facet normal -3.323548e-01 -9.431544e-01 -0.000000e+00
    outer loop
      vertex   3.227427e-01 7.625098e-01 7.500000e+00
      vertex   2.265930e-01 7.963916e-01 6.000000e+00
      vertex   3.227427e-01 7.625098e-01 6.000000e+00
    endloop
  endfacet
  facet normal -4.457384e-01 -8.951633e-01 -0.000000e+00
    outer loop
      vertex   3.227427e-01 7.625098e-01 7.500000e+00
      vertex   3.227427e-01 7.625098e-01 6.000000e+00
      vertex   4.140000e-01 7.170690e-01 7.500000e+00
    endloop
  endfacet
  facet normal -4.457384e-01 -8.951633e-01 -0.000000e+00
    outer loop
      vertex   4.140000e-01 7.170690e-01 7.500000e+00
      vertex   3.227427e-01 7.625098e-01 6.000000e+00
      vertex   4.140000e-01 7.170690e-01 6.000000e+00
    endloop
  endfacet
  facet normal -5.523650e-01 -8.336024e-01 -0.000000e+00
    outer loop
      vertex   4.140000e-01 7.170690e-01 7.500000e+00
      vertex   4.140000e-01 7.170690e-01 6.000000e+00
      vertex   4.989815e-01 6.607583e-01 7.500000e+00
    endloop
  endfacet
  facet normal -5.523650e-01 -8.336024e-01 -0.000000e+00
    outer loop
      vertex   4.989815e-01 6.607583e-01 7.500000e+00
      vertex   4.140000e-01 7.170690e-01 6.000000e+00
      vertex   4.989815e-01 6.607583e-01 6.000000e+00
    endloop
  endfacet
  facet normal -6.506183e-01 -7.594049e-01 -0.000000e+00
    outer loop
      vertex   4.989815e-01 6.607583e-01 7.500000e+00
      vertex   4.989815e-01 6.607583e-01 6.000000e+00
      vertex   5.763989e-01 5.944311e-01 7.500000e+00
    endloop
  endfacet
  facet normal -6.506183e-01 -7.594049e-01 -0.000000e+00
    outer loop
      vertex   5.763989e-01 5.944311e-01 7.500000e+00
      vertex   4.989815e-01 6.607583e-01 6.000000e+00
      vertex   5.763989e-01 5.944311e-01 6.000000e+00
    endloop
  endfacet
  facet normal -7.390089e-01 -6.736956e-01 -0.000000e+00
    outer loop
      vertex   5.763989e-01 5.944311e-01 7.500000e+00
      vertex   5.763989e-01 5.944311e-01 6.000000e+00
      vertex   6.450787e-01 5.190929e-01 7.500000e+00
    endloop
  endfacet
  facet normal -7.390089e-01 -6.736956e-01 -0.000000e+00
    outer loop
      vertex   6.450787e-01 5.190929e-01 7.500000e+00
      vertex   5.763989e-01 5.944311e-01 6.000000e+00
      vertex   6.450787e-01 5.190929e-01 6.000000e+00
    endloop
  endfacet
  facet normal -8.161969e-01 -5.777738e-01 -0.000000e+00
    outer loop
      vertex   6.450787e-01 5.190929e-01 7.500000e+00
      vertex   6.450787e-01 5.190929e-01 6.000000e+00
      vertex   7.039798e-01 4.358858e-01 7.500000e+00
    endloop
  endfacet
  facet normal -8.161969e-01 -5.777738e-01 -0.000000e+00
    outer loop
      vertex   7.039798e-01 4.358858e-01 7.500000e+00
      vertex   6.450787e-01 5.190929e-01 6.000000e+00
      vertex   7.039798e-01 4.358858e-01 6.000000e+00
    endloop
  endfacet
  facet normal -8.810122e-01 -4.730936e-01 -0.000000e+00
    outer loop
      vertex   7.039798e-01 4.358858e-01 7.500000e+00
      vertex   7.039798e-01 4.358858e-01 6.000000e+00
      vertex   7.522092e-01 3.460712e-01 7.500000e+00
    endloop
  endfacet
  facet normal -8.810122e-01 -4.730936e-01 -0.000000e+00
    outer loop
      vertex   7.522092e-01 3.460712e-01 7.500000e+00
      vertex   7.039798e-01 4.358858e-01 6.000000e+00
      vertex   7.522092e-01 3.460712e-01 6.000000e+00
    endloop
  endfacet
  facet normal -9.324722e-01 -3.612417e-01 -0.000000e+00
    outer loop
      vertex   7.522092e-01 3.460712e-01 7.500000e+00
      vertex   7.522092e-01 3.460712e-01 6.000000e+00
      vertex   7.890360e-01 2.510104e-01 7.500000e+00
    endloop
  endfacet
  facet normal -9.324722e-01 -3.612417e-01 -0.000000e+00
    outer loop
      vertex   7.890360e-01 2.510104e-01 7.500000e+00
      vertex   7.522092e-01 3.460712e-01 6.000000e+00
      vertex   7.890360e-01 2.510104e-01 6.000000e+00
    endloop
  endfacet
  facet normal -9.697969e-01 -2.439137e-01 -0.000000e+00
    outer loop
      vertex   7.890360e-01 2.510104e-01 7.500000e+00
      vertex   7.890360e-01 2.510104e-01 6.000000e+00
      vertex   8.139017e-01 1.521446e-01 7.500000e+00
    endloop
  endfacet
  facet normal -9.697969e-01 -2.439137e-01 -0.000000e+00
    outer loop
      vertex   8.139017e-01 1.521446e-01 7.500000e+00
      vertex   7.890360e-01 2.510104e-01 6.000000e+00
      vertex   8.139017e-01 1.521446e-01 6.000000e+00
    endloop
  endfacet
  facet normal -9.924205e-01 -1.228883e-01 -0.000000e+00
    outer loop
      vertex   8.139017e-01 1.521446e-01 7.500000e+00
      vertex   8.139017e-01 1.521446e-01 6.000000e+00
      vertex   8.264296e-01 5.097243e-02 7.500000e+00
    endloop
  endfacet
  facet normal -9.924205e-01 -1.228883e-01 -0.000000e+00
    outer loop
      vertex   8.264296e-01 5.097243e-02 7.500000e+00
      vertex   8.139017e-01 1.521446e-01 6.000000e+00
      vertex   8.264296e-01 5.097243e-02 6.000000e+00
    endloop
  endfacet
  facet normal -1.000000e+00 -0.000000e+00 -0.000000e+00
    outer loop
      vertex   8.264296e-01 5.097243e-02 7.500000e+00
      vertex   8.264296e-01 5.097243e-02 6.000000e+00
      vertex   8.264296e-01 -5.097243e-02 7.500000e+00
    endloop
  endfacet
  facet normal -1.000000e+00 0.000000e+00 0.000000e+00
    outer loop
      vertex   8.264296e-01 -5.097243e-02 7.500000e+00
      vertex   8.264296e-01 5.097243e-02 6.000000e+00
      vertex   8.264296e-01 -5.097243e-02 6.000000e+00
    endloop
  endfacet
  facet normal -9.924205e-01 1.228883e-01 0.000000e+00
    outer loop
      vertex   8.264296e-01 -5.097243e-02 7.500000e+00
      vertex   8.264296e-01 -5.097243e-02 6.000000e+00
      vertex   8.139017e-01 -1.521446e-01 7.500000e+00
    endloop
  endfacet
  facet normal -9.924205e-01 1.228883e-01 0.000000e+00
    outer loop
      vertex   8.139017e-01 -1.521446e-01 7.500000e+00
      vertex   8.264296e-01 -5.097243e-02 6.000000e+00
      vertex   8.139017e-01 -1.521446e-01 6.000000e+00
    endloop
  endfacet
  facet normal -9.697969e-01 2.439137e-01 0.000000e+00
    outer loop
      vertex   8.139017e-01 -1.521446e-01 7.500000e+00
      vertex   8.139017e-01 -1.521446e-01 6.000000e+00
      vertex   7.890360e-01 -2.510104e-01 7.500000e+00
    endloop
  endfacet
  facet normal -9.697969e-01 2.439137e-01 0.000000e+00
    outer loop
      vertex   7.890360e-01 -2.510104e-01 7.500000e+00
      vertex   8.139017e-01 -1.521446e-01 6.000000e+00
      vertex   7.890360e-01 -2.510104e-01 6.000000e+00
    endloop
  endfacet
  facet normal -9.324722e-01 3.612417e-01 0.000000e+00
    outer loop
      vertex   7.890360e-01 -2.510104e-01 7.500000e+00
      vertex   7.890360e-01 -2.510104e-01 6.000000e+00
      vertex   7.522092e-01 -3.460712e-01 7.500000e+00
    endloop
  endfacet
  facet normal -9.324722e-01 3.612417e-01 0.000000e+00
    outer loop
      vertex   7.522092e-01 -3.460712e-01 7.500000e+00
      vertex   7.890360e-01 -2.510104e-01 6.000000e+00
      vertex   7.522092e-01 -3.460712e-01 6.000000e+00
    endloop
  endfacet
  facet normal -8.810122e-01 4.730936e-01 0.000000e+00
    outer loop
      vertex   7.522092e-01 -3.460712e-01 7.500000e+00
      vertex   7.522092e-01 -3.460712e-01 6.000000e+00
      vertex   7.039798e-01 -4.358858e-01 7.500000e+00
    endloop
  endfacet
  facet normal -8.810122e-01 4.730936e-01 0.000000e+00
    outer loop
      vertex   7.039798e-01 -4.358858e-01 7.500000e+00
      vertex   7.522092e-01 -3.460712e-01 6.000000e+00
      vertex   7.039798e-01 -4.358858e-01 6.000000e+00
    endloop
  endfacet
  facet normal -8.161969e-01 5.777738e-01 0.000000e+00
    outer loop
      vertex   7.039798e-01 -4.358858e-01 7.500000e+00
      vertex   7.039798e-01 -4.358858e-01 6.000000e+00
      vertex   6.450787e-01 -5.190929e-01 7.500000e+00
    endloop
  endfacet
  facet normal -8.161969e-01 5.777738e-01 0.000000e+00
    outer loop
      vertex   6.450787e-01 -5.190929e-01 7.500000e+00
      vertex   7.039798e-01 -4.358858e-01 6.000000e+00
      vertex   6.450787e-01 -5.190929e-01 6.000000e+00
    endloop
  endfacet
  facet normal -7.390089e-01 6.736956e-01 0.000000e+00
    outer loop
      vertex   6.450787e-01 -5.190929e-01 7.500000e+00
      vertex   6.450787e-01 -5.190929e-01 6.000000e+00
      vertex   5.763989e-01 -5.944311e-01 7.500000e+00
    endloop
  endfacet
  facet normal -7.390089e-01 6.736956e-01 0.000000e+00
    outer loop
      vertex   5.763989e-01 -5.944311e-01 7.500000e+00
      vertex   6.450787e-01 -5.190929e-01 6.000000e+00
      vertex   5.763989e-01 -5.944311e-01 6.000000e+00
    endloop
  endfacet
  facet normal -6.506183e-01 7.594049e-01 0.000000e+00
    outer loop
      vertex   5.763989e-01 -5.944311e-01 7.500000e+00
      vertex   5.763989e-01 -5.944311e-01 6.000000e+00
      vertex   4.989815e-01 -6.607583e-01 7.500000e+00
    endloop
  endfacet
  facet normal -6.506183e-01 7.594049e-01 0.000000e+00
    outer loop
      vertex   4.989815e-01 -6.607583e-01 7.500000e+00
      vertex   5.763989e-01 -5.944311e-01 6.000000e+00
      vertex   4.989815e-01 -6.607583e-01 6.000000e+00
    endloop
  endfacet
  facet normal -5.523650e-01 8.336024e-01 0.000000e+00
    outer loop
      vertex   4.989815e-01 -6.607583e-01 7.500000e+00
      vertex   4.989815e-01 -6.607583e-01 6.000000e+00
      vertex   4.140000e-01 -7.170690e-01 7.500000e+00
    endloop
  endfacet
  facet normal -5.523650e-01 8.336024e-01 0.000000e+00
    outer loop
      vertex   4.140000e-01 -7.170690e-01 7.500000e+00
      vertex   4.989815e-01 -6.607583e-01 6.000000e+00
      vertex   4.140000e-01 -7.170690e-01 6.000000e+00
    endloop
  endfacet
  facet normal -4.457384e-01 8.951633e-01 0.000000e+00
    outer loop
      vertex   4.140000e-01 -7.170690e-01 7.500000e+00
      vertex   4.140000e-01 -7.170690e-01 6.000000e+00
      vertex   3.227427e-01 -7.625098e-01 7.500000e+00
    endloop
  endfacet
  facet normal -4.457384e-01 8.951633e-01 0.000000e+00
    outer loop
      vertex   3.227427e-01 -7.625098e-01 7.500000e+00
      vertex   4.140000e-01 -7.170690e-01 6.000000e+00
      vertex   3.227427e-01 -7.625098e-01 6.000000e+00
    endloop
  endfacet
  facet normal -3.323548e-01 9.431544e-01 0.000000e+00
    outer loop
      vertex   3.227427e-01 -7.625098e-01 7.500000e+00
      vertex   3.227427e-01 -7.625098e-01 6.000000e+00
      vertex   2.265930e-01 -7.963916e-01 7.500000e+00
    endloop
  endfacet
  facet normal -3.323548e-01 9.431544e-01 0.000000e+00
    outer loop
      vertex   2.265930e-01 -7.963916e-01 7.500000e+00
      vertex   3.227427e-01 -7.625098e-01 6.000000e+00
      vertex   2.265930e-01 -7.963916e-01 6.000000e+00
    endloop
  endfacet
  facet normal -2.139331e-01 9.768483e-01 0.000000e+00
    outer loop
      vertex   2.265930e-01 -7.963916e-01 7.500000e+00
      vertex   2.265930e-01 -7.963916e-01 6.000000e+00
      vertex   1.270083e-01 -8.182010e-01 7.500000e+00
    endloop
  endfacet
  facet normal -2.139331e-01 9.768483e-01 0.000000e+00
    outer loop
      vertex   1.270083e-01 -8.182010e-01 7.500000e+00
      vertex   2.265930e-01 -7.963916e-01 6.000000e+00
      vertex   1.270083e-01 -8.182010e-01 6.000000e+00
    endloop
  endfacet
  facet normal -9.226836e-02 9.957342e-01 0.000000e+00
    outer loop
      vertex   1.270083e-01 -8.182010e-01 7.500000e+00
      vertex   1.270083e-01 -8.182010e-01 6.000000e+00
      vertex   2.549831e-02 -8.276073e-01 7.500000e+00
    endloop
  endfacet
  facet normal -9.226836e-02 9.957342e-01 0.000000e+00
    outer loop
      vertex   2.549831e-02 -8.276073e-01 7.500000e+00
      vertex   1.270083e-01 -8.182010e-01 6.000000e+00
      vertex   2.549831e-02 -8.276073e-01 6.000000e+00
    endloop
  endfacet
  facet normal 3.079506e-02 9.995257e-01 0.000000e+00
    outer loop
      vertex   2.549831e-02 -8.276073e-01 7.500000e+00
      vertex   2.549831e-02 -8.276073e-01 6.000000e+00
      vertex   -7.639820e-02 -8.244679e-01 7.500000e+00
    endloop
  endfacet
  facet normal 3.079506e-02 9.995257e-01 0.000000e+00
    outer loop
      vertex   -7.639820e-02 -8.244679e-01 7.500000e+00
      vertex   2.549831e-02 -8.276073e-01 6.000000e+00
      vertex   -7.639820e-02 -8.244679e-01 6.000000e+00
    endloop
  endfacet
  facet normal 1.533917e-01 9.881655e-01 0.000000e+00
    outer loop
      vertex   -7.639820e-02 -8.244679e-01 7.500000e+00
      vertex   -7.639820e-02 -8.244679e-01 6.000000e+00
      vertex   -1.771366e-01 -8.088304e-01 7.500000e+00
    endloop
  endfacet
  facet normal 1.533917e-01 9.881655e-01 0.000000e+00
    outer loop
      vertex   -1.771366e-01 -8.088304e-01 7.500000e+00
      vertex   -7.639820e-02 -8.244679e-01 6.000000e+00
      vertex   -1.771366e-01 -8.088304e-01 6.000000e+00
    endloop
  endfacet
  facet normal 2.736630e-01 9.618256e-01 0.000000e+00
    outer loop
      vertex   -1.771366e-01 -8.088304e-01 7.500000e+00
      vertex   -1.771366e-01 -8.088304e-01 6.000000e+00
      vertex   -2.751898e-01 -7.809319e-01 7.500000e+00
    endloop
  endfacet
  facet normal 2.736630e-01 9.618256e-01 0.000000e+00
    outer loop
      vertex   -2.751898e-01 -7.809319e-01 7.500000e+00
      vertex   -1.771366e-01 -8.088304e-01 6.000000e+00
      vertex   -2.751898e-01 -7.809319e-01 6.000000e+00
    endloop
  endfacet
  facet normal 3.897859e-01 9.209055e-01 0.000000e+00
    outer loop
      vertex   -2.751898e-01 -7.809319e-01 7.500000e+00
      vertex   -2.751898e-01 -7.809319e-01 6.000000e+00
      vertex   -3.690714e-01 -7.411952e-01 7.500000e+00
    endloop
  endfacet
  facet normal 3.897859e-01 9.209055e-01 0.000000e+00
    outer loop
      vertex   -3.690714e-01 -7.411952e-01 7.500000e+00
      vertex   -2.751898e-01 -7.809319e-01 6.000000e+00
      vertex   -3.690714e-01 -7.411952e-01 6.000000e+00
    endloop
  endfacet
  facet normal 5.000000e-01 8.660254e-01 0.000000e+00
    outer loop
      vertex   -3.690714e-01 -7.411952e-01 7.500000e+00
      vertex   -3.690714e-01 -7.411952e-01 6.000000e+00
      vertex   -4.573582e-01 -6.902228e-01 7.500000e+00
    endloop
  endfacet
  facet normal 5.000000e-01 8.660254e-01 0.000000e+00
    outer loop
      vertex   -4.573582e-01 -6.902228e-01 7.500000e+00
      vertex   -3.690714e-01 -7.411952e-01 6.000000e+00
      vertex   -4.573582e-01 -6.902228e-01 6.000000e+00
    endloop
  endfacet
  facet normal 6.026346e-01 7.980172e-01 0.000000e+00
    outer loop
      vertex   -4.573582e-01 -6.902228e-01 7.500000e+00
      vertex   -4.573582e-01 -6.902228e-01 6.000000e+00
      vertex   -5.387120e-01 -6.287873e-01 7.500000e+00
    endloop
  endfacet
  facet normal 6.026346e-01 7.980172e-01 0.000000e+00
    outer loop
      vertex   -5.387120e-01 -6.287873e-01 7.500000e+00
      vertex   -4.573582e-01 -6.902228e-01 6.000000e+00
      vertex   -5.387120e-01 -6.287873e-01 6.000000e+00
    endloop
  endfacet
  facet normal 6.961339e-01 7.179119e-01 0.000000e+00
    outer loop
      vertex   -5.387120e-01 -6.287873e-01 7.500000e+00
      vertex   -5.387120e-01 -6.287873e-01 6.000000e+00
      vertex   -6.118994e-01 -5.578200e-01 7.500000e+00
    endloop
  endfacet
  facet normal 6.961339e-01 7.179119e-01 0.000000e+00
    outer loop
      vertex   -6.118994e-01 -5.578200e-01 7.500000e+00
      vertex   -5.387120e-01 -6.287873e-01 6.000000e+00
      vertex   -6.118994e-01 -5.578200e-01 6.000000e+00
    endloop
  endfacet
  facet normal 7.790806e-01 6.269238e-01 0.000000e+00
    outer loop
      vertex   -6.118994e-01 -5.578200e-01 7.500000e+00
      vertex   -6.118994e-01 -5.578200e-01 6.000000e+00
      vertex   -6.758110e-01 -4.783967e-01 7.500000e+00
    endloop
  endfacet
  facet normal 7.790806e-01 6.269238e-01 0.000000e+00
    outer loop
      vertex   -6.758110e-01 -4.783967e-01 7.500000e+00
      vertex   -6.118994e-01 -5.578200e-01 6.000000e+00
      vertex   -6.758110e-01 -4.783967e-01 6.000000e+00
    endloop
  endfacet
  facet normal 8.502171e-01 5.264322e-01 0.000000e+00
    outer loop
      vertex   -6.758110e-01 -4.783967e-01 7.500000e+00
      vertex   -6.758110e-01 -4.783967e-01 6.000000e+00
      vertex   -7.294781e-01 -3.917215e-01 7.500000e+00
    endloop
  endfacet
  facet normal 8.502171e-01 5.264322e-01 0.000000e+00
    outer loop
      vertex   -7.294781e-01 -3.917215e-01 7.500000e+00
      vertex   -6.758110e-01 -4.783967e-01 6.000000e+00
      vertex   -7.294781e-01 -3.917215e-01 6.000000e+00
    endloop
  endfacet
  facet normal 9.084653e-01 4.179603e-01 0.000000e+00
    outer loop
      vertex   -7.294781e-01 -3.917215e-01 7.500000e+00
      vertex   -7.294781e-01 -3.917215e-01 6.000000e+00
      vertex   -7.720870e-01 -2.991081e-01 7.500000e+00
    endloop
  endfacet
  facet normal 9.084653e-01 4.179603e-01 0.000000e+00
    outer loop
      vertex   -7.720870e-01 -2.991081e-01 7.500000e+00
      vertex   -7.294781e-01 -3.917215e-01 6.000000e+00
      vertex   -7.720870e-01 -2.991081e-01 6.000000e+00
    endloop
  endfacet
  facet normal 9.529420e-01 3.031527e-01 0.000000e+00
    outer loop
      vertex   -7.720870e-01 -2.991081e-01 7.500000e+00
      vertex   -7.720870e-01 -2.991081e-01 6.000000e+00
      vertex   -8.029919e-01 -2.019606e-01 7.500000e+00
    endloop
  endfacet
  facet normal 9.529420e-01 3.031527e-01 0.000000e+00
    outer loop
      vertex   -8.029919e-01 -2.019606e-01 7.500000e+00
      vertex   -7.720870e-01 -2.991081e-01 6.000000e+00
      vertex   -8.029919e-01 -2.019606e-01 6.000000e+00
    endloop
  endfacet
  facet normal 9.829731e-01 1.837495e-01 0.000000e+00
    outer loop
      vertex   -8.029919e-01 -2.019606e-01 7.500000e+00
      vertex   -8.029919e-01 -2.019606e-01 6.000000e+00
      vertex   -8.217242e-01 -1.017515e-01 7.500000e+00
    endloop
  endfacet
  facet normal 9.829731e-01 1.837495e-01 0.000000e+00
    outer loop
      vertex   -8.217242e-01 -1.017515e-01 7.500000e+00
      vertex   -8.029919e-01 -2.019606e-01 6.000000e+00
      vertex   -8.217242e-01 -1.017515e-01 6.000000e+00
    endloop
  endfacet
  facet normal -9.988322e-01 4.831338e-02 0.000000e+00
    outer loop
      vertex   -1.321800e+00 1.281705e-01 7.500000e+00
      vertex   -1.321800e+00 1.281705e-01 6.000000e+00
      vertex   -1.328000e+00 -1.626331e-16 7.500000e+00
    endloop
  endfacet
  facet normal -9.988322e-01 4.831338e-02 0.000000e+00
    outer loop
      vertex   -1.328000e+00 -1.626331e-16 7.500000e+00
      vertex   -1.321800e+00 1.281705e-01 6.000000e+00
      vertex   -1.328000e+00 -1.626331e-16 6.000000e+00
    endloop
  endfacet
  facet normal -9.988322e-01 -4.831338e-02 -0.000000e+00
    outer loop
      vertex   -1.328000e+00 -1.626331e-16 7.500000e+00
      vertex   -1.328000e+00 -1.626331e-16 6.000000e+00
      vertex   -1.321800e+00 -1.281705e-01 7.500000e+00
    endloop
  endfacet
  facet normal -9.988322e-01 -4.831338e-02 -0.000000e+00
    outer loop
      vertex   -1.321800e+00 -1.281705e-01 7.500000e+00
      vertex   -1.328000e+00 -1.626331e-16 6.000000e+00
      vertex   -1.321800e+00 -1.281705e-01 6.000000e+00
    endloop
  endfacet
  facet normal -9.895064e-01 -1.444890e-01 -0.000000e+00
    outer loop
      vertex   -1.321800e+00 -1.281705e-01 7.500000e+00
      vertex   -1.321800e+00 -1.281705e-01 6.000000e+00
      vertex   -1.303260e+00 -2.551443e-01 7.500000e+00
    endloop
  endfacet
  facet normal -9.895064e-01 -1.444890e-01 -0.000000e+00
    outer loop
      vertex   -1.303260e+00 -2.551443e-01 7.500000e+00
      vertex   -1.321800e+00 -1.281705e-01 6.000000e+00
      vertex   -1.303260e+00 -2.551443e-01 6.000000e+00
    endloop
  endfacet
  facet normal -9.709418e-01 -2.393157e-01 -0.000000e+00
    outer loop
      vertex   -1.303260e+00 -2.551443e-01 7.500000e+00
      vertex   -1.303260e+00 -2.551443e-01 6.000000e+00
      vertex   -1.272550e+00 -3.797359e-01 7.500000e+00
    endloop
  endfacet
  facet normal -9.709418e-01 -2.393157e-01 -0.000000e+00
    outer loop
      vertex   -1.272550e+00 -3.797359e-01 7.500000e+00
      vertex   -1.303260e+00 -2.551443e-01 6.000000e+00
      vertex   -1.272550e+00 -3.797359e-01 6.000000e+00
    endloop
  endfacet
  facet normal -9.433118e-01 -3.319079e-01 -0.000000e+00
    outer loop
      vertex   -1.272550e+00 -3.797359e-01 7.500000e+00
      vertex   -1.272550e+00 -3.797359e-01 6.000000e+00
      vertex   -1.229960e+00 -5.007819e-01 7.500000e+00
    endloop
  endfacet
  facet normal -9.433118e-01 -3.319079e-01 -0.000000e+00
    outer loop
      vertex   -1.229960e+00 -5.007819e-01 7.500000e+00
      vertex   -1.272550e+00 -3.797359e-01 6.000000e+00
      vertex   -1.229960e+00 -5.007819e-01 6.000000e+00
    endloop
  endfacet
  facet normal -9.068744e-01 -4.214011e-01 -0.000000e+00
    outer loop
      vertex   -1.229960e+00 -5.007819e-01 7.500000e+00
      vertex   -1.229960e+00 -5.007819e-01 6.000000e+00
      vertex   -1.175886e+00 -6.171524e-01 7.500000e+00
    endloop
  endfacet
  facet normal -9.068744e-01 -4.214011e-01 -0.000000e+00
    outer loop
      vertex   -1.175886e+00 -6.171524e-01 7.500000e+00
      vertex   -1.229960e+00 -5.007819e-01 6.000000e+00
      vertex   -1.175886e+00 -6.171524e-01 6.000000e+00
    endloop
  endfacet
  facet normal -8.619697e-01 -5.069599e-01 -0.000000e+00
    outer loop
      vertex   -1.175886e+00 -6.171524e-01 7.500000e+00
      vertex   -1.175886e+00 -6.171524e-01 6.000000e+00
      vertex   -1.110832e+00 -7.277606e-01 7.500000e+00
    endloop
  endfacet
  facet normal -8.619697e-01 -5.069599e-01 -0.000000e+00
    outer loop
      vertex   -1.110832e+00 -7.277606e-01 7.500000e+00
      vertex   -1.175886e+00 -6.171524e-01 6.000000e+00
      vertex   -1.110832e+00 -7.277606e-01 6.000000e+00
    endloop
  endfacet
  facet normal -8.090170e-01 -5.877853e-01 -0.000000e+00
    outer loop
      vertex   -1.110832e+00 -7.277606e-01 7.500000e+00
      vertex   -1.110832e+00 -7.277606e-01 6.000000e+00
      vertex   -1.035408e+00 -8.315739e-01 7.500000e+00
    endloop
  endfacet
  facet normal -8.090170e-01 -5.877853e-01 -0.000000e+00
    outer loop
      vertex   -1.035408e+00 -8.315739e-01 7.500000e+00
      vertex   -1.110832e+00 -7.277606e-01 6.000000e+00
      vertex   -1.035408e+00 -8.315739e-01 6.000000e+00
    endloop
  endfacet
  facet normal -7.485107e-01 -6.631227e-01 -0.000000e+00
    outer loop
      vertex   -1.035408e+00 -8.315739e-01 7.500000e+00
      vertex   -1.035408e+00 -8.315739e-01 6.000000e+00
      vertex   -9.503154e-01 -9.276231e-01 7.500000e+00
    endloop
  endfacet
  facet normal -7.485107e-01 -6.631227e-01 -0.000000e+00
    outer loop
      vertex   -9.503154e-01 -9.276231e-01 7.500000e+00
      vertex   -1.035408e+00 -8.315739e-01 6.000000e+00
      vertex   -9.503154e-01 -9.276231e-01 6.000000e+00
    endloop
  endfacet
  facet normal -6.810159e-01 -7.322687e-01 -0.000000e+00
    outer loop
      vertex   -9.503154e-01 -9.276231e-01 7.500000e+00
      vertex   -9.503154e-01 -9.276231e-01 6.000000e+00
      vertex   -8.563505e-01 -1.015011e+00 7.500000e+00
    endloop
  endfacet
  facet normal -6.810159e-01 -7.322687e-01 -0.000000e+00
    outer loop
      vertex   -8.563505e-01 -1.015011e+00 7.500000e+00
      vertex   -9.503154e-01 -9.276231e-01 6.000000e+00
      vertex   -8.563505e-01 -1.015011e+00 6.000000e+00
    endloop
  endfacet
  facet normal -6.071625e-01 -7.945777e-01 -0.000000e+00
    outer loop
      vertex   -8.563505e-01 -1.015011e+00 7.500000e+00
      vertex   -8.563505e-01 -1.015011e+00 6.000000e+00
      vertex   -7.543900e-01 -1.092923e+00 7.500000e+00
    endloop
  endfacet
  facet normal -6.071625e-01 -7.945777e-01 -0.000000e+00
    outer loop
      vertex   -7.543900e-01 -1.092923e+00 7.500000e+00
      vertex   -8.563505e-01 -1.015011e+00 6.000000e+00
      vertex   -7.543900e-01 -1.092923e+00 6.000000e+00
    endloop
  endfacet
  facet normal -5.276402e-01 -8.494679e-01 -0.000000e+00
    outer loop
      vertex   -7.543900e-01 -1.092923e+00 7.500000e+00
      vertex   -7.543900e-01 -1.092923e+00 6.000000e+00
      vertex   -6.453860e-01 -1.160630e+00 7.500000e+00
    endloop
  endfacet
  facet normal -5.276402e-01 -8.494679e-01 -0.000000e+00
    outer loop
      vertex   -6.453860e-01 -1.160630e+00 7.500000e+00
      vertex   -7.543900e-01 -1.092923e+00 6.000000e+00
      vertex   -6.453860e-01 -1.160630e+00 6.000000e+00
    endloop
  endfacet
  facet normal -4.431915e-01 -8.964269e-01 -0.000000e+00
    outer loop
      vertex   -6.453860e-01 -1.160630e+00 7.500000e+00
      vertex   -6.453860e-01 -1.160630e+00 6.000000e+00
      vertex   -5.303562e-01 -1.217500e+00 7.500000e+00
    endloop
  endfacet
  facet normal -4.431915e-01 -8.964269e-01 -0.000000e+00
    outer loop
      vertex   -5.303562e-01 -1.217500e+00 7.500000e+00
      vertex   -6.453860e-01 -1.160630e+00 6.000000e+00
      vertex   -5.303562e-01 -1.217500e+00 6.000000e+00
    endloop
  endfacet
  facet normal -3.546049e-01 -9.350162e-01 -0.000000e+00
    outer loop
      vertex   -5.303562e-01 -1.217500e+00 7.500000e+00
      vertex   -5.303562e-01 -1.217500e+00 6.000000e+00
      vertex   -4.103746e-01 -1.263003e+00 7.500000e+00
    endloop
  endfacet
  facet normal -3.546049e-01 -9.350162e-01 -0.000000e+00
    outer loop
      vertex   -4.103746e-01 -1.263003e+00 7.500000e+00
      vertex   -5.303562e-01 -1.217500e+00 6.000000e+00
      vertex   -4.103746e-01 -1.263003e+00 6.000000e+00
    endloop
  endfacet
  facet normal -2.627074e-01 -9.648756e-01 -0.000000e+00
    outer loop
      vertex   -4.103746e-01 -1.263003e+00 7.500000e+00
      vertex   -4.103746e-01 -1.263003e+00 6.000000e+00
      vertex   -2.865614e-01 -1.296714e+00 7.500000e+00
    endloop
  endfacet
  facet normal -2.627074e-01 -9.648756e-01 -0.000000e+00
    outer loop
      vertex   -2.865614e-01 -1.296714e+00 7.500000e+00
      vertex   -4.103746e-01 -1.263003e+00 6.000000e+00
      vertex   -2.865614e-01 -1.296714e+00 6.000000e+00
    endloop
  endfacet
  facet normal -1.683570e-01 -9.857261e-01 -0.000000e+00
    outer loop
      vertex   -2.865614e-01 -1.296714e+00 7.500000e+00
      vertex   -2.865614e-01 -1.296714e+00 6.000000e+00
      vertex   -1.600727e-01 -1.318317e+00 7.500000e+00
    endloop
  endfacet
  facet normal -1.683570e-01 -9.857261e-01 -0.000000e+00
    outer loop
      vertex   -1.600727e-01 -1.318317e+00 7.500000e+00
      vertex   -2.865614e-01 -1.296714e+00 6.000000e+00
      vertex   -1.600727e-01 -1.318317e+00 6.000000e+00
    endloop
  endfacet
  facet normal -7.243480e-02 -9.973731e-01 -0.000000e+00
    outer loop
      vertex   -1.600727e-01 -1.318317e+00 7.500000e+00
      vertex   -1.600727e-01 -1.318317e+00 6.000000e+00
      vertex   -3.208945e-02 -1.327612e+00 7.500000e+00
    endloop
  endfacet
  facet normal -7.243480e-02 -9.973731e-01 -0.000000e+00
    outer loop
      vertex   -3.208945e-02 -1.327612e+00 7.500000e+00
      vertex   -1.600727e-01 -1.318317e+00 6.000000e+00
      vertex   -3.208945e-02 -1.327612e+00 6.000000e+00
    endloop
  endfacet
  facet normal 2.416375e-02 -9.997080e-01 0.000000e+00
    outer loop
      vertex   -3.208945e-02 -1.327612e+00 7.500000e+00
      vertex   -3.208945e-02 -1.327612e+00 6.000000e+00
      vertex   9.619341e-02 -1.324512e+00 7.500000e+00
    endloop
  endfacet
  facet normal 2.416375e-02 -9.997080e-01 0.000000e+00
    outer loop
      vertex   9.619341e-02 -1.324512e+00 7.500000e+00
      vertex   -3.208945e-02 -1.327612e+00 6.000000e+00
      vertex   9.619341e-02 -1.324512e+00 6.000000e+00
    endloop
  endfacet
  facet normal 1.205367e-01 -9.927089e-01 0.000000e+00
    outer loop
      vertex   9.619341e-02 -1.324512e+00 7.500000e+00
      vertex   9.619341e-02 -1.324512e+00 6.000000e+00
      vertex   2.235782e-01 -1.309044e+00 7.500000e+00
    endloop
  endfacet
  facet normal 1.205367e-01 -9.927089e-01 0.000000e+00
    outer loop
      vertex   2.235782e-01 -1.309044e+00 7.500000e+00
      vertex   9.619341e-02 -1.324512e+00 6.000000e+00
      vertex   2.235782e-01 -1.309044e+00 6.000000e+00
    endloop
  endfacet
  facet normal 2.157842e-01 -9.764411e-01 0.000000e+00
    outer loop
      vertex   2.235782e-01 -1.309044e+00 7.500000e+00
      vertex   2.235782e-01 -1.309044e+00 6.000000e+00
      vertex   3.488754e-01 -1.281355e+00 7.500000e+00
    endloop
  endfacet
  facet normal 2.157842e-01 -9.764411e-01 0.000000e+00
    outer loop
      vertex   3.488754e-01 -1.281355e+00 7.500000e+00
      vertex   2.235782e-01 -1.309044e+00 6.000000e+00
      vertex   3.488754e-01 -1.281355e+00 6.000000e+00
    endloop
  endfacet
  facet normal 3.090170e-01 -9.510565e-01 0.000000e+00
    outer loop
      vertex   3.488754e-01 -1.281355e+00 7.500000e+00
      vertex   3.488754e-01 -1.281355e+00 6.000000e+00
      vertex   4.709153e-01 -1.241702e+00 7.500000e+00
    endloop
  endfacet
  facet normal 3.090170e-01 -9.510565e-01 0.000000e+00
    outer loop
      vertex   4.709153e-01 -1.241702e+00 7.500000e+00
      vertex   3.488754e-01 -1.281355e+00 6.000000e+00
      vertex   4.709153e-01 -1.241702e+00 6.000000e+00
    endloop
  endfacet
  facet normal 3.993646e-01 -9.167922e-01 0.000000e+00
    outer loop
      vertex   4.709153e-01 -1.241702e+00 7.500000e+00
      vertex   4.709153e-01 -1.241702e+00 6.000000e+00
      vertex   5.885584e-01 -1.190455e+00 7.500000e+00
    endloop
  endfacet
  facet normal 3.993646e-01 -9.167922e-01 0.000000e+00
    outer loop
      vertex   5.885584e-01 -1.190455e+00 7.500000e+00
      vertex   4.709153e-01 -1.241702e+00 6.000000e+00
      vertex   5.885584e-01 -1.190455e+00 6.000000e+00
    endloop
  endfacet
  facet normal 4.859834e-01 -8.739680e-01 0.000000e+00
    outer loop
      vertex   5.885584e-01 -1.190455e+00 7.500000e+00
      vertex   5.885584e-01 -1.190455e+00 6.000000e+00
      vertex   7.007062e-01 -1.128093e+00 7.500000e+00
    endloop
  endfacet
  facet normal 4.859834e-01 -8.739680e-01 0.000000e+00
    outer loop
      vertex   7.007062e-01 -1.128093e+00 7.500000e+00
      vertex   5.885584e-01 -1.190455e+00 6.000000e+00
      vertex   7.007062e-01 -1.128093e+00 6.000000e+00
    endloop
  endfacet
  facet normal 5.680647e-01 -8.229839e-01 0.000000e+00
    outer loop
      vertex   7.007062e-01 -1.128093e+00 7.500000e+00
      vertex   7.007062e-01 -1.128093e+00 6.000000e+00
      vertex   8.063118e-01 -1.055199e+00 7.500000e+00
    endloop
  endfacet
  facet normal 5.680647e-01 -8.229839e-01 0.000000e+00
    outer loop
      vertex   8.063118e-01 -1.055199e+00 7.500000e+00
      vertex   7.007062e-01 -1.128093e+00 6.000000e+00
      vertex   8.063118e-01 -1.055199e+00 6.000000e+00
    endloop
  endfacet
  facet normal 6.448422e-01 -7.643157e-01 0.000000e+00
    outer loop
      vertex   8.063118e-01 -1.055199e+00 7.500000e+00
      vertex   8.063118e-01 -1.055199e+00 6.000000e+00
      vertex   9.043891e-01 -9.724528e-01 7.500000e+00
    endloop
  endfacet
  facet normal 6.448422e-01 -7.643157e-01 0.000000e+00
    outer loop
      vertex   9.043891e-01 -9.724528e-01 7.500000e+00
      vertex   8.063118e-01 -1.055199e+00 6.000000e+00
      vertex   9.043891e-01 -9.724528e-01 6.000000e+00
    endloop
  endfacet
  facet normal 7.155990e-01 -6.985114e-01 0.000000e+00
    outer loop
      vertex   9.043891e-01 -9.724528e-01 7.500000e+00
      vertex   9.043891e-01 -9.724528e-01 6.000000e+00
      vertex   9.940223e-01 -8.806269e-01 7.500000e+00
    endloop
  endfacet
  facet normal 7.155990e-01 -6.985114e-01 0.000000e+00
    outer loop
      vertex   9.940223e-01 -8.806269e-01 7.500000e+00
      vertex   9.043891e-01 -9.724528e-01 6.000000e+00
      vertex   9.940223e-01 -8.806269e-01 6.000000e+00
    endloop
  endfacet
  facet normal 7.796744e-01 -6.261852e-01 0.000000e+00
    outer loop
      vertex   9.940223e-01 -8.806269e-01 7.500000e+00
      vertex   9.940223e-01 -8.806269e-01 6.000000e+00
      vertex   1.074375e+00 -7.805788e-01 7.500000e+00
    endloop
  endfacet
  facet normal 7.796744e-01 -6.261852e-01 0.000000e+00
    outer loop
      vertex   1.074375e+00 -7.805788e-01 7.500000e+00
      vertex   9.940223e-01 -8.806269e-01 6.000000e+00
      vertex   1.074375e+00 -7.805788e-01 6.000000e+00
    endloop
  endfacet
  facet normal 8.364701e-01 -5.480125e-01 0.000000e+00
    outer loop
      vertex   1.074375e+00 -7.805788e-01 7.500000e+00
      vertex   1.074375e+00 -7.805788e-01 6.000000e+00
      vertex   1.144696e+00 -6.732427e-01 7.500000e+00
    endloop
  endfacet
  facet normal 8.364701e-01 -5.480125e-01 0.000000e+00
    outer loop
      vertex   1.144696e+00 -6.732427e-01 7.500000e+00
      vertex   1.074375e+00 -7.805788e-01 6.000000e+00
      vertex   1.144696e+00 -6.732427e-01 6.000000e+00
    endloop
  endfacet
  facet normal 8.854560e-01 -4.647232e-01 0.000000e+00
    outer loop
      vertex   1.144696e+00 -6.732427e-01 7.500000e+00
      vertex   1.144696e+00 -6.732427e-01 6.000000e+00
      vertex   1.204329e+00 -5.596207e-01 7.500000e+00
    endloop
  endfacet
  facet normal 8.854560e-01 -4.647232e-01 0.000000e+00
    outer loop
      vertex   1.204329e+00 -5.596207e-01 7.500000e+00
      vertex   1.144696e+00 -6.732427e-01 6.000000e+00
      vertex   1.204329e+00 -5.596207e-01 6.000000e+00
    endloop
  endfacet
  facet normal 9.261746e-01 -3.770948e-01 0.000000e+00
    outer loop
      vertex   1.204329e+00 -5.596207e-01 7.500000e+00
      vertex   1.204329e+00 -5.596207e-01 6.000000e+00
      vertex   1.252718e+00 -4.407736e-01 7.500000e+00
    endloop
  endfacet
  facet normal 9.261746e-01 -3.770948e-01 0.000000e+00
    outer loop
      vertex   1.252718e+00 -4.407736e-01 7.500000e+00
      vertex   1.204329e+00 -5.596207e-01 6.000000e+00
      vertex   1.252718e+00 -4.407736e-01 6.000000e+00
    endloop
  endfacet
  facet normal 9.582458e-01 -2.859457e-01 0.000000e+00
    outer loop
      vertex   1.252718e+00 -4.407736e-01 7.500000e+00
      vertex   1.252718e+00 -4.407736e-01 6.000000e+00
      vertex   1.289411e+00 -3.178112e-01 7.500000e+00
    endloop
  endfacet
  facet normal 9.582458e-01 -2.859457e-01 0.000000e+00
    outer loop
      vertex   1.289411e+00 -3.178112e-01 7.500000e+00
      vertex   1.252718e+00 -4.407736e-01 6.000000e+00
      vertex   1.289411e+00 -3.178112e-01 6.000000e+00
    endloop
  endfacet
  facet normal 9.813701e-01 -1.921267e-01 0.000000e+00
    outer loop
      vertex   1.289411e+00 -3.178112e-01 7.500000e+00
      vertex   1.289411e+00 -3.178112e-01 6.000000e+00
      vertex   1.314064e+00 -1.918815e-01 7.500000e+00
    endloop
  endfacet
  facet normal 9.813701e-01 -1.921267e-01 0.000000e+00
    outer loop
      vertex   1.314064e+00 -1.918815e-01 7.500000e+00
      vertex   1.289411e+00 -3.178112e-01 6.000000e+00
      vertex   1.314064e+00 -1.918815e-01 6.000000e+00
    endloop
  endfacet
  facet normal 9.953316e-01 -9.651392e-02 0.000000e+00
    outer loop
      vertex   1.314064e+00 -1.918815e-01 7.500000e+00
      vertex   1.314064e+00 -1.918815e-01 6.000000e+00
      vertex   1.326449e+00 -6.416017e-02 7.500000e+00
    endloop
  endfacet
  facet normal 9.953316e-01 -9.651392e-02 0.000000e+00
    outer loop
      vertex   1.326449e+00 -6.416017e-02 7.500000e+00
      vertex   1.314064e+00 -1.918815e-01 6.000000e+00
      vertex   1.326449e+00 -6.416017e-02 6.000000e+00
    endloop
  endfacet
  facet normal 1.000000e+00 -0.000000e+00 0.000000e+00
    outer loop
      vertex   1.326449e+00 -6.416017e-02 7.500000e+00
      vertex   1.326449e+00 -6.416017e-02 6.000000e+00
      vertex   1.326449e+00 6.416017e-02 7.500000e+00
    endloop
  endfacet
  facet normal 1.000000e+00 0.000000e+00 0.000000e+00
    outer loop
      vertex   1.326449e+00 6.416017e-02 7.500000e+00
      vertex   1.326449e+00 -6.416017e-02 6.000000e+00
      vertex   1.326449e+00 6.416017e-02 6.000000e+00
    endloop
  endfacet
  facet normal 9.953316e-01 9.651392e-02 0.000000e+00
    outer loop
      vertex   1.326449e+00 6.416017e-02 7.500000e+00
      vertex   1.326449e+00 6.416017e-02 6.000000e+00
      vertex   1.314064e+00 1.918815e-01 7.500000e+00
    endloop
  endfacet
  facet normal 9.953316e-01 9.651392e-02 0.000000e+00
    outer loop
      vertex   1.314064e+00 1.918815e-01 7.500000e+00
      vertex   1.326449e+00 6.416017e-02 6.000000e+00
      vertex   1.314064e+00 1.918815e-01 6.000000e+00
    endloop
  endfacet
  facet normal 9.813701e-01 1.921267e-01 0.000000e+00
    outer loop
      vertex   1.314064e+00 1.918815e-01 7.500000e+00
      vertex   1.314064e+00 1.918815e-01 6.000000e+00
      vertex   1.289411e+00 3.178112e-01 7.500000e+00
    endloop
  endfacet
  facet normal 9.813701e-01 1.921267e-01 0.000000e+00
    outer loop
      vertex   1.289411e+00 3.178112e-01 7.500000e+00
      vertex   1.314064e+00 1.918815e-01 6.000000e+00
      vertex   1.289411e+00 3.178112e-01 6.000000e+00
    endloop
  endfacet
  facet normal 9.582458e-01 2.859457e-01 0.000000e+00
    outer loop
      vertex   1.289411e+00 3.178112e-01 7.500000e+00
      vertex   1.289411e+00 3.178112e-01 6.000000e+00
      vertex   1.252718e+00 4.407736e-01 7.500000e+00
    endloop
  endfacet
  facet normal 9.582458e-01 2.859457e-01 0.000000e+00
    outer loop
      vertex   1.252718e+00 4.407736e-01 7.500000e+00
      vertex   1.289411e+00 3.178112e-01 6.000000e+00
      vertex   1.252718e+00 4.407736e-01 6.000000e+00
    endloop
  endfacet
  facet normal 9.261746e-01 3.770948e-01 0.000000e+00
    outer loop
      vertex   1.252718e+00 4.407736e-01 7.500000e+00
      vertex   1.252718e+00 4.407736e-01 6.000000e+00
      vertex   1.204329e+00 5.596207e-01 7.500000e+00
    endloop
  endfacet
  facet normal 9.261746e-01 3.770948e-01 0.000000e+00
    outer loop
      vertex   1.204329e+00 5.596207e-01 7.500000e+00
      vertex   1.252718e+00 4.407736e-01 6.000000e+00
      vertex   1.204329e+00 5.596207e-01 6.000000e+00
    endloop
  endfacet
  facet normal 8.854560e-01 4.647232e-01 0.000000e+00
    outer loop
      vertex   1.204329e+00 5.596207e-01 7.500000e+00
      vertex   1.204329e+00 5.596207e-01 6.000000e+00
      vertex   1.144696e+00 6.732427e-01 7.500000e+00
    endloop
  endfacet
  facet normal 8.854560e-01 4.647232e-01 0.000000e+00
    outer loop
      vertex   1.144696e+00 6.732427e-01 7.500000e+00
      vertex   1.204329e+00 5.596207e-01 6.000000e+00
      vertex   1.144696e+00 6.732427e-01 6.000000e+00
    endloop
  endfacet
  facet normal 8.364701e-01 5.480125e-01 0.000000e+00
    outer loop
      vertex   1.144696e+00 6.732427e-01 7.500000e+00
      vertex   1.144696e+00 6.732427e-01 6.000000e+00
      vertex   1.074375e+00 7.805788e-01 7.500000e+00
    endloop
  endfacet
  facet normal 8.364701e-01 5.480125e-01 0.000000e+00
    outer loop
      vertex   1.074375e+00 7.805788e-01 7.500000e+00
      vertex   1.144696e+00 6.732427e-01 6.000000e+00
      vertex   1.074375e+00 7.805788e-01 6.000000e+00
    endloop
  endfacet
  facet normal 7.796744e-01 6.261852e-01 0.000000e+00
    outer loop
      vertex   1.074375e+00 7.805788e-01 7.500000e+00
      vertex   1.074375e+00 7.805788e-01 6.000000e+00
      vertex   9.940223e-01 8.806269e-01 7.500000e+00
    endloop
  endfacet
  facet normal 7.796744e-01 6.261852e-01 0.000000e+00
    outer loop
      vertex   9.940223e-01 8.806269e-01 7.500000e+00
      vertex   1.074375e+00 7.805788e-01 6.000000e+00
      vertex   9.940223e-01 8.806269e-01 6.000000e+00
    endloop
  endfacet
  facet normal 7.155990e-01 6.985114e-01 0.000000e+00
    outer loop
      vertex   9.940223e-01 8.806269e-01 7.500000e+00
      vertex   9.940223e-01 8.806269e-01 6.000000e+00
      vertex   9.043891e-01 9.724528e-01 7.500000e+00
    endloop
  endfacet
  facet normal 7.155990e-01 6.985114e-01 0.000000e+00
    outer loop
      vertex   9.043891e-01 9.724528e-01 7.500000e+00
      vertex   9.940223e-01 8.806269e-01 6.000000e+00
      vertex   9.043891e-01 9.724528e-01 6.000000e+00
    endloop
  endfacet
  facet normal 6.448422e-01 7.643157e-01 0.000000e+00
    outer loop
      vertex   9.043891e-01 9.724528e-01 7.500000e+00
      vertex   9.043891e-01 9.724528e-01 6.000000e+00
      vertex   8.063118e-01 1.055199e+00 7.500000e+00
    endloop
  endfacet
  facet normal 6.448422e-01 7.643157e-01 0.000000e+00
    outer loop
      vertex   8.063118e-01 1.055199e+00 7.500000e+00
      vertex   9.043891e-01 9.724528e-01 6.000000e+00
      vertex   8.063118e-01 1.055199e+00 6.000000e+00
    endloop
  endfacet
  facet normal 5.680647e-01 8.229839e-01 0.000000e+00
    outer loop
      vertex   8.063118e-01 1.055199e+00 7.500000e+00
      vertex   8.063118e-01 1.055199e+00 6.000000e+00
      vertex   7.007062e-01 1.128093e+00 7.500000e+00
    endloop
  endfacet
  facet normal 5.680647e-01 8.229839e-01 0.000000e+00
    outer loop
      vertex   7.007062e-01 1.128093e+00 7.500000e+00
      vertex   8.063118e-01 1.055199e+00 6.000000e+00
      vertex   7.007062e-01 1.128093e+00 6.000000e+00
    endloop
  endfacet
  facet normal 4.859834e-01 8.739680e-01 0.000000e+00
    outer loop
      vertex   7.007062e-01 1.128093e+00 7.500000e+00
      vertex   7.007062e-01 1.128093e+00 6.000000e+00
      vertex   5.885584e-01 1.190455e+00 7.500000e+00
    endloop
  endfacet
  facet normal 4.859834e-01 8.739680e-01 0.000000e+00
    outer loop
      vertex   5.885584e-01 1.190455e+00 7.500000e+00
      vertex   7.007062e-01 1.128093e+00 6.000000e+00
      vertex   5.885584e-01 1.190455e+00 6.000000e+00
    endloop
  endfacet
  facet normal 3.993646e-01 9.167922e-01 0.000000e+00
    outer loop
      vertex   5.885584e-01 1.190455e+00 7.500000e+00
      vertex   5.885584e-01 1.190455e+00 6.000000e+00
      vertex   4.709153e-01 1.241702e+00 7.500000e+00
    endloop
  endfacet
  facet normal 3.993646e-01 9.167922e-01 0.000000e+00
    outer loop
      vertex   4.709153e-01 1.241702e+00 7.500000e+00
      vertex   5.885584e-01 1.190455e+00 6.000000e+00
      vertex   4.709153e-01 1.241702e+00 6.000000e+00
    endloop
  endfacet
  facet normal 3.090170e-01 9.510565e-01 0.000000e+00
    outer loop
      vertex   4.709153e-01 1.241702e+00 7.500000e+00
      vertex   4.709153e-01 1.241702e+00 6.000000e+00
      vertex   3.488754e-01 1.281355e+00 7.500000e+00
    endloop
  endfacet
  facet normal 3.090170e-01 9.510565e-01 0.000000e+00
    outer loop
      vertex   3.488754e-01 1.281355e+00 7.500000e+00
      vertex   4.709153e-01 1.241702e+00 6.000000e+00
      vertex   3.488754e-01 1.281355e+00 6.000000e+00
    endloop
  endfacet
  facet normal 2.157842e-01 9.764411e-01 0.000000e+00
    outer loop
      vertex   3.488754e-01 1.281355e+00 7.500000e+00
      vertex   3.488754e-01 1.281355e+00 6.000000e+00
      vertex   2.235782e-01 1.309044e+00 7.500000e+00
    endloop
  endfacet
  facet normal 2.157842e-01 9.764411e-01 0.000000e+00
    outer loop
      vertex   2.235782e-01 1.309044e+00 7.500000e+00
      vertex   3.488754e-01 1.281355e+00 6.000000e+00
      vertex   2.235782e-01 1.309044e+00 6.000000e+00
    endloop
  endfacet
  facet normal 1.205367e-01 9.927089e-01 0.000000e+00
    outer loop
      vertex   2.235782e-01 1.309044e+00 7.500000e+00
      vertex   2.235782e-01 1.309044e+00 6.000000e+00
      vertex   9.619341e-02 1.324512e+00 7.500000e+00
    endloop
  endfacet
  facet normal 1.205367e-01 9.927089e-01 0.000000e+00
    outer loop
      vertex   9.619341e-02 1.324512e+00 7.500000e+00
      vertex   2.235782e-01 1.309044e+00 6.000000e+00
      vertex   9.619341e-02 1.324512e+00 6.000000e+00
    endloop
  endfacet
  facet normal 2.416375e-02 9.997080e-01 0.000000e+00
    outer loop
      vertex   9.619341e-02 1.324512e+00 7.500000e+00
      vertex   9.619341e-02 1.324512e+00 6.000000e+00
      vertex   -3.208945e-02 1.327612e+00 7.500000e+00
    endloop
  endfacet
  facet normal 2.416375e-02 9.997080e-01 0.000000e+00
    outer loop
      vertex   -3.208945e-02 1.327612e+00 7.500000e+00
      vertex   9.619341e-02 1.324512e+00 6.000000e+00
      vertex   -3.208945e-02 1.327612e+00 6.000000e+00
    endloop
  endfacet
  facet normal -7.243480e-02 9.973731e-01 0.000000e+00
    outer loop
      vertex   -3.208945e-02 1.327612e+00 7.500000e+00
      vertex   -3.208945e-02 1.327612e+00 6.000000e+00
      vertex   -1.600727e-01 1.318317e+00 7.500000e+00
    endloop
  endfacet
  facet normal -7.243480e-02 9.973731e-01 0.000000e+00
    outer loop
      vertex   -1.600727e-01 1.318317e+00 7.500000e+00
      vertex   -3.208945e-02 1.327612e+00 6.000000e+00
      vertex   -1.600727e-01 1.318317e+00 6.000000e+00
    endloop
  endfacet
  facet normal -1.683570e-01 9.857261e-01 0.000000e+00
    outer loop
      vertex   -1.600727e-01 1.318317e+00 7.500000e+00
      vertex   -1.600727e-01 1.318317e+00 6.000000e+00
      vertex   -2.865614e-01 1.296714e+00 7.500000e+00
    endloop
  endfacet
  facet normal -1.683570e-01 9.857261e-01 0.000000e+00
    outer loop
      vertex   -2.865614e-01 1.296714e+00 7.500000e+00
      vertex   -1.600727e-01 1.318317e+00 6.000000e+00
      vertex   -2.865614e-01 1.296714e+00 6.000000e+00
    endloop
  endfacet
  facet normal -2.627074e-01 9.648756e-01 0.000000e+00
    outer loop
      vertex   -2.865614e-01 1.296714e+00 7.500000e+00
      vertex   -2.865614e-01 1.296714e+00 6.000000e+00
      vertex   -4.103746e-01 1.263003e+00 7.500000e+00
    endloop
  endfacet
  facet normal -2.627074e-01 9.648756e-01 0.000000e+00
    outer loop
      vertex   -4.103746e-01 1.263003e+00 7.500000e+00
      vertex   -2.865614e-01 1.296714e+00 6.000000e+00
      vertex   -4.103746e-01 1.263003e+00 6.000000e+00
    endloop
  endfacet
  facet normal -3.546049e-01 9.350162e-01 0.000000e+00
    outer loop
      vertex   -4.103746e-01 1.263003e+00 7.500000e+00
      vertex   -4.103746e-01 1.263003e+00 6.000000e+00
      vertex   -5.303562e-01 1.217500e+00 7.500000e+00
    endloop
  endfacet
  facet normal -3.546049e-01 9.350162e-01 0.000000e+00
    outer loop
      vertex   -5.303562e-01 1.217500e+00 7.500000e+00
      vertex   -4.103746e-01 1.263003e+00 6.000000e+00
      vertex   -5.303562e-01 1.217500e+00 6.000000e+00
    endloop
  endfacet
  facet normal -4.431915e-01 8.964269e-01 0.000000e+00
    outer loop
      vertex   -5.303562e-01 1.217500e+00 7.500000e+00
      vertex   -5.303562e-01 1.217500e+00 6.000000e+00
      vertex   -6.453860e-01 1.160630e+00 7.500000e+00
    endloop
  endfacet
  facet normal -4.431915e-01 8.964269e-01 0.000000e+00
    outer loop
      vertex   -6.453860e-01 1.160630e+00 7.500000e+00
      vertex   -5.303562e-01 1.217500e+00 6.000000e+00
      vertex   -6.453860e-01 1.160630e+00 6.000000e+00
    endloop
  endfacet
  facet normal -5.276402e-01 8.494679e-01 0.000000e+00
    outer loop
      vertex   -6.453860e-01 1.160630e+00 7.500000e+00
      vertex   -6.453860e-01 1.160630e+00 6.000000e+00
      vertex   -7.543900e-01 1.092923e+00 7.500000e+00
    endloop
  endfacet
  facet normal -5.276402e-01 8.494679e-01 0.000000e+00
    outer loop
      vertex   -7.543900e-01 1.092923e+00 7.500000e+00
      vertex   -6.453860e-01 1.160630e+00 6.000000e+00
      vertex   -7.543900e-01 1.092923e+00 6.000000e+00
    endloop
  endfacet
  facet normal -6.071625e-01 7.945777e-01 0.000000e+00
    outer loop
      vertex   -7.543900e-01 1.092923e+00 7.500000e+00
      vertex   -7.543900e-01 1.092923e+00 6.000000e+00
      vertex   -8.563505e-01 1.015011e+00 7.500000e+00
    endloop
  endfacet
  facet normal -6.071625e-01 7.945777e-01 0.000000e+00
    outer loop
      vertex   -8.563505e-01 1.015011e+00 7.500000e+00
      vertex   -7.543900e-01 1.092923e+00 6.000000e+00
      vertex   -8.563505e-01 1.015011e+00 6.000000e+00
    endloop
  endfacet
  facet normal -6.810159e-01 7.322687e-01 0.000000e+00
    outer loop
      vertex   -8.563505e-01 1.015011e+00 7.500000e+00
      vertex   -8.563505e-01 1.015011e+00 6.000000e+00
      vertex   -9.503154e-01 9.276231e-01 7.500000e+00
    endloop
  endfacet
  facet normal -6.810159e-01 7.322687e-01 0.000000e+00
    outer loop
      vertex   -9.503154e-01 9.276231e-01 7.500000e+00
      vertex   -8.563505e-01 1.015011e+00 6.000000e+00
      vertex   -9.503154e-01 9.276231e-01 6.000000e+00
    endloop
  endfacet
  facet normal -7.485107e-01 6.631227e-01 0.000000e+00
    outer loop
      vertex   -9.503154e-01 9.276231e-01 7.500000e+00
      vertex   -9.503154e-01 9.276231e-01 6.000000e+00
      vertex   -1.035408e+00 8.315739e-01 7.500000e+00
    endloop
  endfacet
  facet normal -7.485107e-01 6.631227e-01 0.000000e+00
    outer loop
      vertex   -1.035408e+00 8.315739e-01 7.500000e+00
      vertex   -9.503154e-01 9.276231e-01 6.000000e+00
      vertex   -1.035408e+00 8.315739e-01 6.000000e+00
    endloop
  endfacet
  facet normal -8.090170e-01 5.877853e-01 0.000000e+00
    outer loop
      vertex   -1.035408e+00 8.315739e-01 7.500000e+00
      vertex   -1.035408e+00 8.315739e-01 6.000000e+00
      vertex   -1.110832e+00 7.277606e-01 7.500000e+00
    endloop
  endfacet
  facet normal -8.090170e-01 5.877853e-01 0.000000e+00
    outer loop
      vertex   -1.110832e+00 7.277606e-01 7.500000e+00
      vertex   -1.035408e+00 8.315739e-01 6.000000e+00
      vertex   -1.110832e+00 7.277606e-01 6.000000e+00
    endloop
  endfacet
  facet normal -8.619697e-01 5.069599e-01 0.000000e+00
    outer loop
      vertex   -1.110832e+00 7.277606e-01 7.500000e+00
      vertex   -1.110832e+00 7.277606e-01 6.000000e+00
      vertex   -1.175886e+00 6.171524e-01 7.500000e+00
    endloop
  endfacet
  facet normal -8.619697e-01 5.069599e-01 0.000000e+00
    outer loop
      vertex   -1.175886e+00 6.171524e-01 7.500000e+00
      vertex   -1.110832e+00 7.277606e-01 6.000000e+00
      vertex   -1.175886e+00 6.171524e-01 6.000000e+00
    endloop
  endfacet
  facet normal -9.068744e-01 4.214011e-01 0.000000e+00
    outer loop
      vertex   -1.175886e+00 6.171524e-01 7.500000e+00
      vertex   -1.175886e+00 6.171524e-01 6.000000e+00
      vertex   -1.229960e+00 5.007819e-01 7.500000e+00
    endloop
  endfacet
  facet normal -9.068744e-01 4.214011e-01 0.000000e+00
    outer loop
      vertex   -1.229960e+00 5.007819e-01 7.500000e+00
      vertex   -1.175886e+00 6.171524e-01 6.000000e+00
      vertex   -1.229960e+00 5.007819e-01 6.000000e+00
    endloop
  endfacet
  facet normal -9.433118e-01 3.319079e-01 0.000000e+00
    outer loop
      vertex   -1.229960e+00 5.007819e-01 7.500000e+00
      vertex   -1.229960e+00 5.007819e-01 6.000000e+00
      vertex   -1.272550e+00 3.797359e-01 7.500000e+00
    endloop
  endfacet
  facet normal -9.433118e-01 3.319079e-01 0.000000e+00
    outer loop
      vertex   -1.272550e+00 3.797359e-01 7.500000e+00
      vertex   -1.229960e+00 5.007819e-01 6.000000e+00
      vertex   -1.272550e+00 3.797359e-01 6.000000e+00
    endloop
  endfacet
  facet normal -9.709418e-01 2.393157e-01 0.000000e+00
    outer loop
      vertex   -1.272550e+00 3.797359e-01 7.500000e+00
      vertex   -1.272550e+00 3.797359e-01 6.000000e+00
      vertex   -1.303260e+00 2.551443e-01 7.500000e+00
    endloop
  endfacet
  facet normal -9.709418e-01 2.393157e-01 0.000000e+00
    outer loop
      vertex   -1.303260e+00 2.551443e-01 7.500000e+00
      vertex   -1.272550e+00 3.797359e-01 6.000000e+00
      vertex   -1.303260e+00 2.551443e-01 6.000000e+00
    endloop
  endfacet
  facet normal -9.895064e-01 1.444890e-01 0.000000e+00
    outer loop
      vertex   -1.303260e+00 2.551443e-01 7.500000e+00
      vertex   -1.303260e+00 2.551443e-01 6.000000e+00
      vertex   -1.321800e+00 1.281705e-01 7.500000e+00
    endloop
  endfacet
  facet normal -9.895064e-01 1.444890e-01 0.000000e+00
    outer loop
      vertex   -1.321800e+00 1.281705e-01 7.500000e+00
      vertex   -1.303260e+00 2.551443e-01 6.000000e+00
      vertex   -1.321800e+00 1.281705e-01 6.000000e+00
    endloop
  endfacet
  facet normal 0.000000e+00 0.000000e+00 1.000000e+00
    outer loop
      vertex   -8.217242e-01 1.017515e-01 7.500000e+00
      vertex   -1.321800e+00 1.281705e-01 7.500000e+00
      vertex   -8.280000e-01 -1.014008e-16 7.500000e+00
    endloop
  endfacet
  facet normal 0.000000e+00 0.000000e+00 1.000000e+00
    outer loop
      vertex   -8.280000e-01 -1.014008e-16 7.500000e+00
      vertex   -1.321800e+00 1.281705e-01 7.500000e+00
      vertex   -1.328000e+00 -1.626331e-16 7.500000e+00
    endloop
  endfacet
  facet normal 0.000000e+00 0.000000e+00 1.000000e+00
    outer loop
      vertex   -8.280000e-01 -1.014008e-16 7.500000e+00
      vertex   -1.328000e+00 -1.626331e-16 7.500000e+00
      vertex   -1.321800e+00 -1.281705e-01 7.500000e+00
    endloop
  endfacet
  facet normal -0.000000e+00 0.000000e+00 1.000000e+00
    outer loop
      vertex   -1.321800e+00 1.281705e-01 7.500000e+00
      vertex   -8.217242e-01 1.017515e-01 7.500000e+00
      vertex   -1.303260e+00 2.551443e-01 7.500000e+00
    endloop
  endfacet
  facet normal 0.000000e+00 0.000000e+00 1.000000e+00
    outer loop
      vertex   -1.303260e+00 2.551443e-01 7.500000e+00
      vertex   -8.217242e-01 1.017515e-01 7.500000e+00
      vertex   -8.029919e-01 2.019606e-01 7.500000e+00
    endloop
  endfacet
  facet normal -0.000000e+00 0.000000e+00 1.000000e+00
    outer loop
      vertex   -1.303260e+00 2.551443e-01 7.500000e+00
      vertex   -8.029919e-01 2.019606e-01 7.500000e+00
      vertex   -1.272550e+00 3.797359e-01 7.500000e+00
    endloop
  endfacet
  facet normal 0.000000e+00 0.000000e+00 1.000000e+00
    outer loop
      vertex   -1.272550e+00 3.797359e-01 7.500000e+00
      vertex   -8.029919e-01 2.019606e-01 7.500000e+00
      vertex   -7.720870e-01 2.991081e-01 7.500000e+00
    endloop
  endfacet
  facet normal -0.000000e+00 0.000000e+00 1.000000e+00
    outer loop
      vertex   -1.272550e+00 3.797359e-01 7.500000e+00
      vertex   -7.720870e-01 2.991081e-01 7.500000e+00
      vertex   -1.229960e+00 5.007819e-01 7.500000e+00
    endloop
  endfacet
  facet normal 0.000000e+00 0.000000e+00 1.000000e+00
    outer loop
      vertex   -1.229960e+00 5.007819e-01 7.500000e+00
      vertex   -7.720870e-01 2.991081e-01 7.500000e+00
      vertex   -7.294781e-01 3.917215e-01 7.500000e+00
    endloop
  endfacet
  facet normal -0.000000e+00 0.000000e+00 1.000000e+00
    outer loop
      vertex   -1.229960e+00 5.007819e-01 7.500000e+00
      vertex   -7.294781e-01 3.917215e-01 7.500000e+00
      vertex   -1.175886e+00 6.171524e-01 7.500000e+00
    endloop
  endfacet
  facet normal -0.000000e+00 0.000000e+00 1.000000e+00
    outer loop
      vertex   -1.175886e+00 6.171524e-01 7.500000e+00
      vertex   -7.294781e-01 3.917215e-01 7.500000e+00
      vertex   -1.110832e+00 7.277606e-01 7.500000e+00
    endloop
  endfacet
  facet normal 0.000000e+00 0.000000e+00 1.000000e+00
    outer loop
      vertex   -1.110832e+00 7.277606e-01 7.500000e+00
      vertex   -7.294781e-01 3.917215e-01 7.500000e+00
      vertex   -6.758110e-01 4.783967e-01 7.500000e+00
    endloop
  endfacet
  facet normal -0.000000e+00 0.000000e+00 1.000000e+00
    outer loop
      vertex   -1.110832e+00 7.277606e-01 7.500000e+00
      vertex   -6.758110e-01 4.783967e-01 7.500000e+00
      vertex   -1.035408e+00 8.315739e-01 7.500000e+00
    endloop
  endfacet
  facet normal 0.000000e+00 0.000000e+00 1.000000e+00
    outer loop
      vertex   -1.035408e+00 8.315739e-01 7.500000e+00
      vertex   -6.758110e-01 4.783967e-01 7.500000e+00
      vertex   -6.118994e-01 5.578200e-01 7.500000e+00
    endloop
  endfacet
  facet normal -0.000000e+00 0.000000e+00 1.000000e+00
    outer loop
      vertex   -1.035408e+00 8.315739e-01 7.500000e+00
      vertex   -6.118994e-01 5.578200e-01 7.500000e+00
      vertex   -9.503154e-01 9.276231e-01 7.500000e+00
    endloop
  endfacet
  facet normal 0.000000e+00 0.000000e+00 1.000000e+00
    outer loop
      vertex   -9.503154e-01 9.276231e-01 7.500000e+00
      vertex   -6.118994e-01 5.578200e-01 7.500000e+00
      vertex   -5.387120e-01 6.287873e-01 7.500000e+00
    endloop
  endfacet
  facet normal -0.000000e+00 0.000000e+00 1.000000e+00
    outer loop
      vertex   -9.503154e-01 9.276231e-01 7.500000e+00
      vertex   -5.387120e-01 6.287873e-01 7.500000e+00
      vertex   -8.563505e-01 1.015011e+00 7.500000e+00
    endloop
  endfacet
  facet normal -0.000000e+00 0.000000e+00 1.000000e+00
    outer loop
      vertex   -8.563505e-01 1.015011e+00 7.500000e+00
      vertex   -5.387120e-01 6.287873e-01 7.500000e+00
      vertex   -7.543900e-01 1.092923e+00 7.500000e+00
    endloop
  endfacet
  facet normal 0.000000e+00 0.000000e+00 1.000000e+00
    outer loop
      vertex   -7.543900e-01 1.092923e+00 7.500000e+00
      vertex   -5.387120e-01 6.287873e-01 7.500000e+00
      vertex   -4.573582e-01 6.902228e-01 7.500000e+00
    endloop
  endfacet
  facet normal -0.000000e+00 0.000000e+00 1.000000e+00
    outer loop
      vertex   -7.543900e-01 1.092923e+00 7.500000e+00
      vertex   -4.573582e-01 6.902228e-01 7.500000e+00
      vertex   -6.453860e-01 1.160630e+00 7.500000e+00
    endloop
  endfacet
  facet normal 0.000000e+00 0.000000e+00 1.000000e+00
    outer loop
      vertex   -6.453860e-01 1.160630e+00 7.500000e+00
      vertex   -4.573582e-01 6.902228e-01 7.500000e+00
      vertex   -3.690714e-01 7.411952e-01 7.500000e+00
    endloop
  endfacet
  facet normal -0.000000e+00 0.000000e+00 1.000000e+00
    outer loop
      vertex   -6.453860e-01 1.160630e+00 7.500000e+00
      vertex   -3.690714e-01 7.411952e-01 7.500000e+00
      vertex   -5.303562e-01 1.217500e+00 7.500000e+00
    endloop
  endfacet
  facet normal 0.000000e+00 0.000000e+00 1.000000e+00
    outer loop
      vertex   -5.303562e-01 1.217500e+00 7.500000e+00
      vertex   -3.690714e-01 7.411952e-01 7.500000e+00
      vertex   -2.751898e-01 7.809319e-01 7.500000e+00
    endloop
  endfacet
  facet normal -0.000000e+00 0.000000e+00 1.000000e+00
    outer loop
      vertex   -5.303562e-01 1.217500e+00 7.500000e+00
      vertex   -2.751898e-01 7.809319e-01 7.500000e+00
      vertex   -4.103746e-01 1.263003e+00 7.500000e+00
    endloop
  endfacet
  facet normal 0.000000e+00 0.000000e+00 1.000000e+00
    outer loop
      vertex   -4.103746e-01 1.263003e+00 7.500000e+00
      vertex   -2.751898e-01 7.809319e-01 7.500000e+00
      vertex   -1.771366e-01 8.088304e-01 7.500000e+00
    endloop
  endfacet
  facet normal -0.000000e+00 0.000000e+00 1.000000e+00
    outer loop
      vertex   -4.103746e-01 1.263003e+00 7.500000e+00
      vertex   -1.771366e-01 8.088304e-01 7.500000e+00
      vertex   -2.865614e-01 1.296714e+00 7.500000e+00
    endloop
  endfacet
  facet normal -0.000000e+00 0.000000e+00 1.000000e+00
    outer loop
      vertex   -2.865614e-01 1.296714e+00 7.500000e+00
      vertex   -1.771366e-01 8.088304e-01 7.500000e+00
      vertex   -1.600727e-01 1.318317e+00 7.500000e+00
    endloop
  endfacet
  facet normal 0.000000e+00 0.000000e+00 1.000000e+00
    outer loop
      vertex   -1.600727e-01 1.318317e+00 7.500000e+00
      vertex   -1.771366e-01 8.088304e-01 7.500000e+00
      vertex   -7.639820e-02 8.244679e-01 7.500000e+00
    endloop
  endfacet
  facet normal -0.000000e+00 0.000000e+00 1.000000e+00
    outer loop
      vertex   -1.600727e-01 1.318317e+00 7.500000e+00
      vertex   -7.639820e-02 8.244679e-01 7.500000e+00
      vertex   -3.208945e-02 1.327612e+00 7.500000e+00
    endloop
  endfacet
  facet normal 0.000000e+00 0.000000e+00 1.000000e+00
    outer loop
      vertex   -3.208945e-02 1.327612e+00 7.500000e+00
      vertex   -7.639820e-02 8.244679e-01 7.500000e+00
      vertex   2.549831e-02 8.276073e-01 7.500000e+00
    endloop
  endfacet
  facet normal 0.000000e+00 0.000000e+00 1.000000e+00
    outer loop
      vertex   -3.208945e-02 1.327612e+00 7.500000e+00
      vertex   2.549831e-02 8.276073e-01 7.500000e+00
      vertex   9.619341e-02 1.324512e+00 7.500000e+00
    endloop
  endfacet
  facet normal 0.000000e+00 0.000000e+00 1.000000e+00
    outer loop
      vertex   9.619341e-02 1.324512e+00 7.500000e+00
      vertex   2.549831e-02 8.276073e-01 7.500000e+00
      vertex   1.270083e-01 8.182010e-01 7.500000e+00
    endloop
  endfacet
  facet normal 0.000000e+00 0.000000e+00 1.000000e+00
    outer loop
      vertex   9.619341e-02 1.324512e+00 7.500000e+00
      vertex   1.270083e-01 8.182010e-01 7.500000e+00
      vertex   2.235782e-01 1.309044e+00 7.500000e+00
    endloop
  endfacet
  facet normal 0.000000e+00 0.000000e+00 1.000000e+00
    outer loop
      vertex   2.235782e-01 1.309044e+00 7.500000e+00
      vertex   1.270083e-01 8.182010e-01 7.500000e+00
      vertex   2.265930e-01 7.963916e-01 7.500000e+00
    endloop
  endfacet
  facet normal 0.000000e+00 0.000000e+00 1.000000e+00
    outer loop
      vertex   2.235782e-01 1.309044e+00 7.500000e+00
      vertex   2.265930e-01 7.963916e-01 7.500000e+00
      vertex   3.488754e-01 1.281355e+00 7.500000e+00
    endloop
  endfacet
  facet normal 0.000000e+00 0.000000e+00 1.000000e+00
    outer loop
      vertex   3.488754e-01 1.281355e+00 7.500000e+00
      vertex   2.265930e-01 7.963916e-01 7.500000e+00
      vertex   4.709153e-01 1.241702e+00 7.500000e+00
    endloop
  endfacet
  facet normal 0.000000e+00 0.000000e+00 1.000000e+00
    outer loop
      vertex   4.709153e-01 1.241702e+00 7.500000e+00
      vertex   2.265930e-01 7.963916e-01 7.500000e+00
      vertex   3.227427e-01 7.625098e-01 7.500000e+00
    endloop
  endfacet
  facet normal 0.000000e+00 0.000000e+00 1.000000e+00
    outer loop
      vertex   4.709153e-01 1.241702e+00 7.500000e+00
      vertex   3.227427e-01 7.625098e-01 7.500000e+00
      vertex   5.885584e-01 1.190455e+00 7.500000e+00
    endloop
  endfacet
  facet normal 0.000000e+00 0.000000e+00 1.000000e+00
    outer loop
      vertex   5.885584e-01 1.190455e+00 7.500000e+00
      vertex   3.227427e-01 7.625098e-01 7.500000e+00
      vertex   4.140000e-01 7.170690e-01 7.500000e+00
    endloop
  endfacet
  facet normal 0.000000e+00 0.000000e+00 1.000000e+00
    outer loop
      vertex   5.885584e-01 1.190455e+00 7.500000e+00
      vertex   4.140000e-01 7.170690e-01 7.500000e+00
      vertex   7.007062e-01 1.128093e+00 7.500000e+00
    endloop
  endfacet
  facet normal 0.000000e+00 0.000000e+00 1.000000e+00
    outer loop
      vertex   7.007062e-01 1.128093e+00 7.500000e+00
      vertex   4.140000e-01 7.170690e-01 7.500000e+00
      vertex   4.989815e-01 6.607583e-01 7.500000e+00
    endloop
  endfacet
  facet normal 0.000000e+00 0.000000e+00 1.000000e+00
    outer loop
      vertex   7.007062e-01 1.128093e+00 7.500000e+00
      vertex   4.989815e-01 6.607583e-01 7.500000e+00
      vertex   8.063118e-01 1.055199e+00 7.500000e+00
    endloop
  endfacet
  facet normal 0.000000e+00 0.000000e+00 1.000000e+00
    outer loop
      vertex   8.063118e-01 1.055199e+00 7.500000e+00
      vertex   4.989815e-01 6.607583e-01 7.500000e+00
      vertex   9.043891e-01 9.724528e-01 7.500000e+00
    endloop
  endfacet
  facet normal 0.000000e+00 0.000000e+00 1.000000e+00
    outer loop
      vertex   9.043891e-01 9.724528e-01 7.500000e+00
      vertex   4.989815e-01 6.607583e-01 7.500000e+00
      vertex   5.763989e-01 5.944311e-01 7.500000e+00
    endloop
  endfacet
  facet normal 0.000000e+00 0.000000e+00 1.000000e+00
    outer loop
      vertex   9.043891e-01 9.724528e-01 7.500000e+00
      vertex   5.763989e-01 5.944311e-01 7.500000e+00
      vertex   9.940223e-01 8.806269e-01 7.500000e+00
    endloop
  endfacet
  facet normal 0.000000e+00 0.000000e+00 1.000000e+00
    outer loop
      vertex   9.940223e-01 8.806269e-01 7.500000e+00
      vertex   5.763989e-01 5.944311e-01 7.500000e+00
      vertex   6.450787e-01 5.190929e-01 7.500000e+00
    endloop
  endfacet
  facet normal 0.000000e+00 0.000000e+00 1.000000e+00
    outer loop
      vertex   9.940223e-01 8.806269e-01 7.500000e+00
      vertex   6.450787e-01 5.190929e-01 7.500000e+00
      vertex   1.074375e+00 7.805788e-01 7.500000e+00
    endloop
  endfacet
  facet normal 0.000000e+00 0.000000e+00 1.000000e+00
    outer loop
      vertex   1.074375e+00 7.805788e-01 7.500000e+00
      vertex   6.450787e-01 5.190929e-01 7.500000e+00
      vertex   7.039798e-01 4.358858e-01 7.500000e+00
    endloop
  endfacet
  facet normal 0.000000e+00 0.000000e+00 1.000000e+00
    outer loop
      vertex   1.074375e+00 7.805788e-01 7.500000e+00
      vertex   7.039798e-01 4.358858e-01 7.500000e+00
      vertex   1.144696e+00 6.732427e-01 7.500000e+00
    endloop
  endfacet
  facet normal 0.000000e+00 0.000000e+00 1.000000e+00
    outer loop
      vertex   1.144696e+00 6.732427e-01 7.500000e+00
      vertex   7.039798e-01 4.358858e-01 7.500000e+00
      vertex   7.522092e-01 3.460712e-01 7.500000e+00
    endloop
  endfacet
  facet normal 0.000000e+00 0.000000e+00 1.000000e+00
    outer loop
      vertex   1.144696e+00 6.732427e-01 7.500000e+00
      vertex   7.522092e-01 3.460712e-01 7.500000e+00
      vertex   1.204329e+00 5.596207e-01 7.500000e+00
    endloop
  endfacet
  facet normal 0.000000e+00 0.000000e+00 1.000000e+00
    outer loop
      vertex   1.204329e+00 5.596207e-01 7.500000e+00
      vertex   7.522092e-01 3.460712e-01 7.500000e+00
      vertex   1.252718e+00 4.407736e-01 7.500000e+00
    endloop
  endfacet
  facet normal 0.000000e+00 0.000000e+00 1.000000e+00
    outer loop
      vertex   1.252718e+00 4.407736e-01 7.500000e+00
      vertex   7.522092e-01 3.460712e-01 7.500000e+00
      vertex   7.890360e-01 2.510104e-01 7.500000e+00
    endloop
  endfacet
  facet normal 0.000000e+00 0.000000e+00 1.000000e+00
    outer loop
      vertex   1.252718e+00 4.407736e-01 7.500000e+00
      vertex   7.890360e-01 2.510104e-01 7.500000e+00
      vertex   1.289411e+00 3.178112e-01 7.500000e+00
    endloop
  endfacet
  facet normal 0.000000e+00 0.000000e+00 1.000000e+00
    outer loop
      vertex   1.289411e+00 3.178112e-01 7.500000e+00
      vertex   7.890360e-01 2.510104e-01 7.500000e+00
      vertex   8.139017e-01 1.521446e-01 7.500000e+00
    endloop
  endfacet
  facet normal 0.000000e+00 0.000000e+00 1.000000e+00
    outer loop
      vertex   1.289411e+00 3.178112e-01 7.500000e+00
      vertex   8.139017e-01 1.521446e-01 7.500000e+00
      vertex   1.314064e+00 1.918815e-01 7.500000e+00
    endloop
  endfacet
  facet normal 0.000000e+00 0.000000e+00 1.000000e+00
    outer loop
      vertex   1.314064e+00 1.918815e-01 7.500000e+00
      vertex   8.139017e-01 1.521446e-01 7.500000e+00
      vertex   8.264296e-01 5.097243e-02 7.500000e+00
    endloop
  endfacet
  facet normal 0.000000e+00 0.000000e+00 1.000000e+00
    outer loop
      vertex   1.314064e+00 1.918815e-01 7.500000e+00
      vertex   8.264296e-01 5.097243e-02 7.500000e+00
      vertex   1.326449e+00 6.416017e-02 7.500000e+00
    endloop
  endfacet
  facet normal 0.000000e+00 0.000000e+00 1.000000e+00
    outer loop
      vertex   1.326449e+00 6.416017e-02 7.500000e+00
      vertex   8.264296e-01 5.097243e-02 7.500000e+00
      vertex   1.326449e+00 -6.416017e-02 7.500000e+00
    endloop
  endfacet
  facet normal 0.000000e+00 0.000000e+00 1.000000e+00
    outer loop
      vertex   1.326449e+00 -6.416017e-02 7.500000e+00
      vertex   8.264296e-01 5.097243e-02 7.500000e+00
      vertex   8.264296e-01 -5.097243e-02 7.500000e+00
    endloop
  endfacet
  facet normal 0.000000e+00 0.000000e+00 1.000000e+00
    outer loop
      vertex   1.326449e+00 -6.416017e-02 7.500000e+00
      vertex   8.264296e-01 -5.097243e-02 7.500000e+00
      vertex   1.314064e+00 -1.918815e-01 7.500000e+00
    endloop
  endfacet
  facet normal 0.000000e+00 0.000000e+00 1.000000e+00
    outer loop
      vertex   1.314064e+00 -1.918815e-01 7.500000e+00
      vertex   8.264296e-01 -5.097243e-02 7.500000e+00
      vertex   8.139017e-01 -1.521446e-01 7.500000e+00
    endloop
  endfacet
  facet normal 0.000000e+00 0.000000e+00 1.000000e+00
    outer loop
      vertex   1.314064e+00 -1.918815e-01 7.500000e+00
      vertex   8.139017e-01 -1.521446e-01 7.500000e+00
      vertex   1.289411e+00 -3.178112e-01 7.500000e+00
    endloop
  endfacet
  facet normal 0.000000e+00 0.000000e+00 1.000000e+00
    outer loop
      vertex   1.289411e+00 -3.178112e-01 7.500000e+00
      vertex   8.139017e-01 -1.521446e-01 7.500000e+00
      vertex   7.890360e-01 -2.510104e-01 7.500000e+00
    endloop
  endfacet
  facet normal 0.000000e+00 0.000000e+00 1.000000e+00
    outer loop
      vertex   1.289411e+00 -3.178112e-01 7.500000e+00
      vertex   7.890360e-01 -2.510104e-01 7.500000e+00
      vertex   1.252718e+00 -4.407736e-01 7.500000e+00
    endloop
  endfacet
  facet normal 0.000000e+00 0.000000e+00 1.000000e+00
    outer loop
      vertex   1.252718e+00 -4.407736e-01 7.500000e+00
      vertex   7.890360e-01 -2.510104e-01 7.500000e+00
      vertex   7.522092e-01 -3.460712e-01 7.500000e+00
    endloop
  endfacet
  facet normal 0.000000e+00 0.000000e+00 1.000000e+00
    outer loop
      vertex   1.252718e+00 -4.407736e-01 7.500000e+00
      vertex   7.522092e-01 -3.460712e-01 7.500000e+00
      vertex   1.204329e+00 -5.596207e-01 7.500000e+00
    endloop
  endfacet
  facet normal 0.000000e+00 0.000000e+00 1.000000e+00
    outer loop
      vertex   1.204329e+00 -5.596207e-01 7.500000e+00
      vertex   7.522092e-01 -3.460712e-01 7.500000e+00
      vertex   1.144696e+00 -6.732427e-01 7.500000e+00
    endloop
  endfacet
  facet normal 0.000000e+00 0.000000e+00 1.000000e+00
    outer loop
      vertex   1.144696e+00 -6.732427e-01 7.500000e+00
      vertex   7.522092e-01 -3.460712e-01 7.500000e+00
      vertex   7.039798e-01 -4.358858e-01 7.500000e+00
    endloop
  endfacet
  facet normal 0.000000e+00 0.000000e+00 1.000000e+00
    outer loop
      vertex   1.144696e+00 -6.732427e-01 7.500000e+00
      vertex   7.039798e-01 -4.358858e-01 7.500000e+00
      vertex   1.074375e+00 -7.805788e-01 7.500000e+00
    endloop
  endfacet
  facet normal 0.000000e+00 0.000000e+00 1.000000e+00
    outer loop
      vertex   1.074375e+00 -7.805788e-01 7.500000e+00
      vertex   7.039798e-01 -4.358858e-01 7.500000e+00
      vertex   6.450787e-01 -5.190929e-01 7.500000e+00
    endloop
  endfacet
  facet normal 0.000000e+00 0.000000e+00 1.000000e+00
    outer loop
      vertex   1.074375e+00 -7.805788e-01 7.500000e+00
      vertex   6.450787e-01 -5.190929e-01 7.500000e+00
      vertex   9.940223e-01 -8.806269e-01 7.500000e+00
    endloop
  endfacet
  facet normal 0.000000e+00 0.000000e+00 1.000000e+00
    outer loop
      vertex   9.940223e-01 -8.806269e-01 7.500000e+00
      vertex   6.450787e-01 -5.190929e-01 7.500000e+00
      vertex   5.763989e-01 -5.944311e-01 7.500000e+00
    endloop
  endfacet
  facet normal 0.000000e+00 0.000000e+00 1.000000e+00
    outer loop
      vertex   9.940223e-01 -8.806269e-01 7.500000e+00
      vertex   5.763989e-01 -5.944311e-01 7.500000e+00
      vertex   9.043891e-01 -9.724528e-01 7.500000e+00
    endloop
  endfacet
  facet normal 0.000000e+00 0.000000e+00 1.000000e+00
    outer loop
      vertex   9.043891e-01 -9.724528e-01 7.500000e+00
      vertex   5.763989e-01 -5.944311e-01 7.500000e+00
      vertex   4.989815e-01 -6.607583e-01 7.500000e+00
    endloop
  endfacet
  facet normal 0.000000e+00 0.000000e+00 1.000000e+00
    outer loop
      vertex   9.043891e-01 -9.724528e-01 7.500000e+00
      vertex   4.989815e-01 -6.607583e-01 7.500000e+00
      vertex   8.063118e-01 -1.055199e+00 7.500000e+00
    endloop
  endfacet
  facet normal 0.000000e+00 0.000000e+00 1.000000e+00
    outer loop
      vertex   8.063118e-01 -1.055199e+00 7.500000e+00
      vertex   4.989815e-01 -6.607583e-01 7.500000e+00
      vertex   7.007062e-01 -1.128093e+00 7.500000e+00
    endloop
  endfacet
  facet normal 0.000000e+00 0.000000e+00 1.000000e+00
    outer loop
      vertex   7.007062e-01 -1.128093e+00 7.500000e+00
      vertex   4.989815e-01 -6.607583e-01 7.500000e+00
      vertex   4.140000e-01 -7.170690e-01 7.500000e+00
    endloop
  endfacet
  facet normal 0.000000e+00 0.000000e+00 1.000000e+00
    outer loop
      vertex   7.007062e-01 -1.128093e+00 7.500000e+00
      vertex   4.140000e-01 -7.170690e-01 7.500000e+00
      vertex   5.885584e-01 -1.190455e+00 7.500000e+00
    endloop
  endfacet
  facet normal 0.000000e+00 0.000000e+00 1.000000e+00
    outer loop
      vertex   5.885584e-01 -1.190455e+00 7.500000e+00
      vertex   4.140000e-01 -7.170690e-01 7.500000e+00
      vertex   3.227427e-01 -7.625098e-01 7.500000e+00
    endloop
  endfacet
  facet normal 0.000000e+00 0.000000e+00 1.000000e+00
    outer loop
      vertex   5.885584e-01 -1.190455e+00 7.500000e+00
      vertex   3.227427e-01 -7.625098e-01 7.500000e+00
      vertex   4.709153e-01 -1.241702e+00 7.500000e+00
    endloop
  endfacet
  facet normal 0.000000e+00 0.000000e+00 1.000000e+00
    outer loop
      vertex   4.709153e-01 -1.241702e+00 7.500000e+00
      vertex   3.227427e-01 -7.625098e-01 7.500000e+00
      vertex   2.265930e-01 -7.963916e-01 7.500000e+00
    endloop
  endfacet
  facet normal 0.000000e+00 0.000000e+00 1.000000e+00
    outer loop
      vertex   4.709153e-01 -1.241702e+00 7.500000e+00
      vertex   2.265930e-01 -7.963916e-01 7.500000e+00
      vertex   3.488754e-01 -1.281355e+00 7.500000e+00
    endloop
  endfacet
  facet normal 0.000000e+00 0.000000e+00 1.000000e+00
    outer loop
      vertex   3.488754e-01 -1.281355e+00 7.500000e+00
      vertex   2.265930e-01 -7.963916e-01 7.500000e+00
      vertex   2.235782e-01 -1.309044e+00 7.500000e+00
    endloop
  endfacet
  facet normal 0.000000e+00 -0.000000e+00 1.000000e+00
    outer loop
      vertex   2.235782e-01 -1.309044e+00 7.500000e+00
      vertex   2.265930e-01 -7.963916e-01 7.500000e+00
      vertex   1.270083e-01 -8.182010e-01 7.500000e+00
    endloop
  endfacet
  facet normal 0.000000e+00 0.000000e+00 1.000000e+00
    outer loop
      vertex   2.235782e-01 -1.309044e+00 7.500000e+00
      vertex   1.270083e-01 -8.182010e-01 7.500000e+00
      vertex   9.619341e-02 -1.324512e+00 7.500000e+00
    endloop
  endfacet
  facet normal 0.000000e+00 -0.000000e+00 1.000000e+00
    outer loop
      vertex   9.619341e-02 -1.324512e+00 7.500000e+00
      vertex   1.270083e-01 -8.182010e-01 7.500000e+00
      vertex   2.549831e-02 -8.276073e-01 7.500000e+00
    endloop
  endfacet
  facet normal 0.000000e+00 0.000000e+00 1.000000e+00
    outer loop
      vertex   9.619341e-02 -1.324512e+00 7.500000e+00
      vertex   2.549831e-02 -8.276073e-01 7.500000e+00
      vertex   -3.208945e-02 -1.327612e+00 7.500000e+00
    endloop
  endfacet
  facet normal 0.000000e+00 -0.000000e+00 1.000000e+00
    outer loop
      vertex   -3.208945e-02 -1.327612e+00 7.500000e+00
      vertex   2.549831e-02 -8.276073e-01 7.500000e+00
      vertex   -7.639820e-02 -8.244679e-01 7.500000e+00
    endloop
  endfacet
  facet normal 0.000000e+00 0.000000e+00 1.000000e+00
    outer loop
      vertex   -3.208945e-02 -1.327612e+00 7.500000e+00
      vertex   -7.639820e-02 -8.244679e-01 7.500000e+00
      vertex   -1.600727e-01 -1.318317e+00 7.500000e+00
    endloop
  endfacet
  facet normal 0.000000e+00 -0.000000e+00 1.000000e+00
    outer loop
      vertex   -1.600727e-01 -1.318317e+00 7.500000e+00
      vertex   -7.639820e-02 -8.244679e-01 7.500000e+00
      vertex   -1.771366e-01 -8.088304e-01 7.500000e+00
    endloop
  endfacet
  facet normal 0.000000e+00 0.000000e+00 1.000000e+00
    outer loop
      vertex   -1.600727e-01 -1.318317e+00 7.500000e+00
      vertex   -1.771366e-01 -8.088304e-01 7.500000e+00
      vertex   -2.865614e-01 -1.296714e+00 7.500000e+00
    endloop
  endfacet
  facet normal 0.000000e+00 -0.000000e+00 1.000000e+00
    outer loop
      vertex   -2.865614e-01 -1.296714e+00 7.500000e+00
      vertex   -1.771366e-01 -8.088304e-01 7.500000e+00
      vertex   -4.103746e-01 -1.263003e+00 7.500000e+00
    endloop
  endfacet
  facet normal 0.000000e+00 0.000000e+00 1.000000e+00
    outer loop
      vertex   -4.103746e-01 -1.263003e+00 7.500000e+00
      vertex   -1.771366e-01 -8.088304e-01 7.500000e+00
      vertex   -2.751898e-01 -7.809319e-01 7.500000e+00
    endloop
  endfacet
  facet normal 0.000000e+00 -0.000000e+00 1.000000e+00
    outer loop
      vertex   -4.103746e-01 -1.263003e+00 7.500000e+00
      vertex   -2.751898e-01 -7.809319e-01 7.500000e+00
      vertex   -5.303562e-01 -1.217500e+00 7.500000e+00
    endloop
  endfacet
  facet normal 0.000000e+00 0.000000e+00 1.000000e+00
    outer loop
      vertex   -5.303562e-01 -1.217500e+00 7.500000e+00
      vertex   -2.751898e-01 -7.809319e-01 7.500000e+00
      vertex   -3.690714e-01 -7.411952e-01 7.500000e+00
    endloop
  endfacet
  facet normal 0.000000e+00 -0.000000e+00 1.000000e+00
    outer loop
      vertex   -5.303562e-01 -1.217500e+00 7.500000e+00
      vertex   -3.690714e-01 -7.411952e-01 7.500000e+00
      vertex   -6.453860e-01 -1.160630e+00 7.500000e+00
    endloop
  endfacet
  facet normal 0.000000e+00 0.000000e+00 1.000000e+00
    outer loop
      vertex   -6.453860e-01 -1.160630e+00 7.500000e+00
      vertex   -3.690714e-01 -7.411952e-01 7.500000e+00
      vertex   -4.573582e-01 -6.902228e-01 7.500000e+00
    endloop
  endfacet
  facet normal 0.000000e+00 -0.000000e+00 1.000000e+00
    outer loop
      vertex   -6.453860e-01 -1.160630e+00 7.500000e+00
      vertex   -4.573582e-01 -6.902228e-01 7.500000e+00
      vertex   -7.543900e-01 -1.092923e+00 7.500000e+00
    endloop
  endfacet
  facet normal 0.000000e+00 0.000000e+00 1.000000e+00
    outer loop
      vertex   -7.543900e-01 -1.092923e+00 7.500000e+00
      vertex   -4.573582e-01 -6.902228e-01 7.500000e+00
      vertex   -5.387120e-01 -6.287873e-01 7.500000e+00
    endloop
  endfacet
  facet normal 0.000000e+00 -0.000000e+00 1.000000e+00
    outer loop
      vertex   -7.543900e-01 -1.092923e+00 7.500000e+00
      vertex   -5.387120e-01 -6.287873e-01 7.500000e+00
      vertex   -8.563505e-01 -1.015011e+00 7.500000e+00
    endloop
  endfacet
  facet normal 0.000000e+00 -0.000000e+00 1.000000e+00
    outer loop
      vertex   -8.563505e-01 -1.015011e+00 7.500000e+00
      vertex   -5.387120e-01 -6.287873e-01 7.500000e+00
      vertex   -9.503154e-01 -9.276231e-01 7.500000e+00
    endloop
  endfacet
  facet normal 0.000000e+00 0.000000e+00 1.000000e+00
    outer loop
      vertex   -9.503154e-01 -9.276231e-01 7.500000e+00
      vertex   -5.387120e-01 -6.287873e-01 7.500000e+00
      vertex   -6.118994e-01 -5.578200e-01 7.500000e+00
    endloop
  endfacet
  facet normal 0.000000e+00 -0.000000e+00 1.000000e+00
    outer loop
      vertex   -9.503154e-01 -9.276231e-01 7.500000e+00
      vertex   -6.118994e-01 -5.578200e-01 7.500000e+00
      vertex   -1.035408e+00 -8.315739e-01 7.500000e+00
    endloop
  endfacet
  facet normal 0.000000e+00 0.000000e+00 1.000000e+00
    outer loop
      vertex   -1.035408e+00 -8.315739e-01 7.500000e+00
      vertex   -6.118994e-01 -5.578200e-01 7.500000e+00
      vertex   -6.758110e-01 -4.783967e-01 7.500000e+00
    endloop
  endfacet
  facet normal 0.000000e+00 -0.000000e+00 1.000000e+00
    outer loop
      vertex   -1.035408e+00 -8.315739e-01 7.500000e+00
      vertex   -6.758110e-01 -4.783967e-01 7.500000e+00
      vertex   -1.110832e+00 -7.277606e-01 7.500000e+00
    endloop
  endfacet
  facet normal 0.000000e+00 0.000000e+00 1.000000e+00
    outer loop
      vertex   -1.110832e+00 -7.277606e-01 7.500000e+00
      vertex   -6.758110e-01 -4.783967e-01 7.500000e+00
      vertex   -7.294781e-01 -3.917215e-01 7.500000e+00
    endloop
  endfacet
  facet normal 0.000000e+00 -0.000000e+00 1.000000e+00
    outer loop
      vertex   -1.110832e+00 -7.277606e-01 7.500000e+00
      vertex   -7.294781e-01 -3.917215e-01 7.500000e+00
      vertex   -1.175886e+00 -6.171524e-01 7.500000e+00
    endloop
  endfacet
  facet normal 0.000000e+00 -0.000000e+00 1.000000e+00
    outer loop
      vertex   -1.175886e+00 -6.171524e-01 7.500000e+00
      vertex   -7.294781e-01 -3.917215e-01 7.500000e+00
      vertex   -1.229960e+00 -5.007819e-01 7.500000e+00
    endloop
  endfacet
  facet normal 0.000000e+00 0.000000e+00 1.000000e+00
    outer loop
      vertex   -1.229960e+00 -5.007819e-01 7.500000e+00
      vertex   -7.294781e-01 -3.917215e-01 7.500000e+00
      vertex   -7.720870e-01 -2.991081e-01 7.500000e+00
    endloop
  endfacet
  facet normal 0.000000e+00 -0.000000e+00 1.000000e+00
    outer loop
      vertex   -1.229960e+00 -5.007819e-01 7.500000e+00
      vertex   -7.720870e-01 -2.991081e-01 7.500000e+00
      vertex   -1.272550e+00 -3.797359e-01 7.500000e+00
    endloop
  endfacet
  facet normal 0.000000e+00 0.000000e+00 1.000000e+00
    outer loop
      vertex   -1.272550e+00 -3.797359e-01 7.500000e+00
      vertex   -7.720870e-01 -2.991081e-01 7.500000e+00
      vertex   -8.029919e-01 -2.019606e-01 7.500000e+00
    endloop
  endfacet
  facet normal 0.000000e+00 -0.000000e+00 1.000000e+00
    outer loop
      vertex   -1.272550e+00 -3.797359e-01 7.500000e+00
      vertex   -8.029919e-01 -2.019606e-01 7.500000e+00
      vertex   -1.303260e+00 -2.551443e-01 7.500000e+00
    endloop
  endfacet
  facet normal 0.000000e+00 0.000000e+00 1.000000e+00
    outer loop
      vertex   -1.303260e+00 -2.551443e-01 7.500000e+00
      vertex   -8.029919e-01 -2.019606e-01 7.500000e+00
      vertex   -8.217242e-01 -1.017515e-01 7.500000e+00
    endloop
  endfacet
  facet normal 0.000000e+00 -0.000000e+00 1.000000e+00
    outer loop
      vertex   -1.303260e+00 -2.551443e-01 7.500000e+00
      vertex   -8.217242e-01 -1.017515e-01 7.500000e+00
      vertex   -1.321800e+00 -1.281705e-01 7.500000e+00
    endloop
  endfacet
  facet normal 0.000000e+00 0.000000e+00 1.000000e+00
    outer loop
      vertex   -1.321800e+00 -1.281705e-01 7.500000e+00
      vertex   -8.217242e-01 -1.017515e-01 7.500000e+00
      vertex   -8.280000e-01 -1.014008e-16 7.500000e+00
    endloop
  endfacet
  facet normal -0.000000e+00 0.000000e+00 -1.000000e+00
    outer loop
      vertex   -8.217242e-01 -1.017515e-01 6.000000e+00
      vertex   -1.321800e+00 -1.281705e-01 6.000000e+00
      vertex   -8.280000e-01 -1.014008e-16 6.000000e+00
    endloop
  endfacet
  facet normal 0.000000e+00 0.000000e+00 -1.000000e+00
    outer loop
      vertex   -8.280000e-01 -1.014008e-16 6.000000e+00
      vertex   -1.321800e+00 -1.281705e-01 6.000000e+00
      vertex   -1.328000e+00 -1.626331e-16 6.000000e+00
    endloop
  endfacet
  facet normal -0.000000e+00 0.000000e+00 -1.000000e+00
    outer loop
      vertex   -8.280000e-01 -1.014008e-16 6.000000e+00
      vertex   -1.328000e+00 -1.626331e-16 6.000000e+00
      vertex   -1.321800e+00 1.281705e-01 6.000000e+00
    endloop
  endfacet
  facet normal 0.000000e+00 0.000000e+00 -1.000000e+00
    outer loop
      vertex   -1.321800e+00 -1.281705e-01 6.000000e+00
      vertex   -8.217242e-01 -1.017515e-01 6.000000e+00
      vertex   -1.303260e+00 -2.551443e-01 6.000000e+00
    endloop
  endfacet
  facet normal 0.000000e+00 0.000000e+00 -1.000000e+00
    outer loop
      vertex   -1.303260e+00 -2.551443e-01 6.000000e+00
      vertex   -8.217242e-01 -1.017515e-01 6.000000e+00
      vertex   -8.029919e-01 -2.019606e-01 6.000000e+00
    endloop
  endfacet
  facet normal 0.000000e+00 0.000000e+00 -1.000000e+00
    outer loop
      vertex   -1.303260e+00 -2.551443e-01 6.000000e+00
      vertex   -8.029919e-01 -2.019606e-01 6.000000e+00
      vertex   -1.272550e+00 -3.797359e-01 6.000000e+00
    endloop
  endfacet
  facet normal 0.000000e+00 0.000000e+00 -1.000000e+00
    outer loop
      vertex   -1.272550e+00 -3.797359e-01 6.000000e+00
      vertex   -8.029919e-01 -2.019606e-01 6.000000e+00
      vertex   -7.720870e-01 -2.991081e-01 6.000000e+00
    endloop
  endfacet
  facet normal 0.000000e+00 0.000000e+00 -1.000000e+00
    outer loop
      vertex   -1.272550e+00 -3.797359e-01 6.000000e+00
      vertex   -7.720870e-01 -2.991081e-01 6.000000e+00
      vertex   -1.229960e+00 -5.007819e-01 6.000000e+00
    endloop
  endfacet
  facet normal 0.000000e+00 0.000000e+00 -1.000000e+00
    outer loop
      vertex   -1.229960e+00 -5.007819e-01 6.000000e+00
      vertex   -7.720870e-01 -2.991081e-01 6.000000e+00
      vertex   -7.294781e-01 -3.917215e-01 6.000000e+00
    endloop
  endfacet
  facet normal 0.000000e+00 0.000000e+00 -1.000000e+00
    outer loop
      vertex   -1.229960e+00 -5.007819e-01 6.000000e+00
      vertex   -7.294781e-01 -3.917215e-01 6.000000e+00
      vertex   -1.175886e+00 -6.171524e-01 6.000000e+00
    endloop
  endfacet
  facet normal 0.000000e+00 0.000000e+00 -1.000000e+00
    outer loop
      vertex   -1.175886e+00 -6.171524e-01 6.000000e+00
      vertex   -7.294781e-01 -3.917215e-01 6.000000e+00
      vertex   -1.110832e+00 -7.277606e-01 6.000000e+00
    endloop
  endfacet
  facet normal 0.000000e+00 0.000000e+00 -1.000000e+00
    outer loop
      vertex   -1.110832e+00 -7.277606e-01 6.000000e+00
      vertex   -7.294781e-01 -3.917215e-01 6.000000e+00
      vertex   -6.758110e-01 -4.783967e-01 6.000000e+00
    endloop
  endfacet
  facet normal 0.000000e+00 0.000000e+00 -1.000000e+00
    outer loop
      vertex   -1.110832e+00 -7.277606e-01 6.000000e+00
      vertex   -6.758110e-01 -4.783967e-01 6.000000e+00
      vertex   -1.035408e+00 -8.315739e-01 6.000000e+00
    endloop
  endfacet
  facet normal 0.000000e+00 0.000000e+00 -1.000000e+00
    outer loop
      vertex   -1.035408e+00 -8.315739e-01 6.000000e+00
      vertex   -6.758110e-01 -4.783967e-01 6.000000e+00
      vertex   -6.118994e-01 -5.578200e-01 6.000000e+00
    endloop
  endfacet
  facet normal 0.000000e+00 0.000000e+00 -1.000000e+00
    outer loop
      vertex   -1.035408e+00 -8.315739e-01 6.000000e+00
      vertex   -6.118994e-01 -5.578200e-01 6.000000e+00
      vertex   -9.503154e-01 -9.276231e-01 6.000000e+00
    endloop
  endfacet
  facet normal 0.000000e+00 0.000000e+00 -1.000000e+00
    outer loop
      vertex   -9.503154e-01 -9.276231e-01 6.000000e+00
      vertex   -6.118994e-01 -5.578200e-01 6.000000e+00
      vertex   -5.387120e-01 -6.287873e-01 6.000000e+00
    endloop
  endfacet
  facet normal 0.000000e+00 0.000000e+00 -1.000000e+00
    outer loop
      vertex   -9.503154e-01 -9.276231e-01 6.000000e+00
      vertex   -5.387120e-01 -6.287873e-01 6.000000e+00
      vertex   -8.563505e-01 -1.015011e+00 6.000000e+00
    endloop
  endfacet
  facet normal 0.000000e+00 0.000000e+00 -1.000000e+00
    outer loop
      vertex   -8.563505e-01 -1.015011e+00 6.000000e+00
      vertex   -5.387120e-01 -6.287873e-01 6.000000e+00
      vertex   -7.543900e-01 -1.092923e+00 6.000000e+00
    endloop
  endfacet
  facet normal 0.000000e+00 0.000000e+00 -1.000000e+00
    outer loop
      vertex   -7.543900e-01 -1.092923e+00 6.000000e+00
      vertex   -5.387120e-01 -6.287873e-01 6.000000e+00
      vertex   -4.573582e-01 -6.902228e-01 6.000000e+00
    endloop
  endfacet
  facet normal 0.000000e+00 0.000000e+00 -1.000000e+00
    outer loop
      vertex   -7.543900e-01 -1.092923e+00 6.000000e+00
      vertex   -4.573582e-01 -6.902228e-01 6.000000e+00
      vertex   -6.453860e-01 -1.160630e+00 6.000000e+00
    endloop
  endfacet
  facet normal 0.000000e+00 0.000000e+00 -1.000000e+00
    outer loop
      vertex   -6.453860e-01 -1.160630e+00 6.000000e+00
      vertex   -4.573582e-01 -6.902228e-01 6.000000e+00
      vertex   -3.690714e-01 -7.411952e-01 6.000000e+00
    endloop
  endfacet
  facet normal 0.000000e+00 0.000000e+00 -1.000000e+00
    outer loop
      vertex   -6.453860e-01 -1.160630e+00 6.000000e+00
      vertex   -3.690714e-01 -7.411952e-01 6.000000e+00
      vertex   -5.303562e-01 -1.217500e+00 6.000000e+00
    endloop
  endfacet
  facet normal 0.000000e+00 0.000000e+00 -1.000000e+00
    outer loop
      vertex   -5.303562e-01 -1.217500e+00 6.000000e+00
      vertex   -3.690714e-01 -7.411952e-01 6.000000e+00
      vertex   -2.751898e-01 -7.809319e-01 6.000000e+00
    endloop
  endfacet
  facet normal 0.000000e+00 0.000000e+00 -1.000000e+00
    outer loop
      vertex   -5.303562e-01 -1.217500e+00 6.000000e+00
      vertex   -2.751898e-01 -7.809319e-01 6.000000e+00
      vertex   -4.103746e-01 -1.263003e+00 6.000000e+00
    endloop
  endfacet
  facet normal 0.000000e+00 0.000000e+00 -1.000000e+00
    outer loop
      vertex   -4.103746e-01 -1.263003e+00 6.000000e+00
      vertex   -2.751898e-01 -7.809319e-01 6.000000e+00
      vertex   -1.771366e-01 -8.088304e-01 6.000000e+00
    endloop
  endfacet
  facet normal 0.000000e+00 0.000000e+00 -1.000000e+00
    outer loop
      vertex   -4.103746e-01 -1.263003e+00 6.000000e+00
      vertex   -1.771366e-01 -8.088304e-01 6.000000e+00
      vertex   -2.865614e-01 -1.296714e+00 6.000000e+00
    endloop
  endfacet
  facet normal 0.000000e+00 0.000000e+00 -1.000000e+00
    outer loop
      vertex   -2.865614e-01 -1.296714e+00 6.000000e+00
      vertex   -1.771366e-01 -8.088304e-01 6.000000e+00
      vertex   -1.600727e-01 -1.318317e+00 6.000000e+00
    endloop
  endfacet
  facet normal 0.000000e+00 0.000000e+00 -1.000000e+00
    outer loop
      vertex   -1.600727e-01 -1.318317e+00 6.000000e+00
      vertex   -1.771366e-01 -8.088304e-01 6.000000e+00
      vertex   -7.639820e-02 -8.244679e-01 6.000000e+00
    endloop
  endfacet
  facet normal 0.000000e+00 0.000000e+00 -1.000000e+00
    outer loop
      vertex   -1.600727e-01 -1.318317e+00 6.000000e+00
      vertex   -7.639820e-02 -8.244679e-01 6.000000e+00
      vertex   -3.208945e-02 -1.327612e+00 6.000000e+00
    endloop
  endfacet
  facet normal 0.000000e+00 0.000000e+00 -1.000000e+00
    outer loop
      vertex   -3.208945e-02 -1.327612e+00 6.000000e+00
      vertex   -7.639820e-02 -8.244679e-01 6.000000e+00
      vertex   2.549831e-02 -8.276073e-01 6.000000e+00
    endloop
  endfacet
  facet normal 0.000000e+00 0.000000e+00 -1.000000e+00
    outer loop
      vertex   -3.208945e-02 -1.327612e+00 6.000000e+00
      vertex   2.549831e-02 -8.276073e-01 6.000000e+00
      vertex   9.619341e-02 -1.324512e+00 6.000000e+00
    endloop
  endfacet
  facet normal 0.000000e+00 0.000000e+00 -1.000000e+00
    outer loop
      vertex   9.619341e-02 -1.324512e+00 6.000000e+00
      vertex   2.549831e-02 -8.276073e-01 6.000000e+00
      vertex   1.270083e-01 -8.182010e-01 6.000000e+00
    endloop
  endfacet
  facet normal 0.000000e+00 0.000000e+00 -1.000000e+00
    outer loop
      vertex   9.619341e-02 -1.324512e+00 6.000000e+00
      vertex   1.270083e-01 -8.182010e-01 6.000000e+00
      vertex   2.235782e-01 -1.309044e+00 6.000000e+00
    endloop
  endfacet
  facet normal 0.000000e+00 0.000000e+00 -1.000000e+00
    outer loop
      vertex   2.235782e-01 -1.309044e+00 6.000000e+00
      vertex   1.270083e-01 -8.182010e-01 6.000000e+00
      vertex   2.265930e-01 -7.963916e-01 6.000000e+00
    endloop
  endfacet
  facet normal 0.000000e+00 0.000000e+00 -1.000000e+00
    outer loop
      vertex   2.235782e-01 -1.309044e+00 6.000000e+00
      vertex   2.265930e-01 -7.963916e-01 6.000000e+00
      vertex   3.488754e-01 -1.281355e+00 6.000000e+00
    endloop
  endfacet
  facet normal 0.000000e+00 0.000000e+00 -1.000000e+00
    outer loop
      vertex   3.488754e-01 -1.281355e+00 6.000000e+00
      vertex   2.265930e-01 -7.963916e-01 6.000000e+00
      vertex   4.709153e-01 -1.241702e+00 6.000000e+00
    endloop
  endfacet
  facet normal 0.000000e+00 0.000000e+00 -1.000000e+00
    outer loop
      vertex   4.709153e-01 -1.241702e+00 6.000000e+00
      vertex   2.265930e-01 -7.963916e-01 6.000000e+00
      vertex   3.227427e-01 -7.625098e-01 6.000000e+00
    endloop
  endfacet
  facet normal 0.000000e+00 0.000000e+00 -1.000000e+00
    outer loop
      vertex   4.709153e-01 -1.241702e+00 6.000000e+00
      vertex   3.227427e-01 -7.625098e-01 6.000000e+00
      vertex   5.885584e-01 -1.190455e+00 6.000000e+00
    endloop
  endfacet
  facet normal 0.000000e+00 0.000000e+00 -1.000000e+00
    outer loop
      vertex   5.885584e-01 -1.190455e+00 6.000000e+00
      vertex   3.227427e-01 -7.625098e-01 6.000000e+00
      vertex   4.140000e-01 -7.170690e-01 6.000000e+00
    endloop
  endfacet
  facet normal 0.000000e+00 0.000000e+00 -1.000000e+00
    outer loop
      vertex   5.885584e-01 -1.190455e+00 6.000000e+00
      vertex   4.140000e-01 -7.170690e-01 6.000000e+00
      vertex   7.007062e-01 -1.128093e+00 6.000000e+00
    endloop
  endfacet
  facet normal 0.000000e+00 0.000000e+00 -1.000000e+00
    outer loop
      vertex   7.007062e-01 -1.128093e+00 6.000000e+00
      vertex   4.140000e-01 -7.170690e-01 6.000000e+00
      vertex   4.989815e-01 -6.607583e-01 6.000000e+00
    endloop
  endfacet
  facet normal 0.000000e+00 0.000000e+00 -1.000000e+00
    outer loop
      vertex   7.007062e-01 -1.128093e+00 6.000000e+00
      vertex   4.989815e-01 -6.607583e-01 6.000000e+00
      vertex   8.063118e-01 -1.055199e+00 6.000000e+00
    endloop
  endfacet
  facet normal 0.000000e+00 0.000000e+00 -1.000000e+00
    outer loop
      vertex   8.063118e-01 -1.055199e+00 6.000000e+00
      vertex   4.989815e-01 -6.607583e-01 6.000000e+00
      vertex   9.043891e-01 -9.724528e-01 6.000000e+00
    endloop
  endfacet
  facet normal 0.000000e+00 0.000000e+00 -1.000000e+00
    outer loop
      vertex   9.043891e-01 -9.724528e-01 6.000000e+00
      vertex   4.989815e-01 -6.607583e-01 6.000000e+00
      vertex   5.763989e-01 -5.944311e-01 6.000000e+00
    endloop
  endfacet
  facet normal 0.000000e+00 0.000000e+00 -1.000000e+00
    outer loop
      vertex   9.043891e-01 -9.724528e-01 6.000000e+00
      vertex   5.763989e-01 -5.944311e-01 6.000000e+00
      vertex   9.940223e-01 -8.806269e-01 6.000000e+00
    endloop
  endfacet
  facet normal 0.000000e+00 0.000000e+00 -1.000000e+00
    outer loop
      vertex   9.940223e-01 -8.806269e-01 6.000000e+00
      vertex   5.763989e-01 -5.944311e-01 6.000000e+00
      vertex   6.450787e-01 -5.190929e-01 6.000000e+00
    endloop
  endfacet
  facet normal 0.000000e+00 0.000000e+00 -1.000000e+00
    outer loop
      vertex   9.940223e-01 -8.806269e-01 6.000000e+00
      vertex   6.450787e-01 -5.190929e-01 6.000000e+00
      vertex   1.074375e+00 -7.805788e-01 6.000000e+00
    endloop
  endfacet
  facet normal 0.000000e+00 0.000000e+00 -1.000000e+00
    outer loop
      vertex   1.074375e+00 -7.805788e-01 6.000000e+00
      vertex   6.450787e-01 -5.190929e-01 6.000000e+00
      vertex   7.039798e-01 -4.358858e-01 6.000000e+00
    endloop
  endfacet
  facet normal 0.000000e+00 0.000000e+00 -1.000000e+00
    outer loop
      vertex   1.074375e+00 -7.805788e-01 6.000000e+00
      vertex   7.039798e-01 -4.358858e-01 6.000000e+00
      vertex   1.144696e+00 -6.732427e-01 6.000000e+00
    endloop
  endfacet
  facet normal 0.000000e+00 0.000000e+00 -1.000000e+00
    outer loop
      vertex   1.144696e+00 -6.732427e-01 6.000000e+00
      vertex   7.039798e-01 -4.358858e-01 6.000000e+00
      vertex   7.522092e-01 -3.460712e-01 6.000000e+00
    endloop
  endfacet
  facet normal 0.000000e+00 0.000000e+00 -1.000000e+00
    outer loop
      vertex   1.144696e+00 -6.732427e-01 6.000000e+00
      vertex   7.522092e-01 -3.460712e-01 6.000000e+00
      vertex   1.204329e+00 -5.596207e-01 6.000000e+00
    endloop
  endfacet
  facet normal 0.000000e+00 0.000000e+00 -1.000000e+00
    outer loop
      vertex   1.204329e+00 -5.596207e-01 6.000000e+00
      vertex   7.522092e-01 -3.460712e-01 6.000000e+00
      vertex   1.252718e+00 -4.407736e-01 6.000000e+00
    endloop
  endfacet
  facet normal 0.000000e+00 0.000000e+00 -1.000000e+00
    outer loop
      vertex   1.252718e+00 -4.407736e-01 6.000000e+00
      vertex   7.522092e-01 -3.460712e-01 6.000000e+00
      vertex   7.890360e-01 -2.510104e-01 6.000000e+00
    endloop
  endfacet
  facet normal 0.000000e+00 0.000000e+00 -1.000000e+00
    outer loop
      vertex   1.252718e+00 -4.407736e-01 6.000000e+00
      vertex   7.890360e-01 -2.510104e-01 6.000000e+00
      vertex   1.289411e+00 -3.178112e-01 6.000000e+00
    endloop
  endfacet
  facet normal 0.000000e+00 0.000000e+00 -1.000000e+00
    outer loop
      vertex   1.289411e+00 -3.178112e-01 6.000000e+00
      vertex   7.890360e-01 -2.510104e-01 6.000000e+00
      vertex   8.139017e-01 -1.521446e-01 6.000000e+00
    endloop
  endfacet
  facet normal 0.000000e+00 0.000000e+00 -1.000000e+00
    outer loop
      vertex   1.289411e+00 -3.178112e-01 6.000000e+00
      vertex   8.139017e-01 -1.521446e-01 6.000000e+00
      vertex   1.314064e+00 -1.918815e-01 6.000000e+00
    endloop
  endfacet
  facet normal 0.000000e+00 0.000000e+00 -1.000000e+00
    outer loop
      vertex   1.314064e+00 -1.918815e-01 6.000000e+00
      vertex   8.139017e-01 -1.521446e-01 6.000000e+00
      vertex   8.264296e-01 -5.097243e-02 6.000000e+00
    endloop
  endfacet
  facet normal 0.000000e+00 0.000000e+00 -1.000000e+00
    outer loop
      vertex   1.314064e+00 -1.918815e-01 6.000000e+00
      vertex   8.264296e-01 -5.097243e-02 6.000000e+00
      vertex   1.326449e+00 -6.416017e-02 6.000000e+00
    endloop
  endfacet
  facet normal 0.000000e+00 0.000000e+00 -1.000000e+00
    outer loop
      vertex   1.326449e+00 -6.416017e-02 6.000000e+00
      vertex   8.264296e-01 -5.097243e-02 6.000000e+00
      vertex   8.264296e-01 5.097243e-02 6.000000e+00
    endloop
  endfacet
  facet normal 0.000000e+00 0.000000e+00 -1.000000e+00
    outer loop
      vertex   1.326449e+00 -6.416017e-02 6.000000e+00
      vertex   8.264296e-01 5.097243e-02 6.000000e+00
      vertex   1.326449e+00 6.416017e-02 6.000000e+00
    endloop
  endfacet
  facet normal -0.000000e+00 0.000000e+00 -1.000000e+00
    outer loop
      vertex   1.326449e+00 6.416017e-02 6.000000e+00
      vertex   8.264296e-01 5.097243e-02 6.000000e+00
      vertex   1.314064e+00 1.918815e-01 6.000000e+00
    endloop
  endfacet
  facet normal 0.000000e+00 0.000000e+00 -1.000000e+00
    outer loop
      vertex   1.314064e+00 1.918815e-01 6.000000e+00
      vertex   8.264296e-01 5.097243e-02 6.000000e+00
      vertex   8.139017e-01 1.521446e-01 6.000000e+00
    endloop
  endfacet
  facet normal -0.000000e+00 0.000000e+00 -1.000000e+00
    outer loop
      vertex   1.314064e+00 1.918815e-01 6.000000e+00
      vertex   8.139017e-01 1.521446e-01 6.000000e+00
      vertex   1.289411e+00 3.178112e-01 6.000000e+00
    endloop
  endfacet
  facet normal 0.000000e+00 0.000000e+00 -1.000000e+00
    outer loop
      vertex   1.289411e+00 3.178112e-01 6.000000e+00
      vertex   8.139017e-01 1.521446e-01 6.000000e+00
      vertex   7.890360e-01 2.510104e-01 6.000000e+00
    endloop
  endfacet
  facet normal -0.000000e+00 0.000000e+00 -1.000000e+00
    outer loop
      vertex   1.289411e+00 3.178112e-01 6.000000e+00
      vertex   7.890360e-01 2.510104e-01 6.000000e+00
      vertex   1.252718e+00 4.407736e-01 6.000000e+00
    endloop
  endfacet
  facet normal 0.000000e+00 0.000000e+00 -1.000000e+00
    outer loop
      vertex   1.252718e+00 4.407736e-01 6.000000e+00
      vertex   7.890360e-01 2.510104e-01 6.000000e+00
      vertex   7.522092e-01 3.460712e-01 6.000000e+00
    endloop
  endfacet
  facet normal -0.000000e+00 0.000000e+00 -1.000000e+00
    outer loop
      vertex   1.252718e+00 4.407736e-01 6.000000e+00
      vertex   7.522092e-01 3.460712e-01 6.000000e+00
      vertex   1.204329e+00 5.596207e-01 6.000000e+00
    endloop
  endfacet
  facet normal -0.000000e+00 0.000000e+00 -1.000000e+00
    outer loop
      vertex   1.204329e+00 5.596207e-01 6.000000e+00
      vertex   7.522092e-01 3.460712e-01 6.000000e+00
      vertex   1.144696e+00 6.732427e-01 6.000000e+00
    endloop
  endfacet
  facet normal 0.000000e+00 0.000000e+00 -1.000000e+00
    outer loop
      vertex   1.144696e+00 6.732427e-01 6.000000e+00
      vertex   7.522092e-01 3.460712e-01 6.000000e+00
      vertex   7.039798e-01 4.358858e-01 6.000000e+00
    endloop
  endfacet
  facet normal -0.000000e+00 0.000000e+00 -1.000000e+00
    outer loop
      vertex   1.144696e+00 6.732427e-01 6.000000e+00
      vertex   7.039798e-01 4.358858e-01 6.000000e+00
      vertex   1.074375e+00 7.805788e-01 6.000000e+00
    endloop
  endfacet
  facet normal 0.000000e+00 0.000000e+00 -1.000000e+00
    outer loop
      vertex   1.074375e+00 7.805788e-01 6.000000e+00
      vertex   7.039798e-01 4.358858e-01 6.000000e+00
      vertex   6.450787e-01 5.190929e-01 6.000000e+00
    endloop
  endfacet
  facet normal -0.000000e+00 0.000000e+00 -1.000000e+00
    outer loop
      vertex   1.074375e+00 7.805788e-01 6.000000e+00
      vertex   6.450787e-01 5.190929e-01 6.000000e+00
      vertex   9.940223e-01 8.806269e-01 6.000000e+00
    endloop
  endfacet
  facet normal 0.000000e+00 0.000000e+00 -1.000000e+00
    outer loop
      vertex   9.940223e-01 8.806269e-01 6.000000e+00
      vertex   6.450787e-01 5.190929e-01 6.000000e+00
      vertex   5.763989e-01 5.944311e-01 6.000000e+00
    endloop
  endfacet
  facet normal -0.000000e+00 0.000000e+00 -1.000000e+00
    outer loop
      vertex   9.940223e-01 8.806269e-01 6.000000e+00
      vertex   5.763989e-01 5.944311e-01 6.000000e+00
      vertex   9.043891e-01 9.724528e-01 6.000000e+00
    endloop
  endfacet
  facet normal 0.000000e+00 0.000000e+00 -1.000000e+00
    outer loop
      vertex   9.043891e-01 9.724528e-01 6.000000e+00
      vertex   5.763989e-01 5.944311e-01 6.000000e+00
      vertex   4.989815e-01 6.607583e-01 6.000000e+00
    endloop
  endfacet
  facet normal -0.000000e+00 0.000000e+00 -1.000000e+00
    outer loop
      vertex   9.043891e-01 9.724528e-01 6.000000e+00
      vertex   4.989815e-01 6.607583e-01 6.000000e+00
      vertex   8.063118e-01 1.055199e+00 6.000000e+00
    endloop
  endfacet
  facet normal -0.000000e+00 0.000000e+00 -1.000000e+00
    outer loop
      vertex   8.063118e-01 1.055199e+00 6.000000e+00
      vertex   4.989815e-01 6.607583e-01 6.000000e+00
      vertex   7.007062e-01 1.128093e+00 6.000000e+00
    endloop
  endfacet
  facet normal 0.000000e+00 0.000000e+00 -1.000000e+00
    outer loop
      vertex   7.007062e-01 1.128093e+00 6.000000e+00
      vertex   4.989815e-01 6.607583e-01 6.000000e+00
      vertex   4.140000e-01 7.170690e-01 6.000000e+00
    endloop
  endfacet
  facet normal -0.000000e+00 0.000000e+00 -1.000000e+00
    outer loop
      vertex   7.007062e-01 1.128093e+00 6.000000e+00
      vertex   4.140000e-01 7.170690e-01 6.000000e+00
      vertex   5.885584e-01 1.190455e+00 6.000000e+00
    endloop
  endfacet
  facet normal 0.000000e+00 0.000000e+00 -1.000000e+00
    outer loop
      vertex   5.885584e-01 1.190455e+00 6.000000e+00
      vertex   4.140000e-01 7.170690e-01 6.000000e+00
      vertex   3.227427e-01 7.625098e-01 6.000000e+00
    endloop
  endfacet
  facet normal -0.000000e+00 0.000000e+00 -1.000000e+00
    outer loop
      vertex   5.885584e-01 1.190455e+00 6.000000e+00
      vertex   3.227427e-01 7.625098e-01 6.000000e+00
      vertex   4.709153e-01 1.241702e+00 6.000000e+00
    endloop
  endfacet
  facet normal 0.000000e+00 0.000000e+00 -1.000000e+00
    outer loop
      vertex   4.709153e-01 1.241702e+00 6.000000e+00
      vertex   3.227427e-01 7.625098e-01 6.000000e+00
      vertex   2.265930e-01 7.963916e-01 6.000000e+00
    endloop
  endfacet
  facet normal -0.000000e+00 0.000000e+00 -1.000000e+00
    outer loop
      vertex   4.709153e-01 1.241702e+00 6.000000e+00
      vertex   2.265930e-01 7.963916e-01 6.000000e+00
      vertex   3.488754e-01 1.281355e+00 6.000000e+00
    endloop
  endfacet
  facet normal -0.000000e+00 0.000000e+00 -1.000000e+00
    outer loop
      vertex   3.488754e-01 1.281355e+00 6.000000e+00
      vertex   2.265930e-01 7.963916e-01 6.000000e+00
      vertex   2.235782e-01 1.309044e+00 6.000000e+00
    endloop
  endfacet
  facet normal 0.000000e+00 -0.000000e+00 -1.000000e+00
    outer loop
      vertex   2.235782e-01 1.309044e+00 6.000000e+00
      vertex   2.265930e-01 7.963916e-01 6.000000e+00
      vertex   1.270083e-01 8.182010e-01 6.000000e+00
    endloop
  endfacet
  facet normal -0.000000e+00 0.000000e+00 -1.000000e+00
    outer loop
      vertex   2.235782e-01 1.309044e+00 6.000000e+00
      vertex   1.270083e-01 8.182010e-01 6.000000e+00
      vertex   9.619341e-02 1.324512e+00 6.000000e+00
    endloop
  endfacet
  facet normal 0.000000e+00 -0.000000e+00 -1.000000e+00
    outer loop
      vertex   9.619341e-02 1.324512e+00 6.000000e+00
      vertex   1.270083e-01 8.182010e-01 6.000000e+00
      vertex   2.549831e-02 8.276073e-01 6.000000e+00
    endloop
  endfacet
  facet normal -0.000000e+00 0.000000e+00 -1.000000e+00
    outer loop
      vertex   9.619341e-02 1.324512e+00 6.000000e+00
      vertex   2.549831e-02 8.276073e-01 6.000000e+00
      vertex   -3.208945e-02 1.327612e+00 6.000000e+00
    endloop
  endfacet
  facet normal 0.000000e+00 -0.000000e+00 -1.000000e+00
    outer loop
      vertex   -3.208945e-02 1.327612e+00 6.000000e+00
      vertex   2.549831e-02 8.276073e-01 6.000000e+00
      vertex   -7.639820e-02 8.244679e-01 6.000000e+00
    endloop
  endfacet
  facet normal 0.000000e+00 0.000000e+00 -1.000000e+00
    outer loop
      vertex   -3.208945e-02 1.327612e+00 6.000000e+00
      vertex   -7.639820e-02 8.244679e-01 6.000000e+00
      vertex   -1.600727e-01 1.318317e+00 6.000000e+00
    endloop
  endfacet
  facet normal 0.000000e+00 -0.000000e+00 -1.000000e+00
    outer loop
      vertex   -1.600727e-01 1.318317e+00 6.000000e+00
      vertex   -7.639820e-02 8.244679e-01 6.000000e+00
      vertex   -1.771366e-01 8.088304e-01 6.000000e+00
    endloop
  endfacet
  facet normal 0.000000e+00 0.000000e+00 -1.000000e+00
    outer loop
      vertex   -1.600727e-01 1.318317e+00 6.000000e+00
      vertex   -1.771366e-01 8.088304e-01 6.000000e+00
      vertex   -2.865614e-01 1.296714e+00 6.000000e+00
    endloop
  endfacet
  facet normal 0.000000e+00 -0.000000e+00 -1.000000e+00
    outer loop
      vertex   -2.865614e-01 1.296714e+00 6.000000e+00
      vertex   -1.771366e-01 8.088304e-01 6.000000e+00
      vertex   -4.103746e-01 1.263003e+00 6.000000e+00
    endloop
  endfacet
  facet normal 0.000000e+00 0.000000e+00 -1.000000e+00
    outer loop
      vertex   -4.103746e-01 1.263003e+00 6.000000e+00
      vertex   -1.771366e-01 8.088304e-01 6.000000e+00
      vertex   -2.751898e-01 7.809319e-01 6.000000e+00
    endloop
  endfacet
  facet normal 0.000000e+00 -0.000000e+00 -1.000000e+00
    outer loop
      vertex   -4.103746e-01 1.263003e+00 6.000000e+00
      vertex   -2.751898e-01 7.809319e-01 6.000000e+00
      vertex   -5.303562e-01 1.217500e+00 6.000000e+00
    endloop
  endfacet
  facet normal 0.000000e+00 0.000000e+00 -1.000000e+00
    outer loop
      vertex   -5.303562e-01 1.217500e+00 6.000000e+00
      vertex   -2.751898e-01 7.809319e-01 6.000000e+00
      vertex   -3.690714e-01 7.411952e-01 6.000000e+00
    endloop
  endfacet
  facet normal 0.000000e+00 -0.000000e+00 -1.000000e+00
    outer loop
      vertex   -5.303562e-01 1.217500e+00 6.000000e+00
      vertex   -3.690714e-01 7.411952e-01 6.000000e+00
      vertex   -6.453860e-01 1.160630e+00 6.000000e+00
    endloop
  endfacet
  facet normal 0.000000e+00 0.000000e+00 -1.000000e+00
    outer loop
      vertex   -6.453860e-01 1.160630e+00 6.000000e+00
      vertex   -3.690714e-01 7.411952e-01 6.000000e+00
      vertex   -4.573582e-01 6.902228e-01 6.000000e+00
    endloop
  endfacet
  facet normal 0.000000e+00 -0.000000e+00 -1.000000e+00
    outer loop
      vertex   -6.453860e-01 1.160630e+00 6.000000e+00
      vertex   -4.573582e-01 6.902228e-01 6.000000e+00
      vertex   -7.543900e-01 1.092923e+00 6.000000e+00
    endloop
  endfacet
  facet normal 0.000000e+00 0.000000e+00 -1.000000e+00
    outer loop
      vertex   -7.543900e-01 1.092923e+00 6.000000e+00
      vertex   -4.573582e-01 6.902228e-01 6.000000e+00
      vertex   -5.387120e-01 6.287873e-01 6.000000e+00
    endloop
  endfacet
  facet normal 0.000000e+00 -0.000000e+00 -1.000000e+00
    outer loop
      vertex   -7.543900e-01 1.092923e+00 6.000000e+00
      vertex   -5.387120e-01 6.287873e-01 6.000000e+00
      vertex   -8.563505e-01 1.015011e+00 6.000000e+00
    endloop
  endfacet
  facet normal 0.000000e+00 -0.000000e+00 -1.000000e+00
    outer loop
      vertex   -8.563505e-01 1.015011e+00 6.000000e+00
      vertex   -5.387120e-01 6.287873e-01 6.000000e+00
      vertex   -9.503154e-01 9.276231e-01 6.000000e+00
    endloop
  endfacet
  facet normal 0.000000e+00 0.000000e+00 -1.000000e+00
    outer loop
      vertex   -9.503154e-01 9.276231e-01 6.000000e+00
      vertex   -5.387120e-01 6.287873e-01 6.000000e+00
      vertex   -6.118994e-01 5.578200e-01 6.000000e+00
    endloop
  endfacet
  facet normal 0.000000e+00 -0.000000e+00 -1.000000e+00
    outer loop
      vertex   -9.503154e-01 9.276231e-01 6.000000e+00
      vertex   -6.118994e-01 5.578200e-01 6.000000e+00
      vertex   -1.035408e+00 8.315739e-01 6.000000e+00
    endloop
  endfacet
  facet normal 0.000000e+00 0.000000e+00 -1.000000e+00
    outer loop
      vertex   -1.035408e+00 8.315739e-01 6.000000e+00
      vertex   -6.118994e-01 5.578200e-01 6.000000e+00
      vertex   -6.758110e-01 4.783967e-01 6.000000e+00
    endloop
  endfacet
  facet normal 0.000000e+00 -0.000000e+00 -1.000000e+00
    outer loop
      vertex   -1.035408e+00 8.315739e-01 6.000000e+00
      vertex   -6.758110e-01 4.783967e-01 6.000000e+00
      vertex   -1.110832e+00 7.277606e-01 6.000000e+00
    endloop
  endfacet
  facet normal 0.000000e+00 0.000000e+00 -1.000000e+00
    outer loop
      vertex   -1.110832e+00 7.277606e-01 6.000000e+00
      vertex   -6.758110e-01 4.783967e-01 6.000000e+00
      vertex   -7.294781e-01 3.917215e-01 6.000000e+00
    endloop
  endfacet
  facet normal 0.000000e+00 -0.000000e+00 -1.000000e+00
    outer loop
      vertex   -1.110832e+00 7.277606e-01 6.000000e+00
      vertex   -7.294781e-01 3.917215e-01 6.000000e+00
      vertex   -1.175886e+00 6.171524e-01 6.000000e+00
    endloop
  endfacet
  facet normal 0.000000e+00 -0.000000e+00 -1.000000e+00
    outer loop
      vertex   -1.175886e+00 6.171524e-01 6.000000e+00
      vertex   -7.294781e-01 3.917215e-01 6.000000e+00
      vertex   -1.229960e+00 5.007819e-01 6.000000e+00
    endloop
  endfacet
  facet normal 0.000000e+00 0.000000e+00 -1.000000e+00
    outer loop
      vertex   -1.229960e+00 5.007819e-01 6.000000e+00
      vertex   -7.294781e-01 3.917215e-01 6.000000e+00
      vertex   -7.720870e-01 2.991081e-01 6.000000e+00
    endloop
  endfacet
  facet normal 0.000000e+00 -0.000000e+00 -1.000000e+00
    outer loop
      vertex   -1.229960e+00 5.007819e-01 6.000000e+00
      vertex   -7.720870e-01 2.991081e-01 6.000000e+00
      vertex   -1.272550e+00 3.797359e-01 6.000000e+00
    endloop
  endfacet
  facet normal 0.000000e+00 0.000000e+00 -1.000000e+00
    outer loop
      vertex   -1.272550e+00 3.797359e-01 6.000000e+00
      vertex   -7.720870e-01 2.991081e-01 6.000000e+00
      vertex   -8.029919e-01 2.019606e-01 6.000000e+00
    endloop
  endfacet
  facet normal 0.000000e+00 -0.000000e+00 -1.000000e+00
    outer loop
      vertex   -1.272550e+00 3.797359e-01 6.000000e+00
      vertex   -8.029919e-01 2.019606e-01 6.000000e+00
      vertex   -1.303260e+00 2.551443e-01 6.000000e+00
    endloop
  endfacet
  facet normal 0.000000e+00 0.000000e+00 -1.000000e+00
    outer loop
      vertex   -1.303260e+00 2.551443e-01 6.000000e+00
      vertex   -8.029919e-01 2.019606e-01 6.000000e+00
      vertex   -8.217242e-01 1.017515e-01 6.000000e+00
    endloop
  endfacet
  facet normal 0.000000e+00 -0.000000e+00 -1.000000e+00
    outer loop
      vertex   -1.303260e+00 2.551443e-01 6.000000e+00
      vertex   -8.217242e-01 1.017515e-01 6.000000e+00
      vertex   -1.321800e+00 1.281705e-01 6.000000e+00
    endloop
  endfacet
  facet normal 0.000000e+00 0.000000e+00 -1.000000e+00
    outer loop
      vertex   -1.321800e+00 1.281705e-01 6.000000e+00
      vertex   -8.217242e-01 1.017515e-01 6.000000e+00
      vertex   -8.280000e-01 -1.014008e-16 6.000000e+00
    endloop
  endfacet
endsolid
