ISO-10303-21;
HEADER;
/* Generated by software containing ST-Developer
 * from STEP Tools, Inc. (www.steptools.com) 
 */

FILE_DESCRIPTION(
/* description */ (''),
/* implementation_level */ '2;1');

FILE_NAME(
/* name */ 'Lid.step',
/* time_stamp */ '2026-08-18T22:04:14+01:00',
/* author */ (''),
/* organization */ (''),
/* preprocessor_version */ 'ST-DEVELOPER v20.1',
/* originating_system */ 'Autodesk Translation Framework v15.8.0.0',
/* authorisation */ '');

FILE_SCHEMA (('AUTOMOTIVE_DESIGN { 1 0 10303 214 3 1 1 }'));
ENDSEC;

DATA;
#10=MECHANICAL_DESIGN_GEOMETRIC_PRESENTATION_REPRESENTATION('',(#13),#10781);
#11=SHAPE_REPRESENTATION_RELATIONSHIP('SRR','None',#10788,#12);
#12=ADVANCED_BREP_SHAPE_REPRESENTATION('',(#14),#10780);
#13=STYLED_ITEM('',(#10797),#14);
#14=MANIFOLD_SOLID_BREP('Body1',#1781);
#15=ELLIPSE('',#1863,3.53553390593274,3.5);
#16=ELLIPSE('',#1864,3.53553390593274,3.50000000000012);
#17=ELLIPSE('',#1866,3.53553390593273,3.5);
#18=ELLIPSE('',#1867,3.53553390593274,3.5);
#19=ELLIPSE('',#1895,6.50000000000001,2.5);
#20=ELLIPSE('',#1912,6.5,2.5);
#21=ELLIPSE('',#1913,6.5,2.5);
#22=ELLIPSE('',#1917,6.5,2.5);
#23=B_SPLINE_SURFACE_WITH_KNOTS('',3,3,((#9886,#9887,#9888,#9889,#9890,
#9891,#9892),(#9893,#9894,#9895,#9896,#9897,#9898,#9899),(#9900,#9901,#9902,
#9903,#9904,#9905,#9906),(#9907,#9908,#9909,#9910,#9911,#9912,#9913),(#9914,
#9915,#9916,#9917,#9918,#9919,#9920)),.UNSPECIFIED.,.F.,.F.,.F.,(4,1,4),
(4,1,1,1,4),(0.,0.571428571428571,1.),(-1.5707963267949,-0.897597901025662,
-0.448798950512839,-0.224399475256427,-1.53009691085138E-14),
 .UNSPECIFIED.);
#24=B_SPLINE_SURFACE_WITH_KNOTS('',3,3,((#9927,#9928,#9929,#9930,#9931,
#9932,#9933),(#9934,#9935,#9936,#9937,#9938,#9939,#9940),(#9941,#9942,#9943,
#9944,#9945,#9946,#9947),(#9948,#9949,#9950,#9951,#9952,#9953,#9954),(#9955,
#9956,#9957,#9958,#9959,#9960,#9961)),.UNSPECIFIED.,.F.,.F.,.F.,(4,1,4),
(4,1,1,1,4),(0.,0.571428571428571,1.),(-1.5707963267949,-0.897597901025655,
-0.448798950512828,-0.224399475256414,-6.93889390390724E-17),
 .UNSPECIFIED.);
#25=B_SPLINE_SURFACE_WITH_KNOTS('',3,3,((#9977,#9978,#9979,#9980),(#9981,
#9982,#9983,#9984),(#9985,#9986,#9987,#9988),(#9989,#9990,#9991,#9992),
(#9993,#9994,#9995,#9996)),.UNSPECIFIED.,.F.,.F.,.F.,(4,1,4),(4,4),(0.,
0.571428571428571,1.),(0.,0.250192850779782),.UNSPECIFIED.);
#26=B_SPLINE_SURFACE_WITH_KNOTS('',3,3,((#10007,#10008,#10009,#10010,#10011,
#10012,#10013,#10014,#10015,#10016,#10017,#10018,#10019,#10020,#10021),
(#10022,#10023,#10024,#10025,#10026,#10027,#10028,#10029,#10030,#10031,
#10032,#10033,#10034,#10035,#10036),(#10037,#10038,#10039,#10040,#10041,
#10042,#10043,#10044,#10045,#10046,#10047,#10048,#10049,#10050,#10051),
(#10052,#10053,#10054,#10055,#10056,#10057,#10058,#10059,#10060,#10061,
#10062,#10063,#10064,#10065,#10066),(#10067,#10068,#10069,#10070,#10071,
#10072,#10073,#10074,#10075,#10076,#10077,#10078,#10079,#10080,#10081)),
 .UNSPECIFIED.,.F.,.F.,.F.,(4,1,4),(4,1,1,1,1,1,1,1,1,1,1,1,4),(0.,0.571428571428571,
1.),(0.,0.0217950801092611,0.0435901602185222,0.0871803204370444,0.174360640874089,
0.348721281748177,0.523081922622266,0.697442563496355,1.39488512699271,
2.09232769048906,3.48721281748177,4.18465538097813,4.88209794447448),
 .UNSPECIFIED.);
#27=B_SPLINE_SURFACE_WITH_KNOTS('',3,3,((#10103,#10104,#10105,#10106,#10107,
#10108,#10109,#10110,#10111,#10112,#10113),(#10114,#10115,#10116,#10117,
#10118,#10119,#10120,#10121,#10122,#10123,#10124),(#10125,#10126,#10127,
#10128,#10129,#10130,#10131,#10132,#10133,#10134,#10135),(#10136,#10137,
#10138,#10139,#10140,#10141,#10142,#10143,#10144,#10145,#10146),(#10147,
#10148,#10149,#10150,#10151,#10152,#10153,#10154,#10155,#10156,#10157)),
 .UNSPECIFIED.,.F.,.F.,.F.,(4,1,4),(4,1,1,1,1,1,1,1,4),(0.,0.571428571428571,
1.),(9.79386325125152E-17,0.0631532871411855,0.126306574282371,0.252613148564742,
0.505226297129483,1.01045259425897,1.51567889138845,2.52613148564741,3.53658407990638),
 .UNSPECIFIED.);
#28=B_SPLINE_SURFACE_WITH_KNOTS('',3,3,((#10175,#10176,#10177,#10178,#10179,
#10180,#10181,#10182,#10183,#10184,#10185),(#10186,#10187,#10188,#10189,
#10190,#10191,#10192,#10193,#10194,#10195,#10196),(#10197,#10198,#10199,
#10200,#10201,#10202,#10203,#10204,#10205,#10206,#10207),(#10208,#10209,
#10210,#10211,#10212,#10213,#10214,#10215,#10216,#10217,#10218),(#10219,
#10220,#10221,#10222,#10223,#10224,#10225,#10226,#10227,#10228,#10229)),
 .UNSPECIFIED.,.F.,.F.,.F.,(4,1,4),(4,1,1,1,1,1,1,1,4),(0.,0.571428571428571,
1.),(0.,1.51586783767812,2.27380175651717,2.52644639613019,3.03173567535623,
3.28438031496925,3.41070263477576,3.47386379467902,3.53702495458227),
 .UNSPECIFIED.);
#29=B_SPLINE_SURFACE_WITH_KNOTS('',3,3,((#10247,#10248,#10249,#10250,#10251,
#10252,#10253,#10254,#10255,#10256,#10257,#10258,#10259),(#10260,#10261,
#10262,#10263,#10264,#10265,#10266,#10267,#10268,#10269,#10270,#10271,#10272),
(#10273,#10274,#10275,#10276,#10277,#10278,#10279,#10280,#10281,#10282,
#10283,#10284,#10285),(#10286,#10287,#10288,#10289,#10290,#10291,#10292,
#10293,#10294,#10295,#10296,#10297,#10298),(#10299,#10300,#10301,#10302,
#10303,#10304,#10305,#10306,#10307,#10308,#10309,#10310,#10311)),
 .UNSPECIFIED.,.F.,.F.,.F.,(4,1,4),(4,1,1,1,1,1,1,1,1,1,4),(0.,0.571428571428571,
1.),(0.,0.697249858731255,2.09174957619376,3.48624929365627,4.18349915238753,
4.53212408175316,4.70643654643597,4.79359277877738,4.83717089494808,4.85895995303343,
4.88074901111878),.UNSPECIFIED.);
#30=B_SPLINE_SURFACE_WITH_KNOTS('',3,3,((#10327,#10328,#10329,#10330),(#10331,
#10332,#10333,#10334),(#10335,#10336,#10337,#10338),(#10339,#10340,#10341,
#10342),(#10343,#10344,#10345,#10346)),.UNSPECIFIED.,.F.,.F.,.F.,(4,1,4),
(4,4),(0.,0.571428571428571,1.),(0.,0.250194473830668),.UNSPECIFIED.);
#31=B_SPLINE_SURFACE_WITH_KNOTS('',3,1,((#10373,#10374),(#10375,#10376),
(#10377,#10378),(#10379,#10380),(#10381,#10382),(#10383,#10384),(#10385,
#10386),(#10387,#10388),(#10389,#10390),(#10391,#10392),(#10393,#10394),
(#10395,#10396)),.UNSPECIFIED.,.F.,.F.,.F.,(4,2,2,2,2,4),(2,2),(-3.4713768114436,
-2.18853553119906,-1.16314053920991,-0.600785279561132,-0.266673008506762,
0.),(0.,0.5),.UNSPECIFIED.);
#32=B_SPLINE_SURFACE_WITH_KNOTS('',3,1,((#10421,#10422),(#10423,#10424),
(#10425,#10426),(#10427,#10428),(#10429,#10430),(#10431,#10432),(#10433,
#10434),(#10435,#10436),(#10437,#10438),(#10439,#10440),(#10441,#10442),
(#10443,#10444)),.UNSPECIFIED.,.F.,.F.,.F.,(4,2,2,2,2,4),(2,2),(-5.32117623393268,
-5.05665228359512,-4.77161436151187,-4.1017197981846,-2.71768977203299,
0.),(0.,0.5),.UNSPECIFIED.);
#33=B_SPLINE_SURFACE_WITH_KNOTS('',3,3,((#10470,#10471,#10472,#10473),(#10474,
#10475,#10476,#10477),(#10478,#10479,#10480,#10481),(#10482,#10483,#10484,
#10485),(#10486,#10487,#10488,#10489),(#10490,#10491,#10492,#10493),(#10494,
#10495,#10496,#10497),(#10498,#10499,#10500,#10501),(#10502,#10503,#10504,
#10505),(#10506,#10507,#10508,#10509)),.UNSPECIFIED.,.F.,.F.,.F.,(4,1,1,
1,1,1,1,4),(4,4),(0.,0.142857142857143,0.285714285714286,0.5,0.571428571428571,
0.714285714285714,0.857142857142857,1.),(-1.10532299114231E-16,0.201409989154014),
 .UNSPECIFIED.);
#34=B_SPLINE_SURFACE_WITH_KNOTS('',3,3,((#10603,#10604,#10605,#10606,#10607,
#10608,#10609),(#10610,#10611,#10612,#10613,#10614,#10615,#10616),(#10617,
#10618,#10619,#10620,#10621,#10622,#10623),(#10624,#10625,#10626,#10627,
#10628,#10629,#10630),(#10631,#10632,#10633,#10634,#10635,#10636,#10637)),
 .UNSPECIFIED.,.F.,.F.,.F.,(4,1,4),(4,1,1,1,4),(0.,0.571428571428571,1.),
(-5.29098366370045E-32,0.224399475256414,0.673198425769241,1.12199737628207,
1.5707963267949),.UNSPECIFIED.);
#35=B_SPLINE_SURFACE_WITH_KNOTS('',3,3,((#10650,#10651,#10652,#10653,#10654,
#10655,#10656),(#10657,#10658,#10659,#10660,#10661,#10662,#10663),(#10664,
#10665,#10666,#10667,#10668,#10669,#10670),(#10671,#10672,#10673,#10674,
#10675,#10676,#10677),(#10678,#10679,#10680,#10681,#10682,#10683,#10684)),
 .UNSPECIFIED.,.F.,.F.,.F.,(4,1,4),(4,1,1,1,4),(0.,0.571428571428571,1.),
(-3.66766474495009E-31,0.224399475256414,0.673198425769241,1.12199737628207,
1.5707963267949),.UNSPECIFIED.);
#36=B_SPLINE_SURFACE_WITH_KNOTS('',3,3,((#10688,#10689,#10690,#10691),(#10692,
#10693,#10694,#10695),(#10696,#10697,#10698,#10699),(#10700,#10701,#10702,
#10703),(#10704,#10705,#10706,#10707),(#10708,#10709,#10710,#10711),(#10712,
#10713,#10714,#10715),(#10716,#10717,#10718,#10719),(#10720,#10721,#10722,
#10723),(#10724,#10725,#10726,#10727)),.UNSPECIFIED.,.F.,.F.,.F.,(4,1,1,
1,1,1,1,4),(4,4),(0.,0.142857142857143,0.285714285714286,0.5,0.571428571428571,
0.714285714285714,0.857142857142857,1.),(-0.201409989154016,1.83427034846334E-17),
 .UNSPECIFIED.);
#37=FACE_BOUND('',#269,.T.);
#38=FACE_BOUND('',#270,.T.);
#39=FACE_BOUND('',#271,.T.);
#40=FACE_BOUND('',#272,.T.);
#41=FACE_BOUND('',#316,.T.);
#42=FACE_BOUND('',#317,.T.);
#43=FACE_BOUND('',#318,.T.);
#44=FACE_BOUND('',#319,.T.);
#45=TOROIDAL_SURFACE('',#1849,17.3,0.8);
#46=TOROIDAL_SURFACE('',#1857,17.3,0.8);
#47=TOROIDAL_SURFACE('',#1868,6.,3.5);
#48=TOROIDAL_SURFACE('',#1885,6.,3.5);
#49=(
BOUNDED_SURFACE()
B_SPLINE_SURFACE(1,2,((#3702,#3703,#3704,#3705,#3706,#3707,#3708,#3709,
#3710,#3711,#3712,#3713,#3714,#3715,#3716,#3717,#3718,#3719,#3720,#3721,
#3722,#3723,#3724,#3725,#3726,#3727,#3728,#3729,#3730,#3731,#3732,#3733,
#3734,#3735,#3736,#3737,#3738,#3739,#3740,#3741,#3742,#3743,#3744,#3745,
#3746,#3747,#3748,#3749,#3750,#3751,#3752,#3753,#3754,#3755,#3756,#3757,
#3758,#3759,#3760,#3761,#3762,#3763,#3764,#3765,#3766,#3767,#3768,#3769,
#3770,#3771,#3772,#3773,#3774,#3775,#3776,#3777,#3778,#3779,#3780,#3781,
#3782,#3783,#3784,#3785,#3786,#3787,#3788,#3789,#3790,#3791,#3792,#3793,
#3794,#3795,#3796,#3797,#3798,#3799,#3800,#3801,#3802,#3803,#3804,#3805,
#3806,#3807,#3808,#3809,#3810,#3811,#3812,#3813,#3814,#3815,#3816,#3817,
#3818,#3819,#3820,#3821,#3822,#3823,#3824,#3825,#3826,#3827,#3828,#3829,
#3830,#3831,#3832,#3833,#3834,#3835,#3836,#3837,#3838,#3839,#3840,#3841,
#3842,#3843,#3844,#3845,#3846,#3847,#3848,#3849,#3850,#3851,#3852,#3853,
#3854,#3855,#3856,#3857,#3858,#3859,#3860,#3861,#3862,#3863,#3864,#3865,
#3866,#3867,#3868,#3869,#3870,#3871,#3872,#3873,#3874,#3875,#3876,#3877,
#3878,#3879,#3880,#3881,#3882,#3883,#3884,#3885,#3886,#3887,#3888,#3889,
#3890,#3891,#3892,#3893,#3894,#3895,#3896,#3897,#3898,#3899,#3900,#3901,
#3902,#3903,#3904,#3905,#3906,#3907,#3908,#3909,#3910,#3911,#3912,#3913,
#3914,#3915,#3916,#3917,#3918,#3919,#3920,#3921,#3922,#3923,#3924,#3925,
#3926,#3927,#3928,#3929,#3930,#3931,#3932,#3933,#3934,#3935,#3936,#3937,
#3938,#3939,#3940,#3941,#3942,#3943,#3944,#3945,#3946,#3947,#3948,#3949,
#3950,#3951,#3952,#3953,#3954,#3955,#3956,#3957,#3958,#3959,#3960,#3961,
#3962,#3963,#3964,#3965,#3966,#3967,#3968,#3969,#3970,#3971,#3972,#3973,
#3974,#3975,#3976,#3977,#3978,#3979,#3980,#3981,#3982,#3983,#3984,#3985,
#3986,#3987,#3988,#3989,#3990,#3991,#3992,#3993,#3994,#3995,#3996,#3997,
#3998,#3999,#4000,#4001,#4002,#4003,#4004,#4005,#4006,#4007,#4008,#4009,
#4010,#4011,#4012,#4013,#4014,#4015,#4016,#4017,#4018,#4019,#4020,#4021,
#4022,#4023,#4024,#4025,#4026,#4027,#4028,#4029,#4030,#4031,#4032,#4033,
#4034,#4035,#4036,#4037,#4038,#4039,#4040,#4041,#4042,#4043,#4044,#4045,
#4046,#4047,#4048,#4049,#4050,#4051,#4052,#4053,#4054,#4055,#4056,#4057,
#4058,#4059,#4060,#4061,#4062,#4063,#4064,#4065,#4066,#4067,#4068,#4069,
#4070,#4071,#4072,#4073,#4074,#4075,#4076,#4077,#4078,#4079,#4080,#4081,
#4082,#4083,#4084,#4085,#4086,#4087,#4088,#4089,#4090,#4091,#4092,#4093,
#4094,#4095,#4096,#4097,#4098,#4099,#4100,#4101,#4102,#4103,#4104,#4105,
#4106,#4107,#4108,#4109,#4110,#4111,#4112,#4113,#4114,#4115,#4116,#4117,
#4118,#4119,#4120,#4121,#4122,#4123,#4124,#4125,#4126,#4127,#4128,#4129,
#4130,#4131,#4132,#4133,#4134,#4135,#4136,#4137,#4138,#4139,#4140,#4141,
#4142,#4143,#4144,#4145,#4146,#4147,#4148,#4149,#4150,#4151,#4152,#4153,
#4154,#4155,#4156,#4157,#4158,#4159,#4160,#4161,#4162,#4163,#4164,#4165,
#4166,#4167,#4168,#4169,#4170,#4171,#4172,#4173,#4174,#4175,#4176,#4177,
#4178,#4179,#4180,#4181,#4182,#4183,#4184,#4185,#4186,#4187,#4188,#4189,
#4190,#4191,#4192,#4193,#4194,#4195,#4196,#4197,#4198,#4199,#4200,#4201,
#4202,#4203,#4204,#4205,#4206,#4207,#4208,#4209,#4210,#4211,#4212,#4213,
#4214,#4215,#4216,#4217,#4218,#4219,#4220,#4221,#4222,#4223,#4224,#4225,
#4226,#4227,#4228,#4229,#4230,#4231,#4232,#4233,#4234,#4235,#4236,#4237,
#4238,#4239,#4240,#4241,#4242,#4243,#4244,#4245,#4246,#4247,#4248,#4249,
#4250,#4251,#4252,#4253,#4254,#4255,#4256,#4257,#4258,#4259,#4260,#4261,
#4262,#4263,#4264,#4265,#4266,#4267,#4268,#4269,#4270,#4271,#4272,#4273,
#4274,#4275,#4276,#4277,#4278,#4279,#4280,#4281,#4282,#4283,#4284,#4285,
#4286,#4287,#4288,#4289,#4290,#4291,#4292,#4293,#4294,#4295,#4296,#4297,
#4298,#4299,#4300,#4301,#4302,#4303,#4304,#4305,#4306,#4307,#4308,#4309,
#4310,#4311,#4312,#4313,#4314,#4315,#4316,#4317,#4318,#4319,#4320,#4321,
#4322,#4323,#4324,#4325,#4326,#4327,#4328,#4329,#4330,#4331,#4332,#4333,
#4334,#4335,#4336,#4337,#4338,#4339,#4340,#4341,#4342,#4343,#4344,#4345,
#4346,#4347,#4348,#4349,#4350,#4351,#4352,#4353,#4354,#4355,#4356,#4357,
#4358,#4359,#4360,#4361,#4362,#4363,#4364,#4365,#4366,#4367,#4368,#4369,
#4370,#4371,#4372,#4373,#4374,#4375,#4376,#4377,#4378,#4379,#4380,#4381,
#4382,#4383,#4384,#4385,#4386,#4387,#4388,#4389,#4390,#4391,#4392,#4393,
#4394,#4395,#4396,#4397,#4398,#4399,#4400,#4401,#4402,#4403,#4404,#4405,
#4406,#4407,#4408,#4409,#4410,#4411,#4412,#4413,#4414,#4415,#4416,#4417,
#4418,#4419,#4420,#4421,#4422,#4423,#4424,#4425,#4426,#4427,#4428,#4429,
#4430,#4431,#4432,#4433,#4434),(#4435,#4436,#4437,#4438,#4439,#4440,#4441,
#4442,#4443,#4444,#4445,#4446,#4447,#4448,#4449,#4450,#4451,#4452,#4453,
#4454,#4455,#4456,#4457,#4458,#4459,#4460,#4461,#4462,#4463,#4464,#4465,
#4466,#4467,#4468,#4469,#4470,#4471,#4472,#4473,#4474,#4475,#4476,#4477,
#4478,#4479,#4480,#4481,#4482,#4483,#4484,#4485,#4486,#4487,#4488,#4489,
#4490,#4491,#4492,#4493,#4494,#4495,#4496,#4497,#4498,#4499,#4500,#4501,
#4502,#4503,#4504,#4505,#4506,#4507,#4508,#4509,#4510,#4511,#4512,#4513,
#4514,#4515,#4516,#4517,#4518,#4519,#4520,#4521,#4522,#4523,#4524,#4525,
#4526,#4527,#4528,#4529,#4530,#4531,#4532,#4533,#4534,#4535,#4536,#4537,
#4538,#4539,#4540,#4541,#4542,#4543,#4544,#4545,#4546,#4547,#4548,#4549,
#4550,#4551,#4552,#4553,#4554,#4555,#4556,#4557,#4558,#4559,#4560,#4561,
#4562,#4563,#4564,#4565,#4566,#4567,#4568,#4569,#4570,#4571,#4572,#4573,
#4574,#4575,#4576,#4577,#4578,#4579,#4580,#4581,#4582,#4583,#4584,#4585,
#4586,#4587,#4588,#4589,#4590,#4591,#4592,#4593,#4594,#4595,#4596,#4597,
#4598,#4599,#4600,#4601,#4602,#4603,#4604,#4605,#4606,#4607,#4608,#4609,
#4610,#4611,#4612,#4613,#4614,#4615,#4616,#4617,#4618,#4619,#4620,#4621,
#4622,#4623,#4624,#4625,#4626,#4627,#4628,#4629,#4630,#4631,#4632,#4633,
#4634,#4635,#4636,#4637,#4638,#4639,#4640,#4641,#4642,#4643,#4644,#4645,
#4646,#4647,#4648,#4649,#4650,#4651,#4652,#4653,#4654,#4655,#4656,#4657,
#4658,#4659,#4660,#4661,#4662,#4663,#4664,#4665,#4666,#4667,#4668,#4669,
#4670,#4671,#4672,#4673,#4674,#4675,#4676,#4677,#4678,#4679,#4680,#4681,
#4682,#4683,#4684,#4685,#4686,#4687,#4688,#4689,#4690,#4691,#4692,#4693,
#4694,#4695,#4696,#4697,#4698,#4699,#4700,#4701,#4702,#4703,#4704,#4705,
#4706,#4707,#4708,#4709,#4710,#4711,#4712,#4713,#4714,#4715,#4716,#4717,
#4718,#4719,#4720,#4721,#4722,#4723,#4724,#4725,#4726,#4727,#4728,#4729,
#4730,#4731,#4732,#4733,#4734,#4735,#4736,#4737,#4738,#4739,#4740,#4741,
#4742,#4743,#4744,#4745,#4746,#4747,#4748,#4749,#4750,#4751,#4752,#4753,
#4754,#4755,#4756,#4757,#4758,#4759,#4760,#4761,#4762,#4763,#4764,#4765,
#4766,#4767,#4768,#4769,#4770,#4771,#4772,#4773,#4774,#4775,#4776,#4777,
#4778,#4779,#4780,#4781,#4782,#4783,#4784,#4785,#4786,#4787,#4788,#4789,
#4790,#4791,#4792,#4793,#4794,#4795,#4796,#4797,#4798,#4799,#4800,#4801,
#4802,#4803,#4804,#4805,#4806,#4807,#4808,#4809,#4810,#4811,#4812,#4813,
#4814,#4815,#4816,#4817,#4818,#4819,#4820,#4821,#4822,#4823,#4824,#4825,
#4826,#4827,#4828,#4829,#4830,#4831,#4832,#4833,#4834,#4835,#4836,#4837,
#4838,#4839,#4840,#4841,#4842,#4843,#4844,#4845,#4846,#4847,#4848,#4849,
#4850,#4851,#4852,#4853,#4854,#4855,#4856,#4857,#4858,#4859,#4860,#4861,
#4862,#4863,#4864,#4865,#4866,#4867,#4868,#4869,#4870,#4871,#4872,#4873,
#4874,#4875,#4876,#4877,#4878,#4879,#4880,#4881,#4882,#4883,#4884,#4885,
#4886,#4887,#4888,#4889,#4890,#4891,#4892,#4893,#4894,#4895,#4896,#4897,
#4898,#4899,#4900,#4901,#4902,#4903,#4904,#4905,#4906,#4907,#4908,#4909,
#4910,#4911,#4912,#4913,#4914,#4915,#4916,#4917,#4918,#4919,#4920,#4921,
#4922,#4923,#4924,#4925,#4926,#4927,#4928,#4929,#4930,#4931,#4932,#4933,
#4934,#4935,#4936,#4937,#4938,#4939,#4940,#4941,#4942,#4943,#4944,#4945,
#4946,#4947,#4948,#4949,#4950,#4951,#4952,#4953,#4954,#4955,#4956,#4957,
#4958,#4959,#4960,#4961,#4962,#4963,#4964,#4965,#4966,#4967,#4968,#4969,
#4970,#4971,#4972,#4973,#4974,#4975,#4976,#4977,#4978,#4979,#4980,#4981,
#4982,#4983,#4984,#4985,#4986,#4987,#4988,#4989,#4990,#4991,#4992,#4993,
#4994,#4995,#4996,#4997,#4998,#4999,#5000,#5001,#5002,#5003,#5004,#5005,
#5006,#5007,#5008,#5009,#5010,#5011,#5012,#5013,#5014,#5015,#5016,#5017,
#5018,#5019,#5020,#5021,#5022,#5023,#5024,#5025,#5026,#5027,#5028,#5029,
#5030,#5031,#5032,#5033,#5034,#5035,#5036,#5037,#5038,#5039,#5040,#5041,
#5042,#5043,#5044,#5045,#5046,#5047,#5048,#5049,#5050,#5051,#5052,#5053,
#5054,#5055,#5056,#5057,#5058,#5059,#5060,#5061,#5062,#5063,#5064,#5065,
#5066,#5067,#5068,#5069,#5070,#5071,#5072,#5073,#5074,#5075,#5076,#5077,
#5078,#5079,#5080,#5081,#5082,#5083,#5084,#5085,#5086,#5087,#5088,#5089,
#5090,#5091,#5092,#5093,#5094,#5095,#5096,#5097,#5098,#5099,#5100,#5101,
#5102,#5103,#5104,#5105,#5106,#5107,#5108,#5109,#5110,#5111,#5112,#5113,
#5114,#5115,#5116,#5117,#5118,#5119,#5120,#5121,#5122,#5123,#5124,#5125,
#5126,#5127,#5128,#5129,#5130,#5131,#5132,#5133,#5134,#5135,#5136,#5137,
#5138,#5139,#5140,#5141,#5142,#5143,#5144,#5145,#5146,#5147,#5148,#5149,
#5150,#5151,#5152,#5153,#5154,#5155,#5156,#5157,#5158,#5159,#5160,#5161,
#5162,#5163,#5164,#5165,#5166,#5167)),.UNSPECIFIED.,.F.,.F.,.F.)
B_SPLINE_SURFACE_WITH_KNOTS((2,2),(3,2,2,2,2,2,2,2,2,2,2,2,2,2,2,2,2,2,
2,2,2,2,2,2,2,2,2,2,2,2,2,2,2,2,2,2,2,2,2,2,2,2,2,2,2,2,2,2,2,2,2,2,2,2,
2,2,2,2,2,2,2,2,2,2,2,2,2,2,2,2,2,2,2,2,2,2,2,2,2,2,2,2,2,2,2,2,2,2,2,2,
2,2,2,2,2,2,2,2,2,2,2,2,2,2,2,2,2,2,2,2,2,2,2,2,2,2,2,2,2,2,2,2,2,2,2,2,
2,2,2,2,2,2,2,2,2,2,2,2,2,2,2,2,2,2,2,2,2,2,2,2,2,2,2,2,2,2,2,2,2,2,2,2,
2,2,2,2,2,2,2,2,2,2,2,2,2,2,2,2,2,2,2,2,2,2,2,2,2,2,2,2,2,2,2,2,2,2,2,2,
2,2,2,2,2,2,2,2,2,2,2,2,2,2,2,2,2,2,2,2,2,2,2,2,2,2,2,2,2,2,2,2,2,2,2,2,
2,2,2,2,2,2,2,2,2,2,2,2,2,2,2,2,2,2,2,2,2,2,2,2,2,2,2,2,2,2,2,2,2,2,2,2,
2,2,2,2,2,2,2,2,2,2,2,2,2,2,2,2,2,2,2,2,2,2,2,2,2,2,2,2,2,2,2,2,2,2,2,2,
2,2,2,2,2,2,2,2,2,2,2,2,2,2,2,2,2,2,2,2,2,2,2,2,2,2,2,2,2,2,2,2,2,2,2,2,
2,2,2,2,2,2,2,2,2,2,2,2,2,2,2,2,2,2,2,2,2,2,2,2,3),(0.,1.),(0.,0.00273224043715847,
0.00546448087431694,0.00819672131147541,0.0109289617486339,0.0136612021857923,
0.0163934426229508,0.0191256830601093,0.0218579234972678,0.0245901639344262,
0.0273224043715847,0.0300546448087432,0.0327868852459016,0.0355191256830601,
0.0382513661202186,0.040983606557377,0.0437158469945355,0.046448087431694,
0.0491803278688525,0.0519125683060109,0.0546448087431694,0.0573770491803279,
0.0601092896174863,0.0628415300546448,0.0655737704918033,0.0683060109289618,
0.0710382513661202,0.0737704918032787,0.0765027322404372,0.0792349726775956,
0.0819672131147541,0.0846994535519126,0.087431693989071,0.0901639344262295,
0.092896174863388,0.0956284153005464,0.0983606557377049,0.101092896174863,
0.103825136612022,0.10655737704918,0.109289617486339,0.112021857923497,
0.114754098360656,0.117486338797814,0.120218579234973,0.122950819672131,
0.12568306010929,0.128415300546448,0.131147540983607,0.133879781420765,
0.136612021857924,0.139344262295082,0.14207650273224,0.144808743169399,
0.147540983606557,0.150273224043716,0.153005464480874,0.155737704918033,
0.158469945355191,0.16120218579235,0.163934426229508,0.166666666666667,
0.169398907103825,0.172131147540984,0.174863387978142,0.177595628415301,
0.180327868852459,0.183060109289617,0.185792349726776,0.188524590163934,
0.191256830601093,0.193989071038251,0.19672131147541,0.199453551912568,
0.202185792349727,0.204918032786885,0.207650273224044,0.210382513661202,
0.213114754098361,0.215846994535519,0.218579234972678,0.221311475409836,
0.224043715846995,0.226775956284153,0.229508196721311,0.23224043715847,
0.234972677595628,0.237704918032787,0.240437158469945,0.243169398907104,
0.245901639344262,0.248633879781421,0.251366120218579,0.254098360655738,
0.256830601092896,0.259562841530055,0.262295081967213,0.265027322404372,
0.26775956284153,0.270491803278689,0.273224043715847,0.275956284153005,
0.278688524590164,0.281420765027322,0.284153005464481,0.286885245901639,
0.289617486338798,0.292349726775956,0.295081967213115,0.297814207650273,
0.300546448087432,0.30327868852459,0.306010928961749,0.308743169398907,
0.311475409836066,0.314207650273224,0.316939890710383,0.319672131147541,
0.322404371584699,0.325136612021858,0.327868852459016,0.330601092896175,
0.333333333333333,0.336065573770492,0.33879781420765,0.341530054644809,
0.344262295081967,0.346994535519126,0.349726775956284,0.352459016393443,
0.355191256830601,0.35792349726776,0.360655737704918,0.363387978142077,
0.366120218579235,0.368852459016393,0.371584699453552,0.37431693989071,
0.377049180327869,0.379781420765027,0.382513661202186,0.385245901639344,
0.387978142076503,0.390710382513661,0.39344262295082,0.396174863387978,
0.398907103825137,0.401639344262295,0.404371584699454,0.407103825136612,
0.409836065573771,0.412568306010929,0.415300546448087,0.418032786885246,
0.420765027322404,0.423497267759563,0.426229508196721,0.42896174863388,
0.431693989071038,0.434426229508197,0.437158469945355,0.439890710382514,
0.442622950819672,0.445355191256831,0.448087431693989,0.450819672131148,
0.453551912568306,0.456284153005464,0.459016393442623,0.461748633879781,
0.46448087431694,0.467213114754098,0.469945355191257,0.472677595628415,
0.475409836065574,0.478142076502732,0.480874316939891,0.483606557377049,
0.486338797814208,0.489071038251366,0.491803278688525,0.494535519125683,
0.497267759562842,0.5,0.502732240437158,0.505464480874317,0.508196721311475,
0.510928961748634,0.513661202185792,0.516393442622951,0.519125683060109,
0.521857923497268,0.524590163934426,0.527322404371585,0.530054644808743,
0.532786885245902,0.53551912568306,0.538251366120219,0.540983606557377,
0.543715846994536,0.546448087431694,0.549180327868853,0.551912568306011,
0.554644808743169,0.557377049180328,0.560109289617486,0.562841530054645,
0.565573770491803,0.568306010928962,0.57103825136612,0.573770491803279,
0.576502732240437,0.579234972677596,0.581967213114754,0.584699453551913,
0.587431693989071,0.590163934426229,0.592896174863388,0.595628415300546,
0.598360655737705,0.601092896174863,0.603825136612022,0.60655737704918,
0.609289617486339,0.612021857923497,0.614754098360656,0.617486338797814,
0.620218579234973,0.622950819672131,0.62568306010929,0.628415300546448,
0.631147540983607,0.633879781420765,0.636612021857924,0.639344262295082,
0.64207650273224,0.644808743169399,0.647540983606557,0.650273224043716,
0.653005464480874,0.655737704918033,0.658469945355191,0.66120218579235,
0.663934426229508,0.666666666666667,0.669398907103825,0.672131147540984,
0.674863387978142,0.677595628415301,0.680327868852459,0.683060109289617,
0.685792349726776,0.688524590163934,0.691256830601093,0.693989071038251,
0.69672131147541,0.699453551912568,0.702185792349727,0.704918032786885,
0.707650273224044,0.710382513661202,0.713114754098361,0.715846994535519,
0.718579234972678,0.721311475409836,0.724043715846995,0.726775956284153,
0.729508196721312,0.73224043715847,0.734972677595628,0.737704918032787,
0.740437158469945,0.743169398907104,0.745901639344262,0.748633879781421,
0.751366120218579,0.754098360655738,0.756830601092896,0.759562841530055,
0.762295081967213,0.765027322404372,0.76775956284153,0.770491803278688,
0.773224043715847,0.775956284153005,0.778688524590164,0.781420765027322,
0.784153005464481,0.786885245901639,0.789617486338798,0.792349726775956,
0.795081967213115,0.797814207650273,0.800546448087432,0.80327868852459,
0.806010928961749,0.808743169398907,0.811475409836066,0.814207650273224,
0.816939890710383,0.819672131147541,0.822404371584699,0.825136612021858,
0.827868852459016,0.830601092896175,0.833333333333333,0.836065573770492,
0.83879781420765,0.841530054644809,0.844262295081967,0.846994535519126,
0.849726775956284,0.852459016393443,0.855191256830601,0.85792349726776,
0.860655737704918,0.863387978142076,0.866120218579235,0.868852459016393,
0.871584699453552,0.87431693989071,0.877049180327869,0.879781420765027,
0.882513661202186,0.885245901639344,0.887978142076503,0.890710382513661,
0.89344262295082,0.896174863387978,0.898907103825137,0.901639344262295,
0.904371584699454,0.907103825136612,0.909836065573771,0.912568306010929,
0.915300546448087,0.918032786885246,0.920765027322404,0.923497267759563,
0.926229508196721,0.92896174863388,0.931693989071038,0.934426229508197,
0.937158469945355,0.939890710382514,0.942622950819672,0.945355191256831,
0.948087431693989,0.950819672131147,0.953551912568306,0.956284153005464,
0.959016393442623,0.961748633879781,0.96448087431694,0.967213114754098,
0.969945355191257,0.972677595628415,0.975409836065574,0.978142076502732,
0.980874316939891,0.983606557377049,0.986338797814208,0.989071038251366,
0.991803278688525,0.994535519125683,0.997267759562842,1.),.UNSPECIFIED.)
GEOMETRIC_REPRESENTATION_ITEM()
RATIONAL_B_SPLINE_SURFACE(((1.,0.866025403784439,1.,0.866025403784439,1.,
0.866025403784439,1.,0.866025403784439,1.,0.866025403784439,1.,0.866025403784439,
1.,0.866025403784439,1.,0.866025403784439,1.,0.866025403784439,1.,0.866025403784439,
1.,0.866025403784439,1.,0.866025403784439,1.,0.866025403784439,1.,0.866025403784439,
1.,0.866025403784439,1.,0.866025403784439,1.,0.866025403784439,1.,0.866025403784439,
1.,0.866025403784439,1.,0.866025403784439,1.,0.866025403784439,1.,0.866025403784439,
1.,0.866025403784439,1.,0.866025403784439,1.,0.866025403784439,1.,0.866025403784439,
1.,0.866025403784439,1.,0.866025403784439,1.,0.866025403784439,1.,0.866025403784439,
1.,0.866025403784439,1.,0.866025403784439,1.,0.866025403784439,1.,0.866025403784439,
1.,0.866025403784439,1.,0.866025403784439,1.,0.866025403784439,1.,0.866025403784439,
1.,0.866025403784439,1.,0.866025403784439,1.,0.866025403784439,1.,0.866025403784439,
1.,0.866025403784439,1.,0.866025403784439,1.,0.866025403784439,1.,0.866025403784439,
1.,0.866025403784439,1.,0.866025403784439,1.,0.866025403784439,1.,0.866025403784439,
1.,0.866025403784439,1.,0.866025403784439,1.,0.866025403784439,1.,0.866025403784439,
1.,0.866025403784439,1.,0.866025403784439,1.,0.866025403784439,1.,0.866025403784439,
1.,0.866025403784439,1.,0.866025403784439,1.,0.866025403784439,1.,0.866025403784439,
1.,0.866025403784439,1.,0.866025403784439,1.,0.866025403784439,1.,0.866025403784439,
1.,0.866025403784439,1.,0.866025403784439,1.,0.866025403784439,1.,0.866025403784439,
1.,0.866025403784439,1.,0.866025403784439,1.,0.866025403784439,1.,0.866025403784439,
1.,0.866025403784439,1.,0.866025403784439,1.,0.866025403784439,1.,0.866025403784439,
1.,0.866025403784439,1.,0.866025403784439,1.,0.866025403784439,1.,0.866025403784439,
1.,0.866025403784439,1.,0.866025403784439,1.,0.866025403784439,1.,0.866025403784439,
1.,0.866025403784439,1.,0.866025403784439,1.,0.866025403784439,1.,0.866025403784439,
1.,0.866025403784439,1.,0.866025403784439,1.,0.866025403784439,1.,0.866025403784439,
1.,0.866025403784439,1.,0.866025403784439,1.,0.866025403784439,1.,0.866025403784439,
1.,0.866025403784439,1.,0.866025403784439,1.,0.866025403784439,1.,0.866025403784439,
1.,0.866025403784439,1.,0.866025403784439,1.,0.866025403784439,1.,0.866025403784439,
1.,0.866025403784439,1.,0.866025403784439,1.,0.866025403784439,1.,0.866025403784439,
1.,0.866025403784439,1.,0.866025403784439,1.,0.866025403784439,1.,0.866025403784439,
1.,0.866025403784439,1.,0.866025403784439,1.,0.866025403784439,1.,0.866025403784439,
1.,0.866025403784439,1.,0.866025403784439,1.,0.866025403784439,1.,0.866025403784439,
1.,0.866025403784439,1.,0.866025403784439,1.,0.866025403784439,1.,0.866025403784439,
1.,0.866025403784439,1.,0.866025403784439,1.,0.866025403784439,1.,0.866025403784439,
1.,0.866025403784439,1.,0.866025403784439,1.,0.866025403784439,1.,0.866025403784439,
1.,0.866025403784439,1.,0.866025403784439,1.,0.866025403784439,1.,0.866025403784439,
1.,0.866025403784439,1.,0.866025403784439,1.,0.866025403784439,1.,0.866025403784439,
1.,0.866025403784439,1.,0.866025403784439,1.,0.866025403784439,1.,0.866025403784439,
1.,0.866025403784439,1.,0.866025403784439,1.,0.866025403784439,1.,0.866025403784439,
1.,0.866025403784439,1.,0.866025403784439,1.,0.866025403784439,1.,0.866025403784439,
1.,0.866025403784439,1.,0.866025403784439,1.,0.866025403784439,1.,0.866025403784439,
1.,0.866025403784439,1.,0.866025403784439,1.,0.866025403784439,1.,0.866025403784439,
1.,0.866025403784439,1.,0.866025403784439,1.,0.866025403784439,1.,0.866025403784439,
1.,0.866025403784439,1.,0.866025403784439,1.,0.866025403784439,1.,0.866025403784439,
1.,0.866025403784439,1.,0.866025403784439,1.,0.866025403784439,1.,0.866025403784439,
1.,0.866025403784439,1.,0.866025403784439,1.,0.866025403784439,1.,0.866025403784439,
1.,0.866025403784439,1.,0.866025403784439,1.,0.866025403784439,1.,0.866025403784439,
1.,0.866025403784439,1.,0.866025403784439,1.,0.866025403784439,1.,0.866025403784439,
1.,0.866025403784439,1.,0.866025403784439,1.,0.866025403784439,1.,0.866025403784439,
1.,0.866025403784439,1.,0.866025403784439,1.,0.866025403784439,1.,0.866025403784439,
1.,0.866025403784439,1.,0.866025403784439,1.,0.866025403784439,1.,0.866025403784439,
1.,0.866025403784439,1.,0.866025403784439,1.,0.866025403784439,1.,0.866025403784439,
1.,0.866025403784439,1.,0.866025403784439,1.,0.866025403784439,1.,0.866025403784439,
1.,0.866025403784439,1.,0.866025403784439,1.,0.866025403784439,1.,0.866025403784439,
1.,0.866025403784439,1.,0.866025403784439,1.,0.866025403784439,1.,0.866025403784439,
1.,0.866025403784439,1.,0.866025403784439,1.,0.866025403784439,1.,0.866025403784439,
1.,0.866025403784439,1.,0.866025403784439,1.,0.866025403784439,1.,0.866025403784439,
1.,0.866025403784439,1.,0.866025403784439,1.,0.866025403784439,1.,0.866025403784439,
1.,0.866025403784439,1.,0.866025403784439,1.,0.866025403784439,1.,0.866025403784439,
1.,0.866025403784439,1.,0.866025403784439,1.,0.866025403784439,1.,0.866025403784439,
1.,0.866025403784439,1.,0.866025403784439,1.,0.866025403784439,1.,0.866025403784439,
1.,0.866025403784439,1.,0.866025403784439,1.,0.866025403784439,1.,0.866025403784439,
1.,0.866025403784439,1.,0.866025403784439,1.,0.866025403784439,1.,0.866025403784439,
1.,0.866025403784439,1.,0.866025403784439,1.,0.866025403784439,1.,0.866025403784439,
1.,0.866025403784439,1.,0.866025403784439,1.,0.866025403784439,1.,0.866025403784439,
1.,0.866025403784439,1.,0.866025403784439,1.,0.866025403784439,1.,0.866025403784439,
1.,0.866025403784439,1.,0.866025403784439,1.,0.866025403784439,1.,0.866025403784439,
1.,0.866025403784439,1.,0.866025403784439,1.,0.866025403784439,1.,0.866025403784439,
1.,0.866025403784439,1.,0.866025403784439,1.,0.866025403784439,1.,0.866025403784439,
1.,0.866025403784439,1.,0.866025403784439,1.,0.866025403784439,1.,0.866025403784439,
1.,0.866025403784439,1.,0.866025403784439,1.,0.866025403784439,1.,0.866025403784439,
1.,0.866025403784439,1.,0.866025403784439,1.,0.866025403784439,1.,0.866025403784439,
1.,0.866025403784439,1.,0.866025403784439,1.,0.866025403784439,1.,0.866025403784439,
1.,0.866025403784439,1.,0.866025403784439,1.,0.866025403784439,1.,0.866025403784439,
1.,0.866025403784439,1.,0.866025403784439,1.,0.866025403784439,1.,0.866025403784439,
1.,0.866025403784439,1.,0.866025403784439,1.,0.866025403784439,1.,0.866025403784439,
1.,0.866025403784439,1.,0.866025403784439,1.,0.866025403784439,1.,0.866025403784439,
1.,0.866025403784439,1.,0.866025403784439,1.,0.866025403784439,1.,0.866025403784439,
1.,0.866025403784439,1.,0.866025403784439,1.,0.866025403784439,1.,0.866025403784439,
1.,0.866025403784439,1.,0.866025403784439,1.,0.866025403784439,1.,0.866025403784439,
1.,0.866025403784439,1.,0.866025403784439,1.,0.866025403784439,1.,0.866025403784439,
1.,0.866025403784439,1.,0.866025403784439,1.,0.866025403784439,1.,0.866025403784439,
1.,0.866025403784439,1.,0.866025403784439,1.,0.866025403784439,1.,0.866025403784439,
1.,0.866025403784439,1.,0.866025403784439,1.,0.866025403784439,1.,0.866025403784439,
1.,0.866025403784439,1.,0.866025403784439,1.,0.866025403784439,1.,0.866025403784439,
1.,0.866025403784439,1.,0.866025403784439,1.,0.866025403784439,1.,0.866025403784439,
1.,0.866025403784439,1.,0.866025403784439,1.,0.866025403784439,1.,0.866025403784439,
1.,0.866025403784439,1.,0.866025403784439,1.,0.866025403784439,1.,0.866025403784439,
1.,0.866025403784439,1.,0.866025403784439,1.,0.866025403784439,1.,0.866025403784439,
1.,0.866025403784439,1.,0.866025403784439,1.,0.866025403784439,1.,0.866025403784439,
1.,0.866025403784439,1.,0.866025403784439,1.,0.866025403784439,1.,0.866025403784439,
1.,0.866025403784439,1.,0.866025403784439,1.,0.866025403784439,1.,0.866025403784439,
1.,0.866025403784439,1.,0.866025403784439,1.,0.866025403784439,1.,0.866025403784439,
1.),(1.,0.866025403784439,1.,0.866025403784439,1.,0.866025403784439,1.,
0.866025403784439,1.,0.866025403784439,1.,0.866025403784439,1.,0.866025403784439,
1.,0.866025403784439,1.,0.866025403784439,1.,0.866025403784439,1.,0.866025403784439,
1.,0.866025403784439,1.,0.866025403784439,1.,0.866025403784439,1.,0.866025403784439,
1.,0.866025403784439,1.,0.866025403784439,1.,0.866025403784439,1.,0.866025403784439,
1.,0.866025403784439,1.,0.866025403784439,1.,0.866025403784439,1.,0.866025403784439,
1.,0.866025403784439,1.,0.866025403784439,1.,0.866025403784439,1.,0.866025403784439,
1.,0.866025403784439,1.,0.866025403784439,1.,0.866025403784439,1.,0.866025403784439,
1.,0.866025403784439,1.,0.866025403784439,1.,0.866025403784439,1.,0.866025403784439,
1.,0.866025403784439,1.,0.866025403784439,1.,0.866025403784439,1.,0.866025403784439,
1.,0.866025403784439,1.,0.866025403784439,1.,0.866025403784439,1.,0.866025403784439,
1.,0.866025403784439,1.,0.866025403784439,1.,0.866025403784439,1.,0.866025403784439,
1.,0.866025403784439,1.,0.866025403784439,1.,0.866025403784439,1.,0.866025403784439,
1.,0.866025403784439,1.,0.866025403784439,1.,0.866025403784439,1.,0.866025403784439,
1.,0.866025403784439,1.,0.866025403784439,1.,0.866025403784439,1.,0.866025403784439,
1.,0.866025403784439,1.,0.866025403784439,1.,0.866025403784439,1.,0.866025403784439,
1.,0.866025403784439,1.,0.866025403784439,1.,0.866025403784439,1.,0.866025403784439,
1.,0.866025403784439,1.,0.866025403784439,1.,0.866025403784439,1.,0.866025403784439,
1.,0.866025403784439,1.,0.866025403784439,1.,0.866025403784439,1.,0.866025403784439,
1.,0.866025403784439,1.,0.866025403784439,1.,0.866025403784439,1.,0.866025403784439,
1.,0.866025403784439,1.,0.866025403784439,1.,0.866025403784439,1.,0.866025403784439,
1.,0.866025403784439,1.,0.866025403784439,1.,0.866025403784439,1.,0.866025403784439,
1.,0.866025403784439,1.,0.866025403784439,1.,0.866025403784439,1.,0.866025403784439,
1.,0.866025403784439,1.,0.866025403784439,1.,0.866025403784439,1.,0.866025403784439,
1.,0.866025403784439,1.,0.866025403784439,1.,0.866025403784439,1.,0.866025403784439,
1.,0.866025403784439,1.,0.866025403784439,1.,0.866025403784439,1.,0.866025403784439,
1.,0.866025403784439,1.,0.866025403784439,1.,0.866025403784439,1.,0.866025403784439,
1.,0.866025403784439,1.,0.866025403784439,1.,0.866025403784439,1.,0.866025403784439,
1.,0.866025403784439,1.,0.866025403784439,1.,0.866025403784439,1.,0.866025403784439,
1.,0.866025403784439,1.,0.866025403784439,1.,0.866025403784439,1.,0.866025403784439,
1.,0.866025403784439,1.,0.866025403784439,1.,0.866025403784439,1.,0.866025403784439,
1.,0.866025403784439,1.,0.866025403784439,1.,0.866025403784439,1.,0.866025403784439,
1.,0.866025403784439,1.,0.866025403784439,1.,0.866025403784439,1.,0.866025403784439,
1.,0.866025403784439,1.,0.866025403784439,1.,0.866025403784439,1.,0.866025403784439,
1.,0.866025403784439,1.,0.866025403784439,1.,0.866025403784439,1.,0.866025403784439,
1.,0.866025403784439,1.,0.866025403784439,1.,0.866025403784439,1.,0.866025403784439,
1.,0.866025403784439,1.,0.866025403784439,1.,0.866025403784439,1.,0.866025403784439,
1.,0.866025403784439,1.,0.866025403784439,1.,0.866025403784439,1.,0.866025403784439,
1.,0.866025403784439,1.,0.866025403784439,1.,0.866025403784439,1.,0.866025403784439,
1.,0.866025403784439,1.,0.866025403784439,1.,0.866025403784439,1.,0.866025403784439,
1.,0.866025403784439,1.,0.866025403784439,1.,0.866025403784439,1.,0.866025403784439,
1.,0.866025403784439,1.,0.866025403784439,1.,0.866025403784439,1.,0.866025403784439,
1.,0.866025403784439,1.,0.866025403784439,1.,0.866025403784439,1.,0.866025403784439,
1.,0.866025403784439,1.,0.866025403784439,1.,0.866025403784439,1.,0.866025403784439,
1.,0.866025403784439,1.,0.866025403784439,1.,0.866025403784439,1.,0.866025403784439,
1.,0.866025403784439,1.,0.866025403784439,1.,0.866025403784439,1.,0.866025403784439,
1.,0.866025403784439,1.,0.866025403784439,1.,0.866025403784439,1.,0.866025403784439,
1.,0.866025403784439,1.,0.866025403784439,1.,0.866025403784439,1.,0.866025403784439,
1.,0.866025403784439,1.,0.866025403784439,1.,0.866025403784439,1.,0.866025403784439,
1.,0.866025403784439,1.,0.866025403784439,1.,0.866025403784439,1.,0.866025403784439,
1.,0.866025403784439,1.,0.866025403784439,1.,0.866025403784439,1.,0.866025403784439,
1.,0.866025403784439,1.,0.866025403784439,1.,0.866025403784439,1.,0.866025403784439,
1.,0.866025403784439,1.,0.866025403784439,1.,0.866025403784439,1.,0.866025403784439,
1.,0.866025403784439,1.,0.866025403784439,1.,0.866025403784439,1.,0.866025403784439,
1.,0.866025403784439,1.,0.866025403784439,1.,0.866025403784439,1.,0.866025403784439,
1.,0.866025403784439,1.,0.866025403784439,1.,0.866025403784439,1.,0.866025403784439,
1.,0.866025403784439,1.,0.866025403784439,1.,0.866025403784439,1.,0.866025403784439,
1.,0.866025403784439,1.,0.866025403784439,1.,0.866025403784439,1.,0.866025403784439,
1.,0.866025403784439,1.,0.866025403784439,1.,0.866025403784439,1.,0.866025403784439,
1.,0.866025403784439,1.,0.866025403784439,1.,0.866025403784439,1.,0.866025403784439,
1.,0.866025403784439,1.,0.866025403784439,1.,0.866025403784439,1.,0.866025403784439,
1.,0.866025403784439,1.,0.866025403784439,1.,0.866025403784439,1.,0.866025403784439,
1.,0.866025403784439,1.,0.866025403784439,1.,0.866025403784439,1.,0.866025403784439,
1.,0.866025403784439,1.,0.866025403784439,1.,0.866025403784439,1.,0.866025403784439,
1.,0.866025403784439,1.,0.866025403784439,1.,0.866025403784439,1.,0.866025403784439,
1.,0.866025403784439,1.,0.866025403784439,1.,0.866025403784439,1.,0.866025403784439,
1.,0.866025403784439,1.,0.866025403784439,1.,0.866025403784439,1.,0.866025403784439,
1.,0.866025403784439,1.,0.866025403784439,1.,0.866025403784439,1.,0.866025403784439,
1.,0.866025403784439,1.,0.866025403784439,1.,0.866025403784439,1.,0.866025403784439,
1.,0.866025403784439,1.,0.866025403784439,1.,0.866025403784439,1.,0.866025403784439,
1.,0.866025403784439,1.,0.866025403784439,1.,0.866025403784439,1.,0.866025403784439,
1.,0.866025403784439,1.,0.866025403784439,1.,0.866025403784439,1.,0.866025403784439,
1.,0.866025403784439,1.,0.866025403784439,1.,0.866025403784439,1.,0.866025403784439,
1.,0.866025403784439,1.,0.866025403784439,1.,0.866025403784439,1.,0.866025403784439,
1.,0.866025403784439,1.,0.866025403784439,1.,0.866025403784439,1.,0.866025403784439,
1.,0.866025403784439,1.,0.866025403784439,1.,0.866025403784439,1.,0.866025403784439,
1.,0.866025403784439,1.,0.866025403784439,1.,0.866025403784439,1.,0.866025403784439,
1.,0.866025403784439,1.,0.866025403784439,1.,0.866025403784439,1.,0.866025403784439,
1.,0.866025403784439,1.,0.866025403784439,1.,0.866025403784439,1.,0.866025403784439,
1.,0.866025403784439,1.,0.866025403784439,1.,0.866025403784439,1.,0.866025403784439,
1.,0.866025403784439,1.,0.866025403784439,1.,0.866025403784439,1.,0.866025403784439,
1.,0.866025403784439,1.,0.866025403784439,1.,0.866025403784439,1.,0.866025403784439,
1.,0.866025403784439,1.,0.866025403784439,1.,0.866025403784439,1.,0.866025403784439,
1.,0.866025403784439,1.,0.866025403784439,1.,0.866025403784439,1.,0.866025403784439,
1.,0.866025403784439,1.,0.866025403784439,1.,0.866025403784439,1.,0.866025403784439,
1.,0.866025403784439,1.,0.866025403784439,1.,0.866025403784439,1.,0.866025403784439,
1.,0.866025403784439,1.,0.866025403784439,1.,0.866025403784439,1.,0.866025403784439,
1.,0.866025403784439,1.,0.866025403784439,1.,0.866025403784439,1.,0.866025403784439,
1.,0.866025403784439,1.,0.866025403784439,1.,0.866025403784439,1.,0.866025403784439,
1.,0.866025403784439,1.,0.866025403784439,1.,0.866025403784439,1.,0.866025403784439,
1.,0.866025403784439,1.,0.866025403784439,1.,0.866025403784439,1.,0.866025403784439,
1.,0.866025403784439,1.,0.866025403784439,1.,0.866025403784439,1.)))
REPRESENTATION_ITEM('')
SURFACE()
);
#50=(
BOUNDED_SURFACE()
B_SPLINE_SURFACE(1,2,((#5239,#5240,#5241,#5242,#5243,#5244,#5245,#5246,
#5247,#5248,#5249,#5250,#5251,#5252,#5253,#5254,#5255,#5256,#5257,#5258,
#5259,#5260,#5261,#5262,#5263,#5264,#5265,#5266,#5267,#5268,#5269,#5270,
#5271,#5272,#5273,#5274,#5275,#5276,#5277,#5278,#5279,#5280,#5281,#5282,
#5283,#5284,#5285,#5286,#5287,#5288,#5289,#5290,#5291,#5292,#5293,#5294,
#5295,#5296,#5297,#5298,#5299,#5300,#5301,#5302,#5303,#5304,#5305,#5306,
#5307,#5308,#5309,#5310,#5311,#5312,#5313,#5314,#5315,#5316,#5317,#5318,
#5319,#5320,#5321,#5322,#5323,#5324,#5325,#5326,#5327,#5328,#5329,#5330,
#5331,#5332,#5333,#5334,#5335,#5336,#5337,#5338,#5339,#5340,#5341,#5342,
#5343,#5344,#5345,#5346,#5347,#5348,#5349,#5350,#5351,#5352,#5353,#5354,
#5355,#5356,#5357,#5358,#5359,#5360,#5361,#5362,#5363,#5364,#5365,#5366,
#5367,#5368,#5369,#5370,#5371,#5372,#5373,#5374,#5375,#5376,#5377,#5378,
#5379,#5380,#5381,#5382,#5383,#5384,#5385,#5386,#5387,#5388,#5389,#5390,
#5391,#5392,#5393,#5394,#5395,#5396,#5397,#5398,#5399,#5400,#5401,#5402,
#5403,#5404,#5405,#5406,#5407,#5408,#5409,#5410,#5411,#5412,#5413,#5414,
#5415,#5416,#5417,#5418,#5419,#5420,#5421,#5422,#5423,#5424,#5425,#5426,
#5427,#5428,#5429,#5430,#5431,#5432,#5433,#5434,#5435,#5436,#5437,#5438,
#5439,#5440,#5441,#5442,#5443,#5444,#5445,#5446,#5447,#5448,#5449,#5450,
#5451,#5452,#5453,#5454,#5455,#5456,#5457,#5458,#5459,#5460,#5461,#5462,
#5463,#5464,#5465,#5466,#5467,#5468,#5469,#5470,#5471,#5472,#5473,#5474,
#5475,#5476,#5477,#5478,#5479,#5480,#5481,#5482,#5483,#5484,#5485,#5486,
#5487,#5488,#5489,#5490,#5491,#5492,#5493,#5494,#5495,#5496,#5497,#5498,
#5499,#5500,#5501,#5502,#5503,#5504,#5505,#5506,#5507,#5508,#5509,#5510,
#5511,#5512,#5513,#5514,#5515,#5516,#5517,#5518,#5519,#5520,#5521,#5522,
#5523,#5524,#5525,#5526,#5527,#5528,#5529,#5530,#5531,#5532,#5533,#5534,
#5535,#5536,#5537,#5538,#5539,#5540,#5541,#5542,#5543,#5544,#5545,#5546,
#5547,#5548,#5549,#5550,#5551,#5552,#5553,#5554,#5555,#5556,#5557,#5558,
#5559,#5560,#5561,#5562,#5563,#5564,#5565,#5566,#5567,#5568,#5569,#5570,
#5571,#5572,#5573,#5574,#5575,#5576,#5577,#5578,#5579,#5580,#5581,#5582,
#5583,#5584,#5585,#5586,#5587,#5588,#5589,#5590,#5591,#5592,#5593,#5594,
#5595,#5596,#5597,#5598,#5599,#5600,#5601,#5602,#5603,#5604,#5605,#5606,
#5607,#5608,#5609,#5610,#5611,#5612,#5613,#5614,#5615,#5616,#5617,#5618,
#5619,#5620,#5621,#5622,#5623,#5624,#5625,#5626,#5627,#5628,#5629,#5630,
#5631,#5632,#5633,#5634,#5635,#5636,#5637,#5638,#5639,#5640,#5641,#5642,
#5643,#5644,#5645,#5646,#5647,#5648,#5649,#5650,#5651,#5652,#5653,#5654,
#5655,#5656,#5657,#5658,#5659,#5660,#5661,#5662,#5663,#5664,#5665,#5666,
#5667,#5668,#5669,#5670,#5671,#5672,#5673,#5674,#5675,#5676,#5677,#5678,
#5679,#5680,#5681,#5682,#5683,#5684,#5685,#5686,#5687,#5688,#5689,#5690,
#5691,#5692,#5693,#5694,#5695,#5696,#5697,#5698,#5699,#5700,#5701,#5702,
#5703,#5704,#5705,#5706,#5707,#5708,#5709,#5710,#5711,#5712,#5713,#5714,
#5715,#5716,#5717,#5718,#5719,#5720,#5721,#5722,#5723,#5724,#5725,#5726,
#5727,#5728,#5729,#5730,#5731,#5732,#5733,#5734,#5735,#5736,#5737,#5738,
#5739,#5740,#5741,#5742,#5743,#5744,#5745,#5746,#5747,#5748,#5749,#5750,
#5751,#5752,#5753,#5754,#5755,#5756,#5757,#5758,#5759,#5760,#5761,#5762,
#5763,#5764,#5765,#5766,#5767,#5768,#5769,#5770,#5771,#5772,#5773,#5774,
#5775,#5776,#5777,#5778,#5779,#5780,#5781,#5782,#5783,#5784,#5785,#5786,
#5787,#5788,#5789,#5790,#5791,#5792,#5793,#5794,#5795,#5796,#5797,#5798,
#5799,#5800,#5801,#5802,#5803,#5804,#5805,#5806,#5807,#5808,#5809,#5810,
#5811,#5812,#5813,#5814,#5815,#5816,#5817,#5818,#5819,#5820,#5821,#5822,
#5823,#5824,#5825,#5826,#5827,#5828,#5829,#5830,#5831,#5832,#5833,#5834,
#5835,#5836,#5837,#5838,#5839,#5840,#5841,#5842,#5843,#5844,#5845,#5846,
#5847,#5848,#5849,#5850,#5851,#5852,#5853,#5854,#5855,#5856,#5857,#5858,
#5859,#5860,#5861,#5862,#5863,#5864,#5865,#5866,#5867,#5868,#5869,#5870,
#5871,#5872,#5873,#5874,#5875,#5876,#5877,#5878,#5879,#5880,#5881,#5882,
#5883,#5884,#5885,#5886,#5887,#5888,#5889,#5890,#5891,#5892,#5893,#5894,
#5895,#5896,#5897,#5898,#5899,#5900,#5901,#5902,#5903,#5904,#5905,#5906,
#5907,#5908,#5909,#5910,#5911,#5912,#5913,#5914,#5915,#5916,#5917,#5918,
#5919,#5920,#5921,#5922,#5923,#5924,#5925,#5926,#5927,#5928,#5929,#5930,
#5931,#5932,#5933,#5934,#5935,#5936,#5937,#5938,#5939,#5940,#5941,#5942,
#5943,#5944,#5945,#5946,#5947,#5948,#5949,#5950,#5951,#5952,#5953,#5954,
#5955,#5956,#5957,#5958,#5959,#5960,#5961,#5962,#5963,#5964,#5965,#5966,
#5967,#5968,#5969,#5970,#5971),(#5972,#5973,#5974,#5975,#5976,#5977,#5978,
#5979,#5980,#5981,#5982,#5983,#5984,#5985,#5986,#5987,#5988,#5989,#5990,
#5991,#5992,#5993,#5994,#5995,#5996,#5997,#5998,#5999,#6000,#6001,#6002,
#6003,#6004,#6005,#6006,#6007,#6008,#6009,#6010,#6011,#6012,#6013,#6014,
#6015,#6016,#6017,#6018,#6019,#6020,#6021,#6022,#6023,#6024,#6025,#6026,
#6027,#6028,#6029,#6030,#6031,#6032,#6033,#6034,#6035,#6036,#6037,#6038,
#6039,#6040,#6041,#6042,#6043,#6044,#6045,#6046,#6047,#6048,#6049,#6050,
#6051,#6052,#6053,#6054,#6055,#6056,#6057,#6058,#6059,#6060,#6061,#6062,
#6063,#6064,#6065,#6066,#6067,#6068,#6069,#6070,#6071,#6072,#6073,#6074,
#6075,#6076,#6077,#6078,#6079,#6080,#6081,#6082,#6083,#6084,#6085,#6086,
#6087,#6088,#6089,#6090,#6091,#6092,#6093,#6094,#6095,#6096,#6097,#6098,
#6099,#6100,#6101,#6102,#6103,#6104,#6105,#6106,#6107,#6108,#6109,#6110,
#6111,#6112,#6113,#6114,#6115,#6116,#6117,#6118,#6119,#6120,#6121,#6122,
#6123,#6124,#6125,#6126,#6127,#6128,#6129,#6130,#6131,#6132,#6133,#6134,
#6135,#6136,#6137,#6138,#6139,#6140,#6141,#6142,#6143,#6144,#6145,#6146,
#6147,#6148,#6149,#6150,#6151,#6152,#6153,#6154,#6155,#6156,#6157,#6158,
#6159,#6160,#6161,#6162,#6163,#6164,#6165,#6166,#6167,#6168,#6169,#6170,
#6171,#6172,#6173,#6174,#6175,#6176,#6177,#6178,#6179,#6180,#6181,#6182,
#6183,#6184,#6185,#6186,#6187,#6188,#6189,#6190,#6191,#6192,#6193,#6194,
#6195,#6196,#6197,#6198,#6199,#6200,#6201,#6202,#6203,#6204,#6205,#6206,
#6207,#6208,#6209,#6210,#6211,#6212,#6213,#6214,#6215,#6216,#6217,#6218,
#6219,#6220,#6221,#6222,#6223,#6224,#6225,#6226,#6227,#6228,#6229,#6230,
#6231,#6232,#6233,#6234,#6235,#6236,#6237,#6238,#6239,#6240,#6241,#6242,
#6243,#6244,#6245,#6246,#6247,#6248,#6249,#6250,#6251,#6252,#6253,#6254,
#6255,#6256,#6257,#6258,#6259,#6260,#6261,#6262,#6263,#6264,#6265,#6266,
#6267,#6268,#6269,#6270,#6271,#6272,#6273,#6274,#6275,#6276,#6277,#6278,
#6279,#6280,#6281,#6282,#6283,#6284,#6285,#6286,#6287,#6288,#6289,#6290,
#6291,#6292,#6293,#6294,#6295,#6296,#6297,#6298,#6299,#6300,#6301,#6302,
#6303,#6304,#6305,#6306,#6307,#6308,#6309,#6310,#6311,#6312,#6313,#6314,
#6315,#6316,#6317,#6318,#6319,#6320,#6321,#6322,#6323,#6324,#6325,#6326,
#6327,#6328,#6329,#6330,#6331,#6332,#6333,#6334,#6335,#6336,#6337,#6338,
#6339,#6340,#6341,#6342,#6343,#6344,#6345,#6346,#6347,#6348,#6349,#6350,
#6351,#6352,#6353,#6354,#6355,#6356,#6357,#6358,#6359,#6360,#6361,#6362,
#6363,#6364,#6365,#6366,#6367,#6368,#6369,#6370,#6371,#6372,#6373,#6374,
#6375,#6376,#6377,#6378,#6379,#6380,#6381,#6382,#6383,#6384,#6385,#6386,
#6387,#6388,#6389,#6390,#6391,#6392,#6393,#6394,#6395,#6396,#6397,#6398,
#6399,#6400,#6401,#6402,#6403,#6404,#6405,#6406,#6407,#6408,#6409,#6410,
#6411,#6412,#6413,#6414,#6415,#6416,#6417,#6418,#6419,#6420,#6421,#6422,
#6423,#6424,#6425,#6426,#6427,#6428,#6429,#6430,#6431,#6432,#6433,#6434,
#6435,#6436,#6437,#6438,#6439,#6440,#6441,#6442,#6443,#6444,#6445,#6446,
#6447,#6448,#6449,#6450,#6451,#6452,#6453,#6454,#6455,#6456,#6457,#6458,
#6459,#6460,#6461,#6462,#6463,#6464,#6465,#6466,#6467,#6468,#6469,#6470,
#6471,#6472,#6473,#6474,#6475,#6476,#6477,#6478,#6479,#6480,#6481,#6482,
#6483,#6484,#6485,#6486,#6487,#6488,#6489,#6490,#6491,#6492,#6493,#6494,
#6495,#6496,#6497,#6498,#6499,#6500,#6501,#6502,#6503,#6504,#6505,#6506,
#6507,#6508,#6509,#6510,#6511,#6512,#6513,#6514,#6515,#6516,#6517,#6518,
#6519,#6520,#6521,#6522,#6523,#6524,#6525,#6526,#6527,#6528,#6529,#6530,
#6531,#6532,#6533,#6534,#6535,#6536,#6537,#6538,#6539,#6540,#6541,#6542,
#6543,#6544,#6545,#6546,#6547,#6548,#6549,#6550,#6551,#6552,#6553,#6554,
#6555,#6556,#6557,#6558,#6559,#6560,#6561,#6562,#6563,#6564,#6565,#6566,
#6567,#6568,#6569,#6570,#6571,#6572,#6573,#6574,#6575,#6576,#6577,#6578,
#6579,#6580,#6581,#6582,#6583,#6584,#6585,#6586,#6587,#6588,#6589,#6590,
#6591,#6592,#6593,#6594,#6595,#6596,#6597,#6598,#6599,#6600,#6601,#6602,
#6603,#6604,#6605,#6606,#6607,#6608,#6609,#6610,#6611,#6612,#6613,#6614,
#6615,#6616,#6617,#6618,#6619,#6620,#6621,#6622,#6623,#6624,#6625,#6626,
#6627,#6628,#6629,#6630,#6631,#6632,#6633,#6634,#6635,#6636,#6637,#6638,
#6639,#6640,#6641,#6642,#6643,#6644,#6645,#6646,#6647,#6648,#6649,#6650,
#6651,#6652,#6653,#6654,#6655,#6656,#6657,#6658,#6659,#6660,#6661,#6662,
#6663,#6664,#6665,#6666,#6667,#6668,#6669,#6670,#6671,#6672,#6673,#6674,
#6675,#6676,#6677,#6678,#6679,#6680,#6681,#6682,#6683,#6684,#6685,#6686,
#6687,#6688,#6689,#6690,#6691,#6692,#6693,#6694,#6695,#6696,#6697,#6698,
#6699,#6700,#6701,#6702,#6703,#6704)),.UNSPECIFIED.,.F.,.F.,.F.)
B_SPLINE_SURFACE_WITH_KNOTS((2,2),(3,2,2,2,2,2,2,2,2,2,2,2,2,2,2,2,2,2,
2,2,2,2,2,2,2,2,2,2,2,2,2,2,2,2,2,2,2,2,2,2,2,2,2,2,2,2,2,2,2,2,2,2,2,2,
2,2,2,2,2,2,2,2,2,2,2,2,2,2,2,2,2,2,2,2,2,2,2,2,2,2,2,2,2,2,2,2,2,2,2,2,
2,2,2,2,2,2,2,2,2,2,2,2,2,2,2,2,2,2,2,2,2,2,2,2,2,2,2,2,2,2,2,2,2,2,2,2,
2,2,2,2,2,2,2,2,2,2,2,2,2,2,2,2,2,2,2,2,2,2,2,2,2,2,2,2,2,2,2,2,2,2,2,2,
2,2,2,2,2,2,2,2,2,2,2,2,2,2,2,2,2,2,2,2,2,2,2,2,2,2,2,2,2,2,2,2,2,2,2,2,
2,2,2,2,2,2,2,2,2,2,2,2,2,2,2,2,2,2,2,2,2,2,2,2,2,2,2,2,2,2,2,2,2,2,2,2,
2,2,2,2,2,2,2,2,2,2,2,2,2,2,2,2,2,2,2,2,2,2,2,2,2,2,2,2,2,2,2,2,2,2,2,2,
2,2,2,2,2,2,2,2,2,2,2,2,2,2,2,2,2,2,2,2,2,2,2,2,2,2,2,2,2,2,2,2,2,2,2,2,
2,2,2,2,2,2,2,2,2,2,2,2,2,2,2,2,2,2,2,2,2,2,2,2,2,2,2,2,2,2,2,2,2,2,2,2,
2,2,2,2,2,2,2,2,2,2,2,2,2,2,2,2,2,2,2,2,2,2,2,2,3),(-1.17053119937904E-5,
1.),(0.,0.00273224043715847,0.00546448087431694,0.00819672131147541,0.0109289617486339,
0.0136612021857923,0.0163934426229508,0.0191256830601093,0.0218579234972678,
0.0245901639344262,0.0273224043715847,0.0300546448087432,0.0327868852459016,
0.0355191256830601,0.0382513661202186,0.040983606557377,0.0437158469945355,
0.046448087431694,0.0491803278688525,0.0519125683060109,0.0546448087431694,
0.0573770491803279,0.0601092896174863,0.0628415300546448,0.0655737704918033,
0.0683060109289618,0.0710382513661202,0.0737704918032787,0.0765027322404372,
0.0792349726775956,0.0819672131147541,0.0846994535519126,0.087431693989071,
0.0901639344262295,0.092896174863388,0.0956284153005464,0.0983606557377049,
0.101092896174863,0.103825136612022,0.10655737704918,0.109289617486339,
0.112021857923497,0.114754098360656,0.117486338797814,0.120218579234973,
0.122950819672131,0.12568306010929,0.128415300546448,0.131147540983607,
0.133879781420765,0.136612021857924,0.139344262295082,0.14207650273224,
0.144808743169399,0.147540983606557,0.150273224043716,0.153005464480874,
0.155737704918033,0.158469945355191,0.16120218579235,0.163934426229508,
0.166666666666667,0.169398907103825,0.172131147540984,0.174863387978142,
0.177595628415301,0.180327868852459,0.183060109289617,0.185792349726776,
0.188524590163934,0.191256830601093,0.193989071038251,0.19672131147541,
0.199453551912568,0.202185792349727,0.204918032786885,0.207650273224044,
0.210382513661202,0.213114754098361,0.215846994535519,0.218579234972678,
0.221311475409836,0.224043715846995,0.226775956284153,0.229508196721311,
0.23224043715847,0.234972677595628,0.237704918032787,0.240437158469945,
0.243169398907104,0.245901639344262,0.248633879781421,0.251366120218579,
0.254098360655738,0.256830601092896,0.259562841530055,0.262295081967213,
0.265027322404372,0.26775956284153,0.270491803278689,0.273224043715847,
0.275956284153005,0.278688524590164,0.281420765027322,0.284153005464481,
0.286885245901639,0.289617486338798,0.292349726775956,0.295081967213115,
0.297814207650273,0.300546448087432,0.30327868852459,0.306010928961749,
0.308743169398907,0.311475409836066,0.314207650273224,0.316939890710383,
0.319672131147541,0.322404371584699,0.325136612021858,0.327868852459016,
0.330601092896175,0.333333333333333,0.336065573770492,0.33879781420765,
0.341530054644809,0.344262295081967,0.346994535519126,0.349726775956284,
0.352459016393443,0.355191256830601,0.35792349726776,0.360655737704918,
0.363387978142077,0.366120218579235,0.368852459016393,0.371584699453552,
0.37431693989071,0.377049180327869,0.379781420765027,0.382513661202186,
0.385245901639344,0.387978142076503,0.390710382513661,0.39344262295082,
0.396174863387978,0.398907103825137,0.401639344262295,0.404371584699454,
0.407103825136612,0.409836065573771,0.412568306010929,0.415300546448087,
0.418032786885246,0.420765027322404,0.423497267759563,0.426229508196721,
0.42896174863388,0.431693989071038,0.434426229508197,0.437158469945355,
0.439890710382514,0.442622950819672,0.445355191256831,0.448087431693989,
0.450819672131148,0.453551912568306,0.456284153005464,0.459016393442623,
0.461748633879781,0.46448087431694,0.467213114754098,0.469945355191257,
0.472677595628415,0.475409836065574,0.478142076502732,0.480874316939891,
0.483606557377049,0.486338797814208,0.489071038251366,0.491803278688525,
0.494535519125683,0.497267759562842,0.5,0.502732240437158,0.505464480874317,
0.508196721311475,0.510928961748634,0.513661202185792,0.516393442622951,
0.519125683060109,0.521857923497268,0.524590163934426,0.527322404371585,
0.530054644808743,0.532786885245902,0.53551912568306,0.538251366120219,
0.540983606557377,0.543715846994536,0.546448087431694,0.549180327868853,
0.551912568306011,0.554644808743169,0.557377049180328,0.560109289617486,
0.562841530054645,0.565573770491803,0.568306010928962,0.57103825136612,
0.573770491803279,0.576502732240437,0.579234972677596,0.581967213114754,
0.584699453551913,0.587431693989071,0.590163934426229,0.592896174863388,
0.595628415300546,0.598360655737705,0.601092896174863,0.603825136612022,
0.60655737704918,0.609289617486339,0.612021857923497,0.614754098360656,
0.617486338797814,0.620218579234973,0.622950819672131,0.62568306010929,
0.628415300546448,0.631147540983607,0.633879781420765,0.636612021857924,
0.639344262295082,0.64207650273224,0.644808743169399,0.647540983606557,
0.650273224043716,0.653005464480874,0.655737704918033,0.658469945355191,
0.66120218579235,0.663934426229508,0.666666666666667,0.669398907103825,
0.672131147540984,0.674863387978142,0.677595628415301,0.680327868852459,
0.683060109289617,0.685792349726776,0.688524590163934,0.691256830601093,
0.693989071038251,0.69672131147541,0.699453551912568,0.702185792349727,
0.704918032786885,0.707650273224044,0.710382513661202,0.713114754098361,
0.715846994535519,0.718579234972678,0.721311475409836,0.724043715846995,
0.726775956284153,0.729508196721312,0.73224043715847,0.734972677595628,
0.737704918032787,0.740437158469945,0.743169398907104,0.745901639344262,
0.748633879781421,0.751366120218579,0.754098360655738,0.756830601092896,
0.759562841530055,0.762295081967213,0.765027322404372,0.76775956284153,
0.770491803278688,0.773224043715847,0.775956284153005,0.778688524590164,
0.781420765027322,0.784153005464481,0.786885245901639,0.789617486338798,
0.792349726775956,0.795081967213115,0.797814207650273,0.800546448087432,
0.80327868852459,0.806010928961749,0.808743169398907,0.811475409836066,
0.814207650273224,0.816939890710383,0.819672131147541,0.822404371584699,
0.825136612021858,0.827868852459016,0.830601092896175,0.833333333333333,
0.836065573770492,0.83879781420765,0.841530054644809,0.844262295081967,
0.846994535519126,0.849726775956284,0.852459016393443,0.855191256830601,
0.85792349726776,0.860655737704918,0.863387978142076,0.866120218579235,
0.868852459016393,0.871584699453552,0.87431693989071,0.877049180327869,
0.879781420765027,0.882513661202186,0.885245901639344,0.887978142076503,
0.890710382513661,0.89344262295082,0.896174863387978,0.898907103825137,
0.901639344262295,0.904371584699454,0.907103825136612,0.909836065573771,
0.912568306010929,0.915300546448087,0.918032786885246,0.920765027322404,
0.923497267759563,0.926229508196721,0.92896174863388,0.931693989071038,
0.934426229508197,0.937158469945355,0.939890710382514,0.942622950819672,
0.945355191256831,0.948087431693989,0.950819672131147,0.953551912568306,
0.956284153005464,0.959016393442623,0.961748633879781,0.96448087431694,
0.967213114754098,0.969945355191257,0.972677595628415,0.975409836065574,
0.978142076502732,0.980874316939891,0.983606557377049,0.986338797814208,
0.989071038251366,0.991803278688525,0.994535519125683,0.997267759562842,
1.),.UNSPECIFIED.)
GEOMETRIC_REPRESENTATION_ITEM()
RATIONAL_B_SPLINE_SURFACE(((1.,0.866025403784439,1.,0.866025403784439,1.,
0.866025403784439,1.,0.866025403784439,1.,0.866025403784439,1.,0.866025403784439,
1.,0.866025403784439,1.,0.866025403784439,1.,0.866025403784439,1.,0.866025403784439,
1.,0.866025403784439,1.,0.866025403784439,1.,0.866025403784439,1.,0.866025403784439,
1.,0.866025403784439,1.,0.866025403784439,1.,0.866025403784439,1.,0.866025403784439,
1.,0.866025403784439,1.,0.866025403784439,1.,0.866025403784439,1.,0.866025403784439,
1.,0.866025403784439,1.,0.866025403784439,1.,0.866025403784439,1.,0.866025403784439,
1.,0.866025403784439,1.,0.866025403784439,1.,0.866025403784439,1.,0.866025403784439,
1.,0.866025403784439,1.,0.866025403784439,1.,0.866025403784439,1.,0.866025403784439,
1.,0.866025403784439,1.,0.866025403784439,1.,0.866025403784439,1.,0.866025403784439,
1.,0.866025403784439,1.,0.866025403784439,1.,0.866025403784439,1.,0.866025403784439,
1.,0.866025403784439,1.,0.866025403784439,1.,0.866025403784439,1.,0.866025403784439,
1.,0.866025403784439,1.,0.866025403784439,1.,0.866025403784439,1.,0.866025403784439,
1.,0.866025403784439,1.,0.866025403784439,1.,0.866025403784439,1.,0.866025403784439,
1.,0.866025403784439,1.,0.866025403784439,1.,0.866025403784439,1.,0.866025403784439,
1.,0.866025403784439,1.,0.866025403784439,1.,0.866025403784439,1.,0.866025403784439,
1.,0.866025403784439,1.,0.866025403784439,1.,0.866025403784439,1.,0.866025403784439,
1.,0.866025403784439,1.,0.866025403784439,1.,0.866025403784439,1.,0.866025403784439,
1.,0.866025403784439,1.,0.866025403784439,1.,0.866025403784439,1.,0.866025403784439,
1.,0.866025403784439,1.,0.866025403784439,1.,0.866025403784439,1.,0.866025403784439,
1.,0.866025403784439,1.,0.866025403784439,1.,0.866025403784439,1.,0.866025403784439,
1.,0.866025403784439,1.,0.866025403784439,1.,0.866025403784439,1.,0.866025403784439,
1.,0.866025403784439,1.,0.866025403784439,1.,0.866025403784439,1.,0.866025403784439,
1.,0.866025403784439,1.,0.866025403784439,1.,0.866025403784439,1.,0.866025403784439,
1.,0.866025403784439,1.,0.866025403784439,1.,0.866025403784439,1.,0.866025403784439,
1.,0.866025403784439,1.,0.866025403784439,1.,0.866025403784439,1.,0.866025403784439,
1.,0.866025403784439,1.,0.866025403784439,1.,0.866025403784439,1.,0.866025403784439,
1.,0.866025403784439,1.,0.866025403784439,1.,0.866025403784439,1.,0.866025403784439,
1.,0.866025403784439,1.,0.866025403784439,1.,0.866025403784439,1.,0.866025403784439,
1.,0.866025403784439,1.,0.866025403784439,1.,0.866025403784439,1.,0.866025403784439,
1.,0.866025403784439,1.,0.866025403784439,1.,0.866025403784439,1.,0.866025403784439,
1.,0.866025403784439,1.,0.866025403784439,1.,0.866025403784439,1.,0.866025403784439,
1.,0.866025403784439,1.,0.866025403784439,1.,0.866025403784439,1.,0.866025403784439,
1.,0.866025403784439,1.,0.866025403784439,1.,0.866025403784439,1.,0.866025403784439,
1.,0.866025403784439,1.,0.866025403784439,1.,0.866025403784439,1.,0.866025403784439,
1.,0.866025403784439,1.,0.866025403784439,1.,0.866025403784439,1.,0.866025403784439,
1.,0.866025403784439,1.,0.866025403784439,1.,0.866025403784439,1.,0.866025403784439,
1.,0.866025403784439,1.,0.866025403784439,1.,0.866025403784439,1.,0.866025403784439,
1.,0.866025403784439,1.,0.866025403784439,1.,0.866025403784439,1.,0.866025403784439,
1.,0.866025403784439,1.,0.866025403784439,1.,0.866025403784439,1.,0.866025403784439,
1.,0.866025403784439,1.,0.866025403784439,1.,0.866025403784439,1.,0.866025403784439,
1.,0.866025403784439,1.,0.866025403784439,1.,0.866025403784439,1.,0.866025403784439,
1.,0.866025403784439,1.,0.866025403784439,1.,0.866025403784439,1.,0.866025403784439,
1.,0.866025403784439,1.,0.866025403784439,1.,0.866025403784439,1.,0.866025403784439,
1.,0.866025403784439,1.,0.866025403784439,1.,0.866025403784439,1.,0.866025403784439,
1.,0.866025403784439,1.,0.866025403784439,1.,0.866025403784439,1.,0.866025403784439,
1.,0.866025403784439,1.,0.866025403784439,1.,0.866025403784439,1.,0.866025403784439,
1.,0.866025403784439,1.,0.866025403784439,1.,0.866025403784439,1.,0.866025403784439,
1.,0.866025403784439,1.,0.866025403784439,1.,0.866025403784439,1.,0.866025403784439,
1.,0.866025403784439,1.,0.866025403784439,1.,0.866025403784439,1.,0.866025403784439,
1.,0.866025403784439,1.,0.866025403784439,1.,0.866025403784439,1.,0.866025403784439,
1.,0.866025403784439,1.,0.866025403784439,1.,0.866025403784439,1.,0.866025403784439,
1.,0.866025403784439,1.,0.866025403784439,1.,0.866025403784439,1.,0.866025403784439,
1.,0.866025403784439,1.,0.866025403784439,1.,0.866025403784439,1.,0.866025403784439,
1.,0.866025403784439,1.,0.866025403784439,1.,0.866025403784439,1.,0.866025403784439,
1.,0.866025403784439,1.,0.866025403784439,1.,0.866025403784439,1.,0.866025403784439,
1.,0.866025403784439,1.,0.866025403784439,1.,0.866025403784439,1.,0.866025403784439,
1.,0.866025403784439,1.,0.866025403784439,1.,0.866025403784439,1.,0.866025403784439,
1.,0.866025403784439,1.,0.866025403784439,1.,0.866025403784439,1.,0.866025403784439,
1.,0.866025403784439,1.,0.866025403784439,1.,0.866025403784439,1.,0.866025403784439,
1.,0.866025403784439,1.,0.866025403784439,1.,0.866025403784439,1.,0.866025403784439,
1.,0.866025403784439,1.,0.866025403784439,1.,0.866025403784439,1.,0.866025403784439,
1.,0.866025403784439,1.,0.866025403784439,1.,0.866025403784439,1.,0.866025403784439,
1.,0.866025403784439,1.,0.866025403784439,1.,0.866025403784439,1.,0.866025403784439,
1.,0.866025403784439,1.,0.866025403784439,1.,0.866025403784439,1.,0.866025403784439,
1.,0.866025403784439,1.,0.866025403784439,1.,0.866025403784439,1.,0.866025403784439,
1.,0.866025403784439,1.,0.866025403784439,1.,0.866025403784439,1.,0.866025403784439,
1.,0.866025403784439,1.,0.866025403784439,1.,0.866025403784439,1.,0.866025403784439,
1.,0.866025403784439,1.,0.866025403784439,1.,0.866025403784439,1.,0.866025403784439,
1.,0.866025403784439,1.,0.866025403784439,1.,0.866025403784439,1.,0.866025403784439,
1.,0.866025403784439,1.,0.866025403784439,1.,0.866025403784439,1.,0.866025403784439,
1.,0.866025403784439,1.,0.866025403784439,1.,0.866025403784439,1.,0.866025403784439,
1.,0.866025403784439,1.,0.866025403784439,1.,0.866025403784439,1.,0.866025403784439,
1.,0.866025403784439,1.,0.866025403784439,1.,0.866025403784439,1.,0.866025403784439,
1.,0.866025403784439,1.,0.866025403784439,1.,0.866025403784439,1.,0.866025403784439,
1.,0.866025403784439,1.,0.866025403784439,1.,0.866025403784439,1.,0.866025403784439,
1.,0.866025403784439,1.,0.866025403784439,1.,0.866025403784439,1.,0.866025403784439,
1.,0.866025403784439,1.,0.866025403784439,1.,0.866025403784439,1.,0.866025403784439,
1.,0.866025403784439,1.,0.866025403784439,1.,0.866025403784439,1.,0.866025403784439,
1.,0.866025403784439,1.,0.866025403784439,1.,0.866025403784439,1.,0.866025403784439,
1.,0.866025403784439,1.,0.866025403784439,1.,0.866025403784439,1.,0.866025403784439,
1.,0.866025403784439,1.,0.866025403784439,1.,0.866025403784439,1.,0.866025403784439,
1.,0.866025403784439,1.,0.866025403784439,1.,0.866025403784439,1.,0.866025403784439,
1.,0.866025403784439,1.,0.866025403784439,1.,0.866025403784439,1.,0.866025403784439,
1.,0.866025403784439,1.,0.866025403784439,1.,0.866025403784439,1.,0.866025403784439,
1.,0.866025403784439,1.,0.866025403784439,1.,0.866025403784439,1.,0.866025403784439,
1.,0.866025403784439,1.,0.866025403784439,1.,0.866025403784439,1.,0.866025403784439,
1.,0.866025403784439,1.,0.866025403784439,1.,0.866025403784439,1.,0.866025403784439,
1.,0.866025403784439,1.,0.866025403784439,1.,0.866025403784439,1.,0.866025403784439,
1.,0.866025403784439,1.,0.866025403784439,1.,0.866025403784439,1.,0.866025403784439,
1.,0.866025403784439,1.,0.866025403784439,1.,0.866025403784439,1.,0.866025403784439,
1.,0.866025403784439,1.,0.866025403784439,1.,0.866025403784439,1.,0.866025403784439,
1.),(1.,0.866025403784439,1.,0.866025403784439,1.,0.866025403784439,1.,
0.866025403784439,1.,0.866025403784439,1.,0.866025403784439,1.,0.866025403784439,
1.,0.866025403784439,1.,0.866025403784439,1.,0.866025403784439,1.,0.866025403784439,
1.,0.866025403784439,1.,0.866025403784439,1.,0.866025403784439,1.,0.866025403784439,
1.,0.866025403784439,1.,0.866025403784439,1.,0.866025403784439,1.,0.866025403784439,
1.,0.866025403784439,1.,0.866025403784439,1.,0.866025403784439,1.,0.866025403784439,
1.,0.866025403784439,1.,0.866025403784439,1.,0.866025403784439,1.,0.866025403784439,
1.,0.866025403784439,1.,0.866025403784439,1.,0.866025403784439,1.,0.866025403784439,
1.,0.866025403784439,1.,0.866025403784439,1.,0.866025403784439,1.,0.866025403784439,
1.,0.866025403784439,1.,0.866025403784439,1.,0.866025403784439,1.,0.866025403784439,
1.,0.866025403784439,1.,0.866025403784439,1.,0.866025403784439,1.,0.866025403784439,
1.,0.866025403784439,1.,0.866025403784439,1.,0.866025403784439,1.,0.866025403784439,
1.,0.866025403784439,1.,0.866025403784439,1.,0.866025403784439,1.,0.866025403784439,
1.,0.866025403784439,1.,0.866025403784439,1.,0.866025403784439,1.,0.866025403784439,
1.,0.866025403784439,1.,0.866025403784439,1.,0.866025403784439,1.,0.866025403784439,
1.,0.866025403784439,1.,0.866025403784439,1.,0.866025403784439,1.,0.866025403784439,
1.,0.866025403784439,1.,0.866025403784439,1.,0.866025403784439,1.,0.866025403784439,
1.,0.866025403784439,1.,0.866025403784439,1.,0.866025403784439,1.,0.866025403784439,
1.,0.866025403784439,1.,0.866025403784439,1.,0.866025403784439,1.,0.866025403784439,
1.,0.866025403784439,1.,0.866025403784439,1.,0.866025403784439,1.,0.866025403784439,
1.,0.866025403784439,1.,0.866025403784439,1.,0.866025403784439,1.,0.866025403784439,
1.,0.866025403784439,1.,0.866025403784439,1.,0.866025403784439,1.,0.866025403784439,
1.,0.866025403784439,1.,0.866025403784439,1.,0.866025403784439,1.,0.866025403784439,
1.,0.866025403784439,1.,0.866025403784439,1.,0.866025403784439,1.,0.866025403784439,
1.,0.866025403784439,1.,0.866025403784439,1.,0.866025403784439,1.,0.866025403784439,
1.,0.866025403784439,1.,0.866025403784439,1.,0.866025403784439,1.,0.866025403784439,
1.,0.866025403784439,1.,0.866025403784439,1.,0.866025403784439,1.,0.866025403784439,
1.,0.866025403784439,1.,0.866025403784439,1.,0.866025403784439,1.,0.866025403784439,
1.,0.866025403784439,1.,0.866025403784439,1.,0.866025403784439,1.,0.866025403784439,
1.,0.866025403784439,1.,0.866025403784439,1.,0.866025403784439,1.,0.866025403784439,
1.,0.866025403784439,1.,0.866025403784439,1.,0.866025403784439,1.,0.866025403784439,
1.,0.866025403784439,1.,0.866025403784439,1.,0.866025403784439,1.,0.866025403784439,
1.,0.866025403784439,1.,0.866025403784439,1.,0.866025403784439,1.,0.866025403784439,
1.,0.866025403784439,1.,0.866025403784439,1.,0.866025403784439,1.,0.866025403784439,
1.,0.866025403784439,1.,0.866025403784439,1.,0.866025403784439,1.,0.866025403784439,
1.,0.866025403784439,1.,0.866025403784439,1.,0.866025403784439,1.,0.866025403784439,
1.,0.866025403784439,1.,0.866025403784439,1.,0.866025403784439,1.,0.866025403784439,
1.,0.866025403784439,1.,0.866025403784439,1.,0.866025403784439,1.,0.866025403784439,
1.,0.866025403784439,1.,0.866025403784439,1.,0.866025403784439,1.,0.866025403784439,
1.,0.866025403784439,1.,0.866025403784439,1.,0.866025403784439,1.,0.866025403784439,
1.,0.866025403784439,1.,0.866025403784439,1.,0.866025403784439,1.,0.866025403784439,
1.,0.866025403784439,1.,0.866025403784439,1.,0.866025403784439,1.,0.866025403784439,
1.,0.866025403784439,1.,0.866025403784439,1.,0.866025403784439,1.,0.866025403784439,
1.,0.866025403784439,1.,0.866025403784439,1.,0.866025403784439,1.,0.866025403784439,
1.,0.866025403784439,1.,0.866025403784439,1.,0.866025403784439,1.,0.866025403784439,
1.,0.866025403784439,1.,0.866025403784439,1.,0.866025403784439,1.,0.866025403784439,
1.,0.866025403784439,1.,0.866025403784439,1.,0.866025403784439,1.,0.866025403784439,
1.,0.866025403784439,1.,0.866025403784439,1.,0.866025403784439,1.,0.866025403784439,
1.,0.866025403784439,1.,0.866025403784439,1.,0.866025403784439,1.,0.866025403784439,
1.,0.866025403784439,1.,0.866025403784439,1.,0.866025403784439,1.,0.866025403784439,
1.,0.866025403784439,1.,0.866025403784439,1.,0.866025403784439,1.,0.866025403784439,
1.,0.866025403784439,1.,0.866025403784439,1.,0.866025403784439,1.,0.866025403784439,
1.,0.866025403784439,1.,0.866025403784439,1.,0.866025403784439,1.,0.866025403784439,
1.,0.866025403784439,1.,0.866025403784439,1.,0.866025403784439,1.,0.866025403784439,
1.,0.866025403784439,1.,0.866025403784439,1.,0.866025403784439,1.,0.866025403784439,
1.,0.866025403784439,1.,0.866025403784439,1.,0.866025403784439,1.,0.866025403784439,
1.,0.866025403784439,1.,0.866025403784439,1.,0.866025403784439,1.,0.866025403784439,
1.,0.866025403784439,1.,0.866025403784439,1.,0.866025403784439,1.,0.866025403784439,
1.,0.866025403784439,1.,0.866025403784439,1.,0.866025403784439,1.,0.866025403784439,
1.,0.866025403784439,1.,0.866025403784439,1.,0.866025403784439,1.,0.866025403784439,
1.,0.866025403784439,1.,0.866025403784439,1.,0.866025403784439,1.,0.866025403784439,
1.,0.866025403784439,1.,0.866025403784439,1.,0.866025403784439,1.,0.866025403784439,
1.,0.866025403784439,1.,0.866025403784439,1.,0.866025403784439,1.,0.866025403784439,
1.,0.866025403784439,1.,0.866025403784439,1.,0.866025403784439,1.,0.866025403784439,
1.,0.866025403784439,1.,0.866025403784439,1.,0.866025403784439,1.,0.866025403784439,
1.,0.866025403784439,1.,0.866025403784439,1.,0.866025403784439,1.,0.866025403784439,
1.,0.866025403784439,1.,0.866025403784439,1.,0.866025403784439,1.,0.866025403784439,
1.,0.866025403784439,1.,0.866025403784439,1.,0.866025403784439,1.,0.866025403784439,
1.,0.866025403784439,1.,0.866025403784439,1.,0.866025403784439,1.,0.866025403784439,
1.,0.866025403784439,1.,0.866025403784439,1.,0.866025403784439,1.,0.866025403784439,
1.,0.866025403784439,1.,0.866025403784439,1.,0.866025403784439,1.,0.866025403784439,
1.,0.866025403784439,1.,0.866025403784439,1.,0.866025403784439,1.,0.866025403784439,
1.,0.866025403784439,1.,0.866025403784439,1.,0.866025403784439,1.,0.866025403784439,
1.,0.866025403784439,1.,0.866025403784439,1.,0.866025403784439,1.,0.866025403784439,
1.,0.866025403784439,1.,0.866025403784439,1.,0.866025403784439,1.,0.866025403784439,
1.,0.866025403784439,1.,0.866025403784439,1.,0.866025403784439,1.,0.866025403784439,
1.,0.866025403784439,1.,0.866025403784439,1.,0.866025403784439,1.,0.866025403784439,
1.,0.866025403784439,1.,0.866025403784439,1.,0.866025403784439,1.,0.866025403784439,
1.,0.866025403784439,1.,0.866025403784439,1.,0.866025403784439,1.,0.866025403784439,
1.,0.866025403784439,1.,0.866025403784439,1.,0.866025403784439,1.,0.866025403784439,
1.,0.866025403784439,1.,0.866025403784439,1.,0.866025403784439,1.,0.866025403784439,
1.,0.866025403784439,1.,0.866025403784439,1.,0.866025403784439,1.,0.866025403784439,
1.,0.866025403784439,1.,0.866025403784439,1.,0.866025403784439,1.,0.866025403784439,
1.,0.866025403784439,1.,0.866025403784439,1.,0.866025403784439,1.,0.866025403784439,
1.,0.866025403784439,1.,0.866025403784439,1.,0.866025403784439,1.,0.866025403784439,
1.,0.866025403784439,1.,0.866025403784439,1.,0.866025403784439,1.,0.866025403784439,
1.,0.866025403784439,1.,0.866025403784439,1.,0.866025403784439,1.,0.866025403784439,
1.,0.866025403784439,1.,0.866025403784439,1.,0.866025403784439,1.,0.866025403784439,
1.,0.866025403784439,1.,0.866025403784439,1.,0.866025403784439,1.,0.866025403784439,
1.,0.866025403784439,1.,0.866025403784439,1.,0.866025403784439,1.,0.866025403784439,
1.,0.866025403784439,1.,0.866025403784439,1.,0.866025403784439,1.,0.866025403784439,
1.,0.866025403784439,1.,0.866025403784439,1.,0.866025403784439,1.)))
REPRESENTATION_ITEM('')
SURFACE()
);
#51=(
BOUNDED_SURFACE()
B_SPLINE_SURFACE(1,2,((#6764,#6765,#6766,#6767,#6768,#6769,#6770,#6771,
#6772,#6773,#6774,#6775,#6776,#6777,#6778,#6779,#6780,#6781,#6782,#6783,
#6784,#6785,#6786,#6787,#6788,#6789,#6790,#6791,#6792,#6793,#6794,#6795,
#6796,#6797,#6798,#6799,#6800,#6801,#6802,#6803,#6804,#6805,#6806,#6807,
#6808,#6809,#6810,#6811,#6812,#6813,#6814,#6815,#6816,#6817,#6818,#6819,
#6820,#6821,#6822,#6823,#6824,#6825,#6826,#6827,#6828,#6829,#6830,#6831,
#6832,#6833,#6834,#6835,#6836,#6837,#6838,#6839,#6840,#6841,#6842,#6843,
#6844,#6845,#6846,#6847,#6848,#6849,#6850,#6851,#6852,#6853,#6854,#6855,
#6856,#6857,#6858,#6859,#6860,#6861,#6862,#6863,#6864,#6865,#6866,#6867,
#6868,#6869,#6870,#6871,#6872,#6873,#6874,#6875,#6876,#6877,#6878,#6879,
#6880,#6881,#6882,#6883,#6884,#6885,#6886,#6887,#6888,#6889,#6890,#6891,
#6892,#6893,#6894,#6895,#6896,#6897,#6898,#6899,#6900,#6901,#6902,#6903,
#6904,#6905,#6906,#6907,#6908,#6909,#6910,#6911,#6912,#6913,#6914,#6915,
#6916,#6917,#6918,#6919,#6920,#6921,#6922,#6923,#6924,#6925,#6926,#6927,
#6928,#6929,#6930,#6931,#6932,#6933,#6934,#6935,#6936,#6937,#6938,#6939,
#6940,#6941,#6942,#6943,#6944,#6945,#6946,#6947,#6948,#6949,#6950,#6951,
#6952,#6953,#6954,#6955,#6956,#6957,#6958,#6959,#6960,#6961,#6962,#6963,
#6964,#6965,#6966,#6967,#6968,#6969,#6970,#6971,#6972,#6973,#6974,#6975,
#6976,#6977,#6978,#6979,#6980,#6981,#6982,#6983,#6984,#6985,#6986,#6987,
#6988,#6989,#6990,#6991,#6992,#6993,#6994,#6995,#6996,#6997,#6998,#6999,
#7000,#7001,#7002,#7003,#7004,#7005,#7006,#7007,#7008,#7009,#7010,#7011,
#7012,#7013,#7014,#7015,#7016,#7017,#7018,#7019,#7020,#7021,#7022,#7023,
#7024,#7025,#7026,#7027,#7028,#7029,#7030,#7031,#7032,#7033,#7034,#7035,
#7036,#7037,#7038,#7039,#7040,#7041,#7042,#7043,#7044,#7045,#7046,#7047,
#7048,#7049,#7050,#7051,#7052,#7053,#7054,#7055,#7056,#7057,#7058,#7059,
#7060,#7061,#7062,#7063,#7064,#7065,#7066,#7067,#7068,#7069,#7070,#7071,
#7072,#7073,#7074,#7075,#7076,#7077,#7078,#7079,#7080,#7081,#7082,#7083,
#7084,#7085,#7086,#7087,#7088,#7089,#7090,#7091,#7092,#7093,#7094,#7095,
#7096,#7097,#7098,#7099,#7100,#7101,#7102,#7103,#7104,#7105,#7106,#7107,
#7108,#7109,#7110,#7111,#7112,#7113,#7114,#7115,#7116,#7117,#7118,#7119,
#7120,#7121,#7122,#7123,#7124,#7125,#7126,#7127,#7128,#7129,#7130,#7131,
#7132,#7133,#7134,#7135,#7136,#7137,#7138,#7139,#7140,#7141,#7142,#7143,
#7144,#7145,#7146,#7147,#7148,#7149,#7150,#7151,#7152,#7153,#7154,#7155,
#7156,#7157,#7158,#7159,#7160,#7161,#7162,#7163,#7164,#7165,#7166,#7167,
#7168,#7169,#7170,#7171,#7172,#7173,#7174,#7175,#7176,#7177,#7178,#7179,
#7180,#7181,#7182,#7183,#7184,#7185,#7186,#7187,#7188,#7189,#7190,#7191,
#7192,#7193,#7194,#7195,#7196,#7197,#7198,#7199,#7200,#7201,#7202,#7203,
#7204,#7205,#7206,#7207,#7208,#7209,#7210,#7211,#7212,#7213,#7214,#7215,
#7216,#7217,#7218,#7219,#7220,#7221,#7222,#7223,#7224,#7225,#7226,#7227,
#7228,#7229,#7230,#7231,#7232,#7233,#7234,#7235,#7236,#7237,#7238,#7239,
#7240,#7241,#7242,#7243,#7244,#7245,#7246,#7247,#7248,#7249,#7250,#7251,
#7252,#7253,#7254,#7255,#7256,#7257,#7258,#7259,#7260,#7261,#7262,#7263,
#7264,#7265,#7266,#7267,#7268,#7269,#7270,#7271,#7272,#7273,#7274,#7275,
#7276,#7277,#7278,#7279,#7280,#7281,#7282,#7283,#7284,#7285,#7286,#7287,
#7288,#7289,#7290,#7291,#7292,#7293,#7294,#7295,#7296,#7297,#7298,#7299,
#7300,#7301,#7302,#7303,#7304,#7305,#7306,#7307,#7308,#7309,#7310,#7311,
#7312,#7313,#7314,#7315,#7316,#7317,#7318,#7319,#7320,#7321,#7322,#7323,
#7324,#7325,#7326,#7327,#7328,#7329,#7330,#7331,#7332,#7333,#7334,#7335,
#7336,#7337,#7338,#7339,#7340,#7341,#7342,#7343,#7344,#7345,#7346,#7347,
#7348,#7349,#7350,#7351,#7352,#7353,#7354,#7355,#7356,#7357,#7358,#7359,
#7360,#7361,#7362,#7363,#7364,#7365,#7366,#7367,#7368,#7369,#7370,#7371,
#7372,#7373,#7374,#7375,#7376,#7377,#7378,#7379,#7380,#7381,#7382,#7383,
#7384,#7385,#7386,#7387,#7388,#7389,#7390,#7391,#7392,#7393,#7394,#7395,
#7396,#7397,#7398,#7399,#7400,#7401,#7402,#7403,#7404,#7405,#7406,#7407,
#7408,#7409,#7410,#7411,#7412,#7413,#7414,#7415,#7416,#7417,#7418,#7419,
#7420,#7421,#7422,#7423,#7424,#7425,#7426,#7427,#7428,#7429,#7430,#7431,
#7432,#7433,#7434,#7435,#7436,#7437,#7438,#7439,#7440,#7441,#7442,#7443,
#7444,#7445,#7446,#7447,#7448,#7449,#7450,#7451,#7452,#7453,#7454,#7455,
#7456,#7457,#7458,#7459,#7460,#7461,#7462,#7463,#7464,#7465,#7466,#7467,
#7468,#7469,#7470,#7471,#7472,#7473,#7474,#7475,#7476,#7477,#7478,#7479,
#7480,#7481,#7482,#7483,#7484,#7485,#7486,#7487,#7488,#7489,#7490,#7491,
#7492,#7493,#7494,#7495,#7496),(#7497,#7498,#7499,#7500,#7501,#7502,#7503,
#7504,#7505,#7506,#7507,#7508,#7509,#7510,#7511,#7512,#7513,#7514,#7515,
#7516,#7517,#7518,#7519,#7520,#7521,#7522,#7523,#7524,#7525,#7526,#7527,
#7528,#7529,#7530,#7531,#7532,#7533,#7534,#7535,#7536,#7537,#7538,#7539,
#7540,#7541,#7542,#7543,#7544,#7545,#7546,#7547,#7548,#7549,#7550,#7551,
#7552,#7553,#7554,#7555,#7556,#7557,#7558,#7559,#7560,#7561,#7562,#7563,
#7564,#7565,#7566,#7567,#7568,#7569,#7570,#7571,#7572,#7573,#7574,#7575,
#7576,#7577,#7578,#7579,#7580,#7581,#7582,#7583,#7584,#7585,#7586,#7587,
#7588,#7589,#7590,#7591,#7592,#7593,#7594,#7595,#7596,#7597,#7598,#7599,
#7600,#7601,#7602,#7603,#7604,#7605,#7606,#7607,#7608,#7609,#7610,#7611,
#7612,#7613,#7614,#7615,#7616,#7617,#7618,#7619,#7620,#7621,#7622,#7623,
#7624,#7625,#7626,#7627,#7628,#7629,#7630,#7631,#7632,#7633,#7634,#7635,
#7636,#7637,#7638,#7639,#7640,#7641,#7642,#7643,#7644,#7645,#7646,#7647,
#7648,#7649,#7650,#7651,#7652,#7653,#7654,#7655,#7656,#7657,#7658,#7659,
#7660,#7661,#7662,#7663,#7664,#7665,#7666,#7667,#7668,#7669,#7670,#7671,
#7672,#7673,#7674,#7675,#7676,#7677,#7678,#7679,#7680,#7681,#7682,#7683,
#7684,#7685,#7686,#7687,#7688,#7689,#7690,#7691,#7692,#7693,#7694,#7695,
#7696,#7697,#7698,#7699,#7700,#7701,#7702,#7703,#7704,#7705,#7706,#7707,
#7708,#7709,#7710,#7711,#7712,#7713,#7714,#7715,#7716,#7717,#7718,#7719,
#7720,#7721,#7722,#7723,#7724,#7725,#7726,#7727,#7728,#7729,#7730,#7731,
#7732,#7733,#7734,#7735,#7736,#7737,#7738,#7739,#7740,#7741,#7742,#7743,
#7744,#7745,#7746,#7747,#7748,#7749,#7750,#7751,#7752,#7753,#7754,#7755,
#7756,#7757,#7758,#7759,#7760,#7761,#7762,#7763,#7764,#7765,#7766,#7767,
#7768,#7769,#7770,#7771,#7772,#7773,#7774,#7775,#7776,#7777,#7778,#7779,
#7780,#7781,#7782,#7783,#7784,#7785,#7786,#7787,#7788,#7789,#7790,#7791,
#7792,#7793,#7794,#7795,#7796,#7797,#7798,#7799,#7800,#7801,#7802,#7803,
#7804,#7805,#7806,#7807,#7808,#7809,#7810,#7811,#7812,#7813,#7814,#7815,
#7816,#7817,#7818,#7819,#7820,#7821,#7822,#7823,#7824,#7825,#7826,#7827,
#7828,#7829,#7830,#7831,#7832,#7833,#7834,#7835,#7836,#7837,#7838,#7839,
#7840,#7841,#7842,#7843,#7844,#7845,#7846,#7847,#7848,#7849,#7850,#7851,
#7852,#7853,#7854,#7855,#7856,#7857,#7858,#7859,#7860,#7861,#7862,#7863,
#7864,#7865,#7866,#7867,#7868,#7869,#7870,#7871,#7872,#7873,#7874,#7875,
#7876,#7877,#7878,#7879,#7880,#7881,#7882,#7883,#7884,#7885,#7886,#7887,
#7888,#7889,#7890,#7891,#7892,#7893,#7894,#7895,#7896,#7897,#7898,#7899,
#7900,#7901,#7902,#7903,#7904,#7905,#7906,#7907,#7908,#7909,#7910,#7911,
#7912,#7913,#7914,#7915,#7916,#7917,#7918,#7919,#7920,#7921,#7922,#7923,
#7924,#7925,#7926,#7927,#7928,#7929,#7930,#7931,#7932,#7933,#7934,#7935,
#7936,#7937,#7938,#7939,#7940,#7941,#7942,#7943,#7944,#7945,#7946,#7947,
#7948,#7949,#7950,#7951,#7952,#7953,#7954,#7955,#7956,#7957,#7958,#7959,
#7960,#7961,#7962,#7963,#7964,#7965,#7966,#7967,#7968,#7969,#7970,#7971,
#7972,#7973,#7974,#7975,#7976,#7977,#7978,#7979,#7980,#7981,#7982,#7983,
#7984,#7985,#7986,#7987,#7988,#7989,#7990,#7991,#7992,#7993,#7994,#7995,
#7996,#7997,#7998,#7999,#8000,#8001,#8002,#8003,#8004,#8005,#8006,#8007,
#8008,#8009,#8010,#8011,#8012,#8013,#8014,#8015,#8016,#8017,#8018,#8019,
#8020,#8021,#8022,#8023,#8024,#8025,#8026,#8027,#8028,#8029,#8030,#8031,
#8032,#8033,#8034,#8035,#8036,#8037,#8038,#8039,#8040,#8041,#8042,#8043,
#8044,#8045,#8046,#8047,#8048,#8049,#8050,#8051,#8052,#8053,#8054,#8055,
#8056,#8057,#8058,#8059,#8060,#8061,#8062,#8063,#8064,#8065,#8066,#8067,
#8068,#8069,#8070,#8071,#8072,#8073,#8074,#8075,#8076,#8077,#8078,#8079,
#8080,#8081,#8082,#8083,#8084,#8085,#8086,#8087,#8088,#8089,#8090,#8091,
#8092,#8093,#8094,#8095,#8096,#8097,#8098,#8099,#8100,#8101,#8102,#8103,
#8104,#8105,#8106,#8107,#8108,#8109,#8110,#8111,#8112,#8113,#8114,#8115,
#8116,#8117,#8118,#8119,#8120,#8121,#8122,#8123,#8124,#8125,#8126,#8127,
#8128,#8129,#8130,#8131,#8132,#8133,#8134,#8135,#8136,#8137,#8138,#8139,
#8140,#8141,#8142,#8143,#8144,#8145,#8146,#8147,#8148,#8149,#8150,#8151,
#8152,#8153,#8154,#8155,#8156,#8157,#8158,#8159,#8160,#8161,#8162,#8163,
#8164,#8165,#8166,#8167,#8168,#8169,#8170,#8171,#8172,#8173,#8174,#8175,
#8176,#8177,#8178,#8179,#8180,#8181,#8182,#8183,#8184,#8185,#8186,#8187,
#8188,#8189,#8190,#8191,#8192,#8193,#8194,#8195,#8196,#8197,#8198,#8199,
#8200,#8201,#8202,#8203,#8204,#8205,#8206,#8207,#8208,#8209,#8210,#8211,
#8212,#8213,#8214,#8215,#8216,#8217,#8218,#8219,#8220,#8221,#8222,#8223,
#8224,#8225,#8226,#8227,#8228,#8229)),.UNSPECIFIED.,.F.,.F.,.F.)
B_SPLINE_SURFACE_WITH_KNOTS((2,2),(3,2,2,2,2,2,2,2,2,2,2,2,2,2,2,2,2,2,
2,2,2,2,2,2,2,2,2,2,2,2,2,2,2,2,2,2,2,2,2,2,2,2,2,2,2,2,2,2,2,2,2,2,2,2,
2,2,2,2,2,2,2,2,2,2,2,2,2,2,2,2,2,2,2,2,2,2,2,2,2,2,2,2,2,2,2,2,2,2,2,2,
2,2,2,2,2,2,2,2,2,2,2,2,2,2,2,2,2,2,2,2,2,2,2,2,2,2,2,2,2,2,2,2,2,2,2,2,
2,2,2,2,2,2,2,2,2,2,2,2,2,2,2,2,2,2,2,2,2,2,2,2,2,2,2,2,2,2,2,2,2,2,2,2,
2,2,2,2,2,2,2,2,2,2,2,2,2,2,2,2,2,2,2,2,2,2,2,2,2,2,2,2,2,2,2,2,2,2,2,2,
2,2,2,2,2,2,2,2,2,2,2,2,2,2,2,2,2,2,2,2,2,2,2,2,2,2,2,2,2,2,2,2,2,2,2,2,
2,2,2,2,2,2,2,2,2,2,2,2,2,2,2,2,2,2,2,2,2,2,2,2,2,2,2,2,2,2,2,2,2,2,2,2,
2,2,2,2,2,2,2,2,2,2,2,2,2,2,2,2,2,2,2,2,2,2,2,2,2,2,2,2,2,2,2,2,2,2,2,2,
2,2,2,2,2,2,2,2,2,2,2,2,2,2,2,2,2,2,2,2,2,2,2,2,2,2,2,2,2,2,2,2,2,2,2,2,
2,2,2,2,2,2,2,2,2,2,2,2,2,2,2,2,2,2,2,2,2,2,2,2,3),(0.,1.),(0.,0.00273224043715847,
0.00546448087431694,0.00819672131147541,0.0109289617486339,0.0136612021857923,
0.0163934426229508,0.0191256830601093,0.0218579234972678,0.0245901639344262,
0.0273224043715847,0.0300546448087432,0.0327868852459016,0.0355191256830601,
0.0382513661202186,0.040983606557377,0.0437158469945355,0.046448087431694,
0.0491803278688525,0.0519125683060109,0.0546448087431694,0.0573770491803279,
0.0601092896174863,0.0628415300546448,0.0655737704918033,0.0683060109289618,
0.0710382513661202,0.0737704918032787,0.0765027322404372,0.0792349726775956,
0.0819672131147541,0.0846994535519126,0.087431693989071,0.0901639344262295,
0.092896174863388,0.0956284153005464,0.0983606557377049,0.101092896174863,
0.103825136612022,0.10655737704918,0.109289617486339,0.112021857923497,
0.114754098360656,0.117486338797814,0.120218579234973,0.122950819672131,
0.12568306010929,0.128415300546448,0.131147540983607,0.133879781420765,
0.136612021857924,0.139344262295082,0.14207650273224,0.144808743169399,
0.147540983606557,0.150273224043716,0.153005464480874,0.155737704918033,
0.158469945355191,0.16120218579235,0.163934426229508,0.166666666666667,
0.169398907103825,0.172131147540984,0.174863387978142,0.177595628415301,
0.180327868852459,0.183060109289617,0.185792349726776,0.188524590163934,
0.191256830601093,0.193989071038251,0.19672131147541,0.199453551912568,
0.202185792349727,0.204918032786885,0.207650273224044,0.210382513661202,
0.213114754098361,0.215846994535519,0.218579234972678,0.221311475409836,
0.224043715846995,0.226775956284153,0.229508196721311,0.23224043715847,
0.234972677595628,0.237704918032787,0.240437158469945,0.243169398907104,
0.245901639344262,0.248633879781421,0.251366120218579,0.254098360655738,
0.256830601092896,0.259562841530055,0.262295081967213,0.265027322404372,
0.26775956284153,0.270491803278689,0.273224043715847,0.275956284153005,
0.278688524590164,0.281420765027322,0.284153005464481,0.286885245901639,
0.289617486338798,0.292349726775956,0.295081967213115,0.297814207650273,
0.300546448087432,0.30327868852459,0.306010928961749,0.308743169398907,
0.311475409836066,0.314207650273224,0.316939890710383,0.319672131147541,
0.322404371584699,0.325136612021858,0.327868852459016,0.330601092896175,
0.333333333333333,0.336065573770492,0.33879781420765,0.341530054644809,
0.344262295081967,0.346994535519126,0.349726775956284,0.352459016393443,
0.355191256830601,0.35792349726776,0.360655737704918,0.363387978142077,
0.366120218579235,0.368852459016393,0.371584699453552,0.37431693989071,
0.377049180327869,0.379781420765027,0.382513661202186,0.385245901639344,
0.387978142076503,0.390710382513661,0.39344262295082,0.396174863387978,
0.398907103825137,0.401639344262295,0.404371584699454,0.407103825136612,
0.409836065573771,0.412568306010929,0.415300546448087,0.418032786885246,
0.420765027322404,0.423497267759563,0.426229508196721,0.42896174863388,
0.431693989071038,0.434426229508197,0.437158469945355,0.439890710382514,
0.442622950819672,0.445355191256831,0.448087431693989,0.450819672131148,
0.453551912568306,0.456284153005464,0.459016393442623,0.461748633879781,
0.46448087431694,0.467213114754098,0.469945355191257,0.472677595628415,
0.475409836065574,0.478142076502732,0.480874316939891,0.483606557377049,
0.486338797814208,0.489071038251366,0.491803278688525,0.494535519125683,
0.497267759562842,0.5,0.502732240437158,0.505464480874317,0.508196721311475,
0.510928961748634,0.513661202185792,0.516393442622951,0.519125683060109,
0.521857923497268,0.524590163934426,0.527322404371585,0.530054644808743,
0.532786885245902,0.53551912568306,0.538251366120219,0.540983606557377,
0.543715846994536,0.546448087431694,0.549180327868853,0.551912568306011,
0.554644808743169,0.557377049180328,0.560109289617486,0.562841530054645,
0.565573770491803,0.568306010928962,0.57103825136612,0.573770491803279,
0.576502732240437,0.579234972677596,0.581967213114754,0.584699453551913,
0.587431693989071,0.590163934426229,0.592896174863388,0.595628415300546,
0.598360655737705,0.601092896174863,0.603825136612022,0.60655737704918,
0.609289617486339,0.612021857923497,0.614754098360656,0.617486338797814,
0.620218579234973,0.622950819672131,0.62568306010929,0.628415300546448,
0.631147540983607,0.633879781420765,0.636612021857924,0.639344262295082,
0.64207650273224,0.644808743169399,0.647540983606557,0.650273224043716,
0.653005464480874,0.655737704918033,0.658469945355191,0.66120218579235,
0.663934426229508,0.666666666666667,0.669398907103825,0.672131147540984,
0.674863387978142,0.677595628415301,0.680327868852459,0.683060109289617,
0.685792349726776,0.688524590163934,0.691256830601093,0.693989071038251,
0.69672131147541,0.699453551912568,0.702185792349727,0.704918032786885,
0.707650273224044,0.710382513661202,0.713114754098361,0.715846994535519,
0.718579234972678,0.721311475409836,0.724043715846995,0.726775956284153,
0.729508196721312,0.73224043715847,0.734972677595628,0.737704918032787,
0.740437158469945,0.743169398907104,0.745901639344262,0.748633879781421,
0.751366120218579,0.754098360655738,0.756830601092896,0.759562841530055,
0.762295081967213,0.765027322404372,0.76775956284153,0.770491803278688,
0.773224043715847,0.775956284153005,0.778688524590164,0.781420765027322,
0.784153005464481,0.786885245901639,0.789617486338798,0.792349726775956,
0.795081967213115,0.797814207650273,0.800546448087432,0.80327868852459,
0.806010928961749,0.808743169398907,0.811475409836066,0.814207650273224,
0.816939890710383,0.819672131147541,0.822404371584699,0.825136612021858,
0.827868852459016,0.830601092896175,0.833333333333333,0.836065573770492,
0.83879781420765,0.841530054644809,0.844262295081967,0.846994535519126,
0.849726775956284,0.852459016393443,0.855191256830601,0.85792349726776,
0.860655737704918,0.863387978142076,0.866120218579235,0.868852459016393,
0.871584699453552,0.87431693989071,0.877049180327869,0.879781420765027,
0.882513661202186,0.885245901639344,0.887978142076503,0.890710382513661,
0.89344262295082,0.896174863387978,0.898907103825137,0.901639344262295,
0.904371584699454,0.907103825136612,0.909836065573771,0.912568306010929,
0.915300546448087,0.918032786885246,0.920765027322404,0.923497267759563,
0.926229508196721,0.92896174863388,0.931693989071038,0.934426229508197,
0.937158469945355,0.939890710382514,0.942622950819672,0.945355191256831,
0.948087431693989,0.950819672131147,0.953551912568306,0.956284153005464,
0.959016393442623,0.961748633879781,0.96448087431694,0.967213114754098,
0.969945355191257,0.972677595628415,0.975409836065574,0.978142076502732,
0.980874316939891,0.983606557377049,0.986338797814208,0.989071038251366,
0.991803278688525,0.994535519125683,0.997267759562842,1.),.UNSPECIFIED.)
GEOMETRIC_REPRESENTATION_ITEM()
RATIONAL_B_SPLINE_SURFACE(((1.,0.866025403784439,1.,0.866025403784439,1.,
0.866025403784439,1.,0.866025403784439,1.,0.866025403784439,1.,0.866025403784439,
1.,0.866025403784439,1.,0.866025403784439,1.,0.866025403784439,1.,0.866025403784439,
1.,0.866025403784439,1.,0.866025403784439,1.,0.866025403784439,1.,0.866025403784439,
1.,0.866025403784439,1.,0.866025403784439,1.,0.866025403784439,1.,0.866025403784439,
1.,0.866025403784439,1.,0.866025403784439,1.,0.866025403784439,1.,0.866025403784439,
1.,0.866025403784439,1.,0.866025403784439,1.,0.866025403784439,1.,0.866025403784439,
1.,0.866025403784439,1.,0.866025403784439,1.,0.866025403784439,1.,0.866025403784439,
1.,0.866025403784439,1.,0.866025403784439,1.,0.866025403784439,1.,0.866025403784439,
1.,0.866025403784439,1.,0.866025403784439,1.,0.866025403784439,1.,0.866025403784439,
1.,0.866025403784439,1.,0.866025403784439,1.,0.866025403784439,1.,0.866025403784439,
1.,0.866025403784439,1.,0.866025403784439,1.,0.866025403784439,1.,0.866025403784439,
1.,0.866025403784439,1.,0.866025403784439,1.,0.866025403784439,1.,0.866025403784439,
1.,0.866025403784439,1.,0.866025403784439,1.,0.866025403784439,1.,0.866025403784439,
1.,0.866025403784439,1.,0.866025403784439,1.,0.866025403784439,1.,0.866025403784439,
1.,0.866025403784439,1.,0.866025403784439,1.,0.866025403784439,1.,0.866025403784439,
1.,0.866025403784439,1.,0.866025403784439,1.,0.866025403784439,1.,0.866025403784439,
1.,0.866025403784439,1.,0.866025403784439,1.,0.866025403784439,1.,0.866025403784439,
1.,0.866025403784439,1.,0.866025403784439,1.,0.866025403784439,1.,0.866025403784439,
1.,0.866025403784439,1.,0.866025403784439,1.,0.866025403784439,1.,0.866025403784439,
1.,0.866025403784439,1.,0.866025403784439,1.,0.866025403784439,1.,0.866025403784439,
1.,0.866025403784439,1.,0.866025403784439,1.,0.866025403784439,1.,0.866025403784439,
1.,0.866025403784439,1.,0.866025403784439,1.,0.866025403784439,1.,0.866025403784439,
1.,0.866025403784439,1.,0.866025403784439,1.,0.866025403784439,1.,0.866025403784439,
1.,0.866025403784439,1.,0.866025403784439,1.,0.866025403784439,1.,0.866025403784439,
1.,0.866025403784439,1.,0.866025403784439,1.,0.866025403784439,1.,0.866025403784439,
1.,0.866025403784439,1.,0.866025403784439,1.,0.866025403784439,1.,0.866025403784439,
1.,0.866025403784439,1.,0.866025403784439,1.,0.866025403784439,1.,0.866025403784439,
1.,0.866025403784439,1.,0.866025403784439,1.,0.866025403784439,1.,0.866025403784439,
1.,0.866025403784439,1.,0.866025403784439,1.,0.866025403784439,1.,0.866025403784439,
1.,0.866025403784439,1.,0.866025403784439,1.,0.866025403784439,1.,0.866025403784439,
1.,0.866025403784439,1.,0.866025403784439,1.,0.866025403784439,1.,0.866025403784439,
1.,0.866025403784439,1.,0.866025403784439,1.,0.866025403784439,1.,0.866025403784439,
1.,0.866025403784439,1.,0.866025403784439,1.,0.866025403784439,1.,0.866025403784439,
1.,0.866025403784439,1.,0.866025403784439,1.,0.866025403784439,1.,0.866025403784439,
1.,0.866025403784439,1.,0.866025403784439,1.,0.866025403784439,1.,0.866025403784439,
1.,0.866025403784439,1.,0.866025403784439,1.,0.866025403784439,1.,0.866025403784439,
1.,0.866025403784439,1.,0.866025403784439,1.,0.866025403784439,1.,0.866025403784439,
1.,0.866025403784439,1.,0.866025403784439,1.,0.866025403784439,1.,0.866025403784439,
1.,0.866025403784439,1.,0.866025403784439,1.,0.866025403784439,1.,0.866025403784439,
1.,0.866025403784439,1.,0.866025403784439,1.,0.866025403784439,1.,0.866025403784439,
1.,0.866025403784439,1.,0.866025403784439,1.,0.866025403784439,1.,0.866025403784439,
1.,0.866025403784439,1.,0.866025403784439,1.,0.866025403784439,1.,0.866025403784439,
1.,0.866025403784439,1.,0.866025403784439,1.,0.866025403784439,1.,0.866025403784439,
1.,0.866025403784439,1.,0.866025403784439,1.,0.866025403784439,1.,0.866025403784439,
1.,0.866025403784439,1.,0.866025403784439,1.,0.866025403784439,1.,0.866025403784439,
1.,0.866025403784439,1.,0.866025403784439,1.,0.866025403784439,1.,0.866025403784439,
1.,0.866025403784439,1.,0.866025403784439,1.,0.866025403784439,1.,0.866025403784439,
1.,0.866025403784439,1.,0.866025403784439,1.,0.866025403784439,1.,0.866025403784439,
1.,0.866025403784439,1.,0.866025403784439,1.,0.866025403784439,1.,0.866025403784439,
1.,0.866025403784439,1.,0.866025403784439,1.,0.866025403784439,1.,0.866025403784439,
1.,0.866025403784439,1.,0.866025403784439,1.,0.866025403784439,1.,0.866025403784439,
1.,0.866025403784439,1.,0.866025403784439,1.,0.866025403784439,1.,0.866025403784439,
1.,0.866025403784439,1.,0.866025403784439,1.,0.866025403784439,1.,0.866025403784439,
1.,0.866025403784439,1.,0.866025403784439,1.,0.866025403784439,1.,0.866025403784439,
1.,0.866025403784439,1.,0.866025403784439,1.,0.866025403784439,1.,0.866025403784439,
1.,0.866025403784439,1.,0.866025403784439,1.,0.866025403784439,1.,0.866025403784439,
1.,0.866025403784439,1.,0.866025403784439,1.,0.866025403784439,1.,0.866025403784439,
1.,0.866025403784439,1.,0.866025403784439,1.,0.866025403784439,1.,0.866025403784439,
1.,0.866025403784439,1.,0.866025403784439,1.,0.866025403784439,1.,0.866025403784439,
1.,0.866025403784439,1.,0.866025403784439,1.,0.866025403784439,1.,0.866025403784439,
1.,0.866025403784439,1.,0.866025403784439,1.,0.866025403784439,1.,0.866025403784439,
1.,0.866025403784439,1.,0.866025403784439,1.,0.866025403784439,1.,0.866025403784439,
1.,0.866025403784439,1.,0.866025403784439,1.,0.866025403784439,1.,0.866025403784439,
1.,0.866025403784439,1.,0.866025403784439,1.,0.866025403784439,1.,0.866025403784439,
1.,0.866025403784439,1.,0.866025403784439,1.,0.866025403784439,1.,0.866025403784439,
1.,0.866025403784439,1.,0.866025403784439,1.,0.866025403784439,1.,0.866025403784439,
1.,0.866025403784439,1.,0.866025403784439,1.,0.866025403784439,1.,0.866025403784439,
1.,0.866025403784439,1.,0.866025403784439,1.,0.866025403784439,1.,0.866025403784439,
1.,0.866025403784439,1.,0.866025403784439,1.,0.866025403784439,1.,0.866025403784439,
1.,0.866025403784439,1.,0.866025403784439,1.,0.866025403784439,1.,0.866025403784439,
1.,0.866025403784439,1.,0.866025403784439,1.,0.866025403784439,1.,0.866025403784439,
1.,0.866025403784439,1.,0.866025403784439,1.,0.866025403784439,1.,0.866025403784439,
1.,0.866025403784439,1.,0.866025403784439,1.,0.866025403784439,1.,0.866025403784439,
1.,0.866025403784439,1.,0.866025403784439,1.,0.866025403784439,1.,0.866025403784439,
1.,0.866025403784439,1.,0.866025403784439,1.,0.866025403784439,1.,0.866025403784439,
1.,0.866025403784439,1.,0.866025403784439,1.,0.866025403784439,1.,0.866025403784439,
1.,0.866025403784439,1.,0.866025403784439,1.,0.866025403784439,1.,0.866025403784439,
1.,0.866025403784439,1.,0.866025403784439,1.,0.866025403784439,1.,0.866025403784439,
1.,0.866025403784439,1.,0.866025403784439,1.,0.866025403784439,1.,0.866025403784439,
1.,0.866025403784439,1.,0.866025403784439,1.,0.866025403784439,1.,0.866025403784439,
1.,0.866025403784439,1.,0.866025403784439,1.,0.866025403784439,1.,0.866025403784439,
1.,0.866025403784439,1.,0.866025403784439,1.,0.866025403784439,1.,0.866025403784439,
1.,0.866025403784439,1.,0.866025403784439,1.,0.866025403784439,1.,0.866025403784439,
1.,0.866025403784439,1.,0.866025403784439,1.,0.866025403784439,1.,0.866025403784439,
1.,0.866025403784439,1.,0.866025403784439,1.,0.866025403784439,1.,0.866025403784439,
1.,0.866025403784439,1.,0.866025403784439,1.,0.866025403784439,1.,0.866025403784439,
1.,0.866025403784439,1.,0.866025403784439,1.,0.866025403784439,1.,0.866025403784439,
1.,0.866025403784439,1.,0.866025403784439,1.,0.866025403784439,1.,0.866025403784439,
1.,0.866025403784439,1.,0.866025403784439,1.,0.866025403784439,1.,0.866025403784439,
1.,0.866025403784439,1.,0.866025403784439,1.,0.866025403784439,1.,0.866025403784439,
1.,0.866025403784439,1.,0.866025403784439,1.,0.866025403784439,1.,0.866025403784439,
1.),(1.,0.866025403784439,1.,0.866025403784439,1.,0.866025403784439,1.,
0.866025403784439,1.,0.866025403784439,1.,0.866025403784439,1.,0.866025403784439,
1.,0.866025403784439,1.,0.866025403784439,1.,0.866025403784439,1.,0.866025403784439,
1.,0.866025403784439,1.,0.866025403784439,1.,0.866025403784439,1.,0.866025403784439,
1.,0.866025403784439,1.,0.866025403784439,1.,0.866025403784439,1.,0.866025403784439,
1.,0.866025403784439,1.,0.866025403784439,1.,0.866025403784439,1.,0.866025403784439,
1.,0.866025403784439,1.,0.866025403784439,1.,0.866025403784439,1.,0.866025403784439,
1.,0.866025403784439,1.,0.866025403784439,1.,0.866025403784439,1.,0.866025403784439,
1.,0.866025403784439,1.,0.866025403784439,1.,0.866025403784439,1.,0.866025403784439,
1.,0.866025403784439,1.,0.866025403784439,1.,0.866025403784439,1.,0.866025403784439,
1.,0.866025403784439,1.,0.866025403784439,1.,0.866025403784439,1.,0.866025403784439,
1.,0.866025403784439,1.,0.866025403784439,1.,0.866025403784439,1.,0.866025403784439,
1.,0.866025403784439,1.,0.866025403784439,1.,0.866025403784439,1.,0.866025403784439,
1.,0.866025403784439,1.,0.866025403784439,1.,0.866025403784439,1.,0.866025403784439,
1.,0.866025403784439,1.,0.866025403784439,1.,0.866025403784439,1.,0.866025403784439,
1.,0.866025403784439,1.,0.866025403784439,1.,0.866025403784439,1.,0.866025403784439,
1.,0.866025403784439,1.,0.866025403784439,1.,0.866025403784439,1.,0.866025403784439,
1.,0.866025403784439,1.,0.866025403784439,1.,0.866025403784439,1.,0.866025403784439,
1.,0.866025403784439,1.,0.866025403784439,1.,0.866025403784439,1.,0.866025403784439,
1.,0.866025403784439,1.,0.866025403784439,1.,0.866025403784439,1.,0.866025403784439,
1.,0.866025403784439,1.,0.866025403784439,1.,0.866025403784439,1.,0.866025403784439,
1.,0.866025403784439,1.,0.866025403784439,1.,0.866025403784439,1.,0.866025403784439,
1.,0.866025403784439,1.,0.866025403784439,1.,0.866025403784439,1.,0.866025403784439,
1.,0.866025403784439,1.,0.866025403784439,1.,0.866025403784439,1.,0.866025403784439,
1.,0.866025403784439,1.,0.866025403784439,1.,0.866025403784439,1.,0.866025403784439,
1.,0.866025403784439,1.,0.866025403784439,1.,0.866025403784439,1.,0.866025403784439,
1.,0.866025403784439,1.,0.866025403784439,1.,0.866025403784439,1.,0.866025403784439,
1.,0.866025403784439,1.,0.866025403784439,1.,0.866025403784439,1.,0.866025403784439,
1.,0.866025403784439,1.,0.866025403784439,1.,0.866025403784439,1.,0.866025403784439,
1.,0.866025403784439,1.,0.866025403784439,1.,0.866025403784439,1.,0.866025403784439,
1.,0.866025403784439,1.,0.866025403784439,1.,0.866025403784439,1.,0.866025403784439,
1.,0.866025403784439,1.,0.866025403784439,1.,0.866025403784439,1.,0.866025403784439,
1.,0.866025403784439,1.,0.866025403784439,1.,0.866025403784439,1.,0.866025403784439,
1.,0.866025403784439,1.,0.866025403784439,1.,0.866025403784439,1.,0.866025403784439,
1.,0.866025403784439,1.,0.866025403784439,1.,0.866025403784439,1.,0.866025403784439,
1.,0.866025403784439,1.,0.866025403784439,1.,0.866025403784439,1.,0.866025403784439,
1.,0.866025403784439,1.,0.866025403784439,1.,0.866025403784439,1.,0.866025403784439,
1.,0.866025403784439,1.,0.866025403784439,1.,0.866025403784439,1.,0.866025403784439,
1.,0.866025403784439,1.,0.866025403784439,1.,0.866025403784439,1.,0.866025403784439,
1.,0.866025403784439,1.,0.866025403784439,1.,0.866025403784439,1.,0.866025403784439,
1.,0.866025403784439,1.,0.866025403784439,1.,0.866025403784439,1.,0.866025403784439,
1.,0.866025403784439,1.,0.866025403784439,1.,0.866025403784439,1.,0.866025403784439,
1.,0.866025403784439,1.,0.866025403784439,1.,0.866025403784439,1.,0.866025403784439,
1.,0.866025403784439,1.,0.866025403784439,1.,0.866025403784439,1.,0.866025403784439,
1.,0.866025403784439,1.,0.866025403784439,1.,0.866025403784439,1.,0.866025403784439,
1.,0.866025403784439,1.,0.866025403784439,1.,0.866025403784439,1.,0.866025403784439,
1.,0.866025403784439,1.,0.866025403784439,1.,0.866025403784439,1.,0.866025403784439,
1.,0.866025403784439,1.,0.866025403784439,1.,0.866025403784439,1.,0.866025403784439,
1.,0.866025403784439,1.,0.866025403784439,1.,0.866025403784439,1.,0.866025403784439,
1.,0.866025403784439,1.,0.866025403784439,1.,0.866025403784439,1.,0.866025403784439,
1.,0.866025403784439,1.,0.866025403784439,1.,0.866025403784439,1.,0.866025403784439,
1.,0.866025403784439,1.,0.866025403784439,1.,0.866025403784439,1.,0.866025403784439,
1.,0.866025403784439,1.,0.866025403784439,1.,0.866025403784439,1.,0.866025403784439,
1.,0.866025403784439,1.,0.866025403784439,1.,0.866025403784439,1.,0.866025403784439,
1.,0.866025403784439,1.,0.866025403784439,1.,0.866025403784439,1.,0.866025403784439,
1.,0.866025403784439,1.,0.866025403784439,1.,0.866025403784439,1.,0.866025403784439,
1.,0.866025403784439,1.,0.866025403784439,1.,0.866025403784439,1.,0.866025403784439,
1.,0.866025403784439,1.,0.866025403784439,1.,0.866025403784439,1.,0.866025403784439,
1.,0.866025403784439,1.,0.866025403784439,1.,0.866025403784439,1.,0.866025403784439,
1.,0.866025403784439,1.,0.866025403784439,1.,0.866025403784439,1.,0.866025403784439,
1.,0.866025403784439,1.,0.866025403784439,1.,0.866025403784439,1.,0.866025403784439,
1.,0.866025403784439,1.,0.866025403784439,1.,0.866025403784439,1.,0.866025403784439,
1.,0.866025403784439,1.,0.866025403784439,1.,0.866025403784439,1.,0.866025403784439,
1.,0.866025403784439,1.,0.866025403784439,1.,0.866025403784439,1.,0.866025403784439,
1.,0.866025403784439,1.,0.866025403784439,1.,0.866025403784439,1.,0.866025403784439,
1.,0.866025403784439,1.,0.866025403784439,1.,0.866025403784439,1.,0.866025403784439,
1.,0.866025403784439,1.,0.866025403784439,1.,0.866025403784439,1.,0.866025403784439,
1.,0.866025403784439,1.,0.866025403784439,1.,0.866025403784439,1.,0.866025403784439,
1.,0.866025403784439,1.,0.866025403784439,1.,0.866025403784439,1.,0.866025403784439,
1.,0.866025403784439,1.,0.866025403784439,1.,0.866025403784439,1.,0.866025403784439,
1.,0.866025403784439,1.,0.866025403784439,1.,0.866025403784439,1.,0.866025403784439,
1.,0.866025403784439,1.,0.866025403784439,1.,0.866025403784439,1.,0.866025403784439,
1.,0.866025403784439,1.,0.866025403784439,1.,0.866025403784439,1.,0.866025403784439,
1.,0.866025403784439,1.,0.866025403784439,1.,0.866025403784439,1.,0.866025403784439,
1.,0.866025403784439,1.,0.866025403784439,1.,0.866025403784439,1.,0.866025403784439,
1.,0.866025403784439,1.,0.866025403784439,1.,0.866025403784439,1.,0.866025403784439,
1.,0.866025403784439,1.,0.866025403784439,1.,0.866025403784439,1.,0.866025403784439,
1.,0.866025403784439,1.,0.866025403784439,1.,0.866025403784439,1.,0.866025403784439,
1.,0.866025403784439,1.,0.866025403784439,1.,0.866025403784439,1.,0.866025403784439,
1.,0.866025403784439,1.,0.866025403784439,1.,0.866025403784439,1.,0.866025403784439,
1.,0.866025403784439,1.,0.866025403784439,1.,0.866025403784439,1.,0.866025403784439,
1.,0.866025403784439,1.,0.866025403784439,1.,0.866025403784439,1.,0.866025403784439,
1.,0.866025403784439,1.,0.866025403784439,1.,0.866025403784439,1.,0.866025403784439,
1.,0.866025403784439,1.,0.866025403784439,1.,0.866025403784439,1.,0.866025403784439,
1.,0.866025403784439,1.,0.866025403784439,1.,0.866025403784439,1.,0.866025403784439,
1.,0.866025403784439,1.,0.866025403784439,1.,0.866025403784439,1.,0.866025403784439,
1.,0.866025403784439,1.,0.866025403784439,1.,0.866025403784439,1.,0.866025403784439,
1.,0.866025403784439,1.,0.866025403784439,1.,0.866025403784439,1.,0.866025403784439,
1.,0.866025403784439,1.,0.866025403784439,1.,0.866025403784439,1.,0.866025403784439,
1.,0.866025403784439,1.,0.866025403784439,1.,0.866025403784439,1.,0.866025403784439,
1.,0.866025403784439,1.,0.866025403784439,1.,0.866025403784439,1.,0.866025403784439,
1.,0.866025403784439,1.,0.866025403784439,1.,0.866025403784439,1.)))
REPRESENTATION_ITEM('')
SURFACE()
);
#52=(
BOUNDED_SURFACE()
B_SPLINE_SURFACE(1,2,((#8301,#8302,#8303,#8304,#8305,#8306,#8307,#8308,
#8309,#8310,#8311,#8312,#8313,#8314,#8315,#8316,#8317,#8318,#8319,#8320,
#8321,#8322,#8323,#8324,#8325,#8326,#8327,#8328,#8329,#8330,#8331,#8332,
#8333,#8334,#8335,#8336,#8337,#8338,#8339,#8340,#8341,#8342,#8343,#8344,
#8345,#8346,#8347,#8348,#8349,#8350,#8351,#8352,#8353,#8354,#8355,#8356,
#8357,#8358,#8359,#8360,#8361,#8362,#8363,#8364,#8365,#8366,#8367,#8368,
#8369,#8370,#8371,#8372,#8373,#8374,#8375,#8376,#8377,#8378,#8379,#8380,
#8381,#8382,#8383,#8384,#8385,#8386,#8387,#8388,#8389,#8390,#8391,#8392,
#8393,#8394,#8395,#8396,#8397,#8398,#8399,#8400,#8401,#8402,#8403,#8404,
#8405,#8406,#8407,#8408,#8409,#8410,#8411,#8412,#8413,#8414,#8415,#8416,
#8417,#8418,#8419,#8420,#8421,#8422,#8423,#8424,#8425,#8426,#8427,#8428,
#8429,#8430,#8431,#8432,#8433,#8434,#8435,#8436,#8437,#8438,#8439,#8440,
#8441,#8442,#8443,#8444,#8445,#8446,#8447,#8448,#8449,#8450,#8451,#8452,
#8453,#8454,#8455,#8456,#8457,#8458,#8459,#8460,#8461,#8462,#8463,#8464,
#8465,#8466,#8467,#8468,#8469,#8470,#8471,#8472,#8473,#8474,#8475,#8476,
#8477,#8478,#8479,#8480,#8481,#8482,#8483,#8484,#8485,#8486,#8487,#8488,
#8489,#8490,#8491,#8492,#8493,#8494,#8495,#8496,#8497,#8498,#8499,#8500,
#8501,#8502,#8503,#8504,#8505,#8506,#8507,#8508,#8509,#8510,#8511,#8512,
#8513,#8514,#8515,#8516,#8517,#8518,#8519,#8520,#8521,#8522,#8523,#8524,
#8525,#8526,#8527,#8528,#8529,#8530,#8531,#8532,#8533,#8534,#8535,#8536,
#8537,#8538,#8539,#8540,#8541,#8542,#8543,#8544,#8545,#8546,#8547,#8548,
#8549,#8550,#8551,#8552,#8553,#8554,#8555,#8556,#8557,#8558,#8559,#8560,
#8561,#8562,#8563,#8564,#8565,#8566,#8567,#8568,#8569,#8570,#8571,#8572,
#8573,#8574,#8575,#8576,#8577,#8578,#8579,#8580,#8581,#8582,#8583,#8584,
#8585,#8586,#8587,#8588,#8589,#8590,#8591,#8592,#8593,#8594,#8595,#8596,
#8597,#8598,#8599,#8600,#8601,#8602,#8603,#8604,#8605,#8606,#8607,#8608,
#8609,#8610,#8611,#8612,#8613,#8614,#8615,#8616,#8617,#8618,#8619,#8620,
#8621,#8622,#8623,#8624,#8625,#8626,#8627,#8628,#8629,#8630,#8631,#8632,
#8633,#8634,#8635,#8636,#8637,#8638,#8639,#8640,#8641,#8642,#8643,#8644,
#8645,#8646,#8647,#8648,#8649,#8650,#8651,#8652,#8653,#8654,#8655,#8656,
#8657,#8658,#8659,#8660,#8661,#8662,#8663,#8664,#8665,#8666,#8667,#8668,
#8669,#8670,#8671,#8672,#8673,#8674,#8675,#8676,#8677,#8678,#8679,#8680,
#8681,#8682,#8683,#8684,#8685,#8686,#8687,#8688,#8689,#8690,#8691,#8692,
#8693,#8694,#8695,#8696,#8697,#8698,#8699,#8700,#8701,#8702,#8703,#8704,
#8705,#8706,#8707,#8708,#8709,#8710,#8711,#8712,#8713,#8714,#8715,#8716,
#8717,#8718,#8719,#8720,#8721,#8722,#8723,#8724,#8725,#8726,#8727,#8728,
#8729,#8730,#8731,#8732,#8733,#8734,#8735,#8736,#8737,#8738,#8739,#8740,
#8741,#8742,#8743,#8744,#8745,#8746,#8747,#8748,#8749,#8750,#8751,#8752,
#8753,#8754,#8755,#8756,#8757,#8758,#8759,#8760,#8761,#8762,#8763,#8764,
#8765,#8766,#8767,#8768,#8769,#8770,#8771,#8772,#8773,#8774,#8775,#8776,
#8777,#8778,#8779,#8780,#8781,#8782,#8783,#8784,#8785,#8786,#8787,#8788,
#8789,#8790,#8791,#8792,#8793,#8794,#8795,#8796,#8797,#8798,#8799,#8800,
#8801,#8802,#8803,#8804,#8805,#8806,#8807,#8808,#8809,#8810,#8811,#8812,
#8813,#8814,#8815,#8816,#8817,#8818,#8819,#8820,#8821,#8822,#8823,#8824,
#8825,#8826,#8827,#8828,#8829,#8830,#8831,#8832,#8833,#8834,#8835,#8836,
#8837,#8838,#8839,#8840,#8841,#8842,#8843,#8844,#8845,#8846,#8847,#8848,
#8849,#8850,#8851,#8852,#8853,#8854,#8855,#8856,#8857,#8858,#8859,#8860,
#8861,#8862,#8863,#8864,#8865,#8866,#8867,#8868,#8869,#8870,#8871,#8872,
#8873,#8874,#8875,#8876,#8877,#8878,#8879,#8880,#8881,#8882,#8883,#8884,
#8885,#8886,#8887,#8888,#8889,#8890,#8891,#8892,#8893,#8894,#8895,#8896,
#8897,#8898,#8899,#8900,#8901,#8902,#8903,#8904,#8905,#8906,#8907,#8908,
#8909,#8910,#8911,#8912,#8913,#8914,#8915,#8916,#8917,#8918,#8919,#8920,
#8921,#8922,#8923,#8924,#8925,#8926,#8927,#8928,#8929,#8930,#8931,#8932,
#8933,#8934,#8935,#8936,#8937,#8938,#8939,#8940,#8941,#8942,#8943,#8944,
#8945,#8946,#8947,#8948,#8949,#8950,#8951,#8952,#8953,#8954,#8955,#8956,
#8957,#8958,#8959,#8960,#8961,#8962,#8963,#8964,#8965,#8966,#8967,#8968,
#8969,#8970,#8971,#8972,#8973,#8974,#8975,#8976,#8977,#8978,#8979,#8980,
#8981,#8982,#8983,#8984,#8985,#8986,#8987,#8988,#8989,#8990,#8991,#8992,
#8993,#8994,#8995,#8996,#8997,#8998,#8999,#9000,#9001,#9002,#9003,#9004,
#9005,#9006,#9007,#9008,#9009,#9010,#9011,#9012,#9013,#9014,#9015,#9016,
#9017,#9018,#9019,#9020,#9021,#9022,#9023,#9024,#9025,#9026,#9027,#9028,
#9029,#9030,#9031,#9032,#9033),(#9034,#9035,#9036,#9037,#9038,#9039,#9040,
#9041,#9042,#9043,#9044,#9045,#9046,#9047,#9048,#9049,#9050,#9051,#9052,
#9053,#9054,#9055,#9056,#9057,#9058,#9059,#9060,#9061,#9062,#9063,#9064,
#9065,#9066,#9067,#9068,#9069,#9070,#9071,#9072,#9073,#9074,#9075,#9076,
#9077,#9078,#9079,#9080,#9081,#9082,#9083,#9084,#9085,#9086,#9087,#9088,
#9089,#9090,#9091,#9092,#9093,#9094,#9095,#9096,#9097,#9098,#9099,#9100,
#9101,#9102,#9103,#9104,#9105,#9106,#9107,#9108,#9109,#9110,#9111,#9112,
#9113,#9114,#9115,#9116,#9117,#9118,#9119,#9120,#9121,#9122,#9123,#9124,
#9125,#9126,#9127,#9128,#9129,#9130,#9131,#9132,#9133,#9134,#9135,#9136,
#9137,#9138,#9139,#9140,#9141,#9142,#9143,#9144,#9145,#9146,#9147,#9148,
#9149,#9150,#9151,#9152,#9153,#9154,#9155,#9156,#9157,#9158,#9159,#9160,
#9161,#9162,#9163,#9164,#9165,#9166,#9167,#9168,#9169,#9170,#9171,#9172,
#9173,#9174,#9175,#9176,#9177,#9178,#9179,#9180,#9181,#9182,#9183,#9184,
#9185,#9186,#9187,#9188,#9189,#9190,#9191,#9192,#9193,#9194,#9195,#9196,
#9197,#9198,#9199,#9200,#9201,#9202,#9203,#9204,#9205,#9206,#9207,#9208,
#9209,#9210,#9211,#9212,#9213,#9214,#9215,#9216,#9217,#9218,#9219,#9220,
#9221,#9222,#9223,#9224,#9225,#9226,#9227,#9228,#9229,#9230,#9231,#9232,
#9233,#9234,#9235,#9236,#9237,#9238,#9239,#9240,#9241,#9242,#9243,#9244,
#9245,#9246,#9247,#9248,#9249,#9250,#9251,#9252,#9253,#9254,#9255,#9256,
#9257,#9258,#9259,#9260,#9261,#9262,#9263,#9264,#9265,#9266,#9267,#9268,
#9269,#9270,#9271,#9272,#9273,#9274,#9275,#9276,#9277,#9278,#9279,#9280,
#9281,#9282,#9283,#9284,#9285,#9286,#9287,#9288,#9289,#9290,#9291,#9292,
#9293,#9294,#9295,#9296,#9297,#9298,#9299,#9300,#9301,#9302,#9303,#9304,
#9305,#9306,#9307,#9308,#9309,#9310,#9311,#9312,#9313,#9314,#9315,#9316,
#9317,#9318,#9319,#9320,#9321,#9322,#9323,#9324,#9325,#9326,#9327,#9328,
#9329,#9330,#9331,#9332,#9333,#9334,#9335,#9336,#9337,#9338,#9339,#9340,
#9341,#9342,#9343,#9344,#9345,#9346,#9347,#9348,#9349,#9350,#9351,#9352,
#9353,#9354,#9355,#9356,#9357,#9358,#9359,#9360,#9361,#9362,#9363,#9364,
#9365,#9366,#9367,#9368,#9369,#9370,#9371,#9372,#9373,#9374,#9375,#9376,
#9377,#9378,#9379,#9380,#9381,#9382,#9383,#9384,#9385,#9386,#9387,#9388,
#9389,#9390,#9391,#9392,#9393,#9394,#9395,#9396,#9397,#9398,#9399,#9400,
#9401,#9402,#9403,#9404,#9405,#9406,#9407,#9408,#9409,#9410,#9411,#9412,
#9413,#9414,#9415,#9416,#9417,#9418,#9419,#9420,#9421,#9422,#9423,#9424,
#9425,#9426,#9427,#9428,#9429,#9430,#9431,#9432,#9433,#9434,#9435,#9436,
#9437,#9438,#9439,#9440,#9441,#9442,#9443,#9444,#9445,#9446,#9447,#9448,
#9449,#9450,#9451,#9452,#9453,#9454,#9455,#9456,#9457,#9458,#9459,#9460,
#9461,#9462,#9463,#9464,#9465,#9466,#9467,#9468,#9469,#9470,#9471,#9472,
#9473,#9474,#9475,#9476,#9477,#9478,#9479,#9480,#9481,#9482,#9483,#9484,
#9485,#9486,#9487,#9488,#9489,#9490,#9491,#9492,#9493,#9494,#9495,#9496,
#9497,#9498,#9499,#9500,#9501,#9502,#9503,#9504,#9505,#9506,#9507,#9508,
#9509,#9510,#9511,#9512,#9513,#9514,#9515,#9516,#9517,#9518,#9519,#9520,
#9521,#9522,#9523,#9524,#9525,#9526,#9527,#9528,#9529,#9530,#9531,#9532,
#9533,#9534,#9535,#9536,#9537,#9538,#9539,#9540,#9541,#9542,#9543,#9544,
#9545,#9546,#9547,#9548,#9549,#9550,#9551,#9552,#9553,#9554,#9555,#9556,
#9557,#9558,#9559,#9560,#9561,#9562,#9563,#9564,#9565,#9566,#9567,#9568,
#9569,#9570,#9571,#9572,#9573,#9574,#9575,#9576,#9577,#9578,#9579,#9580,
#9581,#9582,#9583,#9584,#9585,#9586,#9587,#9588,#9589,#9590,#9591,#9592,
#9593,#9594,#9595,#9596,#9597,#9598,#9599,#9600,#9601,#9602,#9603,#9604,
#9605,#9606,#9607,#9608,#9609,#9610,#9611,#9612,#9613,#9614,#9615,#9616,
#9617,#9618,#9619,#9620,#9621,#9622,#9623,#9624,#9625,#9626,#9627,#9628,
#9629,#9630,#9631,#9632,#9633,#9634,#9635,#9636,#9637,#9638,#9639,#9640,
#9641,#9642,#9643,#9644,#9645,#9646,#9647,#9648,#9649,#9650,#9651,#9652,
#9653,#9654,#9655,#9656,#9657,#9658,#9659,#9660,#9661,#9662,#9663,#9664,
#9665,#9666,#9667,#9668,#9669,#9670,#9671,#9672,#9673,#9674,#9675,#9676,
#9677,#9678,#9679,#9680,#9681,#9682,#9683,#9684,#9685,#9686,#9687,#9688,
#9689,#9690,#9691,#9692,#9693,#9694,#9695,#9696,#9697,#9698,#9699,#9700,
#9701,#9702,#9703,#9704,#9705,#9706,#9707,#9708,#9709,#9710,#9711,#9712,
#9713,#9714,#9715,#9716,#9717,#9718,#9719,#9720,#9721,#9722,#9723,#9724,
#9725,#9726,#9727,#9728,#9729,#9730,#9731,#9732,#9733,#9734,#9735,#9736,
#9737,#9738,#9739,#9740,#9741,#9742,#9743,#9744,#9745,#9746,#9747,#9748,
#9749,#9750,#9751,#9752,#9753,#9754,#9755,#9756,#9757,#9758,#9759,#9760,
#9761,#9762,#9763,#9764,#9765,#9766)),.UNSPECIFIED.,.F.,.F.,.F.)
B_SPLINE_SURFACE_WITH_KNOTS((2,2),(3,2,2,2,2,2,2,2,2,2,2,2,2,2,2,2,2,2,
2,2,2,2,2,2,2,2,2,2,2,2,2,2,2,2,2,2,2,2,2,2,2,2,2,2,2,2,2,2,2,2,2,2,2,2,
2,2,2,2,2,2,2,2,2,2,2,2,2,2,2,2,2,2,2,2,2,2,2,2,2,2,2,2,2,2,2,2,2,2,2,2,
2,2,2,2,2,2,2,2,2,2,2,2,2,2,2,2,2,2,2,2,2,2,2,2,2,2,2,2,2,2,2,2,2,2,2,2,
2,2,2,2,2,2,2,2,2,2,2,2,2,2,2,2,2,2,2,2,2,2,2,2,2,2,2,2,2,2,2,2,2,2,2,2,
2,2,2,2,2,2,2,2,2,2,2,2,2,2,2,2,2,2,2,2,2,2,2,2,2,2,2,2,2,2,2,2,2,2,2,2,
2,2,2,2,2,2,2,2,2,2,2,2,2,2,2,2,2,2,2,2,2,2,2,2,2,2,2,2,2,2,2,2,2,2,2,2,
2,2,2,2,2,2,2,2,2,2,2,2,2,2,2,2,2,2,2,2,2,2,2,2,2,2,2,2,2,2,2,2,2,2,2,2,
2,2,2,2,2,2,2,2,2,2,2,2,2,2,2,2,2,2,2,2,2,2,2,2,2,2,2,2,2,2,2,2,2,2,2,2,
2,2,2,2,2,2,2,2,2,2,2,2,2,2,2,2,2,2,2,2,2,2,2,2,2,2,2,2,2,2,2,2,2,2,2,2,
2,2,2,2,2,2,2,2,2,2,2,2,2,2,2,2,2,2,2,2,2,2,2,2,3),(-1.17053119937904E-5,
1.),(0.,0.00273224043715847,0.00546448087431694,0.00819672131147541,0.0109289617486339,
0.0136612021857923,0.0163934426229508,0.0191256830601093,0.0218579234972678,
0.0245901639344262,0.0273224043715847,0.0300546448087432,0.0327868852459016,
0.0355191256830601,0.0382513661202186,0.040983606557377,0.0437158469945355,
0.046448087431694,0.0491803278688525,0.0519125683060109,0.0546448087431694,
0.0573770491803279,0.0601092896174863,0.0628415300546448,0.0655737704918033,
0.0683060109289618,0.0710382513661202,0.0737704918032787,0.0765027322404372,
0.0792349726775956,0.0819672131147541,0.0846994535519126,0.087431693989071,
0.0901639344262295,0.092896174863388,0.0956284153005464,0.0983606557377049,
0.101092896174863,0.103825136612022,0.10655737704918,0.109289617486339,
0.112021857923497,0.114754098360656,0.117486338797814,0.120218579234973,
0.122950819672131,0.12568306010929,0.128415300546448,0.131147540983607,
0.133879781420765,0.136612021857924,0.139344262295082,0.14207650273224,
0.144808743169399,0.147540983606557,0.150273224043716,0.153005464480874,
0.155737704918033,0.158469945355191,0.16120218579235,0.163934426229508,
0.166666666666667,0.169398907103825,0.172131147540984,0.174863387978142,
0.177595628415301,0.180327868852459,0.183060109289617,0.185792349726776,
0.188524590163934,0.191256830601093,0.193989071038251,0.19672131147541,
0.199453551912568,0.202185792349727,0.204918032786885,0.207650273224044,
0.210382513661202,0.213114754098361,0.215846994535519,0.218579234972678,
0.221311475409836,0.224043715846995,0.226775956284153,0.229508196721311,
0.23224043715847,0.234972677595628,0.237704918032787,0.240437158469945,
0.243169398907104,0.245901639344262,0.248633879781421,0.251366120218579,
0.254098360655738,0.256830601092896,0.259562841530055,0.262295081967213,
0.265027322404372,0.26775956284153,0.270491803278689,0.273224043715847,
0.275956284153005,0.278688524590164,0.281420765027322,0.284153005464481,
0.286885245901639,0.289617486338798,0.292349726775956,0.295081967213115,
0.297814207650273,0.300546448087432,0.30327868852459,0.306010928961749,
0.308743169398907,0.311475409836066,0.314207650273224,0.316939890710383,
0.319672131147541,0.322404371584699,0.325136612021858,0.327868852459016,
0.330601092896175,0.333333333333333,0.336065573770492,0.33879781420765,
0.341530054644809,0.344262295081967,0.346994535519126,0.349726775956284,
0.352459016393443,0.355191256830601,0.35792349726776,0.360655737704918,
0.363387978142077,0.366120218579235,0.368852459016393,0.371584699453552,
0.37431693989071,0.377049180327869,0.379781420765027,0.382513661202186,
0.385245901639344,0.387978142076503,0.390710382513661,0.39344262295082,
0.396174863387978,0.398907103825137,0.401639344262295,0.404371584699454,
0.407103825136612,0.409836065573771,0.412568306010929,0.415300546448087,
0.418032786885246,0.420765027322404,0.423497267759563,0.426229508196721,
0.42896174863388,0.431693989071038,0.434426229508197,0.437158469945355,
0.439890710382514,0.442622950819672,0.445355191256831,0.448087431693989,
0.450819672131148,0.453551912568306,0.456284153005464,0.459016393442623,
0.461748633879781,0.46448087431694,0.467213114754098,0.469945355191257,
0.472677595628415,0.475409836065574,0.478142076502732,0.480874316939891,
0.483606557377049,0.486338797814208,0.489071038251366,0.491803278688525,
0.494535519125683,0.497267759562842,0.5,0.502732240437158,0.505464480874317,
0.508196721311475,0.510928961748634,0.513661202185792,0.516393442622951,
0.519125683060109,0.521857923497268,0.524590163934426,0.527322404371585,
0.530054644808743,0.532786885245902,0.53551912568306,0.538251366120219,
0.540983606557377,0.543715846994536,0.546448087431694,0.549180327868853,
0.551912568306011,0.554644808743169,0.557377049180328,0.560109289617486,
0.562841530054645,0.565573770491803,0.568306010928962,0.57103825136612,
0.573770491803279,0.576502732240437,0.579234972677596,0.581967213114754,
0.584699453551913,0.587431693989071,0.590163934426229,0.592896174863388,
0.595628415300546,0.598360655737705,0.601092896174863,0.603825136612022,
0.60655737704918,0.609289617486339,0.612021857923497,0.614754098360656,
0.617486338797814,0.620218579234973,0.622950819672131,0.62568306010929,
0.628415300546448,0.631147540983607,0.633879781420765,0.636612021857924,
0.639344262295082,0.64207650273224,0.644808743169399,0.647540983606557,
0.650273224043716,0.653005464480874,0.655737704918033,0.658469945355191,
0.66120218579235,0.663934426229508,0.666666666666667,0.669398907103825,
0.672131147540984,0.674863387978142,0.677595628415301,0.680327868852459,
0.683060109289617,0.685792349726776,0.688524590163934,0.691256830601093,
0.693989071038251,0.69672131147541,0.699453551912568,0.702185792349727,
0.704918032786885,0.707650273224044,0.710382513661202,0.713114754098361,
0.715846994535519,0.718579234972678,0.721311475409836,0.724043715846995,
0.726775956284153,0.729508196721312,0.73224043715847,0.734972677595628,
0.737704918032787,0.740437158469945,0.743169398907104,0.745901639344262,
0.748633879781421,0.751366120218579,0.754098360655738,0.756830601092896,
0.759562841530055,0.762295081967213,0.765027322404372,0.76775956284153,
0.770491803278688,0.773224043715847,0.775956284153005,0.778688524590164,
0.781420765027322,0.784153005464481,0.786885245901639,0.789617486338798,
0.792349726775956,0.795081967213115,0.797814207650273,0.800546448087432,
0.80327868852459,0.806010928961749,0.808743169398907,0.811475409836066,
0.814207650273224,0.816939890710383,0.819672131147541,0.822404371584699,
0.825136612021858,0.827868852459016,0.830601092896175,0.833333333333333,
0.836065573770492,0.83879781420765,0.841530054644809,0.844262295081967,
0.846994535519126,0.849726775956284,0.852459016393443,0.855191256830601,
0.85792349726776,0.860655737704918,0.863387978142076,0.866120218579235,
0.868852459016393,0.871584699453552,0.87431693989071,0.877049180327869,
0.879781420765027,0.882513661202186,0.885245901639344,0.887978142076503,
0.890710382513661,0.89344262295082,0.896174863387978,0.898907103825137,
0.901639344262295,0.904371584699454,0.907103825136612,0.909836065573771,
0.912568306010929,0.915300546448087,0.918032786885246,0.920765027322404,
0.923497267759563,0.926229508196721,0.92896174863388,0.931693989071038,
0.934426229508197,0.937158469945355,0.939890710382514,0.942622950819672,
0.945355191256831,0.948087431693989,0.950819672131147,0.953551912568306,
0.956284153005464,0.959016393442623,0.961748633879781,0.96448087431694,
0.967213114754098,0.969945355191257,0.972677595628415,0.975409836065574,
0.978142076502732,0.980874316939891,0.983606557377049,0.986338797814208,
0.989071038251366,0.991803278688525,0.994535519125683,0.997267759562842,
1.),.UNSPECIFIED.)
GEOMETRIC_REPRESENTATION_ITEM()
RATIONAL_B_SPLINE_SURFACE(((1.,0.866025403784439,1.,0.866025403784439,1.,
0.866025403784439,1.,0.866025403784439,1.,0.866025403784439,1.,0.866025403784439,
1.,0.866025403784439,1.,0.866025403784439,1.,0.866025403784439,1.,0.866025403784439,
1.,0.866025403784439,1.,0.866025403784439,1.,0.866025403784439,1.,0.866025403784439,
1.,0.866025403784439,1.,0.866025403784439,1.,0.866025403784439,1.,0.866025403784439,
1.,0.866025403784439,1.,0.866025403784439,1.,0.866025403784439,1.,0.866025403784439,
1.,0.866025403784439,1.,0.866025403784439,1.,0.866025403784439,1.,0.866025403784439,
1.,0.866025403784439,1.,0.866025403784439,1.,0.866025403784439,1.,0.866025403784439,
1.,0.866025403784439,1.,0.866025403784439,1.,0.866025403784439,1.,0.866025403784439,
1.,0.866025403784439,1.,0.866025403784439,1.,0.866025403784439,1.,0.866025403784439,
1.,0.866025403784439,1.,0.866025403784439,1.,0.866025403784439,1.,0.866025403784439,
1.,0.866025403784439,1.,0.866025403784439,1.,0.866025403784439,1.,0.866025403784439,
1.,0.866025403784439,1.,0.866025403784439,1.,0.866025403784439,1.,0.866025403784439,
1.,0.866025403784439,1.,0.866025403784439,1.,0.866025403784439,1.,0.866025403784439,
1.,0.866025403784439,1.,0.866025403784439,1.,0.866025403784439,1.,0.866025403784439,
1.,0.866025403784439,1.,0.866025403784439,1.,0.866025403784439,1.,0.866025403784439,
1.,0.866025403784439,1.,0.866025403784439,1.,0.866025403784439,1.,0.866025403784439,
1.,0.866025403784439,1.,0.866025403784439,1.,0.866025403784439,1.,0.866025403784439,
1.,0.866025403784439,1.,0.866025403784439,1.,0.866025403784439,1.,0.866025403784439,
1.,0.866025403784439,1.,0.866025403784439,1.,0.866025403784439,1.,0.866025403784439,
1.,0.866025403784439,1.,0.866025403784439,1.,0.866025403784439,1.,0.866025403784439,
1.,0.866025403784439,1.,0.866025403784439,1.,0.866025403784439,1.,0.866025403784439,
1.,0.866025403784439,1.,0.866025403784439,1.,0.866025403784439,1.,0.866025403784439,
1.,0.866025403784439,1.,0.866025403784439,1.,0.866025403784439,1.,0.866025403784439,
1.,0.866025403784439,1.,0.866025403784439,1.,0.866025403784439,1.,0.866025403784439,
1.,0.866025403784439,1.,0.866025403784439,1.,0.866025403784439,1.,0.866025403784439,
1.,0.866025403784439,1.,0.866025403784439,1.,0.866025403784439,1.,0.866025403784439,
1.,0.866025403784439,1.,0.866025403784439,1.,0.866025403784439,1.,0.866025403784439,
1.,0.866025403784439,1.,0.866025403784439,1.,0.866025403784439,1.,0.866025403784439,
1.,0.866025403784439,1.,0.866025403784439,1.,0.866025403784439,1.,0.866025403784439,
1.,0.866025403784439,1.,0.866025403784439,1.,0.866025403784439,1.,0.866025403784439,
1.,0.866025403784439,1.,0.866025403784439,1.,0.866025403784439,1.,0.866025403784439,
1.,0.866025403784439,1.,0.866025403784439,1.,0.866025403784439,1.,0.866025403784439,
1.,0.866025403784439,1.,0.866025403784439,1.,0.866025403784439,1.,0.866025403784439,
1.,0.866025403784439,1.,0.866025403784439,1.,0.866025403784439,1.,0.866025403784439,
1.,0.866025403784439,1.,0.866025403784439,1.,0.866025403784439,1.,0.866025403784439,
1.,0.866025403784439,1.,0.866025403784439,1.,0.866025403784439,1.,0.866025403784439,
1.,0.866025403784439,1.,0.866025403784439,1.,0.866025403784439,1.,0.866025403784439,
1.,0.866025403784439,1.,0.866025403784439,1.,0.866025403784439,1.,0.866025403784439,
1.,0.866025403784439,1.,0.866025403784439,1.,0.866025403784439,1.,0.866025403784439,
1.,0.866025403784439,1.,0.866025403784439,1.,0.866025403784439,1.,0.866025403784439,
1.,0.866025403784439,1.,0.866025403784439,1.,0.866025403784439,1.,0.866025403784439,
1.,0.866025403784439,1.,0.866025403784439,1.,0.866025403784439,1.,0.866025403784439,
1.,0.866025403784439,1.,0.866025403784439,1.,0.866025403784439,1.,0.866025403784439,
1.,0.866025403784439,1.,0.866025403784439,1.,0.866025403784439,1.,0.866025403784439,
1.,0.866025403784439,1.,0.866025403784439,1.,0.866025403784439,1.,0.866025403784439,
1.,0.866025403784439,1.,0.866025403784439,1.,0.866025403784439,1.,0.866025403784439,
1.,0.866025403784439,1.,0.866025403784439,1.,0.866025403784439,1.,0.866025403784439,
1.,0.866025403784439,1.,0.866025403784439,1.,0.866025403784439,1.,0.866025403784439,
1.,0.866025403784439,1.,0.866025403784439,1.,0.866025403784439,1.,0.866025403784439,
1.,0.866025403784439,1.,0.866025403784439,1.,0.866025403784439,1.,0.866025403784439,
1.,0.866025403784439,1.,0.866025403784439,1.,0.866025403784439,1.,0.866025403784439,
1.,0.866025403784439,1.,0.866025403784439,1.,0.866025403784439,1.,0.866025403784439,
1.,0.866025403784439,1.,0.866025403784439,1.,0.866025403784439,1.,0.866025403784439,
1.,0.866025403784439,1.,0.866025403784439,1.,0.866025403784439,1.,0.866025403784439,
1.,0.866025403784439,1.,0.866025403784439,1.,0.866025403784439,1.,0.866025403784439,
1.,0.866025403784439,1.,0.866025403784439,1.,0.866025403784439,1.,0.866025403784439,
1.,0.866025403784439,1.,0.866025403784439,1.,0.866025403784439,1.,0.866025403784439,
1.,0.866025403784439,1.,0.866025403784439,1.,0.866025403784439,1.,0.866025403784439,
1.,0.866025403784439,1.,0.866025403784439,1.,0.866025403784439,1.,0.866025403784439,
1.,0.866025403784439,1.,0.866025403784439,1.,0.866025403784439,1.,0.866025403784439,
1.,0.866025403784439,1.,0.866025403784439,1.,0.866025403784439,1.,0.866025403784439,
1.,0.866025403784439,1.,0.866025403784439,1.,0.866025403784439,1.,0.866025403784439,
1.,0.866025403784439,1.,0.866025403784439,1.,0.866025403784439,1.,0.866025403784439,
1.,0.866025403784439,1.,0.866025403784439,1.,0.866025403784439,1.,0.866025403784439,
1.,0.866025403784439,1.,0.866025403784439,1.,0.866025403784439,1.,0.866025403784439,
1.,0.866025403784439,1.,0.866025403784439,1.,0.866025403784439,1.,0.866025403784439,
1.,0.866025403784439,1.,0.866025403784439,1.,0.866025403784439,1.,0.866025403784439,
1.,0.866025403784439,1.,0.866025403784439,1.,0.866025403784439,1.,0.866025403784439,
1.,0.866025403784439,1.,0.866025403784439,1.,0.866025403784439,1.,0.866025403784439,
1.,0.866025403784439,1.,0.866025403784439,1.,0.866025403784439,1.,0.866025403784439,
1.,0.866025403784439,1.,0.866025403784439,1.,0.866025403784439,1.,0.866025403784439,
1.,0.866025403784439,1.,0.866025403784439,1.,0.866025403784439,1.,0.866025403784439,
1.,0.866025403784439,1.,0.866025403784439,1.,0.866025403784439,1.,0.866025403784439,
1.,0.866025403784439,1.,0.866025403784439,1.,0.866025403784439,1.,0.866025403784439,
1.,0.866025403784439,1.,0.866025403784439,1.,0.866025403784439,1.,0.866025403784439,
1.,0.866025403784439,1.,0.866025403784439,1.,0.866025403784439,1.,0.866025403784439,
1.,0.866025403784439,1.,0.866025403784439,1.,0.866025403784439,1.,0.866025403784439,
1.,0.866025403784439,1.,0.866025403784439,1.,0.866025403784439,1.,0.866025403784439,
1.,0.866025403784439,1.,0.866025403784439,1.,0.866025403784439,1.,0.866025403784439,
1.,0.866025403784439,1.,0.866025403784439,1.,0.866025403784439,1.,0.866025403784439,
1.,0.866025403784439,1.,0.866025403784439,1.,0.866025403784439,1.,0.866025403784439,
1.,0.866025403784439,1.,0.866025403784439,1.,0.866025403784439,1.,0.866025403784439,
1.,0.866025403784439,1.,0.866025403784439,1.,0.866025403784439,1.,0.866025403784439,
1.,0.866025403784439,1.,0.866025403784439,1.,0.866025403784439,1.,0.866025403784439,
1.,0.866025403784439,1.,0.866025403784439,1.,0.866025403784439,1.,0.866025403784439,
1.,0.866025403784439,1.,0.866025403784439,1.,0.866025403784439,1.,0.866025403784439,
1.,0.866025403784439,1.,0.866025403784439,1.,0.866025403784439,1.,0.866025403784439,
1.,0.866025403784439,1.,0.866025403784439,1.,0.866025403784439,1.,0.866025403784439,
1.,0.866025403784439,1.,0.866025403784439,1.,0.866025403784439,1.,0.866025403784439,
1.,0.866025403784439,1.,0.866025403784439,1.,0.866025403784439,1.,0.866025403784439,
1.,0.866025403784439,1.,0.866025403784439,1.,0.866025403784439,1.,0.866025403784439,
1.),(1.,0.866025403784439,1.,0.866025403784439,1.,0.866025403784439,1.,
0.866025403784439,1.,0.866025403784439,1.,0.866025403784439,1.,0.866025403784439,
1.,0.866025403784439,1.,0.866025403784439,1.,0.866025403784439,1.,0.866025403784439,
1.,0.866025403784439,1.,0.866025403784439,1.,0.866025403784439,1.,0.866025403784439,
1.,0.866025403784439,1.,0.866025403784439,1.,0.866025403784439,1.,0.866025403784439,
1.,0.866025403784439,1.,0.866025403784439,1.,0.866025403784439,1.,0.866025403784439,
1.,0.866025403784439,1.,0.866025403784439,1.,0.866025403784439,1.,0.866025403784439,
1.,0.866025403784439,1.,0.866025403784439,1.,0.866025403784439,1.,0.866025403784439,
1.,0.866025403784439,1.,0.866025403784439,1.,0.866025403784439,1.,0.866025403784439,
1.,0.866025403784439,1.,0.866025403784439,1.,0.866025403784439,1.,0.866025403784439,
1.,0.866025403784439,1.,0.866025403784439,1.,0.866025403784439,1.,0.866025403784439,
1.,0.866025403784439,1.,0.866025403784439,1.,0.866025403784439,1.,0.866025403784439,
1.,0.866025403784439,1.,0.866025403784439,1.,0.866025403784439,1.,0.866025403784439,
1.,0.866025403784439,1.,0.866025403784439,1.,0.866025403784439,1.,0.866025403784439,
1.,0.866025403784439,1.,0.866025403784439,1.,0.866025403784439,1.,0.866025403784439,
1.,0.866025403784439,1.,0.866025403784439,1.,0.866025403784439,1.,0.866025403784439,
1.,0.866025403784439,1.,0.866025403784439,1.,0.866025403784439,1.,0.866025403784439,
1.,0.866025403784439,1.,0.866025403784439,1.,0.866025403784439,1.,0.866025403784439,
1.,0.866025403784439,1.,0.866025403784439,1.,0.866025403784439,1.,0.866025403784439,
1.,0.866025403784439,1.,0.866025403784439,1.,0.866025403784439,1.,0.866025403784439,
1.,0.866025403784439,1.,0.866025403784439,1.,0.866025403784439,1.,0.866025403784439,
1.,0.866025403784439,1.,0.866025403784439,1.,0.866025403784439,1.,0.866025403784439,
1.,0.866025403784439,1.,0.866025403784439,1.,0.866025403784439,1.,0.866025403784439,
1.,0.866025403784439,1.,0.866025403784439,1.,0.866025403784439,1.,0.866025403784439,
1.,0.866025403784439,1.,0.866025403784439,1.,0.866025403784439,1.,0.866025403784439,
1.,0.866025403784439,1.,0.866025403784439,1.,0.866025403784439,1.,0.866025403784439,
1.,0.866025403784439,1.,0.866025403784439,1.,0.866025403784439,1.,0.866025403784439,
1.,0.866025403784439,1.,0.866025403784439,1.,0.866025403784439,1.,0.866025403784439,
1.,0.866025403784439,1.,0.866025403784439,1.,0.866025403784439,1.,0.866025403784439,
1.,0.866025403784439,1.,0.866025403784439,1.,0.866025403784439,1.,0.866025403784439,
1.,0.866025403784439,1.,0.866025403784439,1.,0.866025403784439,1.,0.866025403784439,
1.,0.866025403784439,1.,0.866025403784439,1.,0.866025403784439,1.,0.866025403784439,
1.,0.866025403784439,1.,0.866025403784439,1.,0.866025403784439,1.,0.866025403784439,
1.,0.866025403784439,1.,0.866025403784439,1.,0.866025403784439,1.,0.866025403784439,
1.,0.866025403784439,1.,0.866025403784439,1.,0.866025403784439,1.,0.866025403784439,
1.,0.866025403784439,1.,0.866025403784439,1.,0.866025403784439,1.,0.866025403784439,
1.,0.866025403784439,1.,0.866025403784439,1.,0.866025403784439,1.,0.866025403784439,
1.,0.866025403784439,1.,0.866025403784439,1.,0.866025403784439,1.,0.866025403784439,
1.,0.866025403784439,1.,0.866025403784439,1.,0.866025403784439,1.,0.866025403784439,
1.,0.866025403784439,1.,0.866025403784439,1.,0.866025403784439,1.,0.866025403784439,
1.,0.866025403784439,1.,0.866025403784439,1.,0.866025403784439,1.,0.866025403784439,
1.,0.866025403784439,1.,0.866025403784439,1.,0.866025403784439,1.,0.866025403784439,
1.,0.866025403784439,1.,0.866025403784439,1.,0.866025403784439,1.,0.866025403784439,
1.,0.866025403784439,1.,0.866025403784439,1.,0.866025403784439,1.,0.866025403784439,
1.,0.866025403784439,1.,0.866025403784439,1.,0.866025403784439,1.,0.866025403784439,
1.,0.866025403784439,1.,0.866025403784439,1.,0.866025403784439,1.,0.866025403784439,
1.,0.866025403784439,1.,0.866025403784439,1.,0.866025403784439,1.,0.866025403784439,
1.,0.866025403784439,1.,0.866025403784439,1.,0.866025403784439,1.,0.866025403784439,
1.,0.866025403784439,1.,0.866025403784439,1.,0.866025403784439,1.,0.866025403784439,
1.,0.866025403784439,1.,0.866025403784439,1.,0.866025403784439,1.,0.866025403784439,
1.,0.866025403784439,1.,0.866025403784439,1.,0.866025403784439,1.,0.866025403784439,
1.,0.866025403784439,1.,0.866025403784439,1.,0.866025403784439,1.,0.866025403784439,
1.,0.866025403784439,1.,0.866025403784439,1.,0.866025403784439,1.,0.866025403784439,
1.,0.866025403784439,1.,0.866025403784439,1.,0.866025403784439,1.,0.866025403784439,
1.,0.866025403784439,1.,0.866025403784439,1.,0.866025403784439,1.,0.866025403784439,
1.,0.866025403784439,1.,0.866025403784439,1.,0.866025403784439,1.,0.866025403784439,
1.,0.866025403784439,1.,0.866025403784439,1.,0.866025403784439,1.,0.866025403784439,
1.,0.866025403784439,1.,0.866025403784439,1.,0.866025403784439,1.,0.866025403784439,
1.,0.866025403784439,1.,0.866025403784439,1.,0.866025403784439,1.,0.866025403784439,
1.,0.866025403784439,1.,0.866025403784439,1.,0.866025403784439,1.,0.866025403784439,
1.,0.866025403784439,1.,0.866025403784439,1.,0.866025403784439,1.,0.866025403784439,
1.,0.866025403784439,1.,0.866025403784439,1.,0.866025403784439,1.,0.866025403784439,
1.,0.866025403784439,1.,0.866025403784439,1.,0.866025403784439,1.,0.866025403784439,
1.,0.866025403784439,1.,0.866025403784439,1.,0.866025403784439,1.,0.866025403784439,
1.,0.866025403784439,1.,0.866025403784439,1.,0.866025403784439,1.,0.866025403784439,
1.,0.866025403784439,1.,0.866025403784439,1.,0.866025403784439,1.,0.866025403784439,
1.,0.866025403784439,1.,0.866025403784439,1.,0.866025403784439,1.,0.866025403784439,
1.,0.866025403784439,1.,0.866025403784439,1.,0.866025403784439,1.,0.866025403784439,
1.,0.866025403784439,1.,0.866025403784439,1.,0.866025403784439,1.,0.866025403784439,
1.,0.866025403784439,1.,0.866025403784439,1.,0.866025403784439,1.,0.866025403784439,
1.,0.866025403784439,1.,0.866025403784439,1.,0.866025403784439,1.,0.866025403784439,
1.,0.866025403784439,1.,0.866025403784439,1.,0.866025403784439,1.,0.866025403784439,
1.,0.866025403784439,1.,0.866025403784439,1.,0.866025403784439,1.,0.866025403784439,
1.,0.866025403784439,1.,0.866025403784439,1.,0.866025403784439,1.,0.866025403784439,
1.,0.866025403784439,1.,0.866025403784439,1.,0.866025403784439,1.,0.866025403784439,
1.,0.866025403784439,1.,0.866025403784439,1.,0.866025403784439,1.,0.866025403784439,
1.,0.866025403784439,1.,0.866025403784439,1.,0.866025403784439,1.,0.866025403784439,
1.,0.866025403784439,1.,0.866025403784439,1.,0.866025403784439,1.,0.866025403784439,
1.,0.866025403784439,1.,0.866025403784439,1.,0.866025403784439,1.,0.866025403784439,
1.,0.866025403784439,1.,0.866025403784439,1.,0.866025403784439,1.,0.866025403784439,
1.,0.866025403784439,1.,0.866025403784439,1.,0.866025403784439,1.,0.866025403784439,
1.,0.866025403784439,1.,0.866025403784439,1.,0.866025403784439,1.,0.866025403784439,
1.,0.866025403784439,1.,0.866025403784439,1.,0.866025403784439,1.,0.866025403784439,
1.,0.866025403784439,1.,0.866025403784439,1.,0.866025403784439,1.,0.866025403784439,
1.,0.866025403784439,1.,0.866025403784439,1.,0.866025403784439,1.,0.866025403784439,
1.,0.866025403784439,1.,0.866025403784439,1.,0.866025403784439,1.,0.866025403784439,
1.,0.866025403784439,1.,0.866025403784439,1.,0.866025403784439,1.,0.866025403784439,
1.,0.866025403784439,1.,0.866025403784439,1.,0.866025403784439,1.,0.866025403784439,
1.,0.866025403784439,1.,0.866025403784439,1.,0.866025403784439,1.,0.866025403784439,
1.,0.866025403784439,1.,0.866025403784439,1.,0.866025403784439,1.,0.866025403784439,
1.,0.866025403784439,1.,0.866025403784439,1.,0.866025403784439,1.,0.866025403784439,
1.,0.866025403784439,1.,0.866025403784439,1.,0.866025403784439,1.)))
REPRESENTATION_ITEM('')
SURFACE()
);
#53=(
BOUNDED_SURFACE()
B_SPLINE_SURFACE(2,2,((#10565,#10566,#10567),(#10568,#10569,#10570),(#10571,
#10572,#10573)),.UNSPECIFIED.,.F.,.F.,.F.)
B_SPLINE_SURFACE_WITH_KNOTS((3,3),(3,3),(-1.5707963267949,0.),(-3.14159265358979,
-1.5707963267949),.UNSPECIFIED.)
GEOMETRIC_REPRESENTATION_ITEM()
RATIONAL_B_SPLINE_SURFACE(((1.,0.707106781186548,1.),(0.70710678118655,
0.500000000000002,0.70710678118655),(1.,0.707106781186548,1.)))
REPRESENTATION_ITEM('')
SURFACE()
);
#54=(
BOUNDED_SURFACE()
B_SPLINE_SURFACE(2,2,((#10581,#10582,#10583),(#10584,#10585,#10586),(#10587,
#10588,#10589)),.UNSPECIFIED.,.F.,.F.,.F.)
B_SPLINE_SURFACE_WITH_KNOTS((3,3),(3,3),(-1.5707963267949,0.),(-1.5707963267949,
0.),.UNSPECIFIED.)
GEOMETRIC_REPRESENTATION_ITEM()
RATIONAL_B_SPLINE_SURFACE(((1.,0.707106781186547,1.),(0.707106781186549,
0.500000000000001,0.707106781186549),(1.,0.707106781186547,1.)))
REPRESENTATION_ITEM('')
SURFACE()
);
#55=PLANE('',#1843);
#56=PLANE('',#1844);
#57=PLANE('',#1853);
#58=PLANE('',#1892);
#59=PLANE('',#1893);
#60=PLANE('',#1896);
#61=PLANE('',#1899);
#62=PLANE('',#1904);
#63=PLANE('',#1910);
#64=PLANE('',#1915);
#65=PLANE('',#1921);
#66=PLANE('',#1922);
#67=PLANE('',#1923);
#68=PLANE('',#1924);
#69=PLANE('',#1925);
#70=PLANE('',#1926);
#71=PLANE('',#1927);
#72=PLANE('',#1928);
#73=(
BOUNDED_CURVE()
B_SPLINE_CURVE(2,(#2700,#2701,#2702,#2703,#2704,#2705,#2706,#2707,#2708,
#2709,#2710,#2711,#2712),.UNSPECIFIED.,.F.,.F.)
B_SPLINE_CURVE_WITH_KNOTS((3,2,2,2,2,2,3),(0.680327868852459,0.683060109289617,
0.685792349726776,0.688524590163934,0.691256830601093,0.693989071038251,
0.69470760573038),.UNSPECIFIED.)
CURVE()
GEOMETRIC_REPRESENTATION_ITEM()
RATIONAL_B_SPLINE_CURVE((1.,0.866025403784439,1.,0.866025403784439,1.,0.866025403784439,
1.,0.866025403784439,1.,0.866025403784439,1.,0.964766865340375,0.948065210722622))
REPRESENTATION_ITEM('')
);
#74=(
BOUNDED_CURVE()
B_SPLINE_CURVE(2,(#2715,#2716,#2717,#2718,#2719,#2720,#2721,#2722,#2723,
#2724,#2725,#2726,#2727),.UNSPECIFIED.,.F.,.F.)
B_SPLINE_CURVE_WITH_KNOTS((3,2,2,2,2,2,3),(0.680327868852459,0.683060109289617,
0.685792349726776,0.688524590163934,0.691256830601093,0.693989071038251,
0.69672131147541),.UNSPECIFIED.)
CURVE()
GEOMETRIC_REPRESENTATION_ITEM()
RATIONAL_B_SPLINE_CURVE((1.,0.866025403784439,1.,0.866025403784439,1.,0.866025403784439,
1.,0.866025403784439,1.,0.866025403784439,1.,0.866025403784439,1.))
REPRESENTATION_ITEM('')
);
#75=(
BOUNDED_CURVE()
B_SPLINE_CURVE(2,(#2732,#2733,#2734,#2735,#2736,#2737,#2738,#2739,#2740,
#2741,#2742,#2743,#2744),.UNSPECIFIED.,.F.,.F.)
B_SPLINE_CURVE_WITH_KNOTS((3,2,2,2,2,2,3),(0.663934426229508,0.666666666666667,
0.669398907103825,0.672131147540984,0.674863387978142,0.677595628415301,
0.680327868852459),.UNSPECIFIED.)
CURVE()
GEOMETRIC_REPRESENTATION_ITEM()
RATIONAL_B_SPLINE_CURVE((1.,0.866025403784439,1.,0.866025403784439,1.,0.866025403784439,
1.,0.866025403784439,1.,0.866025403784439,1.,0.866025403784439,1.))
REPRESENTATION_ITEM('')
);
#76=(
BOUNDED_CURVE()
B_SPLINE_CURVE(2,(#2745,#2746,#2747,#2748,#2749,#2750,#2751,#2752,#2753,
#2754,#2755,#2756,#2757),.UNSPECIFIED.,.F.,.F.)
B_SPLINE_CURVE_WITH_KNOTS((3,2,2,2,2,2,3),(0.663934426229508,0.666666666666667,
0.669398907103825,0.672131147540984,0.674863387978142,0.677595628415301,
0.680327868852459),.UNSPECIFIED.)
CURVE()
GEOMETRIC_REPRESENTATION_ITEM()
RATIONAL_B_SPLINE_CURVE((1.,0.866025403784439,1.,0.866025403784439,1.,0.866025403784439,
1.,0.866025403784439,1.,0.866025403784439,1.,0.866025403784439,1.))
REPRESENTATION_ITEM('')
);
#77=(
BOUNDED_CURVE()
B_SPLINE_CURVE(2,(#2762,#2763,#2764,#2765,#2766,#2767,#2768,#2769,#2770,
#2771,#2772,#2773,#2774),.UNSPECIFIED.,.F.,.F.)
B_SPLINE_CURVE_WITH_KNOTS((3,2,2,2,2,2,3),(0.647540983606557,0.650273224043716,
0.653005464480874,0.655737704918033,0.658469945355191,0.66120218579235,
0.663934426229508),.UNSPECIFIED.)
CURVE()
GEOMETRIC_REPRESENTATION_ITEM()
RATIONAL_B_SPLINE_CURVE((1.,0.866025403784439,1.,0.866025403784439,1.,0.866025403784439,
1.,0.866025403784439,1.,0.866025403784439,1.,0.866025403784439,1.))
REPRESENTATION_ITEM('')
);
#78=(
BOUNDED_CURVE()
B_SPLINE_CURVE(2,(#2775,#2776,#2777,#2778,#2779,#2780,#2781,#2782,#2783,
#2784,#2785,#2786,#2787),.UNSPECIFIED.,.F.,.F.)
B_SPLINE_CURVE_WITH_KNOTS((3,2,2,2,2,2,3),(0.647540983606557,0.650273224043716,
0.653005464480874,0.655737704918033,0.658469945355191,0.66120218579235,
0.663934426229508),.UNSPECIFIED.)
CURVE()
GEOMETRIC_REPRESENTATION_ITEM()
RATIONAL_B_SPLINE_CURVE((1.,0.866025403784439,1.,0.866025403784439,1.,0.866025403784439,
1.,0.866025403784439,1.,0.866025403784439,1.,0.866025403784439,1.))
REPRESENTATION_ITEM('')
);
#79=(
BOUNDED_CURVE()
B_SPLINE_CURVE(2,(#2792,#2793,#2794,#2795,#2796,#2797,#2798,#2799,#2800,
#2801,#2802,#2803,#2804),.UNSPECIFIED.,.F.,.F.)
B_SPLINE_CURVE_WITH_KNOTS((3,2,2,2,2,2,3),(0.631147540983607,0.633879781420765,
0.636612021857924,0.639344262295082,0.64207650273224,0.644808743169399,
0.647540983606557),.UNSPECIFIED.)
CURVE()
GEOMETRIC_REPRESENTATION_ITEM()
RATIONAL_B_SPLINE_CURVE((1.,0.866025403784439,1.,0.866025403784439,1.,0.866025403784439,
1.,0.866025403784439,1.,0.866025403784439,1.,0.866025403784439,1.))
REPRESENTATION_ITEM('')
);
#80=(
BOUNDED_CURVE()
B_SPLINE_CURVE(2,(#2805,#2806,#2807,#2808,#2809,#2810,#2811,#2812,#2813,
#2814,#2815,#2816,#2817),.UNSPECIFIED.,.F.,.F.)
B_SPLINE_CURVE_WITH_KNOTS((3,2,2,2,2,2,3),(0.631147540983607,0.633879781420765,
0.636612021857924,0.639344262295082,0.64207650273224,0.644808743169399,
0.647540983606557),.UNSPECIFIED.)
CURVE()
GEOMETRIC_REPRESENTATION_ITEM()
RATIONAL_B_SPLINE_CURVE((1.,0.866025403784439,1.,0.866025403784439,1.,0.866025403784439,
1.,0.866025403784439,1.,0.866025403784439,1.,0.866025403784439,1.))
REPRESENTATION_ITEM('')
);
#81=(
BOUNDED_CURVE()
B_SPLINE_CURVE(2,(#2822,#2823,#2824,#2825,#2826,#2827,#2828,#2829,#2830,
#2831,#2832,#2833,#2834),.UNSPECIFIED.,.F.,.F.)
B_SPLINE_CURVE_WITH_KNOTS((3,2,2,2,2,2,3),(0.614754098360656,0.617486338797814,
0.620218579234973,0.622950819672131,0.62568306010929,0.628415300546448,
0.631147540983607),.UNSPECIFIED.)
CURVE()
GEOMETRIC_REPRESENTATION_ITEM()
RATIONAL_B_SPLINE_CURVE((1.,0.866025403784439,1.,0.866025403784439,1.,0.866025403784439,
1.,0.866025403784439,1.,0.866025403784439,1.,0.866025403784439,1.))
REPRESENTATION_ITEM('')
);
#82=(
BOUNDED_CURVE()
B_SPLINE_CURVE(2,(#2835,#2836,#2837,#2838,#2839,#2840,#2841,#2842,#2843,
#2844,#2845,#2846,#2847),.UNSPECIFIED.,.F.,.F.)
B_SPLINE_CURVE_WITH_KNOTS((3,2,2,2,2,2,3),(0.614754098360656,0.617486338797814,
0.620218579234973,0.622950819672131,0.62568306010929,0.628415300546448,
0.631147540983607),.UNSPECIFIED.)
CURVE()
GEOMETRIC_REPRESENTATION_ITEM()
RATIONAL_B_SPLINE_CURVE((1.,0.866025403784439,1.,0.866025403784439,1.,0.866025403784439,
1.,0.866025403784439,1.,0.866025403784439,1.,0.866025403784439,1.))
REPRESENTATION_ITEM('')
);
#83=(
BOUNDED_CURVE()
B_SPLINE_CURVE(2,(#2852,#2853,#2854,#2855,#2856,#2857,#2858,#2859,#2860,
#2861,#2862,#2863,#2864),.UNSPECIFIED.,.F.,.F.)
B_SPLINE_CURVE_WITH_KNOTS((3,2,2,2,2,2,3),(0.598360655737705,0.601092896174863,
0.603825136612022,0.60655737704918,0.609289617486339,0.612021857923497,
0.614754098360656),.UNSPECIFIED.)
CURVE()
GEOMETRIC_REPRESENTATION_ITEM()
RATIONAL_B_SPLINE_CURVE((1.,0.866025403784439,1.,0.866025403784439,1.,0.866025403784439,
1.,0.866025403784439,1.,0.866025403784439,1.,0.866025403784439,1.))
REPRESENTATION_ITEM('')
);
#84=(
BOUNDED_CURVE()
B_SPLINE_CURVE(2,(#2865,#2866,#2867,#2868,#2869,#2870,#2871,#2872,#2873,
#2874,#2875,#2876,#2877),.UNSPECIFIED.,.F.,.F.)
B_SPLINE_CURVE_WITH_KNOTS((3,2,2,2,2,2,3),(0.598360655737705,0.601092896174863,
0.603825136612022,0.60655737704918,0.609289617486339,0.612021857923497,
0.614754098360656),.UNSPECIFIED.)
CURVE()
GEOMETRIC_REPRESENTATION_ITEM()
RATIONAL_B_SPLINE_CURVE((1.,0.866025403784439,1.,0.866025403784439,1.,0.866025403784439,
1.,0.866025403784439,1.,0.866025403784439,1.,0.866025403784439,1.))
REPRESENTATION_ITEM('')
);
#85=(
BOUNDED_CURVE()
B_SPLINE_CURVE(2,(#2882,#2883,#2884,#2885,#2886,#2887,#2888,#2889,#2890,
#2891,#2892,#2893,#2894),.UNSPECIFIED.,.F.,.F.)
B_SPLINE_CURVE_WITH_KNOTS((3,2,2,2,2,2,3),(0.581967213114754,0.584699453551913,
0.587431693989071,0.590163934426229,0.592896174863388,0.595628415300546,
0.598360655737705),.UNSPECIFIED.)
CURVE()
GEOMETRIC_REPRESENTATION_ITEM()
RATIONAL_B_SPLINE_CURVE((1.,0.866025403784439,1.,0.866025403784439,1.,0.866025403784439,
1.,0.866025403784439,1.,0.866025403784439,1.,0.866025403784439,1.))
REPRESENTATION_ITEM('')
);
#86=(
BOUNDED_CURVE()
B_SPLINE_CURVE(2,(#2895,#2896,#2897,#2898,#2899,#2900,#2901,#2902,#2903,
#2904,#2905,#2906,#2907),.UNSPECIFIED.,.F.,.F.)
B_SPLINE_CURVE_WITH_KNOTS((3,2,2,2,2,2,3),(0.581967213114754,0.584699453551913,
0.587431693989071,0.590163934426229,0.592896174863388,0.595628415300546,
0.598360655737705),.UNSPECIFIED.)
CURVE()
GEOMETRIC_REPRESENTATION_ITEM()
RATIONAL_B_SPLINE_CURVE((1.,0.866025403784439,1.,0.866025403784439,1.,0.866025403784439,
1.,0.866025403784439,1.,0.866025403784439,1.,0.866025403784439,1.))
REPRESENTATION_ITEM('')
);
#87=(
BOUNDED_CURVE()
B_SPLINE_CURVE(2,(#2912,#2913,#2914,#2915,#2916,#2917,#2918,#2919,#2920,
#2921,#2922,#2923,#2924),.UNSPECIFIED.,.F.,.F.)
B_SPLINE_CURVE_WITH_KNOTS((3,2,2,2,2,2,3),(0.565573770491803,0.568306010928962,
0.57103825136612,0.573770491803279,0.576502732240437,0.579234972677596,
0.581967213114754),.UNSPECIFIED.)
CURVE()
GEOMETRIC_REPRESENTATION_ITEM()
RATIONAL_B_SPLINE_CURVE((1.,0.866025403784439,1.,0.866025403784439,1.,0.866025403784439,
1.,0.866025403784439,1.,0.866025403784439,1.,0.866025403784439,1.))
REPRESENTATION_ITEM('')
);
#88=(
BOUNDED_CURVE()
B_SPLINE_CURVE(2,(#2925,#2926,#2927,#2928,#2929,#2930,#2931,#2932,#2933,
#2934,#2935,#2936,#2937),.UNSPECIFIED.,.F.,.F.)
B_SPLINE_CURVE_WITH_KNOTS((3,2,2,2,2,2,3),(0.565573770491803,0.568306010928962,
0.57103825136612,0.573770491803279,0.576502732240437,0.579234972677596,
0.581967213114754),.UNSPECIFIED.)
CURVE()
GEOMETRIC_REPRESENTATION_ITEM()
RATIONAL_B_SPLINE_CURVE((1.,0.866025403784439,1.,0.866025403784439,1.,0.866025403784439,
1.,0.866025403784439,1.,0.866025403784439,1.,0.866025403784439,1.))
REPRESENTATION_ITEM('')
);
#89=(
BOUNDED_CURVE()
B_SPLINE_CURVE(2,(#2942,#2943,#2944,#2945,#2946,#2947,#2948,#2949,#2950,
#2951,#2952,#2953,#2954),.UNSPECIFIED.,.F.,.F.)
B_SPLINE_CURVE_WITH_KNOTS((3,2,2,2,2,2,3),(0.549180327868853,0.551912568306011,
0.554644808743169,0.557377049180328,0.560109289617486,0.562841530054645,
0.565573770491803),.UNSPECIFIED.)
CURVE()
GEOMETRIC_REPRESENTATION_ITEM()
RATIONAL_B_SPLINE_CURVE((1.,0.866025403784439,1.,0.866025403784439,1.,0.866025403784439,
1.,0.866025403784439,1.,0.866025403784439,1.,0.866025403784439,1.))
REPRESENTATION_ITEM('')
);
#90=(
BOUNDED_CURVE()
B_SPLINE_CURVE(2,(#2955,#2956,#2957,#2958,#2959,#2960,#2961,#2962,#2963,
#2964,#2965,#2966,#2967),.UNSPECIFIED.,.F.,.F.)
B_SPLINE_CURVE_WITH_KNOTS((3,2,2,2,2,2,3),(0.549180327868853,0.551912568306011,
0.554644808743169,0.557377049180328,0.560109289617486,0.562841530054645,
0.565573770491803),.UNSPECIFIED.)
CURVE()
GEOMETRIC_REPRESENTATION_ITEM()
RATIONAL_B_SPLINE_CURVE((1.,0.866025403784439,1.,0.866025403784439,1.,0.866025403784439,
1.,0.866025403784439,1.,0.866025403784439,1.,0.866025403784439,1.))
REPRESENTATION_ITEM('')
);
#91=(
BOUNDED_CURVE()
B_SPLINE_CURVE(2,(#2974,#2975,#2976),.UNSPECIFIED.,.F.,.F.)
B_SPLINE_CURVE_WITH_KNOTS((3,3),(0.530773179500872,0.532786885245902),
 .UNSPECIFIED.)
CURVE()
GEOMETRIC_REPRESENTATION_ITEM()
RATIONAL_B_SPLINE_CURVE((0.948065210722619,0.901258538444067,1.))
REPRESENTATION_ITEM('')
);
#92=(
BOUNDED_CURVE()
B_SPLINE_CURVE(2,(#3375,#3376,#3377,#3378,#3379,#3380,#3381,#3382,#3383,
#3384,#3385,#3386,#3387),.UNSPECIFIED.,.F.,.F.)
B_SPLINE_CURVE_WITH_KNOTS((3,2,2,2,2,2,3),(0.680327868852459,0.683060109289617,
0.685792349726776,0.688524590163934,0.691256830601093,0.693989071038251,
0.694707605730381),.UNSPECIFIED.)
CURVE()
GEOMETRIC_REPRESENTATION_ITEM()
RATIONAL_B_SPLINE_CURVE((1.,0.866025403784439,1.,0.866025403784439,1.,0.866025403784439,
1.,0.866025403784439,1.,0.866025403784439,1.,0.964766865340359,0.948065210722607))
REPRESENTATION_ITEM('')
);
#93=(
BOUNDED_CURVE()
B_SPLINE_CURVE(2,(#3390,#3391,#3392,#3393,#3394,#3395,#3396,#3397,#3398,
#3399,#3400,#3401,#3402),.UNSPECIFIED.,.F.,.F.)
B_SPLINE_CURVE_WITH_KNOTS((3,2,2,2,2,2,3),(0.680327868852459,0.683060109289617,
0.685792349726776,0.688524590163934,0.691256830601093,0.693989071038251,
0.69672131147541),.UNSPECIFIED.)
CURVE()
GEOMETRIC_REPRESENTATION_ITEM()
RATIONAL_B_SPLINE_CURVE((1.,0.866025403784439,1.,0.866025403784439,1.,0.866025403784439,
1.,0.866025403784439,1.,0.866025403784439,1.,0.866025403784439,1.))
REPRESENTATION_ITEM('')
);
#94=(
BOUNDED_CURVE()
B_SPLINE_CURVE(2,(#3407,#3408,#3409,#3410,#3411,#3412,#3413,#3414,#3415,
#3416,#3417,#3418,#3419),.UNSPECIFIED.,.F.,.F.)
B_SPLINE_CURVE_WITH_KNOTS((3,2,2,2,2,2,3),(0.663934426229508,0.666666666666667,
0.669398907103825,0.672131147540984,0.674863387978142,0.677595628415301,
0.680327868852459),.UNSPECIFIED.)
CURVE()
GEOMETRIC_REPRESENTATION_ITEM()
RATIONAL_B_SPLINE_CURVE((1.,0.866025403784439,1.,0.866025403784439,1.,0.866025403784439,
1.,0.866025403784439,1.,0.866025403784439,1.,0.866025403784439,1.))
REPRESENTATION_ITEM('')
);
#95=(
BOUNDED_CURVE()
B_SPLINE_CURVE(2,(#3420,#3421,#3422,#3423,#3424,#3425,#3426,#3427,#3428,
#3429,#3430,#3431,#3432),.UNSPECIFIED.,.F.,.F.)
B_SPLINE_CURVE_WITH_KNOTS((3,2,2,2,2,2,3),(0.663934426229508,0.666666666666667,
0.669398907103825,0.672131147540984,0.674863387978142,0.677595628415301,
0.680327868852459),.UNSPECIFIED.)
CURVE()
GEOMETRIC_REPRESENTATION_ITEM()
RATIONAL_B_SPLINE_CURVE((1.,0.866025403784439,1.,0.866025403784439,1.,0.866025403784439,
1.,0.866025403784439,1.,0.866025403784439,1.,0.866025403784439,1.))
REPRESENTATION_ITEM('')
);
#96=(
BOUNDED_CURVE()
B_SPLINE_CURVE(2,(#3437,#3438,#3439,#3440,#3441,#3442,#3443,#3444,#3445,
#3446,#3447,#3448,#3449),.UNSPECIFIED.,.F.,.F.)
B_SPLINE_CURVE_WITH_KNOTS((3,2,2,2,2,2,3),(0.647540983606557,0.650273224043716,
0.653005464480874,0.655737704918033,0.658469945355191,0.66120218579235,
0.663934426229508),.UNSPECIFIED.)
CURVE()
GEOMETRIC_REPRESENTATION_ITEM()
RATIONAL_B_SPLINE_CURVE((1.,0.866025403784439,1.,0.866025403784439,1.,0.866025403784439,
1.,0.866025403784439,1.,0.866025403784439,1.,0.866025403784439,1.))
REPRESENTATION_ITEM('')
);
#97=(
BOUNDED_CURVE()
B_SPLINE_CURVE(2,(#3450,#3451,#3452,#3453,#3454,#3455,#3456,#3457,#3458,
#3459,#3460,#3461,#3462),.UNSPECIFIED.,.F.,.F.)
B_SPLINE_CURVE_WITH_KNOTS((3,2,2,2,2,2,3),(0.647540983606557,0.650273224043716,
0.653005464480874,0.655737704918033,0.658469945355191,0.66120218579235,
0.663934426229508),.UNSPECIFIED.)
CURVE()
GEOMETRIC_REPRESENTATION_ITEM()
RATIONAL_B_SPLINE_CURVE((1.,0.866025403784439,1.,0.866025403784439,1.,0.866025403784439,
1.,0.866025403784439,1.,0.866025403784439,1.,0.866025403784439,1.))
REPRESENTATION_ITEM('')
);
#98=(
BOUNDED_CURVE()
B_SPLINE_CURVE(2,(#3467,#3468,#3469,#3470,#3471,#3472,#3473,#3474,#3475,
#3476,#3477,#3478,#3479),.UNSPECIFIED.,.F.,.F.)
B_SPLINE_CURVE_WITH_KNOTS((3,2,2,2,2,2,3),(0.631147540983607,0.633879781420765,
0.636612021857924,0.639344262295082,0.64207650273224,0.644808743169399,
0.647540983606557),.UNSPECIFIED.)
CURVE()
GEOMETRIC_REPRESENTATION_ITEM()
RATIONAL_B_SPLINE_CURVE((1.,0.866025403784439,1.,0.866025403784439,1.,0.866025403784439,
1.,0.866025403784439,1.,0.866025403784439,1.,0.866025403784439,1.))
REPRESENTATION_ITEM('')
);
#99=(
BOUNDED_CURVE()
B_SPLINE_CURVE(2,(#3480,#3481,#3482,#3483,#3484,#3485,#3486,#3487,#3488,
#3489,#3490,#3491,#3492),.UNSPECIFIED.,.F.,.F.)
B_SPLINE_CURVE_WITH_KNOTS((3,2,2,2,2,2,3),(0.631147540983607,0.633879781420765,
0.636612021857924,0.639344262295082,0.64207650273224,0.644808743169399,
0.647540983606557),.UNSPECIFIED.)
CURVE()
GEOMETRIC_REPRESENTATION_ITEM()
RATIONAL_B_SPLINE_CURVE((1.,0.866025403784439,1.,0.866025403784439,1.,0.866025403784439,
1.,0.866025403784439,1.,0.866025403784439,1.,0.866025403784439,1.))
REPRESENTATION_ITEM('')
);
#100=(
BOUNDED_CURVE()
B_SPLINE_CURVE(2,(#3497,#3498,#3499,#3500,#3501,#3502,#3503,#3504,#3505,
#3506,#3507,#3508,#3509),.UNSPECIFIED.,.F.,.F.)
B_SPLINE_CURVE_WITH_KNOTS((3,2,2,2,2,2,3),(0.614754098360656,0.617486338797814,
0.620218579234973,0.622950819672131,0.62568306010929,0.628415300546448,
0.631147540983607),.UNSPECIFIED.)
CURVE()
GEOMETRIC_REPRESENTATION_ITEM()
RATIONAL_B_SPLINE_CURVE((1.,0.866025403784439,1.,0.866025403784439,1.,0.866025403784439,
1.,0.866025403784439,1.,0.866025403784439,1.,0.866025403784439,1.))
REPRESENTATION_ITEM('')
);
#101=(
BOUNDED_CURVE()
B_SPLINE_CURVE(2,(#3510,#3511,#3512,#3513,#3514,#3515,#3516,#3517,#3518,
#3519,#3520,#3521,#3522),.UNSPECIFIED.,.F.,.F.)
B_SPLINE_CURVE_WITH_KNOTS((3,2,2,2,2,2,3),(0.614754098360656,0.617486338797814,
0.620218579234973,0.622950819672131,0.62568306010929,0.628415300546448,
0.631147540983607),.UNSPECIFIED.)
CURVE()
GEOMETRIC_REPRESENTATION_ITEM()
RATIONAL_B_SPLINE_CURVE((1.,0.866025403784439,1.,0.866025403784439,1.,0.866025403784439,
1.,0.866025403784439,1.,0.866025403784439,1.,0.866025403784439,1.))
REPRESENTATION_ITEM('')
);
#102=(
BOUNDED_CURVE()
B_SPLINE_CURVE(2,(#3527,#3528,#3529,#3530,#3531,#3532,#3533,#3534,#3535,
#3536,#3537,#3538,#3539),.UNSPECIFIED.,.F.,.F.)
B_SPLINE_CURVE_WITH_KNOTS((3,2,2,2,2,2,3),(0.598360655737705,0.601092896174863,
0.603825136612022,0.60655737704918,0.609289617486339,0.612021857923497,
0.614754098360656),.UNSPECIFIED.)
CURVE()
GEOMETRIC_REPRESENTATION_ITEM()
RATIONAL_B_SPLINE_CURVE((1.,0.866025403784439,1.,0.866025403784439,1.,0.866025403784439,
1.,0.866025403784439,1.,0.866025403784439,1.,0.866025403784439,1.))
REPRESENTATION_ITEM('')
);
#103=(
BOUNDED_CURVE()
B_SPLINE_CURVE(2,(#3540,#3541,#3542,#3543,#3544,#3545,#3546,#3547,#3548,
#3549,#3550,#3551,#3552),.UNSPECIFIED.,.F.,.F.)
B_SPLINE_CURVE_WITH_KNOTS((3,2,2,2,2,2,3),(0.598360655737705,0.601092896174863,
0.603825136612022,0.60655737704918,0.609289617486339,0.612021857923497,
0.614754098360656),.UNSPECIFIED.)
CURVE()
GEOMETRIC_REPRESENTATION_ITEM()
RATIONAL_B_SPLINE_CURVE((1.,0.866025403784439,1.,0.866025403784439,1.,0.866025403784439,
1.,0.866025403784439,1.,0.866025403784439,1.,0.866025403784439,1.))
REPRESENTATION_ITEM('')
);
#104=(
BOUNDED_CURVE()
B_SPLINE_CURVE(2,(#3557,#3558,#3559,#3560,#3561,#3562,#3563,#3564,#3565,
#3566,#3567,#3568,#3569),.UNSPECIFIED.,.F.,.F.)
B_SPLINE_CURVE_WITH_KNOTS((3,2,2,2,2,2,3),(0.581967213114754,0.584699453551913,
0.587431693989071,0.590163934426229,0.592896174863388,0.595628415300546,
0.598360655737705),.UNSPECIFIED.)
CURVE()
GEOMETRIC_REPRESENTATION_ITEM()
RATIONAL_B_SPLINE_CURVE((1.,0.866025403784439,1.,0.866025403784439,1.,0.866025403784439,
1.,0.866025403784439,1.,0.866025403784439,1.,0.866025403784439,1.))
REPRESENTATION_ITEM('')
);
#105=(
BOUNDED_CURVE()
B_SPLINE_CURVE(2,(#3570,#3571,#3572,#3573,#3574,#3575,#3576,#3577,#3578,
#3579,#3580,#3581,#3582),.UNSPECIFIED.,.F.,.F.)
B_SPLINE_CURVE_WITH_KNOTS((3,2,2,2,2,2,3),(0.581967213114754,0.584699453551913,
0.587431693989071,0.590163934426229,0.592896174863388,0.595628415300546,
0.598360655737705),.UNSPECIFIED.)
CURVE()
GEOMETRIC_REPRESENTATION_ITEM()
RATIONAL_B_SPLINE_CURVE((1.,0.866025403784439,1.,0.866025403784439,1.,0.866025403784439,
1.,0.866025403784439,1.,0.866025403784439,1.,0.866025403784439,1.))
REPRESENTATION_ITEM('')
);
#106=(
BOUNDED_CURVE()
B_SPLINE_CURVE(2,(#3587,#3588,#3589,#3590,#3591,#3592,#3593,#3594,#3595,
#3596,#3597,#3598,#3599),.UNSPECIFIED.,.F.,.F.)
B_SPLINE_CURVE_WITH_KNOTS((3,2,2,2,2,2,3),(0.565573770491803,0.568306010928962,
0.57103825136612,0.573770491803279,0.576502732240437,0.579234972677596,
0.581967213114754),.UNSPECIFIED.)
CURVE()
GEOMETRIC_REPRESENTATION_ITEM()
RATIONAL_B_SPLINE_CURVE((1.,0.866025403784439,1.,0.866025403784439,1.,0.866025403784439,
1.,0.866025403784439,1.,0.866025403784439,1.,0.866025403784439,1.))
REPRESENTATION_ITEM('')
);
#107=(
BOUNDED_CURVE()
B_SPLINE_CURVE(2,(#3600,#3601,#3602,#3603,#3604,#3605,#3606,#3607,#3608,
#3609,#3610,#3611,#3612),.UNSPECIFIED.,.F.,.F.)
B_SPLINE_CURVE_WITH_KNOTS((3,2,2,2,2,2,3),(0.565573770491803,0.568306010928962,
0.57103825136612,0.573770491803279,0.576502732240437,0.579234972677596,
0.581967213114754),.UNSPECIFIED.)
CURVE()
GEOMETRIC_REPRESENTATION_ITEM()
RATIONAL_B_SPLINE_CURVE((1.,0.866025403784439,1.,0.866025403784439,1.,0.866025403784439,
1.,0.866025403784439,1.,0.866025403784439,1.,0.866025403784439,1.))
REPRESENTATION_ITEM('')
);
#108=(
BOUNDED_CURVE()
B_SPLINE_CURVE(2,(#3617,#3618,#3619,#3620,#3621,#3622,#3623,#3624,#3625,
#3626,#3627,#3628,#3629),.UNSPECIFIED.,.F.,.F.)
B_SPLINE_CURVE_WITH_KNOTS((3,2,2,2,2,2,3),(0.549180327868853,0.551912568306011,
0.554644808743169,0.557377049180328,0.560109289617486,0.562841530054645,
0.565573770491803),.UNSPECIFIED.)
CURVE()
GEOMETRIC_REPRESENTATION_ITEM()
RATIONAL_B_SPLINE_CURVE((1.,0.866025403784439,1.,0.866025403784439,1.,0.866025403784439,
1.,0.866025403784439,1.,0.866025403784439,1.,0.866025403784439,1.))
REPRESENTATION_ITEM('')
);
#109=(
BOUNDED_CURVE()
B_SPLINE_CURVE(2,(#3630,#3631,#3632,#3633,#3634,#3635,#3636,#3637,#3638,
#3639,#3640,#3641,#3642),.UNSPECIFIED.,.F.,.F.)
B_SPLINE_CURVE_WITH_KNOTS((3,2,2,2,2,2,3),(0.549180327868853,0.551912568306011,
0.554644808743169,0.557377049180328,0.560109289617486,0.562841530054645,
0.565573770491803),.UNSPECIFIED.)
CURVE()
GEOMETRIC_REPRESENTATION_ITEM()
RATIONAL_B_SPLINE_CURVE((1.,0.866025403784439,1.,0.866025403784439,1.,0.866025403784439,
1.,0.866025403784439,1.,0.866025403784439,1.,0.866025403784439,1.))
REPRESENTATION_ITEM('')
);
#110=(
BOUNDED_CURVE()
B_SPLINE_CURVE(2,(#3649,#3650,#3651),.UNSPECIFIED.,.F.,.F.)
B_SPLINE_CURVE_WITH_KNOTS((3,3),(0.530773179500873,0.532786885245902),
 .UNSPECIFIED.)
CURVE()
GEOMETRIC_REPRESENTATION_ITEM()
RATIONAL_B_SPLINE_CURVE((0.948065210722608,0.901258538444078,1.))
REPRESENTATION_ITEM('')
);
#111=(
BOUNDED_CURVE()
B_SPLINE_CURVE(2,(#3676,#3677,#3678,#3679,#3680,#3681,#3682,#3683,#3684,
#3685,#3686,#3687,#3688),.UNSPECIFIED.,.F.,.F.)
B_SPLINE_CURVE_WITH_KNOTS((3,2,2,2,2,2,3),(0.532786885245902,0.53551912568306,
0.538251366120219,0.540983606557377,0.543715846994536,0.546448087431694,
0.549180327868853),.UNSPECIFIED.)
CURVE()
GEOMETRIC_REPRESENTATION_ITEM()
RATIONAL_B_SPLINE_CURVE((1.,0.866025403784439,1.,0.866025403784439,1.,0.866025403784439,
1.,0.866025403784439,1.,0.866025403784439,1.,0.866025403784439,1.))
REPRESENTATION_ITEM('')
);
#112=(
BOUNDED_CURVE()
B_SPLINE_CURVE(2,(#3689,#3690,#3691,#3692,#3693,#3694,#3695,#3696,#3697,
#3698,#3699,#3700,#3701),.UNSPECIFIED.,.F.,.F.)
B_SPLINE_CURVE_WITH_KNOTS((3,2,2,2,2,2,3),(0.532786885245902,0.53551912568306,
0.538251366120219,0.540983606557377,0.543715846994536,0.546448087431694,
0.549180327868853),.UNSPECIFIED.)
CURVE()
GEOMETRIC_REPRESENTATION_ITEM()
RATIONAL_B_SPLINE_CURVE((1.,0.866025403784439,1.,0.866025403784439,1.,0.866025403784439,
1.,0.866025403784439,1.,0.866025403784439,1.,0.866025403784439,1.))
REPRESENTATION_ITEM('')
);
#113=(
BOUNDED_CURVE()
B_SPLINE_CURVE(2,(#6738,#6739,#6740,#6741,#6742,#6743,#6744,#6745,#6746,
#6747,#6748,#6749,#6750),.UNSPECIFIED.,.F.,.F.)
B_SPLINE_CURVE_WITH_KNOTS((3,2,2,2,2,2,3),(0.532786885245902,0.53551912568306,
0.538251366120219,0.540983606557377,0.543715846994536,0.546448087431694,
0.549180327868853),.UNSPECIFIED.)
CURVE()
GEOMETRIC_REPRESENTATION_ITEM()
RATIONAL_B_SPLINE_CURVE((1.,0.866025403784439,1.,0.866025403784439,1.,0.866025403784439,
1.,0.866025403784439,1.,0.866025403784439,1.,0.866025403784439,1.))
REPRESENTATION_ITEM('')
);
#114=(
BOUNDED_CURVE()
B_SPLINE_CURVE(2,(#6751,#6752,#6753,#6754,#6755,#6756,#6757,#6758,#6759,
#6760,#6761,#6762,#6763),.UNSPECIFIED.,.F.,.F.)
B_SPLINE_CURVE_WITH_KNOTS((3,2,2,2,2,2,3),(0.532786885245902,0.53551912568306,
0.538251366120219,0.540983606557377,0.543715846994536,0.546448087431694,
0.549180327868853),.UNSPECIFIED.)
CURVE()
GEOMETRIC_REPRESENTATION_ITEM()
RATIONAL_B_SPLINE_CURVE((1.,0.866025403784439,1.,0.866025403784439,1.,0.866025403784439,
1.,0.866025403784439,1.,0.866025403784439,1.,0.866025403784439,1.))
REPRESENTATION_ITEM('')
);
#115=FACE_OUTER_BOUND('',#217,.T.);
#116=FACE_OUTER_BOUND('',#218,.T.);
#117=FACE_OUTER_BOUND('',#219,.T.);
#118=FACE_OUTER_BOUND('',#220,.T.);
#119=FACE_OUTER_BOUND('',#221,.T.);
#120=FACE_OUTER_BOUND('',#222,.T.);
#121=FACE_OUTER_BOUND('',#223,.T.);
#122=FACE_OUTER_BOUND('',#224,.T.);
#123=FACE_OUTER_BOUND('',#225,.T.);
#124=FACE_OUTER_BOUND('',#226,.T.);
#125=FACE_OUTER_BOUND('',#227,.T.);
#126=FACE_OUTER_BOUND('',#228,.T.);
#127=FACE_OUTER_BOUND('',#229,.T.);
#128=FACE_OUTER_BOUND('',#230,.T.);
#129=FACE_OUTER_BOUND('',#231,.T.);
#130=FACE_OUTER_BOUND('',#232,.T.);
#131=FACE_OUTER_BOUND('',#233,.T.);
#132=FACE_OUTER_BOUND('',#234,.T.);
#133=FACE_OUTER_BOUND('',#235,.T.);
#134=FACE_OUTER_BOUND('',#236,.T.);
#135=FACE_OUTER_BOUND('',#237,.T.);
#136=FACE_OUTER_BOUND('',#238,.T.);
#137=FACE_OUTER_BOUND('',#239,.T.);
#138=FACE_OUTER_BOUND('',#240,.T.);
#139=FACE_OUTER_BOUND('',#241,.T.);
#140=FACE_OUTER_BOUND('',#242,.T.);
#141=FACE_OUTER_BOUND('',#243,.T.);
#142=FACE_OUTER_BOUND('',#244,.T.);
#143=FACE_OUTER_BOUND('',#245,.T.);
#144=FACE_OUTER_BOUND('',#246,.T.);
#145=FACE_OUTER_BOUND('',#247,.T.);
#146=FACE_OUTER_BOUND('',#248,.T.);
#147=FACE_OUTER_BOUND('',#249,.T.);
#148=FACE_OUTER_BOUND('',#250,.T.);
#149=FACE_OUTER_BOUND('',#251,.T.);
#150=FACE_OUTER_BOUND('',#252,.T.);
#151=FACE_OUTER_BOUND('',#253,.T.);
#152=FACE_OUTER_BOUND('',#254,.T.);
#153=FACE_OUTER_BOUND('',#255,.T.);
#154=FACE_OUTER_BOUND('',#256,.T.);
#155=FACE_OUTER_BOUND('',#257,.T.);
#156=FACE_OUTER_BOUND('',#258,.T.);
#157=FACE_OUTER_BOUND('',#259,.T.);
#158=FACE_OUTER_BOUND('',#260,.T.);
#159=FACE_OUTER_BOUND('',#261,.T.);
#160=FACE_OUTER_BOUND('',#262,.T.);
#161=FACE_OUTER_BOUND('',#263,.T.);
#162=FACE_OUTER_BOUND('',#264,.T.);
#163=FACE_OUTER_BOUND('',#265,.T.);
#164=FACE_OUTER_BOUND('',#266,.T.);
#165=FACE_OUTER_BOUND('',#267,.T.);
#166=FACE_OUTER_BOUND('',#268,.T.);
#167=FACE_OUTER_BOUND('',#273,.T.);
#168=FACE_OUTER_BOUND('',#274,.T.);
#169=FACE_OUTER_BOUND('',#275,.T.);
#170=FACE_OUTER_BOUND('',#276,.T.);
#171=FACE_OUTER_BOUND('',#277,.T.);
#172=FACE_OUTER_BOUND('',#278,.T.);
#173=FACE_OUTER_BOUND('',#279,.T.);
#174=FACE_OUTER_BOUND('',#280,.T.);
#175=FACE_OUTER_BOUND('',#281,.T.);
#176=FACE_OUTER_BOUND('',#282,.T.);
#177=FACE_OUTER_BOUND('',#283,.T.);
#178=FACE_OUTER_BOUND('',#284,.T.);
#179=FACE_OUTER_BOUND('',#285,.T.);
#180=FACE_OUTER_BOUND('',#286,.T.);
#181=FACE_OUTER_BOUND('',#287,.T.);
#182=FACE_OUTER_BOUND('',#288,.T.);
#183=FACE_OUTER_BOUND('',#289,.T.);
#184=FACE_OUTER_BOUND('',#290,.T.);
#185=FACE_OUTER_BOUND('',#291,.T.);
#186=FACE_OUTER_BOUND('',#292,.T.);
#187=FACE_OUTER_BOUND('',#293,.T.);
#188=FACE_OUTER_BOUND('',#294,.T.);
#189=FACE_OUTER_BOUND('',#295,.T.);
#190=FACE_OUTER_BOUND('',#296,.T.);
#191=FACE_OUTER_BOUND('',#297,.T.);
#192=FACE_OUTER_BOUND('',#298,.T.);
#193=FACE_OUTER_BOUND('',#299,.T.);
#194=FACE_OUTER_BOUND('',#300,.T.);
#195=FACE_OUTER_BOUND('',#301,.T.);
#196=FACE_OUTER_BOUND('',#302,.T.);
#197=FACE_OUTER_BOUND('',#303,.T.);
#198=FACE_OUTER_BOUND('',#304,.T.);
#199=FACE_OUTER_BOUND('',#305,.T.);
#200=FACE_OUTER_BOUND('',#306,.T.);
#201=FACE_OUTER_BOUND('',#307,.T.);
#202=FACE_OUTER_BOUND('',#308,.T.);
#203=FACE_OUTER_BOUND('',#309,.T.);
#204=FACE_OUTER_BOUND('',#310,.T.);
#205=FACE_OUTER_BOUND('',#311,.T.);
#206=FACE_OUTER_BOUND('',#312,.T.);
#207=FACE_OUTER_BOUND('',#313,.T.);
#208=FACE_OUTER_BOUND('',#314,.T.);
#209=FACE_OUTER_BOUND('',#315,.T.);
#210=FACE_OUTER_BOUND('',#320,.T.);
#211=FACE_OUTER_BOUND('',#321,.T.);
#212=FACE_OUTER_BOUND('',#322,.T.);
#213=FACE_OUTER_BOUND('',#323,.T.);
#214=FACE_OUTER_BOUND('',#324,.T.);
#215=FACE_OUTER_BOUND('',#325,.T.);
#216=FACE_OUTER_BOUND('',#326,.T.);
#217=EDGE_LOOP('',(#1083,#1084,#1085,#1086));
#218=EDGE_LOOP('',(#1087,#1088,#1089,#1090));
#219=EDGE_LOOP('',(#1091,#1092,#1093,#1094));
#220=EDGE_LOOP('',(#1095,#1096,#1097,#1098));
#221=EDGE_LOOP('',(#1099,#1100,#1101,#1102));
#222=EDGE_LOOP('',(#1103,#1104,#1105,#1106));
#223=EDGE_LOOP('',(#1107,#1108,#1109,#1110));
#224=EDGE_LOOP('',(#1111,#1112,#1113,#1114));
#225=EDGE_LOOP('',(#1115,#1116,#1117,#1118));
#226=EDGE_LOOP('',(#1119,#1120,#1121,#1122));
#227=EDGE_LOOP('',(#1123,#1124,#1125,#1126));
#228=EDGE_LOOP('',(#1127,#1128,#1129,#1130));
#229=EDGE_LOOP('',(#1131,#1132,#1133,#1134));
#230=EDGE_LOOP('',(#1135,#1136,#1137,#1138));
#231=EDGE_LOOP('',(#1139,#1140,#1141,#1142));
#232=EDGE_LOOP('',(#1143,#1144,#1145,#1146));
#233=EDGE_LOOP('',(#1147,#1148,#1149,#1150));
#234=EDGE_LOOP('',(#1151,#1152,#1153,#1154));
#235=EDGE_LOOP('',(#1155,#1156,#1157,#1158));
#236=EDGE_LOOP('',(#1159,#1160,#1161));
#237=EDGE_LOOP('',(#1162,#1163,#1164,#1165));
#238=EDGE_LOOP('',(#1166,#1167,#1168,#1169));
#239=EDGE_LOOP('',(#1170,#1171,#1172,#1173));
#240=EDGE_LOOP('',(#1174,#1175,#1176,#1177));
#241=EDGE_LOOP('',(#1178,#1179,#1180,#1181));
#242=EDGE_LOOP('',(#1182,#1183,#1184,#1185));
#243=EDGE_LOOP('',(#1186,#1187,#1188,#1189));
#244=EDGE_LOOP('',(#1190,#1191,#1192,#1193));
#245=EDGE_LOOP('',(#1194,#1195,#1196,#1197));
#246=EDGE_LOOP('',(#1198,#1199,#1200,#1201));
#247=EDGE_LOOP('',(#1202,#1203,#1204,#1205));
#248=EDGE_LOOP('',(#1206,#1207,#1208,#1209));
#249=EDGE_LOOP('',(#1210,#1211,#1212,#1213));
#250=EDGE_LOOP('',(#1214,#1215,#1216,#1217));
#251=EDGE_LOOP('',(#1218,#1219,#1220,#1221));
#252=EDGE_LOOP('',(#1222,#1223,#1224,#1225));
#253=EDGE_LOOP('',(#1226,#1227,#1228,#1229));
#254=EDGE_LOOP('',(#1230,#1231,#1232,#1233));
#255=EDGE_LOOP('',(#1234,#1235,#1236,#1237));
#256=EDGE_LOOP('',(#1238,#1239,#1240));
#257=EDGE_LOOP('',(#1241,#1242,#1243,#1244));
#258=EDGE_LOOP('',(#1245,#1246,#1247,#1248,#1249,#1250,#1251,#1252));
#259=EDGE_LOOP('',(#1253,#1254,#1255,#1256));
#260=EDGE_LOOP('',(#1257,#1258,#1259,#1260,#1261,#1262,#1263,#1264,#1265,
#1266,#1267,#1268,#1269,#1270,#1271,#1272,#1273,#1274,#1275,#1276,#1277,
#1278,#1279,#1280));
#261=EDGE_LOOP('',(#1281,#1282,#1283,#1284));
#262=EDGE_LOOP('',(#1285,#1286,#1287,#1288,#1289,#1290,#1291,#1292,#1293,
#1294,#1295,#1296,#1297,#1298,#1299,#1300,#1301,#1302,#1303,#1304,#1305,
#1306,#1307));
#263=EDGE_LOOP('',(#1308,#1309,#1310,#1311));
#264=EDGE_LOOP('',(#1312,#1313,#1314,#1315,#1316,#1317,#1318,#1319,#1320,
#1321,#1322,#1323,#1324,#1325,#1326,#1327,#1328,#1329,#1330,#1331,#1332,
#1333,#1334,#1335));
#265=EDGE_LOOP('',(#1336,#1337,#1338,#1339));
#266=EDGE_LOOP('',(#1340,#1341,#1342,#1343,#1344,#1345,#1346,#1347,#1348,
#1349,#1350,#1351,#1352,#1353,#1354,#1355,#1356,#1357,#1358,#1359,#1360,
#1361,#1362));
#267=EDGE_LOOP('',(#1363,#1364,#1365,#1366));
#268=EDGE_LOOP('',(#1367,#1368,#1369,#1370,#1371,#1372,#1373,#1374,#1375,
#1376));
#269=EDGE_LOOP('',(#1377,#1378,#1379,#1380));
#270=EDGE_LOOP('',(#1381,#1382,#1383,#1384));
#271=EDGE_LOOP('',(#1385));
#272=EDGE_LOOP('',(#1386));
#273=EDGE_LOOP('',(#1387,#1388,#1389,#1390));
#274=EDGE_LOOP('',(#1391,#1392,#1393,#1394));
#275=EDGE_LOOP('',(#1395,#1396,#1397,#1398));
#276=EDGE_LOOP('',(#1399,#1400,#1401));
#277=EDGE_LOOP('',(#1402,#1403,#1404));
#278=EDGE_LOOP('',(#1405,#1406,#1407,#1408));
#279=EDGE_LOOP('',(#1409,#1410,#1411,#1412));
#280=EDGE_LOOP('',(#1413,#1414,#1415,#1416));
#281=EDGE_LOOP('',(#1417,#1418,#1419,#1420));
#282=EDGE_LOOP('',(#1421,#1422,#1423,#1424));
#283=EDGE_LOOP('',(#1425,#1426,#1427,#1428));
#284=EDGE_LOOP('',(#1429,#1430,#1431,#1432));
#285=EDGE_LOOP('',(#1433,#1434,#1435,#1436));
#286=EDGE_LOOP('',(#1437,#1438,#1439,#1440));
#287=EDGE_LOOP('',(#1441,#1442,#1443,#1444));
#288=EDGE_LOOP('',(#1445,#1446,#1447,#1448));
#289=EDGE_LOOP('',(#1449,#1450,#1451,#1452));
#290=EDGE_LOOP('',(#1453,#1454,#1455,#1456));
#291=EDGE_LOOP('',(#1457,#1458,#1459,#1460));
#292=EDGE_LOOP('',(#1461,#1462,#1463,#1464));
#293=EDGE_LOOP('',(#1465,#1466,#1467,#1468));
#294=EDGE_LOOP('',(#1469,#1470,#1471,#1472));
#295=EDGE_LOOP('',(#1473,#1474,#1475,#1476));
#296=EDGE_LOOP('',(#1477,#1478,#1479,#1480,#1481));
#297=EDGE_LOOP('',(#1482,#1483,#1484,#1485,#1486));
#298=EDGE_LOOP('',(#1487,#1488,#1489,#1490));
#299=EDGE_LOOP('',(#1491,#1492,#1493,#1494));
#300=EDGE_LOOP('',(#1495,#1496,#1497,#1498,#1499,#1500));
#301=EDGE_LOOP('',(#1501,#1502,#1503,#1504));
#302=EDGE_LOOP('',(#1505,#1506,#1507,#1508));
#303=EDGE_LOOP('',(#1509,#1510,#1511,#1512));
#304=EDGE_LOOP('',(#1513,#1514,#1515,#1516));
#305=EDGE_LOOP('',(#1517,#1518,#1519,#1520));
#306=EDGE_LOOP('',(#1521,#1522,#1523,#1524,#1525,#1526,#1527,#1528,#1529,
#1530,#1531,#1532));
#307=EDGE_LOOP('',(#1533,#1534,#1535));
#308=EDGE_LOOP('',(#1536,#1537,#1538,#1539));
#309=EDGE_LOOP('',(#1540,#1541,#1542,#1543));
#310=EDGE_LOOP('',(#1544,#1545,#1546,#1547));
#311=EDGE_LOOP('',(#1548,#1549,#1550));
#312=EDGE_LOOP('',(#1551,#1552,#1553,#1554));
#313=EDGE_LOOP('',(#1555,#1556,#1557,#1558,#1559));
#314=EDGE_LOOP('',(#1560,#1561,#1562,#1563,#1564));
#315=EDGE_LOOP('',(#1565,#1566,#1567,#1568,#1569,#1570,#1571,#1572,#1573,
#1574,#1575,#1576,#1577,#1578,#1579,#1580));
#316=EDGE_LOOP('',(#1581,#1582,#1583,#1584));
#317=EDGE_LOOP('',(#1585,#1586,#1587,#1588));
#318=EDGE_LOOP('',(#1589));
#319=EDGE_LOOP('',(#1590));
#320=EDGE_LOOP('',(#1591,#1592,#1593,#1594));
#321=EDGE_LOOP('',(#1595,#1596,#1597,#1598));
#322=EDGE_LOOP('',(#1599,#1600,#1601,#1602));
#323=EDGE_LOOP('',(#1603,#1604,#1605,#1606));
#324=EDGE_LOOP('',(#1607,#1608,#1609,#1610));
#325=EDGE_LOOP('',(#1611,#1612,#1613,#1614));
#326=EDGE_LOOP('',(#1615,#1616,#1617,#1618));
#327=CIRCLE('',#1796,1.725);
#328=CIRCLE('',#1806,1.725);
#329=CIRCLE('',#1808,1.35152654461796);
#330=CIRCLE('',#1818,1.35152654461796);
#331=CIRCLE('',#1820,1.725);
#332=CIRCLE('',#1830,1.725);
#333=CIRCLE('',#1832,1.35152654461796);
#334=CIRCLE('',#1842,1.35152654461796);
#335=CIRCLE('',#1850,17.3);
#336=CIRCLE('',#1851,0.8);
#337=CIRCLE('',#1852,16.5);
#338=CIRCLE('',#1854,17.3);
#339=CIRCLE('',#1856,16.5);
#340=CIRCLE('',#1858,0.8);
#341=CIRCLE('',#1859,16.5);
#342=CIRCLE('',#1861,16.5);
#343=CIRCLE('',#1862,3.);
#344=CIRCLE('',#1865,3.);
#345=CIRCLE('',#1869,3.5);
#346=CIRCLE('',#1870,6.);
#347=CIRCLE('',#1871,3.5);
#348=CIRCLE('',#1872,2.5);
#349=CIRCLE('',#1873,3.49999999999999);
#350=CIRCLE('',#1874,3.5);
#351=CIRCLE('',#1876,3.5);
#352=CIRCLE('',#1877,3.5);
#353=CIRCLE('',#1879,3.5);
#354=CIRCLE('',#1880,3.5);
#355=CIRCLE('',#1882,3.5);
#356=CIRCLE('',#1883,3.49999999999999);
#357=CIRCLE('',#1884,3.5);
#358=CIRCLE('',#1886,3.5);
#359=CIRCLE('',#1887,2.5);
#360=CIRCLE('',#1888,6.);
#361=CIRCLE('',#1898,3.);
#362=CIRCLE('',#1900,0.5);
#363=CIRCLE('',#1901,0.5);
#364=CIRCLE('',#1903,3.);
#365=CIRCLE('',#1905,3.);
#366=CIRCLE('',#1906,3.5);
#367=CIRCLE('',#1908,3.);
#368=CIRCLE('',#1909,3.5);
#369=CIRCLE('',#1911,3.5);
#370=CIRCLE('',#1918,3.5);
#371=B_SPLINE_CURVE_WITH_KNOTS('',3,(#2307,#2308,#2309,#2310,#2311,#2312,
#2313,#2314,#2315,#2316),.UNSPECIFIED.,.F.,.F.,(4,3,3,4),(-12.6373087436099,
-12.5965162655158,-12.438962852669,-12.281448229505),.UNSPECIFIED.);
#372=B_SPLINE_CURVE_WITH_KNOTS('',3,(#2319,#2320,#2321,#2322,#2323,#2324,
#2325,#2326,#2327,#2328),.UNSPECIFIED.,.F.,.F.,(4,3,3,4),(-17.0490337770102,
-16.8910561786818,-16.7332280660542,-16.5754327754421),.UNSPECIFIED.);
#373=B_SPLINE_CURVE_WITH_KNOTS('',3,(#2333,#2334,#2335,#2336,#2337,#2338,
#2339,#2340,#2341,#2342,#2343,#2344,#2345,#2346,#2347,#2348,#2349,#2350,
#2351),.UNSPECIFIED.,.F.,.F.,(4,3,3,3,3,3,4),(-12.281448229505,-12.1239313942942,
-11.9664707821552,-11.8090316282598,-11.6515929342745,-11.4941682065696,
-11.3367241405854),.UNSPECIFIED.);
#374=B_SPLINE_CURVE_WITH_KNOTS('',3,(#2352,#2353,#2354,#2355,#2356,#2357,
#2358,#2359,#2360,#2361,#2362,#2363,#2364,#2365,#2366,#2367,#2368,#2369,
#2370),.UNSPECIFIED.,.F.,.F.,(4,3,3,3,3,3,4),(-17.9965062066737,-17.8386460036707,
-17.6807651418139,-17.5228843662948,-17.3649765770318,-17.2070039075782,
-17.0490337770102),.UNSPECIFIED.);
#375=B_SPLINE_CURVE_WITH_KNOTS('',3,(#2375,#2376,#2377,#2378,#2379,#2380,
#2381,#2382,#2383,#2384,#2385,#2386,#2387,#2388,#2389,#2390,#2391,#2392,
#2393),.UNSPECIFIED.,.F.,.F.,(4,3,3,3,3,3,4),(-11.3367241405854,-11.179283609696,
-11.0218271576477,-10.8642930109018,-10.7067643002179,-10.5492349090853,
-10.3918481666435),.UNSPECIFIED.);
#376=B_SPLINE_CURVE_WITH_KNOTS('',3,(#2394,#2395,#2396,#2397,#2398,#2399,
#2400,#2401,#2402,#2403,#2404,#2405,#2406,#2407,#2408,#2409,#2410,#2411,
#2412),.UNSPECIFIED.,.F.,.F.,(4,3,3,3,3,3,4),(-18.9439837839787,-18.7860119651935,
-18.6280711723302,-18.470125087184,-18.3122453532684,-18.1543772958066,
-17.9965062066737),.UNSPECIFIED.);
#377=B_SPLINE_CURVE_WITH_KNOTS('',3,(#2417,#2418,#2419,#2420,#2421,#2422,
#2423,#2424,#2425,#2426,#2427,#2428,#2429,#2430,#2431,#2432,#2433,#2434,
#2435),.UNSPECIFIED.,.F.,.F.,(4,3,3,3,3,3,4),(-10.3918481666435,-10.2345020757205,
-10.0771535182862,-9.91986778548591,-9.76260784763742,-9.60534793688575,
-9.44810718013991),.UNSPECIFIED.);
#378=B_SPLINE_CURVE_WITH_KNOTS('',3,(#2436,#2437,#2438,#2439,#2440,#2441,
#2442,#2443,#2444,#2445,#2446,#2447,#2448,#2449,#2450,#2451,#2452,#2453,
#2454),.UNSPECIFIED.,.F.,.F.,(4,3,3,3,3,3,4),(-19.8923109289035,-19.7343170491047,
-19.5763236587728,-19.4183042164205,-19.260199226543,-19.1020938755307,
-18.9439837839787),.UNSPECIFIED.);
#379=B_SPLINE_CURVE_WITH_KNOTS('',3,(#2459,#2460,#2461,#2462,#2463,#2464,
#2465,#2466,#2467,#2468,#2469,#2470,#2471,#2472,#2473,#2474,#2475,#2476,
#2477),.UNSPECIFIED.,.F.,.F.,(4,3,3,3,3,3,4),(-9.44810718013991,-9.29085384449957,
-9.13360363821946,-8.97634087127473,-8.81900963665478,-8.66168371456427,
-8.50432639375754),.UNSPECIFIED.);
#380=B_SPLINE_CURVE_WITH_KNOTS('',3,(#2478,#2479,#2480,#2481,#2482,#2483,
#2484,#2485,#2486,#2487,#2488,#2489,#2490,#2491,#2492,#2493,#2494,#2495,
#2496),.UNSPECIFIED.,.F.,.F.,(4,3,3,3,3,3,4),(-20.8402667961121,-20.6822357958673,
-20.5241996816896,-20.3662215008078,-20.2082514712333,-20.0502788139949,
-19.8923109289035),.UNSPECIFIED.);
#381=B_SPLINE_CURVE_WITH_KNOTS('',3,(#2501,#2502,#2503,#2504,#2505,#2506,
#2507,#2508,#2509,#2510,#2511,#2512,#2513,#2514,#2515,#2516,#2517,#2518,
#2519),.UNSPECIFIED.,.F.,.F.,(4,3,3,3,3,3,4),(-8.50432639375754,-8.346828419891,
-8.18933507338916,-8.03184218074673,-7.8744322704509,-7.71704750826315,
-7.55966235987277),.UNSPECIFIED.);
#382=B_SPLINE_CURVE_WITH_KNOTS('',3,(#2520,#2521,#2522,#2523,#2524,#2525,
#2526,#2527,#2528,#2529,#2530,#2531,#2532,#2533,#2534,#2535,#2536,#2537,
#2538),.UNSPECIFIED.,.F.,.F.,(4,3,3,3,3,3,4),(-21.7890297249157,-21.6309696847963,
-21.4728807550009,-21.3146978547273,-21.1565149069225,-20.9983269188578,
-20.8402667961121),.UNSPECIFIED.);
#383=B_SPLINE_CURVE_WITH_KNOTS('',3,(#2543,#2544,#2545,#2546,#2547,#2548,
#2549,#2550,#2551,#2552,#2553,#2554,#2555,#2556,#2557,#2558,#2559,#2560,
#2561),.UNSPECIFIED.,.F.,.F.,(4,3,3,3,3,3,4),(-7.55966235987277,-7.40230172856024,
-7.24493481133689,-7.08757061612575,-6.93019737786544,-6.77276429888685,
-6.61533636529721),.UNSPECIFIED.);
#384=B_SPLINE_CURVE_WITH_KNOTS('',3,(#2562,#2563,#2564,#2565,#2566,#2567,
#2568,#2569,#2570,#2571,#2572,#2573,#2574,#2575,#2576,#2577,#2578,#2579,
#2580),.UNSPECIFIED.,.F.,.F.,(4,3,3,3,3,3,4),(-22.7372889065167,-22.5792073179151,
-22.4211759833932,-22.2631492605295,-22.105120298243,-21.9470906195191,
-21.7890297249157),.UNSPECIFIED.);
#385=B_SPLINE_CURVE_WITH_KNOTS('',3,(#2585,#2586,#2587,#2588,#2589,#2590,
#2591,#2592,#2593,#2594,#2595,#2596,#2597,#2598,#2599,#2600,#2601,#2602,
#2603),.UNSPECIFIED.,.F.,.F.,(4,3,3,3,3,3,4),(-6.61533636529721,-6.45787891156073,
-6.30029142671369,-6.14270889419611,-5.98512648461787,-5.82763551376067,
-5.67017261714125),.UNSPECIFIED.);
#386=B_SPLINE_CURVE_WITH_KNOTS('',3,(#2604,#2605,#2606,#2607,#2608,#2609,
#2610,#2611,#2612,#2613,#2614,#2615,#2616,#2617,#2618,#2619,#2620,#2621,
#2622),.UNSPECIFIED.,.F.,.F.,(4,3,3,3,3,3,4),(-23.6862400037484,-23.5281252590898,
-23.3699082612221,-23.2116914668165,-23.0534694182301,-22.8953655943728,
-22.7372889065167),.UNSPECIFIED.);
#387=B_SPLINE_CURVE_WITH_KNOTS('',3,(#2627,#2628,#2629,#2630,#2631,#2632,
#2633,#2634,#2635,#2636,#2637,#2638,#2639,#2640,#2641,#2642,#2643,#2644,
#2645),.UNSPECIFIED.,.F.,.F.,(4,3,3,3,3,3,4),(-5.67017261714125,-5.5127089615722,
-5.35527504531789,-5.19784045541461,-5.04040819701728,-4.88297041279123,
-4.72548060744791),.UNSPECIFIED.);
#388=B_SPLINE_CURVE_WITH_KNOTS('',3,(#2646,#2647,#2648,#2649,#2650,#2651,
#2652,#2653,#2654,#2655,#2656,#2657,#2658,#2659,#2660,#2661,#2662,#2663,
#2664),.UNSPECIFIED.,.F.,.F.,(4,3,3,3,3,3,4),(-24.634580348321,-24.4765388751824,
-24.3184983440967,-24.1604559522662,-24.0024078537466,-23.8443233338825,
-23.6862400037484),.UNSPECIFIED.);
#389=B_SPLINE_CURVE_WITH_KNOTS('',3,(#2670,#2671,#2672,#2673,#2674,#2675,
#2676,#2677,#2678,#2679),.UNSPECIFIED.,.F.,.F.,(4,3,3,4),(-26.0577109241333,
-25.8996446610612,-25.7415798995099,-25.5834814303961),.UNSPECIFIED.);
#390=B_SPLINE_CURVE_WITH_KNOTS('',3,(#2682,#2683,#2684,#2685,#2686,#2687,
#2688,#2689,#2690,#2691,#2692,#2693,#2694),.UNSPECIFIED.,.F.,.F.,(4,3,3,
3,4),(-3.78006756956869,-3.62257030507848,-3.46507194052214,-3.3076084961395,
-3.1908691626139),.UNSPECIFIED.);
#391=B_SPLINE_CURVE_WITH_KNOTS('',3,(#2982,#2983,#2984,#2985,#2986,#2987,
#2988,#2989,#2990,#2991),.UNSPECIFIED.,.F.,.F.,(4,3,3,4),(-12.6373087436099,
-12.5965162655158,-12.438962852669,-12.281448229505),.UNSPECIFIED.);
#392=B_SPLINE_CURVE_WITH_KNOTS('',3,(#2994,#2995,#2996,#2997,#2998,#2999,
#3000,#3001,#3002,#3003),.UNSPECIFIED.,.F.,.F.,(4,3,3,4),(-17.0490337770102,
-16.8910561786818,-16.7332280660542,-16.5754327754421),.UNSPECIFIED.);
#393=B_SPLINE_CURVE_WITH_KNOTS('',3,(#3008,#3009,#3010,#3011,#3012,#3013,
#3014,#3015,#3016,#3017,#3018,#3019,#3020,#3021,#3022,#3023,#3024,#3025,
#3026),.UNSPECIFIED.,.F.,.F.,(4,3,3,3,3,3,4),(-12.281448229505,-12.1239313942942,
-11.9664707821552,-11.8090316282598,-11.6515929342745,-11.4941682065696,
-11.3367241405854),.UNSPECIFIED.);
#394=B_SPLINE_CURVE_WITH_KNOTS('',3,(#3027,#3028,#3029,#3030,#3031,#3032,
#3033,#3034,#3035,#3036,#3037,#3038,#3039,#3040,#3041,#3042,#3043,#3044,
#3045),.UNSPECIFIED.,.F.,.F.,(4,3,3,3,3,3,4),(-17.9965062066737,-17.8386460036707,
-17.6807651418139,-17.5228843662948,-17.3649765770318,-17.2070039075782,
-17.0490337770102),.UNSPECIFIED.);
#395=B_SPLINE_CURVE_WITH_KNOTS('',3,(#3050,#3051,#3052,#3053,#3054,#3055,
#3056,#3057,#3058,#3059,#3060,#3061,#3062,#3063,#3064,#3065,#3066,#3067,
#3068),.UNSPECIFIED.,.F.,.F.,(4,3,3,3,3,3,4),(-11.3367241405854,-11.179283609696,
-11.0218271576477,-10.8642930109018,-10.7067643002179,-10.5492349090853,
-10.3918481666435),.UNSPECIFIED.);
#396=B_SPLINE_CURVE_WITH_KNOTS('',3,(#3069,#3070,#3071,#3072,#3073,#3074,
#3075,#3076,#3077,#3078,#3079,#3080,#3081,#3082,#3083,#3084,#3085,#3086,
#3087),.UNSPECIFIED.,.F.,.F.,(4,3,3,3,3,3,4),(-18.9439837839787,-18.7860119651935,
-18.6280711723302,-18.470125087184,-18.3122453532684,-18.1543772958066,
-17.9965062066737),.UNSPECIFIED.);
#397=B_SPLINE_CURVE_WITH_KNOTS('',3,(#3092,#3093,#3094,#3095,#3096,#3097,
#3098,#3099,#3100,#3101,#3102,#3103,#3104,#3105,#3106,#3107,#3108,#3109,
#3110),.UNSPECIFIED.,.F.,.F.,(4,3,3,3,3,3,4),(-10.3918481666435,-10.2345020757205,
-10.0771535182862,-9.91986778548591,-9.76260784763742,-9.60534793688575,
-9.44810718013991),.UNSPECIFIED.);
#398=B_SPLINE_CURVE_WITH_KNOTS('',3,(#3111,#3112,#3113,#3114,#3115,#3116,
#3117,#3118,#3119,#3120,#3121,#3122,#3123,#3124,#3125,#3126,#3127,#3128,
#3129),.UNSPECIFIED.,.F.,.F.,(4,3,3,3,3,3,4),(-19.8923109289035,-19.7343170491047,
-19.5763236587728,-19.4183042164205,-19.260199226543,-19.1020938755307,
-18.9439837839787),.UNSPECIFIED.);
#399=B_SPLINE_CURVE_WITH_KNOTS('',3,(#3134,#3135,#3136,#3137,#3138,#3139,
#3140,#3141,#3142,#3143,#3144,#3145,#3146,#3147,#3148,#3149,#3150,#3151,
#3152),.UNSPECIFIED.,.F.,.F.,(4,3,3,3,3,3,4),(-9.44810718013991,-9.29085384449957,
-9.13360363821946,-8.97634087127473,-8.81900963665478,-8.66168371456427,
-8.50432639375754),.UNSPECIFIED.);
#400=B_SPLINE_CURVE_WITH_KNOTS('',3,(#3153,#3154,#3155,#3156,#3157,#3158,
#3159,#3160,#3161,#3162,#3163,#3164,#3165,#3166,#3167,#3168,#3169,#3170,
#3171),.UNSPECIFIED.,.F.,.F.,(4,3,3,3,3,3,4),(-20.8402667961121,-20.6822357958673,
-20.5241996816896,-20.3662215008078,-20.2082514712333,-20.0502788139949,
-19.8923109289035),.UNSPECIFIED.);
#401=B_SPLINE_CURVE_WITH_KNOTS('',3,(#3176,#3177,#3178,#3179,#3180,#3181,
#3182,#3183,#3184,#3185,#3186,#3187,#3188,#3189,#3190,#3191,#3192,#3193,
#3194),.UNSPECIFIED.,.F.,.F.,(4,3,3,3,3,3,4),(-8.50432639375754,-8.346828419891,
-8.18933507338916,-8.03184218074673,-7.8744322704509,-7.71704750826315,
-7.55966235987277),.UNSPECIFIED.);
#402=B_SPLINE_CURVE_WITH_KNOTS('',3,(#3195,#3196,#3197,#3198,#3199,#3200,
#3201,#3202,#3203,#3204,#3205,#3206,#3207,#3208,#3209,#3210,#3211,#3212,
#3213),.UNSPECIFIED.,.F.,.F.,(4,3,3,3,3,3,4),(-21.7890297249157,-21.6309696847963,
-21.4728807550009,-21.3146978547273,-21.1565149069225,-20.9983269188578,
-20.8402667961121),.UNSPECIFIED.);
#403=B_SPLINE_CURVE_WITH_KNOTS('',3,(#3218,#3219,#3220,#3221,#3222,#3223,
#3224,#3225,#3226,#3227,#3228,#3229,#3230,#3231,#3232,#3233,#3234,#3235,
#3236),.UNSPECIFIED.,.F.,.F.,(4,3,3,3,3,3,4),(-7.55966235987277,-7.40230172856024,
-7.24493481133689,-7.08757061612575,-6.93019737786544,-6.77276429888685,
-6.61533636529721),.UNSPECIFIED.);
#404=B_SPLINE_CURVE_WITH_KNOTS('',3,(#3237,#3238,#3239,#3240,#3241,#3242,
#3243,#3244,#3245,#3246,#3247,#3248,#3249,#3250,#3251,#3252,#3253,#3254,
#3255),.UNSPECIFIED.,.F.,.F.,(4,3,3,3,3,3,4),(-22.7372889065167,-22.5792073179151,
-22.4211759833932,-22.2631492605295,-22.105120298243,-21.9470906195191,
-21.7890297249157),.UNSPECIFIED.);
#405=B_SPLINE_CURVE_WITH_KNOTS('',3,(#3260,#3261,#3262,#3263,#3264,#3265,
#3266,#3267,#3268,#3269,#3270,#3271,#3272,#3273,#3274,#3275,#3276,#3277,
#3278),.UNSPECIFIED.,.F.,.F.,(4,3,3,3,3,3,4),(-6.61533636529721,-6.45787891156073,
-6.30029142671369,-6.14270889419611,-5.98512648461787,-5.82763551376067,
-5.67017261714125),.UNSPECIFIED.);
#406=B_SPLINE_CURVE_WITH_KNOTS('',3,(#3279,#3280,#3281,#3282,#3283,#3284,
#3285,#3286,#3287,#3288,#3289,#3290,#3291,#3292,#3293,#3294,#3295,#3296,
#3297),.UNSPECIFIED.,.F.,.F.,(4,3,3,3,3,3,4),(-23.6862400037484,-23.5281252590898,
-23.3699082612221,-23.2116914668165,-23.0534694182301,-22.8953655943728,
-22.7372889065167),.UNSPECIFIED.);
#407=B_SPLINE_CURVE_WITH_KNOTS('',3,(#3302,#3303,#3304,#3305,#3306,#3307,
#3308,#3309,#3310,#3311,#3312,#3313,#3314,#3315,#3316,#3317,#3318,#3319,
#3320),.UNSPECIFIED.,.F.,.F.,(4,3,3,3,3,3,4),(-5.67017261714125,-5.5127089615722,
-5.35527504531789,-5.19784045541461,-5.04040819701728,-4.88297041279123,
-4.72548060744791),.UNSPECIFIED.);
#408=B_SPLINE_CURVE_WITH_KNOTS('',3,(#3321,#3322,#3323,#3324,#3325,#3326,
#3327,#3328,#3329,#3330,#3331,#3332,#3333,#3334,#3335,#3336,#3337,#3338,
#3339),.UNSPECIFIED.,.F.,.F.,(4,3,3,3,3,3,4),(-24.634580348321,-24.4765388751824,
-24.3184983440967,-24.1604559522662,-24.0024078537466,-23.8443233338825,
-23.6862400037484),.UNSPECIFIED.);
#409=B_SPLINE_CURVE_WITH_KNOTS('',3,(#3345,#3346,#3347,#3348,#3349,#3350,
#3351,#3352,#3353,#3354),.UNSPECIFIED.,.F.,.F.,(4,3,3,4),(-26.0577109241333,
-25.8996446610612,-25.7415798995099,-25.5834814303961),.UNSPECIFIED.);
#410=B_SPLINE_CURVE_WITH_KNOTS('',3,(#3357,#3358,#3359,#3360,#3361,#3362,
#3363,#3364,#3365,#3366,#3367,#3368,#3369),.UNSPECIFIED.,.F.,.F.,(4,3,3,
3,4),(-3.78006756956869,-3.62257030507848,-3.46507194052214,-3.3076084961395,
-3.19086916261391),.UNSPECIFIED.);
#411=B_SPLINE_CURVE_WITH_KNOTS('',3,(#5168,#5169,#5170,#5171,#5172,#5173,
#5174,#5175,#5176,#5177,#5178,#5179,#5180,#5181,#5182,#5183),
 .UNSPECIFIED.,.F.,.F.,(4,2,2,2,2,2,2,4),(0.,0.0601087392016386,0.13022958768016,
0.203905005285397,0.293757055205729,0.411994123675085,0.512258455282568,
0.556943103806941),.UNSPECIFIED.);
#412=B_SPLINE_CURVE_WITH_KNOTS('',3,(#5184,#5185,#5186,#5187,#5188,#5189,
#5190,#5191,#5192,#5193,#5194,#5195,#5196,#5197,#5198,#5199),
 .UNSPECIFIED.,.F.,.F.,(4,2,2,2,2,2,2,4),(0.0312196582316688,0.0545632496010714,
0.0955166015279749,0.139260609740264,0.181817918691855,0.221602672429772,
0.255461783121938,0.289904381886149),.UNSPECIFIED.);
#413=B_SPLINE_CURVE_WITH_KNOTS('',3,(#5200,#5201,#5202,#5203,#5204,#5205,
#5206,#5207,#5208,#5209,#5210,#5211,#5212,#5213,#5214,#5215,#5216,#5217,
#5218),.UNSPECIFIED.,.F.,.F.,(4,3,3,3,3,3,4),(-25.5834814303961,-25.4252724013568,
-25.2670637727442,-25.1088497453681,-24.9507448080292,-24.7926649068968,
-24.634580348321),.UNSPECIFIED.);
#414=B_SPLINE_CURVE_WITH_KNOTS('',3,(#5220,#5221,#5222,#5223,#5224,#5225,
#5226,#5227,#5228,#5229,#5230,#5231,#5232,#5233,#5234,#5235,#5236,#5237,
#5238),.UNSPECIFIED.,.F.,.F.,(4,3,3,3,3,3,4),(-4.72548060744791,-4.56799574356987,
-4.4104833143954,-4.25285063203658,-4.09522313566645,-3.93759549681156,
-3.78006756956869),.UNSPECIFIED.);
#415=B_SPLINE_CURVE_WITH_KNOTS('',3,(#6705,#6706,#6707,#6708,#6709,#6710,
#6711,#6712,#6713,#6714,#6715,#6716,#6717,#6718,#6719,#6720),
 .UNSPECIFIED.,.F.,.F.,(4,2,2,2,2,2,2,4),(0.0333488833478425,0.0701959824265031,
0.151339998155525,0.252105570684222,0.371923327182807,0.493131123736935,
0.599556559698844,0.742422105306016),.UNSPECIFIED.);
#416=B_SPLINE_CURVE_WITH_KNOTS('',3,(#6721,#6722,#6723,#6724,#6725,#6726,
#6727,#6728,#6729,#6730,#6731,#6732,#6733,#6734,#6735,#6736),
 .UNSPECIFIED.,.F.,.F.,(4,2,2,2,2,2,2,4),(4.47734534994548E-6,0.0305430585978856,
0.0586473873847857,0.0809586557794051,0.0993229598064503,0.118874400111101,
0.139530389825243,0.149134057015084),.UNSPECIFIED.);
#417=B_SPLINE_CURVE_WITH_KNOTS('',3,(#8230,#8231,#8232,#8233,#8234,#8235,
#8236,#8237,#8238,#8239,#8240,#8241,#8242,#8243,#8244,#8245),
 .UNSPECIFIED.,.F.,.F.,(4,2,2,2,2,2,2,4),(0.,0.0601087392016618,0.130229587680241,
0.20390500528557,0.293757055205939,0.411994123675359,0.512258455282891,
0.556943103807234),.UNSPECIFIED.);
#418=B_SPLINE_CURVE_WITH_KNOTS('',3,(#8246,#8247,#8248,#8249,#8250,#8251,
#8252,#8253,#8254,#8255,#8256,#8257,#8258,#8259,#8260,#8261),
 .UNSPECIFIED.,.F.,.F.,(4,2,2,2,2,2,2,4),(0.031219658231674,0.0545632496010542,
0.095516601527934,0.139260609740208,0.181817918691919,0.221602672430084,
0.255461783122464,0.289904381886905),.UNSPECIFIED.);
#419=B_SPLINE_CURVE_WITH_KNOTS('',3,(#8262,#8263,#8264,#8265,#8266,#8267,
#8268,#8269,#8270,#8271,#8272,#8273,#8274,#8275,#8276,#8277,#8278,#8279,
#8280),.UNSPECIFIED.,.F.,.F.,(4,3,3,3,3,3,4),(-25.5834814303961,-25.4252724013568,
-25.2670637727442,-25.1088497453681,-24.9507448080292,-24.7926649068968,
-24.634580348321),.UNSPECIFIED.);
#420=B_SPLINE_CURVE_WITH_KNOTS('',3,(#8282,#8283,#8284,#8285,#8286,#8287,
#8288,#8289,#8290,#8291,#8292,#8293,#8294,#8295,#8296,#8297,#8298,#8299,
#8300),.UNSPECIFIED.,.F.,.F.,(4,3,3,3,3,3,4),(-4.72548060744791,-4.56799574356987,
-4.4104833143954,-4.25285063203658,-4.09522313566645,-3.93759549681156,
-3.78006756956869),.UNSPECIFIED.);
#421=B_SPLINE_CURVE_WITH_KNOTS('',3,(#9767,#9768,#9769,#9770,#9771,#9772,
#9773,#9774,#9775,#9776,#9777,#9778,#9779,#9780,#9781,#9782),
 .UNSPECIFIED.,.F.,.F.,(4,2,2,2,2,2,2,4),(0.0333488833478411,0.0701959824265069,
0.151339998155664,0.25210557068491,0.371923327183874,0.493131123738058,
0.599556559700018,0.742422105307156),.UNSPECIFIED.);
#422=B_SPLINE_CURVE_WITH_KNOTS('',3,(#9783,#9784,#9785,#9786,#9787,#9788,
#9789,#9790,#9791,#9792,#9793,#9794,#9795,#9796,#9797,#9798),
 .UNSPECIFIED.,.F.,.F.,(4,2,2,2,2,2,2,4),(4.47734536220232E-6,0.0305430585979019,
0.0586473873848155,0.080958655779472,0.0993229598065575,0.118874400111252,
0.139530389825425,0.149134057015271),.UNSPECIFIED.);
#423=B_SPLINE_CURVE_WITH_KNOTS('',3,(#9808,#9809,#9810,#9811,#9812,#9813,
#9814,#9815,#9816,#9817,#9818,#9819,#9820),.UNSPECIFIED.,.F.,.F.,(4,1,1,
1,1,1,1,1,1,1,4),(0.,0.697249858731255,2.09174957619376,3.48624929365627,
4.18349915238753,4.53212408175316,4.70643654643597,4.79359277877738,4.83717089494808,
4.85895995303343,4.88074901111878),.UNSPECIFIED.);
#424=B_SPLINE_CURVE_WITH_KNOTS('',3,(#9828,#9829,#9830,#9831,#9832,#9833,
#9834,#9835,#9836,#9837,#9838,#9839,#9840,#9841,#9842),.UNSPECIFIED.,.F.,
 .F.,(4,1,1,1,1,1,1,1,1,1,1,1,4),(0.,0.0217950801092611,0.0435901602185222,
0.0871803204370444,0.174360640874089,0.348721281748177,0.523081922622266,
0.697442563496355,1.39488512699271,2.09232769048906,3.48721281748177,4.18465538097813,
4.88209794447448),.UNSPECIFIED.);
#425=B_SPLINE_CURVE_WITH_KNOTS('',3,(#9846,#9847,#9848,#9849,#9850,#9851,
#9852,#9853,#9854,#9855,#9856),.UNSPECIFIED.,.F.,.F.,(4,1,1,1,1,1,1,1,4),
(-3.53658407990638,-2.52613148564741,-1.51567889138845,-1.01045259425897,
-0.505226297129483,-0.252613148564742,-0.126306574282371,-0.0631532871411855,
-9.79386325125152E-17),.UNSPECIFIED.);
#426=B_SPLINE_CURVE_WITH_KNOTS('',3,(#9860,#9861,#9862,#9863,#9864,#9865,
#9866,#9867,#9868,#9869,#9870),.UNSPECIFIED.,.F.,.F.,(4,1,1,1,1,1,1,1,4),
(-3.53702495458227,-3.47386379467902,-3.41070263477576,-3.28438031496925,
-3.03173567535623,-2.52644639613019,-2.27380175651717,-1.51586783767812,
0.),.UNSPECIFIED.);
#427=B_SPLINE_CURVE_WITH_KNOTS('',3,(#9998,#9999,#10000,#10001),
 .UNSPECIFIED.,.F.,.F.,(4,4),(-0.250192850779782,0.),.UNSPECIFIED.);
#428=B_SPLINE_CURVE_WITH_KNOTS('',3,(#10003,#10004,#10005,#10006),
 .UNSPECIFIED.,.F.,.F.,(4,4),(0.,0.250192850779782),.UNSPECIFIED.);
#429=B_SPLINE_CURVE_WITH_KNOTS('',3,(#10083,#10084,#10085,#10086,#10087,
#10088,#10089,#10090,#10091,#10092,#10093,#10094,#10095,#10096,#10097),
 .UNSPECIFIED.,.F.,.F.,(4,1,1,1,1,1,1,1,1,1,1,1,4),(-4.88209794447448,-4.18465538097813,
-3.48721281748177,-2.09232769048906,-1.39488512699271,-0.697442563496355,
-0.523081922622266,-0.348721281748177,-0.174360640874089,-0.0871803204370444,
-0.0435901602185222,-0.0217950801092611,0.),.UNSPECIFIED.);
#430=B_SPLINE_CURVE_WITH_KNOTS('',3,(#10160,#10161,#10162,#10163,#10164,
#10165,#10166,#10167,#10168,#10169,#10170),.UNSPECIFIED.,.F.,.F.,(4,1,1,
1,1,1,1,1,4),(9.79386325125152E-17,0.0631532871411855,0.126306574282371,
0.252613148564742,0.505226297129483,1.01045259425897,1.51567889138845,2.52613148564741,
3.53658407990638),.UNSPECIFIED.);
#431=B_SPLINE_CURVE_WITH_KNOTS('',3,(#10232,#10233,#10234,#10235,#10236,
#10237,#10238,#10239,#10240,#10241,#10242),.UNSPECIFIED.,.F.,.F.,(4,1,1,
1,1,1,1,1,4),(0.,1.51586783767812,2.27380175651717,2.52644639613019,3.03173567535623,
3.28438031496925,3.41070263477576,3.47386379467902,3.53702495458227),
 .UNSPECIFIED.);
#432=B_SPLINE_CURVE_WITH_KNOTS('',3,(#10313,#10314,#10315,#10316,#10317,
#10318,#10319,#10320,#10321,#10322,#10323,#10324,#10325),.UNSPECIFIED.,
 .F.,.F.,(4,1,1,1,1,1,1,1,1,1,4),(-4.88074901111878,-4.85895995303343,-4.83717089494808,
-4.79359277877738,-4.70643654643597,-4.53212408175316,-4.18349915238753,
-3.48624929365627,-2.09174957619376,-0.697249858731255,0.),
 .UNSPECIFIED.);
#433=B_SPLINE_CURVE_WITH_KNOTS('',3,(#10350,#10351,#10352,#10353),
 .UNSPECIFIED.,.F.,.F.,(4,4),(-0.250194473830668,0.),.UNSPECIFIED.);
#434=B_SPLINE_CURVE_WITH_KNOTS('',3,(#10354,#10355,#10356,#10357),
 .UNSPECIFIED.,.F.,.F.,(4,4),(0.,0.250194473830668),.UNSPECIFIED.);
#435=B_SPLINE_CURVE_WITH_KNOTS('',3,(#10400,#10401,#10402,#10403,#10404,
#10405,#10406,#10407,#10408,#10409,#10410,#10411,#10412,#10413,#10414,#10415),
 .UNSPECIFIED.,.F.,.F.,(4,3,3,3,3,4),(-3.4713768114436,-2.18853553119906,
-1.16314053920991,-0.600785279561132,-0.266673008506762,0.),
 .UNSPECIFIED.);
#436=B_SPLINE_CURVE_WITH_KNOTS('',3,(#10447,#10448,#10449,#10450,#10451,
#10452,#10453,#10454,#10455,#10456,#10457,#10458,#10459,#10460,#10461,#10462),
 .UNSPECIFIED.,.F.,.F.,(4,3,3,3,3,4),(-5.32117623393268,-5.05665228359512,
-4.77161436151187,-4.1017197981846,-2.71768977203299,0.),.UNSPECIFIED.);
#437=B_SPLINE_CURVE_WITH_KNOTS('',3,(#10465,#10466,#10467,#10468),
 .UNSPECIFIED.,.F.,.F.,(4,4),(-1.10532299114231E-16,0.150000000000001),
 .UNSPECIFIED.);
#438=B_SPLINE_CURVE_WITH_KNOTS('',3,(#10511,#10512,#10513,#10514),
 .UNSPECIFIED.,.F.,.F.,(4,4),(-0.201409989154014,1.10532299114231E-16),
 .UNSPECIFIED.);
#439=B_SPLINE_CURVE_WITH_KNOTS('',3,(#10515,#10516,#10517,#10518,#10519,
#10520,#10521,#10522,#10523,#10524,#10525,#10526,#10527,#10528,#10529,#10530,
#10531,#10532,#10533,#10534,#10535,#10536),.UNSPECIFIED.,.F.,.F.,(4,3,3,
3,3,3,3,4),(-4.44089209850063E-16,0.87995634042749,1.75991268085498,3.07984719149622,
3.51982536170996,4.39978170213745,5.27973804256495,6.15969438299244),
 .UNSPECIFIED.);
#440=B_SPLINE_CURVE_WITH_KNOTS('',3,(#10593,#10594,#10595,#10596),
 .UNSPECIFIED.,.F.,.F.,(4,4),(-1.83427034846334E-17,0.201409989154016),
 .UNSPECIFIED.);
#441=B_SPLINE_CURVE_WITH_KNOTS('',3,(#10729,#10730,#10731,#10732),
 .UNSPECIFIED.,.F.,.F.,(4,4),(-0.149999999999999,1.83427034846334E-17),
 .UNSPECIFIED.);
#442=B_SPLINE_CURVE_WITH_KNOTS('',3,(#10733,#10734,#10735,#10736,#10737,
#10738,#10739,#10740,#10741,#10742,#10743,#10744,#10745,#10746,#10747,#10748,
#10749,#10750,#10751,#10752,#10753,#10754),.UNSPECIFIED.,.F.,.F.,(4,3,3,
3,3,3,3,4),(4.44089209850063E-16,0.944059778321161,1.88811955664232,2.83217933496348,
3.30420922412406,4.7202988916058,5.66435866992696,6.60841844824812),
 .UNSPECIFIED.);
#443=LINE('',#2305,#545);
#444=LINE('',#2332,#546);
#445=LINE('',#2374,#547);
#446=LINE('',#2416,#548);
#447=LINE('',#2458,#549);
#448=LINE('',#2500,#550);
#449=LINE('',#2542,#551);
#450=LINE('',#2584,#552);
#451=LINE('',#2626,#553);
#452=LINE('',#2668,#554);
#453=LINE('',#2698,#555);
#454=LINE('',#2731,#556);
#455=LINE('',#2761,#557);
#456=LINE('',#2791,#558);
#457=LINE('',#2821,#559);
#458=LINE('',#2851,#560);
#459=LINE('',#2881,#561);
#460=LINE('',#2911,#562);
#461=LINE('',#2941,#563);
#462=LINE('',#2971,#564);
#463=LINE('',#2980,#565);
#464=LINE('',#3007,#566);
#465=LINE('',#3049,#567);
#466=LINE('',#3091,#568);
#467=LINE('',#3133,#569);
#468=LINE('',#3175,#570);
#469=LINE('',#3217,#571);
#470=LINE('',#3259,#572);
#471=LINE('',#3301,#573);
#472=LINE('',#3343,#574);
#473=LINE('',#3373,#575);
#474=LINE('',#3406,#576);
#475=LINE('',#3436,#577);
#476=LINE('',#3466,#578);
#477=LINE('',#3496,#579);
#478=LINE('',#3526,#580);
#479=LINE('',#3556,#581);
#480=LINE('',#3586,#582);
#481=LINE('',#3616,#583);
#482=LINE('',#3646,#584);
#483=LINE('',#3655,#585);
#484=LINE('',#3657,#586);
#485=LINE('',#3659,#587);
#486=LINE('',#3660,#588);
#487=LINE('',#3664,#589);
#488=LINE('',#3666,#590);
#489=LINE('',#3668,#591);
#490=LINE('',#3670,#592);
#491=LINE('',#3672,#593);
#492=LINE('',#3673,#594);
#493=LINE('',#3674,#595);
#494=LINE('',#9822,#596);
#495=LINE('',#9824,#597);
#496=LINE('',#9826,#598);
#497=LINE('',#9844,#599);
#498=LINE('',#9858,#600);
#499=LINE('',#9871,#601);
#500=LINE('',#9876,#602);
#501=LINE('',#9884,#603);
#502=LINE('',#10102,#604);
#503=LINE('',#10174,#605);
#504=LINE('',#10246,#606);
#505=LINE('',#10365,#607);
#506=LINE('',#10366,#608);
#507=LINE('',#10368,#609);
#508=LINE('',#10369,#610);
#509=LINE('',#10371,#611);
#510=LINE('',#10372,#612);
#511=LINE('',#10398,#613);
#512=LINE('',#10416,#614);
#513=LINE('',#10419,#615);
#514=LINE('',#10420,#616);
#515=LINE('',#10446,#617);
#516=LINE('',#10469,#618);
#517=LINE('',#10539,#619);
#518=LINE('',#10543,#620);
#519=LINE('',#10544,#621);
#520=LINE('',#10547,#622);
#521=LINE('',#10551,#623);
#522=LINE('',#10555,#624);
#523=LINE('',#10559,#625);
#524=LINE('',#10563,#626);
#525=LINE('',#10564,#627);
#526=LINE('',#10580,#628);
#527=LINE('',#10598,#629);
#528=LINE('',#10599,#630);
#529=LINE('',#10601,#631);
#530=LINE('',#10602,#632);
#531=LINE('',#10643,#633);
#532=LINE('',#10646,#634);
#533=LINE('',#10647,#635);
#534=LINE('',#10756,#636);
#535=LINE('',#10758,#637);
#536=LINE('',#10760,#638);
#537=LINE('',#10762,#639);
#538=LINE('',#10763,#640);
#539=LINE('',#10765,#641);
#540=LINE('',#10766,#642);
#541=LINE('',#10768,#643);
#542=LINE('',#10769,#644);
#543=LINE('',#10771,#645);
#544=LINE('',#10774,#646);
#545=VECTOR('',#1933,1.725);
#546=VECTOR('',#1938,1.725);
#547=VECTOR('',#1941,1.725);
#548=VECTOR('',#1944,1.725);
#549=VECTOR('',#1947,1.725);
#550=VECTOR('',#1950,1.725);
#551=VECTOR('',#1953,1.725);
#552=VECTOR('',#1956,1.725);
#553=VECTOR('',#1959,1.725);
#554=VECTOR('',#1962,1.725);
#555=VECTOR('',#1967,1.35152654461796);
#556=VECTOR('',#1972,1.35152654461796);
#557=VECTOR('',#1975,1.35152654461796);
#558=VECTOR('',#1978,1.35152654461796);
#559=VECTOR('',#1981,1.35152654461796);
#560=VECTOR('',#1984,1.35152654461796);
#561=VECTOR('',#1987,1.35152654461796);
#562=VECTOR('',#1990,1.35152654461796);
#563=VECTOR('',#1993,1.35152654461796);
#564=VECTOR('',#1996,1.35152654461796);
#565=VECTOR('',#2001,1.725);
#566=VECTOR('',#2006,1.725);
#567=VECTOR('',#2009,1.725);
#568=VECTOR('',#2012,1.725);
#569=VECTOR('',#2015,1.725);
#570=VECTOR('',#2018,1.725);
#571=VECTOR('',#2021,1.725);
#572=VECTOR('',#2024,1.725);
#573=VECTOR('',#2027,1.725);
#574=VECTOR('',#2030,1.725);
#575=VECTOR('',#2035,1.35152654461796);
#576=VECTOR('',#2040,1.35152654461796);
#577=VECTOR('',#2043,1.35152654461796);
#578=VECTOR('',#2046,1.35152654461796);
#579=VECTOR('',#2049,1.35152654461796);
#580=VECTOR('',#2052,1.35152654461796);
#581=VECTOR('',#2055,1.35152654461796);
#582=VECTOR('',#2058,1.35152654461796);
#583=VECTOR('',#2061,1.35152654461796);
#584=VECTOR('',#2064,1.35152654461796);
#585=VECTOR('',#2069,10.);
#586=VECTOR('',#2070,10.);
#587=VECTOR('',#2071,10.);
#588=VECTOR('',#2072,10.);
#589=VECTOR('',#2075,10.);
#590=VECTOR('',#2076,10.);
#591=VECTOR('',#2077,10.);
#592=VECTOR('',#2078,10.);
#593=VECTOR('',#2079,10.);
#594=VECTOR('',#2080,10.);
#595=VECTOR('',#2081,10.);
#596=VECTOR('',#2100,10.);
#597=VECTOR('',#2101,10.);
#598=VECTOR('',#2102,10.);
#599=VECTOR('',#2103,10.);
#600=VECTOR('',#2104,10.);
#601=VECTOR('',#2105,10.);
#602=VECTOR('',#2110,16.5);
#603=VECTOR('',#2121,16.5);
#604=VECTOR('',#2154,10.);
#605=VECTOR('',#2161,10.);
#606=VECTOR('',#2168,10.);
#607=VECTOR('',#2183,10.);
#608=VECTOR('',#2184,10.);
#609=VECTOR('',#2187,10.);
#610=VECTOR('',#2188,10.);
#611=VECTOR('',#2191,10.);
#612=VECTOR('',#2192,10.);
#613=VECTOR('',#2193,10.);
#614=VECTOR('',#2194,10.);
#615=VECTOR('',#2197,10.);
#616=VECTOR('',#2198,10.);
#617=VECTOR('',#2199,10.);
#618=VECTOR('',#2202,10.);
#619=VECTOR('',#2205,10.);
#620=VECTOR('',#2210,10.);
#621=VECTOR('',#2211,10.);
#622=VECTOR('',#2214,10.);
#623=VECTOR('',#2219,10.);
#624=VECTOR('',#2222,10.);
#625=VECTOR('',#2227,10.);
#626=VECTOR('',#2232,10.);
#627=VECTOR('',#2233,10.);
#628=VECTOR('',#2242,10.);
#629=VECTOR('',#2247,10.);
#630=VECTOR('',#2248,10.);
#631=VECTOR('',#2249,10.);
#632=VECTOR('',#2250,10.);
#633=VECTOR('',#2259,10.);
#634=VECTOR('',#2262,10.);
#635=VECTOR('',#2263,10.);
#636=VECTOR('',#2276,10.);
#637=VECTOR('',#2277,10.);
#638=VECTOR('',#2278,10.);
#639=VECTOR('',#2279,10.);
#640=VECTOR('',#2280,10.);
#641=VECTOR('',#2281,10.);
#642=VECTOR('',#2282,10.);
#643=VECTOR('',#2285,10.);
#644=VECTOR('',#2286,10.);
#645=VECTOR('',#2289,10.);
#646=VECTOR('',#2294,10.);
#647=VERTEX_POINT('',#2303);
#648=VERTEX_POINT('',#2304);
#649=VERTEX_POINT('',#2306);
#650=VERTEX_POINT('',#2317);
#651=VERTEX_POINT('',#2330);
#652=VERTEX_POINT('',#2331);
#653=VERTEX_POINT('',#2372);
#654=VERTEX_POINT('',#2373);
#655=VERTEX_POINT('',#2414);
#656=VERTEX_POINT('',#2415);
#657=VERTEX_POINT('',#2456);
#658=VERTEX_POINT('',#2457);
#659=VERTEX_POINT('',#2498);
#660=VERTEX_POINT('',#2499);
#661=VERTEX_POINT('',#2540);
#662=VERTEX_POINT('',#2541);
#663=VERTEX_POINT('',#2582);
#664=VERTEX_POINT('',#2583);
#665=VERTEX_POINT('',#2624);
#666=VERTEX_POINT('',#2625);
#667=VERTEX_POINT('',#2666);
#668=VERTEX_POINT('',#2667);
#669=VERTEX_POINT('',#2669);
#670=VERTEX_POINT('',#2680);
#671=VERTEX_POINT('',#2696);
#672=VERTEX_POINT('',#2697);
#673=VERTEX_POINT('',#2699);
#674=VERTEX_POINT('',#2713);
#675=VERTEX_POINT('',#2729);
#676=VERTEX_POINT('',#2730);
#677=VERTEX_POINT('',#2759);
#678=VERTEX_POINT('',#2760);
#679=VERTEX_POINT('',#2789);
#680=VERTEX_POINT('',#2790);
#681=VERTEX_POINT('',#2819);
#682=VERTEX_POINT('',#2820);
#683=VERTEX_POINT('',#2849);
#684=VERTEX_POINT('',#2850);
#685=VERTEX_POINT('',#2879);
#686=VERTEX_POINT('',#2880);
#687=VERTEX_POINT('',#2909);
#688=VERTEX_POINT('',#2910);
#689=VERTEX_POINT('',#2939);
#690=VERTEX_POINT('',#2940);
#691=VERTEX_POINT('',#2969);
#692=VERTEX_POINT('',#2970);
#693=VERTEX_POINT('',#2972);
#694=VERTEX_POINT('',#2978);
#695=VERTEX_POINT('',#2979);
#696=VERTEX_POINT('',#2981);
#697=VERTEX_POINT('',#2992);
#698=VERTEX_POINT('',#3005);
#699=VERTEX_POINT('',#3006);
#700=VERTEX_POINT('',#3047);
#701=VERTEX_POINT('',#3048);
#702=VERTEX_POINT('',#3089);
#703=VERTEX_POINT('',#3090);
#704=VERTEX_POINT('',#3131);
#705=VERTEX_POINT('',#3132);
#706=VERTEX_POINT('',#3173);
#707=VERTEX_POINT('',#3174);
#708=VERTEX_POINT('',#3215);
#709=VERTEX_POINT('',#3216);
#710=VERTEX_POINT('',#3257);
#711=VERTEX_POINT('',#3258);
#712=VERTEX_POINT('',#3299);
#713=VERTEX_POINT('',#3300);
#714=VERTEX_POINT('',#3341);
#715=VERTEX_POINT('',#3342);
#716=VERTEX_POINT('',#3344);
#717=VERTEX_POINT('',#3355);
#718=VERTEX_POINT('',#3371);
#719=VERTEX_POINT('',#3372);
#720=VERTEX_POINT('',#3374);
#721=VERTEX_POINT('',#3388);
#722=VERTEX_POINT('',#3404);
#723=VERTEX_POINT('',#3405);
#724=VERTEX_POINT('',#3434);
#725=VERTEX_POINT('',#3435);
#726=VERTEX_POINT('',#3464);
#727=VERTEX_POINT('',#3465);
#728=VERTEX_POINT('',#3494);
#729=VERTEX_POINT('',#3495);
#730=VERTEX_POINT('',#3524);
#731=VERTEX_POINT('',#3525);
#732=VERTEX_POINT('',#3554);
#733=VERTEX_POINT('',#3555);
#734=VERTEX_POINT('',#3584);
#735=VERTEX_POINT('',#3585);
#736=VERTEX_POINT('',#3614);
#737=VERTEX_POINT('',#3615);
#738=VERTEX_POINT('',#3644);
#739=VERTEX_POINT('',#3645);
#740=VERTEX_POINT('',#3647);
#741=VERTEX_POINT('',#3653);
#742=VERTEX_POINT('',#3654);
#743=VERTEX_POINT('',#3656);
#744=VERTEX_POINT('',#3658);
#745=VERTEX_POINT('',#3662);
#746=VERTEX_POINT('',#3663);
#747=VERTEX_POINT('',#3665);
#748=VERTEX_POINT('',#3667);
#749=VERTEX_POINT('',#3669);
#750=VERTEX_POINT('',#3671);
#751=VERTEX_POINT('',#9800);
#752=VERTEX_POINT('',#9802);
#753=VERTEX_POINT('',#9806);
#754=VERTEX_POINT('',#9807);
#755=VERTEX_POINT('',#9821);
#756=VERTEX_POINT('',#9823);
#757=VERTEX_POINT('',#9825);
#758=VERTEX_POINT('',#9827);
#759=VERTEX_POINT('',#9843);
#760=VERTEX_POINT('',#9845);
#761=VERTEX_POINT('',#9857);
#762=VERTEX_POINT('',#9859);
#763=VERTEX_POINT('',#9872);
#764=VERTEX_POINT('',#9875);
#765=VERTEX_POINT('',#9879);
#766=VERTEX_POINT('',#9883);
#767=VERTEX_POINT('',#9921);
#768=VERTEX_POINT('',#9922);
#769=VERTEX_POINT('',#9924);
#770=VERTEX_POINT('',#9962);
#771=VERTEX_POINT('',#9963);
#772=VERTEX_POINT('',#9965);
#773=VERTEX_POINT('',#9969);
#774=VERTEX_POINT('',#9970);
#775=VERTEX_POINT('',#9972);
#776=VERTEX_POINT('',#9974);
#777=VERTEX_POINT('',#9997);
#778=VERTEX_POINT('',#10082);
#779=VERTEX_POINT('',#10100);
#780=VERTEX_POINT('',#10158);
#781=VERTEX_POINT('',#10172);
#782=VERTEX_POINT('',#10230);
#783=VERTEX_POINT('',#10244);
#784=VERTEX_POINT('',#10312);
#785=VERTEX_POINT('',#10347);
#786=VERTEX_POINT('',#10348);
#787=VERTEX_POINT('',#10359);
#788=VERTEX_POINT('',#10360);
#789=VERTEX_POINT('',#10397);
#790=VERTEX_POINT('',#10399);
#791=VERTEX_POINT('',#10418);
#792=VERTEX_POINT('',#10445);
#793=VERTEX_POINT('',#10464);
#794=VERTEX_POINT('',#10510);
#795=VERTEX_POINT('',#10538);
#796=VERTEX_POINT('',#10542);
#797=VERTEX_POINT('',#10546);
#798=VERTEX_POINT('',#10550);
#799=VERTEX_POINT('',#10552);
#800=VERTEX_POINT('',#10554);
#801=VERTEX_POINT('',#10558);
#802=VERTEX_POINT('',#10562);
#803=VERTEX_POINT('',#10574);
#804=VERTEX_POINT('',#10578);
#805=VERTEX_POINT('',#10592);
#806=VERTEX_POINT('',#10597);
#807=VERTEX_POINT('',#10600);
#808=VERTEX_POINT('',#10638);
#809=VERTEX_POINT('',#10645);
#810=VERTEX_POINT('',#10728);
#811=VERTEX_POINT('',#10757);
#812=VERTEX_POINT('',#10759);
#813=VERTEX_POINT('',#10761);
#814=VERTEX_POINT('',#10764);
#815=EDGE_CURVE('',#647,#648,#443,.T.);
#816=EDGE_CURVE('',#648,#649,#371,.F.);
#817=EDGE_CURVE('',#650,#649,#327,.T.);
#818=EDGE_CURVE('',#650,#647,#372,.F.);
#819=EDGE_CURVE('',#651,#652,#444,.T.);
#820=EDGE_CURVE('',#652,#648,#373,.F.);
#821=EDGE_CURVE('',#647,#651,#374,.F.);
#822=EDGE_CURVE('',#653,#654,#445,.T.);
#823=EDGE_CURVE('',#654,#652,#375,.F.);
#824=EDGE_CURVE('',#651,#653,#376,.F.);
#825=EDGE_CURVE('',#655,#656,#446,.T.);
#826=EDGE_CURVE('',#656,#654,#377,.F.);
#827=EDGE_CURVE('',#653,#655,#378,.F.);
#828=EDGE_CURVE('',#657,#658,#447,.T.);
#829=EDGE_CURVE('',#658,#656,#379,.F.);
#830=EDGE_CURVE('',#655,#657,#380,.F.);
#831=EDGE_CURVE('',#659,#660,#448,.T.);
#832=EDGE_CURVE('',#660,#658,#381,.F.);
#833=EDGE_CURVE('',#657,#659,#382,.F.);
#834=EDGE_CURVE('',#661,#662,#449,.T.);
#835=EDGE_CURVE('',#662,#660,#383,.F.);
#836=EDGE_CURVE('',#659,#661,#384,.F.);
#837=EDGE_CURVE('',#663,#664,#450,.T.);
#838=EDGE_CURVE('',#664,#662,#385,.F.);
#839=EDGE_CURVE('',#661,#663,#386,.F.);
#840=EDGE_CURVE('',#665,#666,#451,.T.);
#841=EDGE_CURVE('',#666,#664,#387,.F.);
#842=EDGE_CURVE('',#663,#665,#388,.F.);
#843=EDGE_CURVE('',#667,#668,#452,.T.);
#844=EDGE_CURVE('',#667,#669,#389,.F.);
#845=EDGE_CURVE('',#670,#669,#328,.T.);
#846=EDGE_CURVE('',#670,#668,#390,.F.);
#847=EDGE_CURVE('',#671,#672,#453,.T.);
#848=EDGE_CURVE('',#672,#673,#73,.T.);
#849=EDGE_CURVE('',#674,#673,#329,.T.);
#850=EDGE_CURVE('',#671,#674,#74,.T.);
#851=EDGE_CURVE('',#675,#676,#454,.T.);
#852=EDGE_CURVE('',#676,#672,#75,.T.);
#853=EDGE_CURVE('',#675,#671,#76,.T.);
#854=EDGE_CURVE('',#677,#678,#455,.T.);
#855=EDGE_CURVE('',#678,#676,#77,.T.);
#856=EDGE_CURVE('',#677,#675,#78,.T.);
#857=EDGE_CURVE('',#679,#680,#456,.T.);
#858=EDGE_CURVE('',#680,#678,#79,.T.);
#859=EDGE_CURVE('',#679,#677,#80,.T.);
#860=EDGE_CURVE('',#681,#682,#457,.T.);
#861=EDGE_CURVE('',#682,#680,#81,.T.);
#862=EDGE_CURVE('',#681,#679,#82,.T.);
#863=EDGE_CURVE('',#683,#684,#458,.T.);
#864=EDGE_CURVE('',#684,#682,#83,.T.);
#865=EDGE_CURVE('',#683,#681,#84,.T.);
#866=EDGE_CURVE('',#685,#686,#459,.T.);
#867=EDGE_CURVE('',#686,#684,#85,.T.);
#868=EDGE_CURVE('',#685,#683,#86,.T.);
#869=EDGE_CURVE('',#687,#688,#460,.T.);
#870=EDGE_CURVE('',#688,#686,#87,.T.);
#871=EDGE_CURVE('',#687,#685,#88,.T.);
#872=EDGE_CURVE('',#689,#690,#461,.T.);
#873=EDGE_CURVE('',#690,#688,#89,.T.);
#874=EDGE_CURVE('',#689,#687,#90,.T.);
#875=EDGE_CURVE('',#691,#692,#462,.T.);
#876=EDGE_CURVE('',#693,#691,#330,.T.);
#877=EDGE_CURVE('',#693,#692,#91,.T.);
#878=EDGE_CURVE('',#694,#695,#463,.T.);
#879=EDGE_CURVE('',#695,#696,#391,.F.);
#880=EDGE_CURVE('',#697,#696,#331,.T.);
#881=EDGE_CURVE('',#697,#694,#392,.F.);
#882=EDGE_CURVE('',#698,#699,#464,.T.);
#883=EDGE_CURVE('',#699,#695,#393,.F.);
#884=EDGE_CURVE('',#694,#698,#394,.F.);
#885=EDGE_CURVE('',#700,#701,#465,.T.);
#886=EDGE_CURVE('',#701,#699,#395,.F.);
#887=EDGE_CURVE('',#698,#700,#396,.F.);
#888=EDGE_CURVE('',#702,#703,#466,.T.);
#889=EDGE_CURVE('',#703,#701,#397,.F.);
#890=EDGE_CURVE('',#700,#702,#398,.F.);
#891=EDGE_CURVE('',#704,#705,#467,.T.);
#892=EDGE_CURVE('',#705,#703,#399,.F.);
#893=EDGE_CURVE('',#702,#704,#400,.F.);
#894=EDGE_CURVE('',#706,#707,#468,.T.);
#895=EDGE_CURVE('',#707,#705,#401,.F.);
#896=EDGE_CURVE('',#704,#706,#402,.F.);
#897=EDGE_CURVE('',#708,#709,#469,.T.);
#898=EDGE_CURVE('',#709,#707,#403,.F.);
#899=EDGE_CURVE('',#706,#708,#404,.F.);
#900=EDGE_CURVE('',#710,#711,#470,.T.);
#901=EDGE_CURVE('',#711,#709,#405,.F.);
#902=EDGE_CURVE('',#708,#710,#406,.F.);
#903=EDGE_CURVE('',#712,#713,#471,.T.);
#904=EDGE_CURVE('',#713,#711,#407,.F.);
#905=EDGE_CURVE('',#710,#712,#408,.F.);
#906=EDGE_CURVE('',#714,#715,#472,.T.);
#907=EDGE_CURVE('',#714,#716,#409,.F.);
#908=EDGE_CURVE('',#717,#716,#332,.T.);
#909=EDGE_CURVE('',#717,#715,#410,.F.);
#910=EDGE_CURVE('',#718,#719,#473,.T.);
#911=EDGE_CURVE('',#719,#720,#92,.T.);
#912=EDGE_CURVE('',#721,#720,#333,.T.);
#913=EDGE_CURVE('',#718,#721,#93,.T.);
#914=EDGE_CURVE('',#722,#723,#474,.T.);
#915=EDGE_CURVE('',#723,#719,#94,.T.);
#916=EDGE_CURVE('',#722,#718,#95,.T.);
#917=EDGE_CURVE('',#724,#725,#475,.T.);
#918=EDGE_CURVE('',#725,#723,#96,.T.);
#919=EDGE_CURVE('',#724,#722,#97,.T.);
#920=EDGE_CURVE('',#726,#727,#476,.T.);
#921=EDGE_CURVE('',#727,#725,#98,.T.);
#922=EDGE_CURVE('',#726,#724,#99,.T.);
#923=EDGE_CURVE('',#728,#729,#477,.T.);
#924=EDGE_CURVE('',#729,#727,#100,.T.);
#925=EDGE_CURVE('',#728,#726,#101,.T.);
#926=EDGE_CURVE('',#730,#731,#478,.T.);
#927=EDGE_CURVE('',#731,#729,#102,.T.);
#928=EDGE_CURVE('',#730,#728,#103,.T.);
#929=EDGE_CURVE('',#732,#733,#479,.T.);
#930=EDGE_CURVE('',#733,#731,#104,.T.);
#931=EDGE_CURVE('',#732,#730,#105,.T.);
#932=EDGE_CURVE('',#734,#735,#480,.T.);
#933=EDGE_CURVE('',#735,#733,#106,.T.);
#934=EDGE_CURVE('',#734,#732,#107,.T.);
#935=EDGE_CURVE('',#736,#737,#481,.T.);
#936=EDGE_CURVE('',#737,#735,#108,.T.);
#937=EDGE_CURVE('',#736,#734,#109,.T.);
#938=EDGE_CURVE('',#738,#739,#482,.T.);
#939=EDGE_CURVE('',#740,#738,#334,.T.);
#940=EDGE_CURVE('',#740,#739,#110,.T.);
#941=EDGE_CURVE('',#741,#742,#483,.T.);
#942=EDGE_CURVE('',#742,#743,#484,.T.);
#943=EDGE_CURVE('',#744,#743,#485,.T.);
#944=EDGE_CURVE('',#744,#741,#486,.T.);
#945=EDGE_CURVE('',#745,#746,#487,.T.);
#946=EDGE_CURVE('',#747,#745,#488,.T.);
#947=EDGE_CURVE('',#747,#748,#489,.T.);
#948=EDGE_CURVE('',#749,#748,#490,.T.);
#949=EDGE_CURVE('',#750,#749,#491,.T.);
#950=EDGE_CURVE('',#743,#750,#492,.T.);
#951=EDGE_CURVE('',#746,#742,#493,.T.);
#952=EDGE_CURVE('',#739,#737,#111,.T.);
#953=EDGE_CURVE('',#738,#736,#112,.T.);
#954=EDGE_CURVE('',#720,#697,#411,.T.);
#955=EDGE_CURVE('',#716,#740,#412,.T.);
#956=EDGE_CURVE('',#712,#714,#413,.F.);
#957=EDGE_CURVE('',#715,#713,#414,.F.);
#958=EDGE_CURVE('',#696,#721,#415,.T.);
#959=EDGE_CURVE('',#738,#717,#416,.T.);
#960=EDGE_CURVE('',#692,#690,#113,.T.);
#961=EDGE_CURVE('',#691,#689,#114,.T.);
#962=EDGE_CURVE('',#673,#650,#417,.T.);
#963=EDGE_CURVE('',#669,#693,#418,.T.);
#964=EDGE_CURVE('',#665,#667,#419,.F.);
#965=EDGE_CURVE('',#668,#666,#420,.F.);
#966=EDGE_CURVE('',#649,#674,#421,.T.);
#967=EDGE_CURVE('',#691,#670,#422,.T.);
#968=EDGE_CURVE('',#751,#751,#335,.T.);
#969=EDGE_CURVE('',#751,#752,#336,.T.);
#970=EDGE_CURVE('',#752,#752,#337,.T.);
#971=EDGE_CURVE('',#753,#754,#423,.T.);
#972=EDGE_CURVE('',#755,#753,#494,.T.);
#973=EDGE_CURVE('',#756,#755,#495,.T.);
#974=EDGE_CURVE('',#757,#756,#496,.T.);
#975=EDGE_CURVE('',#758,#757,#424,.T.);
#976=EDGE_CURVE('',#759,#758,#497,.T.);
#977=EDGE_CURVE('',#760,#759,#425,.T.);
#978=EDGE_CURVE('',#761,#760,#498,.T.);
#979=EDGE_CURVE('',#762,#761,#426,.T.);
#980=EDGE_CURVE('',#754,#762,#499,.T.);
#981=EDGE_CURVE('',#763,#763,#338,.T.);
#982=EDGE_CURVE('',#752,#764,#500,.T.);
#983=EDGE_CURVE('',#764,#764,#339,.T.);
#984=EDGE_CURVE('',#763,#765,#340,.T.);
#985=EDGE_CURVE('',#765,#765,#341,.T.);
#986=EDGE_CURVE('',#765,#766,#501,.T.);
#987=EDGE_CURVE('',#766,#766,#342,.T.);
#988=EDGE_CURVE('',#767,#768,#343,.T.);
#989=EDGE_CURVE('',#768,#769,#15,.T.);
#990=EDGE_CURVE('',#769,#767,#16,.T.);
#991=EDGE_CURVE('',#770,#771,#344,.T.);
#992=EDGE_CURVE('',#771,#772,#17,.T.);
#993=EDGE_CURVE('',#772,#770,#18,.T.);
#994=EDGE_CURVE('',#773,#774,#345,.T.);
#995=EDGE_CURVE('',#774,#775,#346,.T.);
#996=EDGE_CURVE('',#775,#776,#347,.T.);
#997=EDGE_CURVE('',#776,#773,#348,.T.);
#998=EDGE_CURVE('',#775,#777,#427,.T.);
#999=EDGE_CURVE('',#777,#757,#349,.T.);
#1000=EDGE_CURVE('',#757,#776,#428,.T.);
#1001=EDGE_CURVE('',#777,#778,#429,.T.);
#1002=EDGE_CURVE('',#778,#758,#350,.T.);
#1003=EDGE_CURVE('',#779,#759,#351,.T.);
#1004=EDGE_CURVE('',#778,#779,#502,.T.);
#1005=EDGE_CURVE('',#780,#760,#352,.T.);
#1006=EDGE_CURVE('',#779,#780,#430,.T.);
#1007=EDGE_CURVE('',#781,#761,#353,.T.);
#1008=EDGE_CURVE('',#780,#781,#503,.T.);
#1009=EDGE_CURVE('',#782,#762,#354,.T.);
#1010=EDGE_CURVE('',#781,#782,#431,.T.);
#1011=EDGE_CURVE('',#783,#754,#355,.T.);
#1012=EDGE_CURVE('',#782,#783,#504,.T.);
#1013=EDGE_CURVE('',#783,#784,#432,.T.);
#1014=EDGE_CURVE('',#784,#753,#356,.T.);
#1015=EDGE_CURVE('',#785,#786,#357,.T.);
#1016=EDGE_CURVE('',#786,#753,#433,.T.);
#1017=EDGE_CURVE('',#784,#785,#434,.T.);
#1018=EDGE_CURVE('',#787,#788,#358,.T.);
#1019=EDGE_CURVE('',#788,#786,#359,.T.);
#1020=EDGE_CURVE('',#785,#787,#360,.T.);
#1021=EDGE_CURVE('',#771,#788,#505,.T.);
#1022=EDGE_CURVE('',#787,#772,#506,.T.);
#1023=EDGE_CURVE('',#769,#774,#507,.T.);
#1024=EDGE_CURVE('',#773,#767,#508,.T.);
#1025=EDGE_CURVE('',#768,#770,#509,.T.);
#1026=EDGE_CURVE('',#772,#769,#510,.T.);
#1027=EDGE_CURVE('',#789,#781,#511,.T.);
#1028=EDGE_CURVE('',#789,#790,#435,.T.);
#1029=EDGE_CURVE('',#790,#782,#512,.T.);
#1030=EDGE_CURVE('',#791,#780,#513,.T.);
#1031=EDGE_CURVE('',#791,#789,#514,.T.);
#1032=EDGE_CURVE('',#792,#779,#515,.T.);
#1033=EDGE_CURVE('',#792,#791,#436,.T.);
#1034=EDGE_CURVE('',#793,#778,#437,.T.);
#1035=EDGE_CURVE('',#792,#793,#516,.T.);
#1036=EDGE_CURVE('',#775,#794,#438,.T.);
#1037=EDGE_CURVE('',#794,#793,#439,.T.);
#1038=EDGE_CURVE('',#788,#795,#517,.T.);
#1039=EDGE_CURVE('',#755,#795,#19,.T.);
#1040=EDGE_CURVE('',#796,#771,#518,.T.);
#1041=EDGE_CURVE('',#795,#796,#519,.T.);
#1042=EDGE_CURVE('',#770,#797,#520,.T.);
#1043=EDGE_CURVE('',#797,#796,#361,.T.);
#1044=EDGE_CURVE('',#798,#768,#521,.T.);
#1045=EDGE_CURVE('',#799,#798,#362,.T.);
#1046=EDGE_CURVE('',#800,#799,#522,.T.);
#1047=EDGE_CURVE('',#797,#800,#363,.T.);
#1048=EDGE_CURVE('',#767,#801,#523,.T.);
#1049=EDGE_CURVE('',#798,#801,#364,.T.);
#1050=EDGE_CURVE('',#802,#773,#524,.T.);
#1051=EDGE_CURVE('',#801,#802,#525,.T.);
#1052=EDGE_CURVE('',#800,#803,#365,.T.);
#1053=EDGE_CURVE('',#803,#796,#366,.T.);
#1054=EDGE_CURVE('',#799,#804,#367,.T.);
#1055=EDGE_CURVE('',#804,#803,#526,.T.);
#1056=EDGE_CURVE('',#801,#804,#368,.T.);
#1057=EDGE_CURVE('',#805,#785,#440,.T.);
#1058=EDGE_CURVE('',#805,#806,#527,.T.);
#1059=EDGE_CURVE('',#806,#749,#528,.T.);
#1060=EDGE_CURVE('',#748,#807,#529,.T.);
#1061=EDGE_CURVE('',#807,#794,#530,.T.);
#1062=EDGE_CURVE('',#808,#802,#369,.T.);
#1063=EDGE_CURVE('',#802,#756,#20,.T.);
#1064=EDGE_CURVE('',#756,#808,#21,.T.);
#1065=EDGE_CURVE('',#808,#804,#531,.T.);
#1066=EDGE_CURVE('',#809,#808,#532,.T.);
#1067=EDGE_CURVE('',#803,#809,#533,.T.);
#1068=EDGE_CURVE('',#809,#755,#22,.T.);
#1069=EDGE_CURVE('',#795,#809,#370,.T.);
#1070=EDGE_CURVE('',#783,#810,#441,.T.);
#1071=EDGE_CURVE('',#810,#805,#442,.T.);
#1072=EDGE_CURVE('',#790,#810,#534,.T.);
#1073=EDGE_CURVE('',#807,#811,#535,.T.);
#1074=EDGE_CURVE('',#812,#811,#536,.T.);
#1075=EDGE_CURVE('',#813,#812,#537,.T.);
#1076=EDGE_CURVE('',#741,#813,#538,.T.);
#1077=EDGE_CURVE('',#814,#744,#539,.T.);
#1078=EDGE_CURVE('',#814,#806,#540,.T.);
#1079=EDGE_CURVE('',#745,#812,#541,.T.);
#1080=EDGE_CURVE('',#811,#747,#542,.T.);
#1081=EDGE_CURVE('',#746,#813,#543,.T.);
#1082=EDGE_CURVE('',#814,#750,#544,.T.);
#1083=ORIENTED_EDGE('',*,*,#815,.T.);
#1084=ORIENTED_EDGE('',*,*,#816,.T.);
#1085=ORIENTED_EDGE('',*,*,#817,.F.);
#1086=ORIENTED_EDGE('',*,*,#818,.T.);
#1087=ORIENTED_EDGE('',*,*,#819,.T.);
#1088=ORIENTED_EDGE('',*,*,#820,.T.);
#1089=ORIENTED_EDGE('',*,*,#815,.F.);
#1090=ORIENTED_EDGE('',*,*,#821,.T.);
#1091=ORIENTED_EDGE('',*,*,#822,.T.);
#1092=ORIENTED_EDGE('',*,*,#823,.T.);
#1093=ORIENTED_EDGE('',*,*,#819,.F.);
#1094=ORIENTED_EDGE('',*,*,#824,.T.);
#1095=ORIENTED_EDGE('',*,*,#825,.T.);
#1096=ORIENTED_EDGE('',*,*,#826,.T.);
#1097=ORIENTED_EDGE('',*,*,#822,.F.);
#1098=ORIENTED_EDGE('',*,*,#827,.T.);
#1099=ORIENTED_EDGE('',*,*,#828,.T.);
#1100=ORIENTED_EDGE('',*,*,#829,.T.);
#1101=ORIENTED_EDGE('',*,*,#825,.F.);
#1102=ORIENTED_EDGE('',*,*,#830,.T.);
#1103=ORIENTED_EDGE('',*,*,#831,.T.);
#1104=ORIENTED_EDGE('',*,*,#832,.T.);
#1105=ORIENTED_EDGE('',*,*,#828,.F.);
#1106=ORIENTED_EDGE('',*,*,#833,.T.);
#1107=ORIENTED_EDGE('',*,*,#834,.T.);
#1108=ORIENTED_EDGE('',*,*,#835,.T.);
#1109=ORIENTED_EDGE('',*,*,#831,.F.);
#1110=ORIENTED_EDGE('',*,*,#836,.T.);
#1111=ORIENTED_EDGE('',*,*,#837,.T.);
#1112=ORIENTED_EDGE('',*,*,#838,.T.);
#1113=ORIENTED_EDGE('',*,*,#834,.F.);
#1114=ORIENTED_EDGE('',*,*,#839,.T.);
#1115=ORIENTED_EDGE('',*,*,#840,.T.);
#1116=ORIENTED_EDGE('',*,*,#841,.T.);
#1117=ORIENTED_EDGE('',*,*,#837,.F.);
#1118=ORIENTED_EDGE('',*,*,#842,.T.);
#1119=ORIENTED_EDGE('',*,*,#843,.F.);
#1120=ORIENTED_EDGE('',*,*,#844,.T.);
#1121=ORIENTED_EDGE('',*,*,#845,.F.);
#1122=ORIENTED_EDGE('',*,*,#846,.T.);
#1123=ORIENTED_EDGE('',*,*,#847,.T.);
#1124=ORIENTED_EDGE('',*,*,#848,.T.);
#1125=ORIENTED_EDGE('',*,*,#849,.F.);
#1126=ORIENTED_EDGE('',*,*,#850,.F.);
#1127=ORIENTED_EDGE('',*,*,#851,.T.);
#1128=ORIENTED_EDGE('',*,*,#852,.T.);
#1129=ORIENTED_EDGE('',*,*,#847,.F.);
#1130=ORIENTED_EDGE('',*,*,#853,.F.);
#1131=ORIENTED_EDGE('',*,*,#854,.T.);
#1132=ORIENTED_EDGE('',*,*,#855,.T.);
#1133=ORIENTED_EDGE('',*,*,#851,.F.);
#1134=ORIENTED_EDGE('',*,*,#856,.F.);
#1135=ORIENTED_EDGE('',*,*,#857,.T.);
#1136=ORIENTED_EDGE('',*,*,#858,.T.);
#1137=ORIENTED_EDGE('',*,*,#854,.F.);
#1138=ORIENTED_EDGE('',*,*,#859,.F.);
#1139=ORIENTED_EDGE('',*,*,#860,.T.);
#1140=ORIENTED_EDGE('',*,*,#861,.T.);
#1141=ORIENTED_EDGE('',*,*,#857,.F.);
#1142=ORIENTED_EDGE('',*,*,#862,.F.);
#1143=ORIENTED_EDGE('',*,*,#863,.T.);
#1144=ORIENTED_EDGE('',*,*,#864,.T.);
#1145=ORIENTED_EDGE('',*,*,#860,.F.);
#1146=ORIENTED_EDGE('',*,*,#865,.F.);
#1147=ORIENTED_EDGE('',*,*,#866,.T.);
#1148=ORIENTED_EDGE('',*,*,#867,.T.);
#1149=ORIENTED_EDGE('',*,*,#863,.F.);
#1150=ORIENTED_EDGE('',*,*,#868,.F.);
#1151=ORIENTED_EDGE('',*,*,#869,.T.);
#1152=ORIENTED_EDGE('',*,*,#870,.T.);
#1153=ORIENTED_EDGE('',*,*,#866,.F.);
#1154=ORIENTED_EDGE('',*,*,#871,.F.);
#1155=ORIENTED_EDGE('',*,*,#872,.T.);
#1156=ORIENTED_EDGE('',*,*,#873,.T.);
#1157=ORIENTED_EDGE('',*,*,#869,.F.);
#1158=ORIENTED_EDGE('',*,*,#874,.F.);
#1159=ORIENTED_EDGE('',*,*,#875,.F.);
#1160=ORIENTED_EDGE('',*,*,#876,.F.);
#1161=ORIENTED_EDGE('',*,*,#877,.T.);
#1162=ORIENTED_EDGE('',*,*,#878,.T.);
#1163=ORIENTED_EDGE('',*,*,#879,.T.);
#1164=ORIENTED_EDGE('',*,*,#880,.F.);
#1165=ORIENTED_EDGE('',*,*,#881,.T.);
#1166=ORIENTED_EDGE('',*,*,#882,.T.);
#1167=ORIENTED_EDGE('',*,*,#883,.T.);
#1168=ORIENTED_EDGE('',*,*,#878,.F.);
#1169=ORIENTED_EDGE('',*,*,#884,.T.);
#1170=ORIENTED_EDGE('',*,*,#885,.T.);
#1171=ORIENTED_EDGE('',*,*,#886,.T.);
#1172=ORIENTED_EDGE('',*,*,#882,.F.);
#1173=ORIENTED_EDGE('',*,*,#887,.T.);
#1174=ORIENTED_EDGE('',*,*,#888,.T.);
#1175=ORIENTED_EDGE('',*,*,#889,.T.);
#1176=ORIENTED_EDGE('',*,*,#885,.F.);
#1177=ORIENTED_EDGE('',*,*,#890,.T.);
#1178=ORIENTED_EDGE('',*,*,#891,.T.);
#1179=ORIENTED_EDGE('',*,*,#892,.T.);
#1180=ORIENTED_EDGE('',*,*,#888,.F.);
#1181=ORIENTED_EDGE('',*,*,#893,.T.);
#1182=ORIENTED_EDGE('',*,*,#894,.T.);
#1183=ORIENTED_EDGE('',*,*,#895,.T.);
#1184=ORIENTED_EDGE('',*,*,#891,.F.);
#1185=ORIENTED_EDGE('',*,*,#896,.T.);
#1186=ORIENTED_EDGE('',*,*,#897,.T.);
#1187=ORIENTED_EDGE('',*,*,#898,.T.);
#1188=ORIENTED_EDGE('',*,*,#894,.F.);
#1189=ORIENTED_EDGE('',*,*,#899,.T.);
#1190=ORIENTED_EDGE('',*,*,#900,.T.);
#1191=ORIENTED_EDGE('',*,*,#901,.T.);
#1192=ORIENTED_EDGE('',*,*,#897,.F.);
#1193=ORIENTED_EDGE('',*,*,#902,.T.);
#1194=ORIENTED_EDGE('',*,*,#903,.T.);
#1195=ORIENTED_EDGE('',*,*,#904,.T.);
#1196=ORIENTED_EDGE('',*,*,#900,.F.);
#1197=ORIENTED_EDGE('',*,*,#905,.T.);
#1198=ORIENTED_EDGE('',*,*,#906,.F.);
#1199=ORIENTED_EDGE('',*,*,#907,.T.);
#1200=ORIENTED_EDGE('',*,*,#908,.F.);
#1201=ORIENTED_EDGE('',*,*,#909,.T.);
#1202=ORIENTED_EDGE('',*,*,#910,.T.);
#1203=ORIENTED_EDGE('',*,*,#911,.T.);
#1204=ORIENTED_EDGE('',*,*,#912,.F.);
#1205=ORIENTED_EDGE('',*,*,#913,.F.);
#1206=ORIENTED_EDGE('',*,*,#914,.T.);
#1207=ORIENTED_EDGE('',*,*,#915,.T.);
#1208=ORIENTED_EDGE('',*,*,#910,.F.);
#1209=ORIENTED_EDGE('',*,*,#916,.F.);
#1210=ORIENTED_EDGE('',*,*,#917,.T.);
#1211=ORIENTED_EDGE('',*,*,#918,.T.);
#1212=ORIENTED_EDGE('',*,*,#914,.F.);
#1213=ORIENTED_EDGE('',*,*,#919,.F.);
#1214=ORIENTED_EDGE('',*,*,#920,.T.);
#1215=ORIENTED_EDGE('',*,*,#921,.T.);
#1216=ORIENTED_EDGE('',*,*,#917,.F.);
#1217=ORIENTED_EDGE('',*,*,#922,.F.);
#1218=ORIENTED_EDGE('',*,*,#923,.T.);
#1219=ORIENTED_EDGE('',*,*,#924,.T.);
#1220=ORIENTED_EDGE('',*,*,#920,.F.);
#1221=ORIENTED_EDGE('',*,*,#925,.F.);
#1222=ORIENTED_EDGE('',*,*,#926,.T.);
#1223=ORIENTED_EDGE('',*,*,#927,.T.);
#1224=ORIENTED_EDGE('',*,*,#923,.F.);
#1225=ORIENTED_EDGE('',*,*,#928,.F.);
#1226=ORIENTED_EDGE('',*,*,#929,.T.);
#1227=ORIENTED_EDGE('',*,*,#930,.T.);
#1228=ORIENTED_EDGE('',*,*,#926,.F.);
#1229=ORIENTED_EDGE('',*,*,#931,.F.);
#1230=ORIENTED_EDGE('',*,*,#932,.T.);
#1231=ORIENTED_EDGE('',*,*,#933,.T.);
#1232=ORIENTED_EDGE('',*,*,#929,.F.);
#1233=ORIENTED_EDGE('',*,*,#934,.F.);
#1234=ORIENTED_EDGE('',*,*,#935,.T.);
#1235=ORIENTED_EDGE('',*,*,#936,.T.);
#1236=ORIENTED_EDGE('',*,*,#932,.F.);
#1237=ORIENTED_EDGE('',*,*,#937,.F.);
#1238=ORIENTED_EDGE('',*,*,#938,.F.);
#1239=ORIENTED_EDGE('',*,*,#939,.F.);
#1240=ORIENTED_EDGE('',*,*,#940,.T.);
#1241=ORIENTED_EDGE('',*,*,#941,.T.);
#1242=ORIENTED_EDGE('',*,*,#942,.T.);
#1243=ORIENTED_EDGE('',*,*,#943,.F.);
#1244=ORIENTED_EDGE('',*,*,#944,.T.);
#1245=ORIENTED_EDGE('',*,*,#945,.F.);
#1246=ORIENTED_EDGE('',*,*,#946,.F.);
#1247=ORIENTED_EDGE('',*,*,#947,.T.);
#1248=ORIENTED_EDGE('',*,*,#948,.F.);
#1249=ORIENTED_EDGE('',*,*,#949,.F.);
#1250=ORIENTED_EDGE('',*,*,#950,.F.);
#1251=ORIENTED_EDGE('',*,*,#942,.F.);
#1252=ORIENTED_EDGE('',*,*,#951,.F.);
#1253=ORIENTED_EDGE('',*,*,#938,.T.);
#1254=ORIENTED_EDGE('',*,*,#952,.T.);
#1255=ORIENTED_EDGE('',*,*,#935,.F.);
#1256=ORIENTED_EDGE('',*,*,#953,.F.);
#1257=ORIENTED_EDGE('',*,*,#954,.F.);
#1258=ORIENTED_EDGE('',*,*,#911,.F.);
#1259=ORIENTED_EDGE('',*,*,#915,.F.);
#1260=ORIENTED_EDGE('',*,*,#918,.F.);
#1261=ORIENTED_EDGE('',*,*,#921,.F.);
#1262=ORIENTED_EDGE('',*,*,#924,.F.);
#1263=ORIENTED_EDGE('',*,*,#927,.F.);
#1264=ORIENTED_EDGE('',*,*,#930,.F.);
#1265=ORIENTED_EDGE('',*,*,#933,.F.);
#1266=ORIENTED_EDGE('',*,*,#936,.F.);
#1267=ORIENTED_EDGE('',*,*,#952,.F.);
#1268=ORIENTED_EDGE('',*,*,#940,.F.);
#1269=ORIENTED_EDGE('',*,*,#955,.F.);
#1270=ORIENTED_EDGE('',*,*,#907,.F.);
#1271=ORIENTED_EDGE('',*,*,#956,.F.);
#1272=ORIENTED_EDGE('',*,*,#905,.F.);
#1273=ORIENTED_EDGE('',*,*,#902,.F.);
#1274=ORIENTED_EDGE('',*,*,#899,.F.);
#1275=ORIENTED_EDGE('',*,*,#896,.F.);
#1276=ORIENTED_EDGE('',*,*,#893,.F.);
#1277=ORIENTED_EDGE('',*,*,#890,.F.);
#1278=ORIENTED_EDGE('',*,*,#887,.F.);
#1279=ORIENTED_EDGE('',*,*,#884,.F.);
#1280=ORIENTED_EDGE('',*,*,#881,.F.);
#1281=ORIENTED_EDGE('',*,*,#906,.T.);
#1282=ORIENTED_EDGE('',*,*,#957,.T.);
#1283=ORIENTED_EDGE('',*,*,#903,.F.);
#1284=ORIENTED_EDGE('',*,*,#956,.T.);
#1285=ORIENTED_EDGE('',*,*,#958,.F.);
#1286=ORIENTED_EDGE('',*,*,#879,.F.);
#1287=ORIENTED_EDGE('',*,*,#883,.F.);
#1288=ORIENTED_EDGE('',*,*,#886,.F.);
#1289=ORIENTED_EDGE('',*,*,#889,.F.);
#1290=ORIENTED_EDGE('',*,*,#892,.F.);
#1291=ORIENTED_EDGE('',*,*,#895,.F.);
#1292=ORIENTED_EDGE('',*,*,#898,.F.);
#1293=ORIENTED_EDGE('',*,*,#901,.F.);
#1294=ORIENTED_EDGE('',*,*,#904,.F.);
#1295=ORIENTED_EDGE('',*,*,#957,.F.);
#1296=ORIENTED_EDGE('',*,*,#909,.F.);
#1297=ORIENTED_EDGE('',*,*,#959,.F.);
#1298=ORIENTED_EDGE('',*,*,#953,.T.);
#1299=ORIENTED_EDGE('',*,*,#937,.T.);
#1300=ORIENTED_EDGE('',*,*,#934,.T.);
#1301=ORIENTED_EDGE('',*,*,#931,.T.);
#1302=ORIENTED_EDGE('',*,*,#928,.T.);
#1303=ORIENTED_EDGE('',*,*,#925,.T.);
#1304=ORIENTED_EDGE('',*,*,#922,.T.);
#1305=ORIENTED_EDGE('',*,*,#919,.T.);
#1306=ORIENTED_EDGE('',*,*,#916,.T.);
#1307=ORIENTED_EDGE('',*,*,#913,.T.);
#1308=ORIENTED_EDGE('',*,*,#875,.T.);
#1309=ORIENTED_EDGE('',*,*,#960,.T.);
#1310=ORIENTED_EDGE('',*,*,#872,.F.);
#1311=ORIENTED_EDGE('',*,*,#961,.F.);
#1312=ORIENTED_EDGE('',*,*,#962,.F.);
#1313=ORIENTED_EDGE('',*,*,#848,.F.);
#1314=ORIENTED_EDGE('',*,*,#852,.F.);
#1315=ORIENTED_EDGE('',*,*,#855,.F.);
#1316=ORIENTED_EDGE('',*,*,#858,.F.);
#1317=ORIENTED_EDGE('',*,*,#861,.F.);
#1318=ORIENTED_EDGE('',*,*,#864,.F.);
#1319=ORIENTED_EDGE('',*,*,#867,.F.);
#1320=ORIENTED_EDGE('',*,*,#870,.F.);
#1321=ORIENTED_EDGE('',*,*,#873,.F.);
#1322=ORIENTED_EDGE('',*,*,#960,.F.);
#1323=ORIENTED_EDGE('',*,*,#877,.F.);
#1324=ORIENTED_EDGE('',*,*,#963,.F.);
#1325=ORIENTED_EDGE('',*,*,#844,.F.);
#1326=ORIENTED_EDGE('',*,*,#964,.F.);
#1327=ORIENTED_EDGE('',*,*,#842,.F.);
#1328=ORIENTED_EDGE('',*,*,#839,.F.);
#1329=ORIENTED_EDGE('',*,*,#836,.F.);
#1330=ORIENTED_EDGE('',*,*,#833,.F.);
#1331=ORIENTED_EDGE('',*,*,#830,.F.);
#1332=ORIENTED_EDGE('',*,*,#827,.F.);
#1333=ORIENTED_EDGE('',*,*,#824,.F.);
#1334=ORIENTED_EDGE('',*,*,#821,.F.);
#1335=ORIENTED_EDGE('',*,*,#818,.F.);
#1336=ORIENTED_EDGE('',*,*,#843,.T.);
#1337=ORIENTED_EDGE('',*,*,#965,.T.);
#1338=ORIENTED_EDGE('',*,*,#840,.F.);
#1339=ORIENTED_EDGE('',*,*,#964,.T.);
#1340=ORIENTED_EDGE('',*,*,#966,.F.);
#1341=ORIENTED_EDGE('',*,*,#816,.F.);
#1342=ORIENTED_EDGE('',*,*,#820,.F.);
#1343=ORIENTED_EDGE('',*,*,#823,.F.);
#1344=ORIENTED_EDGE('',*,*,#826,.F.);
#1345=ORIENTED_EDGE('',*,*,#829,.F.);
#1346=ORIENTED_EDGE('',*,*,#832,.F.);
#1347=ORIENTED_EDGE('',*,*,#835,.F.);
#1348=ORIENTED_EDGE('',*,*,#838,.F.);
#1349=ORIENTED_EDGE('',*,*,#841,.F.);
#1350=ORIENTED_EDGE('',*,*,#965,.F.);
#1351=ORIENTED_EDGE('',*,*,#846,.F.);
#1352=ORIENTED_EDGE('',*,*,#967,.F.);
#1353=ORIENTED_EDGE('',*,*,#961,.T.);
#1354=ORIENTED_EDGE('',*,*,#874,.T.);
#1355=ORIENTED_EDGE('',*,*,#871,.T.);
#1356=ORIENTED_EDGE('',*,*,#868,.T.);
#1357=ORIENTED_EDGE('',*,*,#865,.T.);
#1358=ORIENTED_EDGE('',*,*,#862,.T.);
#1359=ORIENTED_EDGE('',*,*,#859,.T.);
#1360=ORIENTED_EDGE('',*,*,#856,.T.);
#1361=ORIENTED_EDGE('',*,*,#853,.T.);
#1362=ORIENTED_EDGE('',*,*,#850,.T.);
#1363=ORIENTED_EDGE('',*,*,#968,.T.);
#1364=ORIENTED_EDGE('',*,*,#969,.T.);
#1365=ORIENTED_EDGE('',*,*,#970,.T.);
#1366=ORIENTED_EDGE('',*,*,#969,.F.);
#1367=ORIENTED_EDGE('',*,*,#971,.F.);
#1368=ORIENTED_EDGE('',*,*,#972,.F.);
#1369=ORIENTED_EDGE('',*,*,#973,.F.);
#1370=ORIENTED_EDGE('',*,*,#974,.F.);
#1371=ORIENTED_EDGE('',*,*,#975,.F.);
#1372=ORIENTED_EDGE('',*,*,#976,.F.);
#1373=ORIENTED_EDGE('',*,*,#977,.F.);
#1374=ORIENTED_EDGE('',*,*,#978,.F.);
#1375=ORIENTED_EDGE('',*,*,#979,.F.);
#1376=ORIENTED_EDGE('',*,*,#980,.F.);
#1377=ORIENTED_EDGE('',*,*,#880,.T.);
#1378=ORIENTED_EDGE('',*,*,#958,.T.);
#1379=ORIENTED_EDGE('',*,*,#912,.T.);
#1380=ORIENTED_EDGE('',*,*,#954,.T.);
#1381=ORIENTED_EDGE('',*,*,#817,.T.);
#1382=ORIENTED_EDGE('',*,*,#966,.T.);
#1383=ORIENTED_EDGE('',*,*,#849,.T.);
#1384=ORIENTED_EDGE('',*,*,#962,.T.);
#1385=ORIENTED_EDGE('',*,*,#981,.F.);
#1386=ORIENTED_EDGE('',*,*,#968,.F.);
#1387=ORIENTED_EDGE('',*,*,#970,.F.);
#1388=ORIENTED_EDGE('',*,*,#982,.T.);
#1389=ORIENTED_EDGE('',*,*,#983,.F.);
#1390=ORIENTED_EDGE('',*,*,#982,.F.);
#1391=ORIENTED_EDGE('',*,*,#981,.T.);
#1392=ORIENTED_EDGE('',*,*,#984,.T.);
#1393=ORIENTED_EDGE('',*,*,#985,.T.);
#1394=ORIENTED_EDGE('',*,*,#984,.F.);
#1395=ORIENTED_EDGE('',*,*,#985,.F.);
#1396=ORIENTED_EDGE('',*,*,#986,.T.);
#1397=ORIENTED_EDGE('',*,*,#987,.F.);
#1398=ORIENTED_EDGE('',*,*,#986,.F.);
#1399=ORIENTED_EDGE('',*,*,#988,.T.);
#1400=ORIENTED_EDGE('',*,*,#989,.T.);
#1401=ORIENTED_EDGE('',*,*,#990,.T.);
#1402=ORIENTED_EDGE('',*,*,#991,.T.);
#1403=ORIENTED_EDGE('',*,*,#992,.T.);
#1404=ORIENTED_EDGE('',*,*,#993,.T.);
#1405=ORIENTED_EDGE('',*,*,#994,.T.);
#1406=ORIENTED_EDGE('',*,*,#995,.T.);
#1407=ORIENTED_EDGE('',*,*,#996,.T.);
#1408=ORIENTED_EDGE('',*,*,#997,.T.);
#1409=ORIENTED_EDGE('',*,*,#996,.F.);
#1410=ORIENTED_EDGE('',*,*,#998,.T.);
#1411=ORIENTED_EDGE('',*,*,#999,.T.);
#1412=ORIENTED_EDGE('',*,*,#1000,.T.);
#1413=ORIENTED_EDGE('',*,*,#999,.F.);
#1414=ORIENTED_EDGE('',*,*,#1001,.T.);
#1415=ORIENTED_EDGE('',*,*,#1002,.T.);
#1416=ORIENTED_EDGE('',*,*,#975,.T.);
#1417=ORIENTED_EDGE('',*,*,#1003,.T.);
#1418=ORIENTED_EDGE('',*,*,#976,.T.);
#1419=ORIENTED_EDGE('',*,*,#1002,.F.);
#1420=ORIENTED_EDGE('',*,*,#1004,.T.);
#1421=ORIENTED_EDGE('',*,*,#1005,.T.);
#1422=ORIENTED_EDGE('',*,*,#977,.T.);
#1423=ORIENTED_EDGE('',*,*,#1003,.F.);
#1424=ORIENTED_EDGE('',*,*,#1006,.T.);
#1425=ORIENTED_EDGE('',*,*,#1007,.T.);
#1426=ORIENTED_EDGE('',*,*,#978,.T.);
#1427=ORIENTED_EDGE('',*,*,#1005,.F.);
#1428=ORIENTED_EDGE('',*,*,#1008,.T.);
#1429=ORIENTED_EDGE('',*,*,#1009,.T.);
#1430=ORIENTED_EDGE('',*,*,#979,.T.);
#1431=ORIENTED_EDGE('',*,*,#1007,.F.);
#1432=ORIENTED_EDGE('',*,*,#1010,.T.);
#1433=ORIENTED_EDGE('',*,*,#1011,.T.);
#1434=ORIENTED_EDGE('',*,*,#980,.T.);
#1435=ORIENTED_EDGE('',*,*,#1009,.F.);
#1436=ORIENTED_EDGE('',*,*,#1012,.T.);
#1437=ORIENTED_EDGE('',*,*,#1011,.F.);
#1438=ORIENTED_EDGE('',*,*,#1013,.T.);
#1439=ORIENTED_EDGE('',*,*,#1014,.T.);
#1440=ORIENTED_EDGE('',*,*,#971,.T.);
#1441=ORIENTED_EDGE('',*,*,#1015,.T.);
#1442=ORIENTED_EDGE('',*,*,#1016,.T.);
#1443=ORIENTED_EDGE('',*,*,#1014,.F.);
#1444=ORIENTED_EDGE('',*,*,#1017,.T.);
#1445=ORIENTED_EDGE('',*,*,#1018,.T.);
#1446=ORIENTED_EDGE('',*,*,#1019,.T.);
#1447=ORIENTED_EDGE('',*,*,#1015,.F.);
#1448=ORIENTED_EDGE('',*,*,#1020,.T.);
#1449=ORIENTED_EDGE('',*,*,#992,.F.);
#1450=ORIENTED_EDGE('',*,*,#1021,.T.);
#1451=ORIENTED_EDGE('',*,*,#1018,.F.);
#1452=ORIENTED_EDGE('',*,*,#1022,.T.);
#1453=ORIENTED_EDGE('',*,*,#990,.F.);
#1454=ORIENTED_EDGE('',*,*,#1023,.T.);
#1455=ORIENTED_EDGE('',*,*,#994,.F.);
#1456=ORIENTED_EDGE('',*,*,#1024,.T.);
#1457=ORIENTED_EDGE('',*,*,#989,.F.);
#1458=ORIENTED_EDGE('',*,*,#1025,.T.);
#1459=ORIENTED_EDGE('',*,*,#993,.F.);
#1460=ORIENTED_EDGE('',*,*,#1026,.T.);
#1461=ORIENTED_EDGE('',*,*,#1010,.F.);
#1462=ORIENTED_EDGE('',*,*,#1027,.F.);
#1463=ORIENTED_EDGE('',*,*,#1028,.T.);
#1464=ORIENTED_EDGE('',*,*,#1029,.T.);
#1465=ORIENTED_EDGE('',*,*,#1008,.F.);
#1466=ORIENTED_EDGE('',*,*,#1030,.F.);
#1467=ORIENTED_EDGE('',*,*,#1031,.T.);
#1468=ORIENTED_EDGE('',*,*,#1027,.T.);
#1469=ORIENTED_EDGE('',*,*,#1006,.F.);
#1470=ORIENTED_EDGE('',*,*,#1032,.F.);
#1471=ORIENTED_EDGE('',*,*,#1033,.T.);
#1472=ORIENTED_EDGE('',*,*,#1030,.T.);
#1473=ORIENTED_EDGE('',*,*,#1004,.F.);
#1474=ORIENTED_EDGE('',*,*,#1034,.F.);
#1475=ORIENTED_EDGE('',*,*,#1035,.F.);
#1476=ORIENTED_EDGE('',*,*,#1032,.T.);
#1477=ORIENTED_EDGE('',*,*,#1001,.F.);
#1478=ORIENTED_EDGE('',*,*,#998,.F.);
#1479=ORIENTED_EDGE('',*,*,#1036,.T.);
#1480=ORIENTED_EDGE('',*,*,#1037,.T.);
#1481=ORIENTED_EDGE('',*,*,#1034,.T.);
#1482=ORIENTED_EDGE('',*,*,#1016,.F.);
#1483=ORIENTED_EDGE('',*,*,#1019,.F.);
#1484=ORIENTED_EDGE('',*,*,#1038,.T.);
#1485=ORIENTED_EDGE('',*,*,#1039,.F.);
#1486=ORIENTED_EDGE('',*,*,#972,.T.);
#1487=ORIENTED_EDGE('',*,*,#1021,.F.);
#1488=ORIENTED_EDGE('',*,*,#1040,.F.);
#1489=ORIENTED_EDGE('',*,*,#1041,.F.);
#1490=ORIENTED_EDGE('',*,*,#1038,.F.);
#1491=ORIENTED_EDGE('',*,*,#991,.F.);
#1492=ORIENTED_EDGE('',*,*,#1042,.T.);
#1493=ORIENTED_EDGE('',*,*,#1043,.T.);
#1494=ORIENTED_EDGE('',*,*,#1040,.T.);
#1495=ORIENTED_EDGE('',*,*,#1025,.F.);
#1496=ORIENTED_EDGE('',*,*,#1044,.F.);
#1497=ORIENTED_EDGE('',*,*,#1045,.F.);
#1498=ORIENTED_EDGE('',*,*,#1046,.F.);
#1499=ORIENTED_EDGE('',*,*,#1047,.F.);
#1500=ORIENTED_EDGE('',*,*,#1042,.F.);
#1501=ORIENTED_EDGE('',*,*,#988,.F.);
#1502=ORIENTED_EDGE('',*,*,#1048,.T.);
#1503=ORIENTED_EDGE('',*,*,#1049,.F.);
#1504=ORIENTED_EDGE('',*,*,#1044,.T.);
#1505=ORIENTED_EDGE('',*,*,#1024,.F.);
#1506=ORIENTED_EDGE('',*,*,#1050,.F.);
#1507=ORIENTED_EDGE('',*,*,#1051,.F.);
#1508=ORIENTED_EDGE('',*,*,#1048,.F.);
#1509=ORIENTED_EDGE('',*,*,#1052,.T.);
#1510=ORIENTED_EDGE('',*,*,#1053,.T.);
#1511=ORIENTED_EDGE('',*,*,#1043,.F.);
#1512=ORIENTED_EDGE('',*,*,#1047,.T.);
#1513=ORIENTED_EDGE('',*,*,#1054,.T.);
#1514=ORIENTED_EDGE('',*,*,#1055,.T.);
#1515=ORIENTED_EDGE('',*,*,#1052,.F.);
#1516=ORIENTED_EDGE('',*,*,#1046,.T.);
#1517=ORIENTED_EDGE('',*,*,#1049,.T.);
#1518=ORIENTED_EDGE('',*,*,#1056,.T.);
#1519=ORIENTED_EDGE('',*,*,#1054,.F.);
#1520=ORIENTED_EDGE('',*,*,#1045,.T.);
#1521=ORIENTED_EDGE('',*,*,#1020,.F.);
#1522=ORIENTED_EDGE('',*,*,#1057,.F.);
#1523=ORIENTED_EDGE('',*,*,#1058,.T.);
#1524=ORIENTED_EDGE('',*,*,#1059,.T.);
#1525=ORIENTED_EDGE('',*,*,#948,.T.);
#1526=ORIENTED_EDGE('',*,*,#1060,.T.);
#1527=ORIENTED_EDGE('',*,*,#1061,.T.);
#1528=ORIENTED_EDGE('',*,*,#1036,.F.);
#1529=ORIENTED_EDGE('',*,*,#995,.F.);
#1530=ORIENTED_EDGE('',*,*,#1023,.F.);
#1531=ORIENTED_EDGE('',*,*,#1026,.F.);
#1532=ORIENTED_EDGE('',*,*,#1022,.F.);
#1533=ORIENTED_EDGE('',*,*,#1062,.T.);
#1534=ORIENTED_EDGE('',*,*,#1063,.T.);
#1535=ORIENTED_EDGE('',*,*,#1064,.T.);
#1536=ORIENTED_EDGE('',*,*,#1056,.F.);
#1537=ORIENTED_EDGE('',*,*,#1051,.T.);
#1538=ORIENTED_EDGE('',*,*,#1062,.F.);
#1539=ORIENTED_EDGE('',*,*,#1065,.T.);
#1540=ORIENTED_EDGE('',*,*,#1055,.F.);
#1541=ORIENTED_EDGE('',*,*,#1065,.F.);
#1542=ORIENTED_EDGE('',*,*,#1066,.F.);
#1543=ORIENTED_EDGE('',*,*,#1067,.F.);
#1544=ORIENTED_EDGE('',*,*,#1064,.F.);
#1545=ORIENTED_EDGE('',*,*,#973,.T.);
#1546=ORIENTED_EDGE('',*,*,#1068,.F.);
#1547=ORIENTED_EDGE('',*,*,#1066,.T.);
#1548=ORIENTED_EDGE('',*,*,#1069,.T.);
#1549=ORIENTED_EDGE('',*,*,#1068,.T.);
#1550=ORIENTED_EDGE('',*,*,#1039,.T.);
#1551=ORIENTED_EDGE('',*,*,#1053,.F.);
#1552=ORIENTED_EDGE('',*,*,#1067,.T.);
#1553=ORIENTED_EDGE('',*,*,#1069,.F.);
#1554=ORIENTED_EDGE('',*,*,#1041,.T.);
#1555=ORIENTED_EDGE('',*,*,#1000,.F.);
#1556=ORIENTED_EDGE('',*,*,#974,.T.);
#1557=ORIENTED_EDGE('',*,*,#1063,.F.);
#1558=ORIENTED_EDGE('',*,*,#1050,.T.);
#1559=ORIENTED_EDGE('',*,*,#997,.F.);
#1560=ORIENTED_EDGE('',*,*,#1013,.F.);
#1561=ORIENTED_EDGE('',*,*,#1070,.T.);
#1562=ORIENTED_EDGE('',*,*,#1071,.T.);
#1563=ORIENTED_EDGE('',*,*,#1057,.T.);
#1564=ORIENTED_EDGE('',*,*,#1017,.F.);
#1565=ORIENTED_EDGE('',*,*,#1071,.F.);
#1566=ORIENTED_EDGE('',*,*,#1072,.F.);
#1567=ORIENTED_EDGE('',*,*,#1028,.F.);
#1568=ORIENTED_EDGE('',*,*,#1031,.F.);
#1569=ORIENTED_EDGE('',*,*,#1033,.F.);
#1570=ORIENTED_EDGE('',*,*,#1035,.T.);
#1571=ORIENTED_EDGE('',*,*,#1037,.F.);
#1572=ORIENTED_EDGE('',*,*,#1061,.F.);
#1573=ORIENTED_EDGE('',*,*,#1073,.T.);
#1574=ORIENTED_EDGE('',*,*,#1074,.F.);
#1575=ORIENTED_EDGE('',*,*,#1075,.F.);
#1576=ORIENTED_EDGE('',*,*,#1076,.F.);
#1577=ORIENTED_EDGE('',*,*,#944,.F.);
#1578=ORIENTED_EDGE('',*,*,#1077,.F.);
#1579=ORIENTED_EDGE('',*,*,#1078,.T.);
#1580=ORIENTED_EDGE('',*,*,#1058,.F.);
#1581=ORIENTED_EDGE('',*,*,#908,.T.);
#1582=ORIENTED_EDGE('',*,*,#955,.T.);
#1583=ORIENTED_EDGE('',*,*,#939,.T.);
#1584=ORIENTED_EDGE('',*,*,#959,.T.);
#1585=ORIENTED_EDGE('',*,*,#845,.T.);
#1586=ORIENTED_EDGE('',*,*,#963,.T.);
#1587=ORIENTED_EDGE('',*,*,#876,.T.);
#1588=ORIENTED_EDGE('',*,*,#967,.T.);
#1589=ORIENTED_EDGE('',*,*,#983,.T.);
#1590=ORIENTED_EDGE('',*,*,#987,.T.);
#1591=ORIENTED_EDGE('',*,*,#946,.T.);
#1592=ORIENTED_EDGE('',*,*,#1079,.T.);
#1593=ORIENTED_EDGE('',*,*,#1074,.T.);
#1594=ORIENTED_EDGE('',*,*,#1080,.T.);
#1595=ORIENTED_EDGE('',*,*,#941,.F.);
#1596=ORIENTED_EDGE('',*,*,#1076,.T.);
#1597=ORIENTED_EDGE('',*,*,#1081,.F.);
#1598=ORIENTED_EDGE('',*,*,#951,.T.);
#1599=ORIENTED_EDGE('',*,*,#1081,.T.);
#1600=ORIENTED_EDGE('',*,*,#1075,.T.);
#1601=ORIENTED_EDGE('',*,*,#1079,.F.);
#1602=ORIENTED_EDGE('',*,*,#945,.T.);
#1603=ORIENTED_EDGE('',*,*,#950,.T.);
#1604=ORIENTED_EDGE('',*,*,#1082,.F.);
#1605=ORIENTED_EDGE('',*,*,#1077,.T.);
#1606=ORIENTED_EDGE('',*,*,#943,.T.);
#1607=ORIENTED_EDGE('',*,*,#949,.T.);
#1608=ORIENTED_EDGE('',*,*,#1059,.F.);
#1609=ORIENTED_EDGE('',*,*,#1078,.F.);
#1610=ORIENTED_EDGE('',*,*,#1082,.T.);
#1611=ORIENTED_EDGE('',*,*,#1012,.F.);
#1612=ORIENTED_EDGE('',*,*,#1029,.F.);
#1613=ORIENTED_EDGE('',*,*,#1072,.T.);
#1614=ORIENTED_EDGE('',*,*,#1070,.F.);
#1615=ORIENTED_EDGE('',*,*,#947,.F.);
#1616=ORIENTED_EDGE('',*,*,#1080,.F.);
#1617=ORIENTED_EDGE('',*,*,#1073,.F.);
#1618=ORIENTED_EDGE('',*,*,#1060,.F.);
#1619=CYLINDRICAL_SURFACE('',#1795,1.725);
#1620=CYLINDRICAL_SURFACE('',#1797,1.725);
#1621=CYLINDRICAL_SURFACE('',#1798,1.725);
#1622=CYLINDRICAL_SURFACE('',#1799,1.725);
#1623=CYLINDRICAL_SURFACE('',#1800,1.725);
#1624=CYLINDRICAL_SURFACE('',#1801,1.725);
#1625=CYLINDRICAL_SURFACE('',#1802,1.725);
#1626=CYLINDRICAL_SURFACE('',#1803,1.725);
#1627=CYLINDRICAL_SURFACE('',#1804,1.725);
#1628=CYLINDRICAL_SURFACE('',#1805,1.725);
#1629=CYLINDRICAL_SURFACE('',#1807,1.35152654461796);
#1630=CYLINDRICAL_SURFACE('',#1809,1.35152654461796);
#1631=CYLINDRICAL_SURFACE('',#1810,1.35152654461796);
#1632=CYLINDRICAL_SURFACE('',#1811,1.35152654461796);
#1633=CYLINDRICAL_SURFACE('',#1812,1.35152654461796);
#1634=CYLINDRICAL_SURFACE('',#1813,1.35152654461796);
#1635=CYLINDRICAL_SURFACE('',#1814,1.35152654461796);
#1636=CYLINDRICAL_SURFACE('',#1815,1.35152654461796);
#1637=CYLINDRICAL_SURFACE('',#1816,1.35152654461796);
#1638=CYLINDRICAL_SURFACE('',#1817,1.35152654461796);
#1639=CYLINDRICAL_SURFACE('',#1819,1.725);
#1640=CYLINDRICAL_SURFACE('',#1821,1.725);
#1641=CYLINDRICAL_SURFACE('',#1822,1.725);
#1642=CYLINDRICAL_SURFACE('',#1823,1.725);
#1643=CYLINDRICAL_SURFACE('',#1824,1.725);
#1644=CYLINDRICAL_SURFACE('',#1825,1.725);
#1645=CYLINDRICAL_SURFACE('',#1826,1.725);
#1646=CYLINDRICAL_SURFACE('',#1827,1.725);
#1647=CYLINDRICAL_SURFACE('',#1828,1.725);
#1648=CYLINDRICAL_SURFACE('',#1829,1.725);
#1649=CYLINDRICAL_SURFACE('',#1831,1.35152654461796);
#1650=CYLINDRICAL_SURFACE('',#1833,1.35152654461796);
#1651=CYLINDRICAL_SURFACE('',#1834,1.35152654461796);
#1652=CYLINDRICAL_SURFACE('',#1835,1.35152654461796);
#1653=CYLINDRICAL_SURFACE('',#1836,1.35152654461796);
#1654=CYLINDRICAL_SURFACE('',#1837,1.35152654461796);
#1655=CYLINDRICAL_SURFACE('',#1838,1.35152654461796);
#1656=CYLINDRICAL_SURFACE('',#1839,1.35152654461796);
#1657=CYLINDRICAL_SURFACE('',#1840,1.35152654461796);
#1658=CYLINDRICAL_SURFACE('',#1841,1.35152654461796);
#1659=CYLINDRICAL_SURFACE('',#1845,1.35152654461796);
#1660=CYLINDRICAL_SURFACE('',#1846,1.725);
#1661=CYLINDRICAL_SURFACE('',#1847,1.35152654461796);
#1662=CYLINDRICAL_SURFACE('',#1848,1.725);
#1663=CYLINDRICAL_SURFACE('',#1855,16.5);
#1664=CYLINDRICAL_SURFACE('',#1860,16.5);
#1665=CYLINDRICAL_SURFACE('',#1875,3.5);
#1666=CYLINDRICAL_SURFACE('',#1878,3.5);
#1667=CYLINDRICAL_SURFACE('',#1881,3.5);
#1668=CYLINDRICAL_SURFACE('',#1889,3.5);
#1669=CYLINDRICAL_SURFACE('',#1890,3.5);
#1670=CYLINDRICAL_SURFACE('',#1891,3.5);
#1671=CYLINDRICAL_SURFACE('',#1894,2.5);
#1672=CYLINDRICAL_SURFACE('',#1897,3.);
#1673=CYLINDRICAL_SURFACE('',#1902,3.);
#1674=CYLINDRICAL_SURFACE('',#1907,3.);
#1675=CYLINDRICAL_SURFACE('',#1914,3.5);
#1676=CYLINDRICAL_SURFACE('',#1916,2.5);
#1677=CYLINDRICAL_SURFACE('',#1919,3.5);
#1678=CYLINDRICAL_SURFACE('',#1920,2.5);
#1679=ADVANCED_FACE('',(#115),#1619,.F.);
#1680=ADVANCED_FACE('',(#116),#1620,.F.);
#1681=ADVANCED_FACE('',(#117),#1621,.F.);
#1682=ADVANCED_FACE('',(#118),#1622,.F.);
#1683=ADVANCED_FACE('',(#119),#1623,.F.);
#1684=ADVANCED_FACE('',(#120),#1624,.F.);
#1685=ADVANCED_FACE('',(#121),#1625,.F.);
#1686=ADVANCED_FACE('',(#122),#1626,.F.);
#1687=ADVANCED_FACE('',(#123),#1627,.F.);
#1688=ADVANCED_FACE('',(#124),#1628,.F.);
#1689=ADVANCED_FACE('',(#125),#1629,.F.);
#1690=ADVANCED_FACE('',(#126),#1630,.F.);
#1691=ADVANCED_FACE('',(#127),#1631,.F.);
#1692=ADVANCED_FACE('',(#128),#1632,.F.);
#1693=ADVANCED_FACE('',(#129),#1633,.F.);
#1694=ADVANCED_FACE('',(#130),#1634,.F.);
#1695=ADVANCED_FACE('',(#131),#1635,.F.);
#1696=ADVANCED_FACE('',(#132),#1636,.F.);
#1697=ADVANCED_FACE('',(#133),#1637,.F.);
#1698=ADVANCED_FACE('',(#134),#1638,.F.);
#1699=ADVANCED_FACE('',(#135),#1639,.F.);
#1700=ADVANCED_FACE('',(#136),#1640,.F.);
#1701=ADVANCED_FACE('',(#137),#1641,.F.);
#1702=ADVANCED_FACE('',(#138),#1642,.F.);
#1703=ADVANCED_FACE('',(#139),#1643,.F.);
#1704=ADVANCED_FACE('',(#140),#1644,.F.);
#1705=ADVANCED_FACE('',(#141),#1645,.F.);
#1706=ADVANCED_FACE('',(#142),#1646,.F.);
#1707=ADVANCED_FACE('',(#143),#1647,.F.);
#1708=ADVANCED_FACE('',(#144),#1648,.F.);
#1709=ADVANCED_FACE('',(#145),#1649,.F.);
#1710=ADVANCED_FACE('',(#146),#1650,.F.);
#1711=ADVANCED_FACE('',(#147),#1651,.F.);
#1712=ADVANCED_FACE('',(#148),#1652,.F.);
#1713=ADVANCED_FACE('',(#149),#1653,.F.);
#1714=ADVANCED_FACE('',(#150),#1654,.F.);
#1715=ADVANCED_FACE('',(#151),#1655,.F.);
#1716=ADVANCED_FACE('',(#152),#1656,.F.);
#1717=ADVANCED_FACE('',(#153),#1657,.F.);
#1718=ADVANCED_FACE('',(#154),#1658,.F.);
#1719=ADVANCED_FACE('',(#155),#55,.T.);
#1720=ADVANCED_FACE('',(#156),#56,.T.);
#1721=ADVANCED_FACE('',(#157),#1659,.F.);
#1722=ADVANCED_FACE('',(#158),#49,.F.);
#1723=ADVANCED_FACE('',(#159),#1660,.F.);
#1724=ADVANCED_FACE('',(#160),#50,.F.);
#1725=ADVANCED_FACE('',(#161),#1661,.F.);
#1726=ADVANCED_FACE('',(#162),#51,.F.);
#1727=ADVANCED_FACE('',(#163),#1662,.F.);
#1728=ADVANCED_FACE('',(#164),#52,.F.);
#1729=ADVANCED_FACE('',(#165),#45,.T.);
#1730=ADVANCED_FACE('',(#166,#37,#38,#39,#40),#57,.T.);
#1731=ADVANCED_FACE('',(#167),#1663,.F.);
#1732=ADVANCED_FACE('',(#168),#46,.T.);
#1733=ADVANCED_FACE('',(#169),#1664,.F.);
#1734=ADVANCED_FACE('',(#170),#23,.F.);
#1735=ADVANCED_FACE('',(#171),#24,.F.);
#1736=ADVANCED_FACE('',(#172),#47,.T.);
#1737=ADVANCED_FACE('',(#173),#25,.F.);
#1738=ADVANCED_FACE('',(#174),#26,.F.);
#1739=ADVANCED_FACE('',(#175),#1665,.T.);
#1740=ADVANCED_FACE('',(#176),#27,.F.);
#1741=ADVANCED_FACE('',(#177),#1666,.T.);
#1742=ADVANCED_FACE('',(#178),#28,.F.);
#1743=ADVANCED_FACE('',(#179),#1667,.T.);
#1744=ADVANCED_FACE('',(#180),#29,.F.);
#1745=ADVANCED_FACE('',(#181),#30,.F.);
#1746=ADVANCED_FACE('',(#182),#48,.T.);
#1747=ADVANCED_FACE('',(#183),#1668,.T.);
#1748=ADVANCED_FACE('',(#184),#1669,.T.);
#1749=ADVANCED_FACE('',(#185),#1670,.T.);
#1750=ADVANCED_FACE('',(#186),#31,.T.);
#1751=ADVANCED_FACE('',(#187),#58,.T.);
#1752=ADVANCED_FACE('',(#188),#32,.T.);
#1753=ADVANCED_FACE('',(#189),#59,.T.);
#1754=ADVANCED_FACE('',(#190),#33,.T.);
#1755=ADVANCED_FACE('',(#191),#1671,.F.);
#1756=ADVANCED_FACE('',(#192),#60,.T.);
#1757=ADVANCED_FACE('',(#193),#1672,.T.);
#1758=ADVANCED_FACE('',(#194),#61,.T.);
#1759=ADVANCED_FACE('',(#195),#1673,.T.);
#1760=ADVANCED_FACE('',(#196),#62,.T.);
#1761=ADVANCED_FACE('',(#197),#53,.F.);
#1762=ADVANCED_FACE('',(#198),#1674,.T.);
#1763=ADVANCED_FACE('',(#199),#54,.F.);
#1764=ADVANCED_FACE('',(#200),#63,.T.);
#1765=ADVANCED_FACE('',(#201),#34,.F.);
#1766=ADVANCED_FACE('',(#202),#1675,.T.);
#1767=ADVANCED_FACE('',(#203),#64,.T.);
#1768=ADVANCED_FACE('',(#204),#1676,.F.);
#1769=ADVANCED_FACE('',(#205),#35,.F.);
#1770=ADVANCED_FACE('',(#206),#1677,.T.);
#1771=ADVANCED_FACE('',(#207),#1678,.F.);
#1772=ADVANCED_FACE('',(#208),#36,.T.);
#1773=ADVANCED_FACE('',(#209,#41,#42,#43,#44),#65,.F.);
#1774=ADVANCED_FACE('',(#210),#66,.T.);
#1775=ADVANCED_FACE('',(#211),#67,.T.);
#1776=ADVANCED_FACE('',(#212),#68,.T.);
#1777=ADVANCED_FACE('',(#213),#69,.T.);
#1778=ADVANCED_FACE('',(#214),#70,.T.);
#1779=ADVANCED_FACE('',(#215),#71,.T.);
#1780=ADVANCED_FACE('',(#216),#72,.T.);
#1781=CLOSED_SHELL('',(#1679,#1680,#1681,#1682,#1683,#1684,#1685,#1686,
#1687,#1688,#1689,#1690,#1691,#1692,#1693,#1694,#1695,#1696,#1697,#1698,
#1699,#1700,#1701,#1702,#1703,#1704,#1705,#1706,#1707,#1708,#1709,#1710,
#1711,#1712,#1713,#1714,#1715,#1716,#1717,#1718,#1719,#1720,#1721,#1722,
#1723,#1724,#1725,#1726,#1727,#1728,#1729,#1730,#1731,#1732,#1733,#1734,
#1735,#1736,#1737,#1738,#1739,#1740,#1741,#1742,#1743,#1744,#1745,#1746,
#1747,#1748,#1749,#1750,#1751,#1752,#1753,#1754,#1755,#1756,#1757,#1758,
#1759,#1760,#1761,#1762,#1763,#1764,#1765,#1766,#1767,#1768,#1769,#1770,
#1771,#1772,#1773,#1774,#1775,#1776,#1777,#1778,#1779,#1780));
#1782=DERIVED_UNIT_ELEMENT(#1784,1.);
#1783=DERIVED_UNIT_ELEMENT(#10783,-3.);
#1784=(
MASS_UNIT()
NAMED_UNIT(*)
SI_UNIT(.KILO.,.GRAM.)
);
#1785=DERIVED_UNIT((#1782,#1783));
#1786=MEASURE_REPRESENTATION_ITEM('density measure',
POSITIVE_RATIO_MEASURE(7850.),#1785);
#1787=PROPERTY_DEFINITION_REPRESENTATION(#1792,#1789);
#1788=PROPERTY_DEFINITION_REPRESENTATION(#1793,#1790);
#1789=REPRESENTATION('material name',(#1791),#10780);
#1790=REPRESENTATION('density',(#1786),#10780);
#1791=DESCRIPTIVE_REPRESENTATION_ITEM('Steel','Steel');
#1792=PROPERTY_DEFINITION('material property','material name',#10790);
#1793=PROPERTY_DEFINITION('material property','density of part',#10790);
#1794=AXIS2_PLACEMENT_3D('',#2301,#1929,#1930);
#1795=AXIS2_PLACEMENT_3D('',#2302,#1931,#1932);
#1796=AXIS2_PLACEMENT_3D('',#2318,#1934,#1935);
#1797=AXIS2_PLACEMENT_3D('',#2329,#1936,#1937);
#1798=AXIS2_PLACEMENT_3D('',#2371,#1939,#1940);
#1799=AXIS2_PLACEMENT_3D('',#2413,#1942,#1943);
#1800=AXIS2_PLACEMENT_3D('',#2455,#1945,#1946);
#1801=AXIS2_PLACEMENT_3D('',#2497,#1948,#1949);
#1802=AXIS2_PLACEMENT_3D('',#2539,#1951,#1952);
#1803=AXIS2_PLACEMENT_3D('',#2581,#1954,#1955);
#1804=AXIS2_PLACEMENT_3D('',#2623,#1957,#1958);
#1805=AXIS2_PLACEMENT_3D('',#2665,#1960,#1961);
#1806=AXIS2_PLACEMENT_3D('',#2681,#1963,#1964);
#1807=AXIS2_PLACEMENT_3D('',#2695,#1965,#1966);
#1808=AXIS2_PLACEMENT_3D('',#2714,#1968,#1969);
#1809=AXIS2_PLACEMENT_3D('',#2728,#1970,#1971);
#1810=AXIS2_PLACEMENT_3D('',#2758,#1973,#1974);
#1811=AXIS2_PLACEMENT_3D('',#2788,#1976,#1977);
#1812=AXIS2_PLACEMENT_3D('',#2818,#1979,#1980);
#1813=AXIS2_PLACEMENT_3D('',#2848,#1982,#1983);
#1814=AXIS2_PLACEMENT_3D('',#2878,#1985,#1986);
#1815=AXIS2_PLACEMENT_3D('',#2908,#1988,#1989);
#1816=AXIS2_PLACEMENT_3D('',#2938,#1991,#1992);
#1817=AXIS2_PLACEMENT_3D('',#2968,#1994,#1995);
#1818=AXIS2_PLACEMENT_3D('',#2973,#1997,#1998);
#1819=AXIS2_PLACEMENT_3D('',#2977,#1999,#2000);
#1820=AXIS2_PLACEMENT_3D('',#2993,#2002,#2003);
#1821=AXIS2_PLACEMENT_3D('',#3004,#2004,#2005);
#1822=AXIS2_PLACEMENT_3D('',#3046,#2007,#2008);
#1823=AXIS2_PLACEMENT_3D('',#3088,#2010,#2011);
#1824=AXIS2_PLACEMENT_3D('',#3130,#2013,#2014);
#1825=AXIS2_PLACEMENT_3D('',#3172,#2016,#2017);
#1826=AXIS2_PLACEMENT_3D('',#3214,#2019,#2020);
#1827=AXIS2_PLACEMENT_3D('',#3256,#2022,#2023);
#1828=AXIS2_PLACEMENT_3D('',#3298,#2025,#2026);
#1829=AXIS2_PLACEMENT_3D('',#3340,#2028,#2029);
#1830=AXIS2_PLACEMENT_3D('',#3356,#2031,#2032);
#1831=AXIS2_PLACEMENT_3D('',#3370,#2033,#2034);
#1832=AXIS2_PLACEMENT_3D('',#3389,#2036,#2037);
#1833=AXIS2_PLACEMENT_3D('',#3403,#2038,#2039);
#1834=AXIS2_PLACEMENT_3D('',#3433,#2041,#2042);
#1835=AXIS2_PLACEMENT_3D('',#3463,#2044,#2045);
#1836=AXIS2_PLACEMENT_3D('',#3493,#2047,#2048);
#1837=AXIS2_PLACEMENT_3D('',#3523,#2050,#2051);
#1838=AXIS2_PLACEMENT_3D('',#3553,#2053,#2054);
#1839=AXIS2_PLACEMENT_3D('',#3583,#2056,#2057);
#1840=AXIS2_PLACEMENT_3D('',#3613,#2059,#2060);
#1841=AXIS2_PLACEMENT_3D('',#3643,#2062,#2063);
#1842=AXIS2_PLACEMENT_3D('',#3648,#2065,#2066);
#1843=AXIS2_PLACEMENT_3D('',#3652,#2067,#2068);
#1844=AXIS2_PLACEMENT_3D('',#3661,#2073,#2074);
#1845=AXIS2_PLACEMENT_3D('',#3675,#2082,#2083);
#1846=AXIS2_PLACEMENT_3D('',#5219,#2084,#2085);
#1847=AXIS2_PLACEMENT_3D('',#6737,#2086,#2087);
#1848=AXIS2_PLACEMENT_3D('',#8281,#2088,#2089);
#1849=AXIS2_PLACEMENT_3D('',#9799,#2090,#2091);
#1850=AXIS2_PLACEMENT_3D('',#9801,#2092,#2093);
#1851=AXIS2_PLACEMENT_3D('',#9803,#2094,#2095);
#1852=AXIS2_PLACEMENT_3D('',#9804,#2096,#2097);
#1853=AXIS2_PLACEMENT_3D('',#9805,#2098,#2099);
#1854=AXIS2_PLACEMENT_3D('',#9873,#2106,#2107);
#1855=AXIS2_PLACEMENT_3D('',#9874,#2108,#2109);
#1856=AXIS2_PLACEMENT_3D('',#9877,#2111,#2112);
#1857=AXIS2_PLACEMENT_3D('',#9878,#2113,#2114);
#1858=AXIS2_PLACEMENT_3D('',#9880,#2115,#2116);
#1859=AXIS2_PLACEMENT_3D('',#9881,#2117,#2118);
#1860=AXIS2_PLACEMENT_3D('',#9882,#2119,#2120);
#1861=AXIS2_PLACEMENT_3D('',#9885,#2122,#2123);
#1862=AXIS2_PLACEMENT_3D('',#9923,#2124,#2125);
#1863=AXIS2_PLACEMENT_3D('',#9925,#2126,#2127);
#1864=AXIS2_PLACEMENT_3D('',#9926,#2128,#2129);
#1865=AXIS2_PLACEMENT_3D('',#9964,#2130,#2131);
#1866=AXIS2_PLACEMENT_3D('',#9966,#2132,#2133);
#1867=AXIS2_PLACEMENT_3D('',#9967,#2134,#2135);
#1868=AXIS2_PLACEMENT_3D('',#9968,#2136,#2137);
#1869=AXIS2_PLACEMENT_3D('',#9971,#2138,#2139);
#1870=AXIS2_PLACEMENT_3D('',#9973,#2140,#2141);
#1871=AXIS2_PLACEMENT_3D('',#9975,#2142,#2143);
#1872=AXIS2_PLACEMENT_3D('',#9976,#2144,#2145);
#1873=AXIS2_PLACEMENT_3D('',#10002,#2146,#2147);
#1874=AXIS2_PLACEMENT_3D('',#10098,#2148,#2149);
#1875=AXIS2_PLACEMENT_3D('',#10099,#2150,#2151);
#1876=AXIS2_PLACEMENT_3D('',#10101,#2152,#2153);
#1877=AXIS2_PLACEMENT_3D('',#10159,#2155,#2156);
#1878=AXIS2_PLACEMENT_3D('',#10171,#2157,#2158);
#1879=AXIS2_PLACEMENT_3D('',#10173,#2159,#2160);
#1880=AXIS2_PLACEMENT_3D('',#10231,#2162,#2163);
#1881=AXIS2_PLACEMENT_3D('',#10243,#2164,#2165);
#1882=AXIS2_PLACEMENT_3D('',#10245,#2166,#2167);
#1883=AXIS2_PLACEMENT_3D('',#10326,#2169,#2170);
#1884=AXIS2_PLACEMENT_3D('',#10349,#2171,#2172);
#1885=AXIS2_PLACEMENT_3D('',#10358,#2173,#2174);
#1886=AXIS2_PLACEMENT_3D('',#10361,#2175,#2176);
#1887=AXIS2_PLACEMENT_3D('',#10362,#2177,#2178);
#1888=AXIS2_PLACEMENT_3D('',#10363,#2179,#2180);
#1889=AXIS2_PLACEMENT_3D('',#10364,#2181,#2182);
#1890=AXIS2_PLACEMENT_3D('',#10367,#2185,#2186);
#1891=AXIS2_PLACEMENT_3D('',#10370,#2189,#2190);
#1892=AXIS2_PLACEMENT_3D('',#10417,#2195,#2196);
#1893=AXIS2_PLACEMENT_3D('',#10463,#2200,#2201);
#1894=AXIS2_PLACEMENT_3D('',#10537,#2203,#2204);
#1895=AXIS2_PLACEMENT_3D('',#10540,#2206,#2207);
#1896=AXIS2_PLACEMENT_3D('',#10541,#2208,#2209);
#1897=AXIS2_PLACEMENT_3D('',#10545,#2212,#2213);
#1898=AXIS2_PLACEMENT_3D('',#10548,#2215,#2216);
#1899=AXIS2_PLACEMENT_3D('',#10549,#2217,#2218);
#1900=AXIS2_PLACEMENT_3D('',#10553,#2220,#2221);
#1901=AXIS2_PLACEMENT_3D('',#10556,#2223,#2224);
#1902=AXIS2_PLACEMENT_3D('',#10557,#2225,#2226);
#1903=AXIS2_PLACEMENT_3D('',#10560,#2228,#2229);
#1904=AXIS2_PLACEMENT_3D('',#10561,#2230,#2231);
#1905=AXIS2_PLACEMENT_3D('',#10575,#2234,#2235);
#1906=AXIS2_PLACEMENT_3D('',#10576,#2236,#2237);
#1907=AXIS2_PLACEMENT_3D('',#10577,#2238,#2239);
#1908=AXIS2_PLACEMENT_3D('',#10579,#2240,#2241);
#1909=AXIS2_PLACEMENT_3D('',#10590,#2243,#2244);
#1910=AXIS2_PLACEMENT_3D('',#10591,#2245,#2246);
#1911=AXIS2_PLACEMENT_3D('',#10639,#2251,#2252);
#1912=AXIS2_PLACEMENT_3D('',#10640,#2253,#2254);
#1913=AXIS2_PLACEMENT_3D('',#10641,#2255,#2256);
#1914=AXIS2_PLACEMENT_3D('',#10642,#2257,#2258);
#1915=AXIS2_PLACEMENT_3D('',#10644,#2260,#2261);
#1916=AXIS2_PLACEMENT_3D('',#10648,#2264,#2265);
#1917=AXIS2_PLACEMENT_3D('',#10649,#2266,#2267);
#1918=AXIS2_PLACEMENT_3D('',#10685,#2268,#2269);
#1919=AXIS2_PLACEMENT_3D('',#10686,#2270,#2271);
#1920=AXIS2_PLACEMENT_3D('',#10687,#2272,#2273);
#1921=AXIS2_PLACEMENT_3D('',#10755,#2274,#2275);
#1922=AXIS2_PLACEMENT_3D('',#10767,#2283,#2284);
#1923=AXIS2_PLACEMENT_3D('',#10770,#2287,#2288);
#1924=AXIS2_PLACEMENT_3D('',#10772,#2290,#2291);
#1925=AXIS2_PLACEMENT_3D('',#10773,#2292,#2293);
#1926=AXIS2_PLACEMENT_3D('',#10775,#2295,#2296);
#1927=AXIS2_PLACEMENT_3D('',#10776,#2297,#2298);
#1928=AXIS2_PLACEMENT_3D('',#10777,#2299,#2300);
#1929=DIRECTION('axis',(0.,0.,1.));
#1930=DIRECTION('refdir',(1.,0.,0.));
#1931=DIRECTION('center_axis',(-8.41340885848752E-17,1.11022302462516E-16,
1.));
#1932=DIRECTION('ref_axis',(-1.20888542232133E-17,1.,-1.11022302462516E-16));
#1933=DIRECTION('',(-8.41340885848752E-17,1.11022302462516E-16,1.));
#1934=DIRECTION('center_axis',(0.,0.,-1.));
#1935=DIRECTION('ref_axis',(-1.20888542232133E-17,1.,-1.11022302462516E-16));
#1936=DIRECTION('center_axis',(-8.41340885848752E-17,1.11022302462516E-16,
1.));
#1937=DIRECTION('ref_axis',(-1.20888542232133E-17,1.,-1.11022302462516E-16));
#1938=DIRECTION('',(-8.41340885848752E-17,1.11022302462516E-16,1.));
#1939=DIRECTION('center_axis',(-8.41340885848752E-17,1.11022302462516E-16,
1.));
#1940=DIRECTION('ref_axis',(-1.20888542232133E-17,1.,-1.11022302462516E-16));
#1941=DIRECTION('',(-8.41340885848752E-17,1.11022302462516E-16,1.));
#1942=DIRECTION('center_axis',(-8.41340885848752E-17,1.11022302462516E-16,
1.));
#1943=DIRECTION('ref_axis',(-1.20888542232133E-17,1.,-1.11022302462516E-16));
#1944=DIRECTION('',(-8.41340885848752E-17,1.11022302462516E-16,1.));
#1945=DIRECTION('center_axis',(-8.41340885848752E-17,1.11022302462516E-16,
1.));
#1946=DIRECTION('ref_axis',(-1.20888542232133E-17,1.,-1.11022302462516E-16));
#1947=DIRECTION('',(-8.41340885848752E-17,1.11022302462516E-16,1.));
#1948=DIRECTION('center_axis',(-8.41340885848752E-17,1.11022302462516E-16,
1.));
#1949=DIRECTION('ref_axis',(-1.20888542232133E-17,1.,-1.11022302462516E-16));
#1950=DIRECTION('',(-8.41340885848752E-17,1.11022302462516E-16,1.));
#1951=DIRECTION('center_axis',(-8.41340885848752E-17,1.11022302462516E-16,
1.));
#1952=DIRECTION('ref_axis',(-1.20888542232133E-17,1.,-1.11022302462516E-16));
#1953=DIRECTION('',(-8.41340885848752E-17,1.11022302462516E-16,1.));
#1954=DIRECTION('center_axis',(-8.41340885848752E-17,1.11022302462516E-16,
1.));
#1955=DIRECTION('ref_axis',(-1.20888542232133E-17,1.,-1.11022302462516E-16));
#1956=DIRECTION('',(-8.41340885848752E-17,1.11022302462516E-16,1.));
#1957=DIRECTION('center_axis',(-8.41340885848752E-17,1.11022302462516E-16,
1.));
#1958=DIRECTION('ref_axis',(-1.20888542232133E-17,1.,-1.11022302462516E-16));
#1959=DIRECTION('',(-8.41340885848752E-17,1.11022302462516E-16,1.));
#1960=DIRECTION('center_axis',(-8.41340885848752E-17,1.11022302462516E-16,
1.));
#1961=DIRECTION('ref_axis',(-1.20888542232133E-17,1.,-1.11022302462516E-16));
#1962=DIRECTION('',(-8.41340885848752E-17,1.11022302462516E-16,1.));
#1963=DIRECTION('center_axis',(0.,0.,1.));
#1964=DIRECTION('ref_axis',(-1.20888542232133E-17,1.,-1.11022302462516E-16));
#1965=DIRECTION('center_axis',(-8.41340885848752E-17,1.11022302462516E-16,
1.));
#1966=DIRECTION('ref_axis',(-5.43469848488039E-16,1.,-1.11022302462516E-16));
#1967=DIRECTION('',(-8.41340885848752E-17,1.11022302462516E-16,1.));
#1968=DIRECTION('center_axis',(0.,0.,-1.));
#1969=DIRECTION('ref_axis',(-5.43469848488039E-16,1.,-1.11022302462516E-16));
#1970=DIRECTION('center_axis',(-8.41340885848752E-17,1.11022302462516E-16,
1.));
#1971=DIRECTION('ref_axis',(-5.43469848488039E-16,1.,-1.11022302462516E-16));
#1972=DIRECTION('',(-8.41340885848752E-17,1.11022302462516E-16,1.));
#1973=DIRECTION('center_axis',(-8.41340885848752E-17,1.11022302462516E-16,
1.));
#1974=DIRECTION('ref_axis',(-5.43469848488039E-16,1.,-1.11022302462516E-16));
#1975=DIRECTION('',(-8.41340885848752E-17,1.11022302462516E-16,1.));
#1976=DIRECTION('center_axis',(-8.41340885848752E-17,1.11022302462516E-16,
1.));
#1977=DIRECTION('ref_axis',(-5.43469848488039E-16,1.,-1.11022302462516E-16));
#1978=DIRECTION('',(-8.41340885848752E-17,1.11022302462516E-16,1.));
#1979=DIRECTION('center_axis',(-8.41340885848752E-17,1.11022302462516E-16,
1.));
#1980=DIRECTION('ref_axis',(-5.43469848488039E-16,1.,-1.11022302462516E-16));
#1981=DIRECTION('',(-8.41340885848752E-17,1.11022302462516E-16,1.));
#1982=DIRECTION('center_axis',(-8.41340885848752E-17,1.11022302462516E-16,
1.));
#1983=DIRECTION('ref_axis',(-5.43469848488039E-16,1.,-1.11022302462516E-16));
#1984=DIRECTION('',(-8.41340885848752E-17,1.11022302462516E-16,1.));
#1985=DIRECTION('center_axis',(-8.41340885848752E-17,1.11022302462516E-16,
1.));
#1986=DIRECTION('ref_axis',(-5.43469848488039E-16,1.,-1.11022302462516E-16));
#1987=DIRECTION('',(-8.41340885848752E-17,1.11022302462516E-16,1.));
#1988=DIRECTION('center_axis',(-8.41340885848752E-17,1.11022302462516E-16,
1.));
#1989=DIRECTION('ref_axis',(-5.43469848488039E-16,1.,-1.11022302462516E-16));
#1990=DIRECTION('',(-8.41340885848752E-17,1.11022302462516E-16,1.));
#1991=DIRECTION('center_axis',(-8.41340885848752E-17,1.11022302462516E-16,
1.));
#1992=DIRECTION('ref_axis',(-5.43469848488039E-16,1.,-1.11022302462516E-16));
#1993=DIRECTION('',(-8.41340885848752E-17,1.11022302462516E-16,1.));
#1994=DIRECTION('center_axis',(-8.41340885848752E-17,1.11022302462516E-16,
1.));
#1995=DIRECTION('ref_axis',(-5.43469848488039E-16,1.,-1.11022302462516E-16));
#1996=DIRECTION('',(-8.41340885848752E-17,1.11022302462516E-16,1.));
#1997=DIRECTION('center_axis',(0.,0.,1.));
#1998=DIRECTION('ref_axis',(-5.43469848488039E-16,1.,-1.11022302462516E-16));
#1999=DIRECTION('center_axis',(-1.39645239816133E-16,1.07227594858816E-16,
1.));
#2000=DIRECTION('ref_axis',(3.15123361432903E-16,1.,-1.07227594858816E-16));
#2001=DIRECTION('',(-1.39645239816133E-16,1.07227594858816E-16,1.));
#2002=DIRECTION('center_axis',(0.,0.,-1.));
#2003=DIRECTION('ref_axis',(3.15123361432903E-16,1.,-1.07227594858816E-16));
#2004=DIRECTION('center_axis',(-1.39645239816133E-16,1.07227594858816E-16,
1.));
#2005=DIRECTION('ref_axis',(3.15123361432903E-16,1.,-1.07227594858816E-16));
#2006=DIRECTION('',(-1.39645239816133E-16,1.07227594858816E-16,1.));
#2007=DIRECTION('center_axis',(-1.39645239816133E-16,1.07227594858816E-16,
1.));
#2008=DIRECTION('ref_axis',(3.15123361432903E-16,1.,-1.07227594858816E-16));
#2009=DIRECTION('',(-1.39645239816133E-16,1.07227594858816E-16,1.));
#2010=DIRECTION('center_axis',(-1.39645239816133E-16,1.07227594858816E-16,
1.));
#2011=DIRECTION('ref_axis',(3.15123361432903E-16,1.,-1.07227594858816E-16));
#2012=DIRECTION('',(-1.39645239816133E-16,1.07227594858816E-16,1.));
#2013=DIRECTION('center_axis',(-1.39645239816133E-16,1.07227594858816E-16,
1.));
#2014=DIRECTION('ref_axis',(3.15123361432903E-16,1.,-1.07227594858816E-16));
#2015=DIRECTION('',(-1.39645239816133E-16,1.07227594858816E-16,1.));
#2016=DIRECTION('center_axis',(-1.39645239816133E-16,1.07227594858816E-16,
1.));
#2017=DIRECTION('ref_axis',(3.15123361432903E-16,1.,-1.07227594858816E-16));
#2018=DIRECTION('',(-1.39645239816133E-16,1.07227594858816E-16,1.));
#2019=DIRECTION('center_axis',(-1.39645239816133E-16,1.07227594858816E-16,
1.));
#2020=DIRECTION('ref_axis',(3.15123361432903E-16,1.,-1.07227594858816E-16));
#2021=DIRECTION('',(-1.39645239816133E-16,1.07227594858816E-16,1.));
#2022=DIRECTION('center_axis',(-1.39645239816133E-16,1.07227594858816E-16,
1.));
#2023=DIRECTION('ref_axis',(3.15123361432903E-16,1.,-1.07227594858816E-16));
#2024=DIRECTION('',(-1.39645239816133E-16,1.07227594858816E-16,1.));
#2025=DIRECTION('center_axis',(-1.39645239816133E-16,1.07227594858816E-16,
1.));
#2026=DIRECTION('ref_axis',(3.15123361432903E-16,1.,-1.07227594858816E-16));
#2027=DIRECTION('',(-1.39645239816133E-16,1.07227594858816E-16,1.));
#2028=DIRECTION('center_axis',(-1.39645239816133E-16,1.07227594858816E-16,
1.));
#2029=DIRECTION('ref_axis',(3.15123361432903E-16,1.,-1.07227594858816E-16));
#2030=DIRECTION('',(-1.39645239816133E-16,1.07227594858816E-16,1.));
#2031=DIRECTION('center_axis',(0.,0.,1.));
#2032=DIRECTION('ref_axis',(3.15123361432903E-16,1.,-1.07227594858816E-16));
#2033=DIRECTION('center_axis',(-1.39645239816133E-16,1.07227594858816E-16,
1.));
#2034=DIRECTION('ref_axis',(-2.16257632831923E-16,1.,-1.07227594858816E-16));
#2035=DIRECTION('',(-1.39645239816133E-16,1.07227594858816E-16,1.));
#2036=DIRECTION('center_axis',(0.,0.,-1.));
#2037=DIRECTION('ref_axis',(-2.16257632831923E-16,1.,-1.07227594858816E-16));
#2038=DIRECTION('center_axis',(-1.39645239816133E-16,1.07227594858816E-16,
1.));
#2039=DIRECTION('ref_axis',(-2.16257632831923E-16,1.,-1.07227594858816E-16));
#2040=DIRECTION('',(-1.39645239816133E-16,1.07227594858816E-16,1.));
#2041=DIRECTION('center_axis',(-1.39645239816133E-16,1.07227594858816E-16,
1.));
#2042=DIRECTION('ref_axis',(-2.16257632831923E-16,1.,-1.07227594858816E-16));
#2043=DIRECTION('',(-1.39645239816133E-16,1.07227594858816E-16,1.));
#2044=DIRECTION('center_axis',(-1.39645239816133E-16,1.07227594858816E-16,
1.));
#2045=DIRECTION('ref_axis',(-2.16257632831923E-16,1.,-1.07227594858816E-16));
#2046=DIRECTION('',(-1.39645239816133E-16,1.07227594858816E-16,1.));
#2047=DIRECTION('center_axis',(-1.39645239816133E-16,1.07227594858816E-16,
1.));
#2048=DIRECTION('ref_axis',(-2.16257632831923E-16,1.,-1.07227594858816E-16));
#2049=DIRECTION('',(-1.39645239816133E-16,1.07227594858816E-16,1.));
#2050=DIRECTION('center_axis',(-1.39645239816133E-16,1.07227594858816E-16,
1.));
#2051=DIRECTION('ref_axis',(-2.16257632831923E-16,1.,-1.07227594858816E-16));
#2052=DIRECTION('',(-1.39645239816133E-16,1.07227594858816E-16,1.));
#2053=DIRECTION('center_axis',(-1.39645239816133E-16,1.07227594858816E-16,
1.));
#2054=DIRECTION('ref_axis',(-2.16257632831923E-16,1.,-1.07227594858816E-16));
#2055=DIRECTION('',(-1.39645239816133E-16,1.07227594858816E-16,1.));
#2056=DIRECTION('center_axis',(-1.39645239816133E-16,1.07227594858816E-16,
1.));
#2057=DIRECTION('ref_axis',(-2.16257632831923E-16,1.,-1.07227594858816E-16));
#2058=DIRECTION('',(-1.39645239816133E-16,1.07227594858816E-16,1.));
#2059=DIRECTION('center_axis',(-1.39645239816133E-16,1.07227594858816E-16,
1.));
#2060=DIRECTION('ref_axis',(-2.16257632831923E-16,1.,-1.07227594858816E-16));
#2061=DIRECTION('',(-1.39645239816133E-16,1.07227594858816E-16,1.));
#2062=DIRECTION('center_axis',(-1.39645239816133E-16,1.07227594858816E-16,
1.));
#2063=DIRECTION('ref_axis',(-2.16257632831923E-16,1.,-1.07227594858816E-16));
#2064=DIRECTION('',(-1.39645239816133E-16,1.07227594858816E-16,1.));
#2065=DIRECTION('center_axis',(0.,0.,1.));
#2066=DIRECTION('ref_axis',(-2.16257632831923E-16,1.,-1.07227594858816E-16));
#2067=DIRECTION('center_axis',(-1.,0.,0.));
#2068=DIRECTION('ref_axis',(0.,0.,1.));
#2069=DIRECTION('',(0.,0.,1.));
#2070=DIRECTION('',(0.,1.,0.));
#2071=DIRECTION('',(0.,0.,1.));
#2072=DIRECTION('',(0.,-1.,0.));
#2073=DIRECTION('center_axis',(0.,0.,-1.));
#2074=DIRECTION('ref_axis',(-1.,0.,0.));
#2075=DIRECTION('',(0.,-1.,0.));
#2076=DIRECTION('',(-1.,0.,0.));
#2077=DIRECTION('',(0.,1.,0.));
#2078=DIRECTION('',(-1.,0.,0.));
#2079=DIRECTION('',(0.,1.,0.));
#2080=DIRECTION('',(-1.,0.,0.));
#2081=DIRECTION('',(1.,0.,0.));
#2082=DIRECTION('center_axis',(-1.39645239816133E-16,1.07227594858816E-16,
1.));
#2083=DIRECTION('ref_axis',(-2.16257632831923E-16,1.,-1.07227594858816E-16));
#2084=DIRECTION('center_axis',(-1.39645239816133E-16,1.07227594858816E-16,
1.));
#2085=DIRECTION('ref_axis',(3.15123361432903E-16,1.,-1.07227594858816E-16));
#2086=DIRECTION('center_axis',(-8.41340885848752E-17,1.11022302462516E-16,
1.));
#2087=DIRECTION('ref_axis',(-5.43469848488039E-16,1.,-1.11022302462516E-16));
#2088=DIRECTION('center_axis',(-8.41340885848752E-17,1.11022302462516E-16,
1.));
#2089=DIRECTION('ref_axis',(-1.20888542232133E-17,1.,-1.11022302462516E-16));
#2090=DIRECTION('center_axis',(0.,0.,-1.));
#2091=DIRECTION('ref_axis',(-1.,0.,0.));
#2092=DIRECTION('center_axis',(0.,0.,1.));
#2093=DIRECTION('ref_axis',(-1.,0.,0.));
#2094=DIRECTION('center_axis',(0.,-1.,0.));
#2095=DIRECTION('ref_axis',(1.,0.,0.));
#2096=DIRECTION('center_axis',(0.,0.,-1.));
#2097=DIRECTION('ref_axis',(-1.,0.,0.));
#2098=DIRECTION('center_axis',(0.,0.,1.));
#2099=DIRECTION('ref_axis',(1.,0.,0.));
#2100=DIRECTION('',(0.,1.,0.));
#2101=DIRECTION('',(1.,-4.62592926927149E-17,0.));
#2102=DIRECTION('',(0.,-1.,0.));
#2103=DIRECTION('',(0.,1.,0.));
#2104=DIRECTION('',(-1.,0.,0.));
#2105=DIRECTION('',(0.,-1.,0.));
#2106=DIRECTION('center_axis',(0.,0.,1.));
#2107=DIRECTION('ref_axis',(-1.,0.,0.));
#2108=DIRECTION('center_axis',(0.,0.,-1.));
#2109=DIRECTION('ref_axis',(-1.,0.,0.));
#2110=DIRECTION('',(0.,0.,-1.));
#2111=DIRECTION('center_axis',(0.,0.,1.));
#2112=DIRECTION('ref_axis',(-1.,0.,0.));
#2113=DIRECTION('center_axis',(0.,0.,-1.));
#2114=DIRECTION('ref_axis',(-1.,0.,0.));
#2115=DIRECTION('center_axis',(0.,-1.,0.));
#2116=DIRECTION('ref_axis',(1.,0.,0.));
#2117=DIRECTION('center_axis',(0.,0.,-1.));
#2118=DIRECTION('ref_axis',(-1.,0.,0.));
#2119=DIRECTION('center_axis',(0.,0.,-1.));
#2120=DIRECTION('ref_axis',(-1.,0.,0.));
#2121=DIRECTION('',(0.,0.,-1.));
#2122=DIRECTION('center_axis',(0.,0.,1.));
#2123=DIRECTION('ref_axis',(-1.,0.,0.));
#2124=DIRECTION('center_axis',(5.32907051820075E-14,1.,-1.77635683940025E-14));
#2125=DIRECTION('ref_axis',(-1.,5.32907051820075E-14,0.));
#2126=DIRECTION('center_axis',(-0.989949493661166,0.,-0.14142135623731));
#2127=DIRECTION('ref_axis',(-0.14142135623731,0.,0.989949493661166));
#2128=DIRECTION('center_axis',(0.141421356237309,9.81307786677322E-18,0.989949493661167));
#2129=DIRECTION('ref_axis',(-0.989949493661167,0.,0.141421356237309));
#2130=DIRECTION('center_axis',(0.,1.,0.));
#2131=DIRECTION('ref_axis',(0.,0.,1.));
#2132=DIRECTION('center_axis',(-0.141421356237309,0.,0.989949493661167));
#2133=DIRECTION('ref_axis',(0.989949493661167,0.,0.141421356237309));
#2134=DIRECTION('center_axis',(0.989949493661167,0.,-0.141421356237309));
#2135=DIRECTION('ref_axis',(0.141421356237309,0.,0.989949493661167));
#2136=DIRECTION('center_axis',(0.,1.,0.));
#2137=DIRECTION('ref_axis',(0.,0.,1.));
#2138=DIRECTION('center_axis',(0.,0.,-1.));
#2139=DIRECTION('ref_axis',(-1.,0.,0.));
#2140=DIRECTION('center_axis',(0.,1.,0.));
#2141=DIRECTION('ref_axis',(0.992975326984499,0.,-0.118321595662111));
#2142=DIRECTION('center_axis',(0.914316684743311,0.,0.405000000000002));
#2143=DIRECTION('ref_axis',(0.,1.,0.));
#2144=DIRECTION('center_axis',(0.,-1.,0.));
#2145=DIRECTION('ref_axis',(0.992975326984499,0.,-0.118321595662111));
#2146=DIRECTION('center_axis',(0.999905305329631,0.0137615541875636,6.34353081383888E-16));
#2147=DIRECTION('ref_axis',(-0.0137615541875636,0.999905305329631,0.));
#2148=DIRECTION('center_axis',(0.,1.,0.));
#2149=DIRECTION('ref_axis',(-1.,0.,0.));
#2150=DIRECTION('center_axis',(0.,1.,0.));
#2151=DIRECTION('ref_axis',(-0.707106781186547,0.,0.707106781186548));
#2152=DIRECTION('center_axis',(0.,1.,0.));
#2153=DIRECTION('ref_axis',(-1.,0.,0.));
#2154=DIRECTION('',(0.,-1.,0.));
#2155=DIRECTION('center_axis',(-1.,0.,0.));
#2156=DIRECTION('ref_axis',(0.,-1.,0.));
#2157=DIRECTION('center_axis',(1.,0.,0.));
#2158=DIRECTION('ref_axis',(0.,-0.707106781186547,0.707106781186548));
#2159=DIRECTION('center_axis',(-1.,0.,0.));
#2160=DIRECTION('ref_axis',(0.,-1.,0.));
#2161=DIRECTION('',(1.,0.,0.));
#2162=DIRECTION('center_axis',(1.66533453693774E-15,-1.,7.93016446160826E-17));
#2163=DIRECTION('ref_axis',(1.,1.66533453693774E-15,0.));
#2164=DIRECTION('center_axis',(0.,1.,0.));
#2165=DIRECTION('ref_axis',(0.707106781186545,0.,0.70710678118655));
#2166=DIRECTION('center_axis',(0.,-1.,0.));
#2167=DIRECTION('ref_axis',(1.,0.,0.));
#2168=DIRECTION('',(0.,1.,0.));
#2169=DIRECTION('center_axis',(0.999905305329631,-0.0137615541875645,-2.53741232553555E-15));
#2170=DIRECTION('ref_axis',(0.0137615541875645,0.999905305329631,0.));
#2171=DIRECTION('center_axis',(0.914316684743311,3.34796745182664E-15,-0.405));
#2172=DIRECTION('ref_axis',(-2.53765262771465E-15,1.,2.53765262771465E-15));
#2173=DIRECTION('center_axis',(0.,-1.,0.));
#2174=DIRECTION('ref_axis',(0.,0.,-1.));
#2175=DIRECTION('center_axis',(0.,0.,-1.));
#2176=DIRECTION('ref_axis',(0.,1.,0.));
#2177=DIRECTION('center_axis',(0.,-1.,0.));
#2178=DIRECTION('ref_axis',(-0.992975326984514,0.,-0.118321595661981));
#2179=DIRECTION('center_axis',(0.,1.,0.));
#2180=DIRECTION('ref_axis',(-0.992975326984514,0.,-0.118321595661981));
#2181=DIRECTION('center_axis',(0.,0.,-1.));
#2182=DIRECTION('ref_axis',(0.707106781186549,0.707106781186546,0.));
#2183=DIRECTION('',(0.,0.,-1.));
#2184=DIRECTION('',(0.,0.,1.));
#2185=DIRECTION('center_axis',(0.,0.,1.));
#2186=DIRECTION('ref_axis',(-0.707106781186546,0.707106781186549,0.));
#2187=DIRECTION('',(0.,0.,-1.));
#2188=DIRECTION('',(0.,0.,1.));
#2189=DIRECTION('center_axis',(1.,0.,0.));
#2190=DIRECTION('ref_axis',(0.,0.707106781186546,0.707106781186549));
#2191=DIRECTION('',(1.,0.,0.));
#2192=DIRECTION('',(-1.,0.,0.));
#2193=DIRECTION('',(0.,0.,1.));
#2194=DIRECTION('',(0.,0.,1.));
#2195=DIRECTION('center_axis',(0.,-1.,0.));
#2196=DIRECTION('ref_axis',(1.,0.,0.));
#2197=DIRECTION('',(0.,0.,1.));
#2198=DIRECTION('',(1.,0.,0.));
#2199=DIRECTION('',(0.,0.,1.));
#2200=DIRECTION('center_axis',(-1.,0.,0.));
#2201=DIRECTION('ref_axis',(0.,-1.,0.));
#2202=DIRECTION('',(0.,1.,0.));
#2203=DIRECTION('center_axis',(0.,-1.,0.));
#2204=DIRECTION('ref_axis',(-0.707106781186547,0.,-0.707106781186547));
#2205=DIRECTION('',(0.,-1.,0.));
#2206=DIRECTION('center_axis',(0.923076923076923,0.384615384615384,0.));
#2207=DIRECTION('ref_axis',(-0.384615384615384,0.923076923076923,0.));
#2208=DIRECTION('center_axis',(1.,0.,0.));
#2209=DIRECTION('ref_axis',(0.,1.,0.));
#2210=DIRECTION('',(0.,1.,0.));
#2211=DIRECTION('',(0.,0.,1.));
#2212=DIRECTION('center_axis',(0.,1.,0.));
#2213=DIRECTION('ref_axis',(0.707106781186545,0.,0.70710678118655));
#2214=DIRECTION('',(0.,-1.,0.));
#2215=DIRECTION('center_axis',(0.,1.,0.));
#2216=DIRECTION('ref_axis',(0.,0.,1.));
#2217=DIRECTION('center_axis',(0.,0.,1.));
#2218=DIRECTION('ref_axis',(1.,0.,0.));
#2219=DIRECTION('',(0.,1.,0.));
#2220=DIRECTION('center_axis',(0.,0.,-1.));
#2221=DIRECTION('ref_axis',(-0.707106781186547,-0.707106781186548,0.));
#2222=DIRECTION('',(-1.,4.62592926927149E-17,0.));
#2223=DIRECTION('center_axis',(0.,0.,-1.));
#2224=DIRECTION('ref_axis',(0.707106781186548,-0.707106781186547,0.));
#2225=DIRECTION('center_axis',(0.,1.,0.));
#2226=DIRECTION('ref_axis',(-0.707106781186547,0.,0.707106781186548));
#2227=DIRECTION('',(0.,-1.,0.));
#2228=DIRECTION('center_axis',(0.,-1.,0.));
#2229=DIRECTION('ref_axis',(0.,0.,1.));
#2230=DIRECTION('center_axis',(-1.,0.,0.));
#2231=DIRECTION('ref_axis',(0.,-1.,0.));
#2232=DIRECTION('',(0.,1.,0.));
#2233=DIRECTION('',(0.,0.,-1.));
#2234=DIRECTION('center_axis',(1.,0.,0.));
#2235=DIRECTION('ref_axis',(0.,0.,1.));
#2236=DIRECTION('center_axis',(0.,0.,1.));
#2237=DIRECTION('ref_axis',(0.707106781186548,-0.707106781186547,0.));
#2238=DIRECTION('center_axis',(1.,-4.62592926927149E-17,0.));
#2239=DIRECTION('ref_axis',(0.,-0.707106781186546,0.707106781186549));
#2240=DIRECTION('center_axis',(1.,-5.78241158658936E-17,0.));
#2241=DIRECTION('ref_axis',(0.,0.,1.));
#2242=DIRECTION('',(1.,-4.62592926927149E-17,0.));
#2243=DIRECTION('center_axis',(0.,0.,1.));
#2244=DIRECTION('ref_axis',(-0.707106781186547,-0.707106781186548,0.));
#2245=DIRECTION('center_axis',(0.,1.,0.));
#2246=DIRECTION('ref_axis',(0.,0.,1.));
#2247=DIRECTION('',(-1.,0.,0.));
#2248=DIRECTION('',(0.,0.,1.));
#2249=DIRECTION('',(0.,0.,-1.));
#2250=DIRECTION('',(-1.,0.,0.));
#2251=DIRECTION('center_axis',(0.,0.,-1.));
#2252=DIRECTION('ref_axis',(3.1720657846433E-16,-1.,0.));
#2253=DIRECTION('center_axis',(-0.923076923076923,0.384615384615385,-6.83214169000096E-16));
#2254=DIRECTION('ref_axis',(0.384615384615385,0.923076923076923,0.));
#2255=DIRECTION('center_axis',(0.384615384615385,-0.923076923076923,-1.70803542250024E-16));
#2256=DIRECTION('ref_axis',(0.923076923076923,0.384615384615385,0.));
#2257=DIRECTION('center_axis',(0.,0.,1.));
#2258=DIRECTION('ref_axis',(-0.707106781186548,-0.707106781186547,0.));
#2259=DIRECTION('',(0.,0.,1.));
#2260=DIRECTION('center_axis',(-4.62592926927149E-17,-1.,0.));
#2261=DIRECTION('ref_axis',(1.,-4.62592926927149E-17,0.));
#2262=DIRECTION('',(-1.,4.62592926927149E-17,0.));
#2263=DIRECTION('',(0.,0.,-1.));
#2264=DIRECTION('center_axis',(-1.,4.62592926927149E-17,0.));
#2265=DIRECTION('ref_axis',(0.,0.707106781186547,-0.707106781186547));
#2266=DIRECTION('center_axis',(-0.384615384615385,-0.923076923076923,0.));
#2267=DIRECTION('ref_axis',(-0.923076923076923,0.384615384615385,0.));
#2268=DIRECTION('center_axis',(0.,0.,-1.));
#2269=DIRECTION('ref_axis',(1.,0.,0.));
#2270=DIRECTION('center_axis',(0.,0.,1.));
#2271=DIRECTION('ref_axis',(0.707106781186548,-0.707106781186548,0.));
#2272=DIRECTION('center_axis',(0.,1.,0.));
#2273=DIRECTION('ref_axis',(0.707106781186547,0.,-0.707106781186547));
#2274=DIRECTION('center_axis',(0.,0.,1.));
#2275=DIRECTION('ref_axis',(1.,0.,0.));
#2276=DIRECTION('',(0.,1.,0.));
#2277=DIRECTION('',(0.,-1.,0.));
#2278=DIRECTION('',(1.,0.,0.));
#2279=DIRECTION('',(0.,1.,0.));
#2280=DIRECTION('',(-1.,0.,0.));
#2281=DIRECTION('',(1.,0.,0.));
#2282=DIRECTION('',(0.,1.,0.));
#2283=DIRECTION('center_axis',(0.,-1.,0.));
#2284=DIRECTION('ref_axis',(1.,0.,0.));
#2285=DIRECTION('',(0.,0.,-1.));
#2286=DIRECTION('',(0.,0.,1.));
#2287=DIRECTION('center_axis',(0.,1.,0.));
#2288=DIRECTION('ref_axis',(0.,0.,1.));
#2289=DIRECTION('',(0.,0.,-1.));
#2290=DIRECTION('center_axis',(1.,0.,0.));
#2291=DIRECTION('ref_axis',(0.,0.,-1.));
#2292=DIRECTION('center_axis',(0.,-1.,0.));
#2293=DIRECTION('ref_axis',(1.,0.,0.));
#2294=DIRECTION('',(0.,0.,1.));
#2295=DIRECTION('center_axis',(-1.,0.,0.));
#2296=DIRECTION('ref_axis',(0.,-1.,0.));
#2297=DIRECTION('center_axis',(1.,0.,0.));
#2298=DIRECTION('ref_axis',(0.,1.,0.));
#2299=DIRECTION('center_axis',(1.,0.,0.));
#2300=DIRECTION('ref_axis',(0.,1.,0.));
#2301=CARTESIAN_POINT('',(0.,0.,0.));
#2302=CARTESIAN_POINT('Origin',(73.9898103250006,-6.16011350167948,-6.));
#2303=CARTESIAN_POINT('',(73.9898103250007,-7.88511350167948,14.75));
#2304=CARTESIAN_POINT('',(73.9898103250007,-7.88511350167948,14.8125));
#2305=CARTESIAN_POINT('',(73.9898103250006,-7.88511350167948,-6.));
#2306=CARTESIAN_POINT('',(75.1983957829204,-4.92928199781517,15.0000000010321));
#2307=CARTESIAN_POINT('Ctrl Pts',(75.1983957829548,-4.92928199784892,15.000000002062));
#2308=CARTESIAN_POINT('Ctrl Pts',(75.3093930243003,-5.03827307529996,14.9927235784156));
#2309=CARTESIAN_POINT('Ctrl Pts',(75.405562780821,-5.16226868610066,14.9857050635545));
#2310=CARTESIAN_POINT('Ctrl Pts',(75.4837041465288,-5.29761350167948,14.9791666666667));
#2311=CARTESIAN_POINT('Ctrl Pts',(75.7855107399739,-5.82035785558573,14.9539133162364));
#2312=CARTESIAN_POINT('Ctrl Pts',(75.7846584196964,-6.50134540979829,14.9210153667576));
#2313=CARTESIAN_POINT('Ctrl Pts',(75.4837041465288,-7.02261350167946,14.8958333333333));
#2314=CARTESIAN_POINT('Ctrl Pts',(75.1828239683653,-7.54375325724896,14.8706574997309));
#2315=CARTESIAN_POINT('Ctrl Pts',(74.5911378459136,-7.88511350167948,14.8376577250776));
#2316=CARTESIAN_POINT('Ctrl Pts',(73.9898103250006,-7.88511350167948,14.8125));
#2317=CARTESIAN_POINT('',(73.9898103250006,-4.43511350167948,15.));
#2318=CARTESIAN_POINT('Origin',(73.9898103250006,-6.16011350167948,15.));
#2319=CARTESIAN_POINT('Ctrl Pts',(73.9898103250007,-7.88511350167948,14.75));
#2320=CARTESIAN_POINT('Ctrl Pts',(74.5915401741837,-7.88511350167948,14.7751745572758));
#2321=CARTESIAN_POINT('Ctrl Pts',(75.1815805233047,-7.54590696727046,14.8080534557686));
#2322=CARTESIAN_POINT('Ctrl Pts',(75.4837041465288,-7.02261350167948,14.8333333333333));
#2323=CARTESIAN_POINT('Ctrl Pts',(75.7855418864251,-6.4998152005373,14.8585892899103));
#2324=CARTESIAN_POINT('Ctrl Pts',(75.7845981666307,-5.8187772321896,14.8914896748546));
#2325=CARTESIAN_POINT('Ctrl Pts',(75.4837041465288,-5.29761350167948,14.9166666666667));
#2326=CARTESIAN_POINT('Ctrl Pts',(75.1828727005021,-4.77655815264681,14.9418384226586));
#2327=CARTESIAN_POINT('Ctrl Pts',(74.5912246970036,-4.43511350167948,14.9748386413355));
#2328=CARTESIAN_POINT('Ctrl Pts',(73.9898103250006,-4.43511350167948,15.));
#2329=CARTESIAN_POINT('Origin',(73.9898103250006,-6.16011350167948,-6.));
#2330=CARTESIAN_POINT('',(73.9898103250006,-7.88511350167948,14.25));
#2331=CARTESIAN_POINT('',(73.9898103250006,-7.88511350167947,14.3125));
#2332=CARTESIAN_POINT('',(73.9898103250006,-7.88511350167948,-6.));
#2333=CARTESIAN_POINT('Ctrl Pts',(73.9898103250006,-7.88511350167947,14.8125));
#2334=CARTESIAN_POINT('Ctrl Pts',(73.388474359382,-7.88511350167947,14.7873419216215));
#2335=CARTESIAN_POINT('Ctrl Pts',(72.7975343122743,-7.54503087099175,14.7544042207397));
#2336=CARTESIAN_POINT('Ctrl Pts',(72.4959165034725,-7.02261350167948,14.7291666666667));
#2337=CARTESIAN_POINT('Ctrl Pts',(72.1944063522408,-6.50038260074843,14.703938120728));
#2338=CARTESIAN_POINT('Ctrl Pts',(72.1947833068168,-5.81919149813274,14.6710303379929));
#2339=CARTESIAN_POINT('Ctrl Pts',(72.4959165034725,-5.29761350167947,14.6458333333333));
#2340=CARTESIAN_POINT('Ctrl Pts',(72.7970086626306,-4.77610658425709,14.6206397624434));
#2341=CARTESIAN_POINT('Ctrl Pts',(73.3885739375666,-4.43511350167948,14.5876539123284));
#2342=CARTESIAN_POINT('Ctrl Pts',(73.9898103250006,-4.43511350167948,14.5625));
#2343=CARTESIAN_POINT('Ctrl Pts',(74.5910449561077,-4.43511350167948,14.537346161151));
#2344=CARTESIAN_POINT('Ctrl Pts',(75.1824017850967,-4.77574250323854,14.5043778260116));
#2345=CARTESIAN_POINT('Ctrl Pts',(75.4837041465288,-5.29761350167948,14.4791666666667));
#2346=CARTESIAN_POINT('Ctrl Pts',(75.7849797796313,-5.81943820529551,14.4539577437867));
#2347=CARTESIAN_POINT('Ctrl Pts',(75.7850488074184,-6.50066923842905,14.4210480320411));
#2348=CARTESIAN_POINT('Ctrl Pts',(75.4837041465288,-7.02261350167945,14.3958333333333));
#2349=CARTESIAN_POINT('Ctrl Pts',(75.1823224680287,-7.54462188131204,14.3706155372158));
#2350=CARTESIAN_POINT('Ctrl Pts',(74.591081874618,-7.8851135016795,14.3376553834078));
#2351=CARTESIAN_POINT('Ctrl Pts',(73.9898103250006,-7.88511350167947,14.3125));
#2352=CARTESIAN_POINT('Ctrl Pts',(73.9898103250006,-7.88511350167948,14.25));
#2353=CARTESIAN_POINT('Ctrl Pts',(74.592419180866,-7.88511350167948,14.2752113322572));
#2354=CARTESIAN_POINT('Ctrl Pts',(75.1823880306318,-7.54450832355243,14.3081210230979));
#2355=CARTESIAN_POINT('Ctrl Pts',(75.4837041465288,-7.02261350167946,14.3333333333333));
#2356=CARTESIAN_POINT('Ctrl Pts',(75.7850596950725,-6.50065038045902,14.3585489430541));
#2357=CARTESIAN_POINT('Ctrl Pts',(75.7843259307817,-5.81830570586747,14.391512453904));
#2358=CARTESIAN_POINT('Ctrl Pts',(75.4837041465288,-5.29761350167948,14.4166666666667));
#2359=CARTESIAN_POINT('Ctrl Pts',(75.1830825266721,-4.77692158223401,14.4418208656737));
#2360=CARTESIAN_POINT('Ctrl Pts',(74.5919086320445,-4.43511350167948,14.4748100275616));
#2361=CARTESIAN_POINT('Ctrl Pts',(73.9898103250006,-4.43511350167948,14.5));
#2362=CARTESIAN_POINT('Ctrl Pts',(73.3876089976273,-4.43511350167948,14.5251942824975));
#2363=CARTESIAN_POINT('Ctrl Pts',(72.7974684877569,-4.7753101437756,14.5581012870578));
#2364=CARTESIAN_POINT('Ctrl Pts',(72.4959165034725,-5.29761350167951,14.5833333333333));
#2365=CARTESIAN_POINT('Ctrl Pts',(72.1942406193456,-5.82013146040555,14.6085757467984));
#2366=CARTESIAN_POINT('Ctrl Pts',(72.1952339674198,-6.50181607228747,14.6415073705608));
#2367=CARTESIAN_POINT('Ctrl Pts',(72.4959165034725,-7.02261350167948,14.6666666666667));
#2368=CARTESIAN_POINT('Ctrl Pts',(72.7965942070528,-7.5434025609837,14.6918255584205));
#2369=CARTESIAN_POINT('Ctrl Pts',(73.3881089201944,-7.88511350167948,14.724826632751));
#2370=CARTESIAN_POINT('Ctrl Pts',(73.9898103250007,-7.88511350167948,14.75));
#2371=CARTESIAN_POINT('Origin',(73.9898103250006,-6.16011350167948,-6.));
#2372=CARTESIAN_POINT('',(73.9898103250007,-7.88511350167948,13.75));
#2373=CARTESIAN_POINT('',(73.9898103250007,-7.88511350167947,13.8125));
#2374=CARTESIAN_POINT('',(73.9898103250006,-7.88511350167948,-6.));
#2375=CARTESIAN_POINT('Ctrl Pts',(73.9898103250006,-7.88511350167948,14.3125));
#2376=CARTESIAN_POINT('Ctrl Pts',(73.3885522757456,-7.88511350167945,14.2873451814065));
#2377=CARTESIAN_POINT('Ctrl Pts',(72.7969475868231,-7.54401463270021,14.2543551271025));
#2378=CARTESIAN_POINT('Ctrl Pts',(72.4959165034725,-7.02261350167948,14.2291666666667));
#2379=CARTESIAN_POINT('Ctrl Pts',(72.1948549783819,-6.50115964401835,14.2039756590502));
#2380=CARTESIAN_POINT('Ctrl Pts',(72.1943270424071,-5.81998177127201,14.1710685154393));
#2381=CARTESIAN_POINT('Ctrl Pts',(72.4959165034725,-5.29761350167949,14.1458333333333));
#2382=CARTESIAN_POINT('Ctrl Pts',(72.7976547796652,-4.77498747672553,14.1205856992776));
#2383=CARTESIAN_POINT('Ctrl Pts',(73.3883671943218,-4.43511350167948,14.0876625618406));
#2384=CARTESIAN_POINT('Ctrl Pts',(73.9898103250006,-4.43511350167948,14.0625));
#2385=CARTESIAN_POINT('Ctrl Pts',(74.5912327015625,-4.43511350167948,14.0373383064489));
#2386=CARTESIAN_POINT('Ctrl Pts',(75.18287844478,-4.77656810202792,14.0043379420122));
#2387=CARTESIAN_POINT('Ctrl Pts',(75.4837041465288,-5.29761350167948,13.9791666666667));
#2388=CARTESIAN_POINT('Ctrl Pts',(75.7845311477008,-5.81866115199796,13.9539952825933));
#2389=CARTESIAN_POINT('Ctrl Pts',(75.7858200668124,-6.49933337797292,13.9211125663626));
#2390=CARTESIAN_POINT('Ctrl Pts',(75.4837041465288,-7.02261350167948,13.8958333333333));
#2391=CARTESIAN_POINT('Ctrl Pts',(75.1818618033866,-7.54541977587733,13.8705769915847));
#2392=CARTESIAN_POINT('Ctrl Pts',(74.5916791989779,-7.88511350167947,13.8376803736527));
#2393=CARTESIAN_POINT('Ctrl Pts',(73.9898103250007,-7.88511350167947,13.8125));
#2394=CARTESIAN_POINT('Ctrl Pts',(73.9898103250007,-7.88511350167948,13.75));
#2395=CARTESIAN_POINT('Ctrl Pts',(74.5934126870165,-7.88511350167948,13.7752528975502));
#2396=CARTESIAN_POINT('Ctrl Pts',(75.1827885123068,-7.54381466894385,13.8081545329824));
#2397=CARTESIAN_POINT('Ctrl Pts',(75.4837041465288,-7.0226135016795,13.8333333333333));
#2398=CARTESIAN_POINT('Ctrl Pts',(75.7845606804314,-6.50151469917112,13.858507188527));
#2399=CARTESIAN_POINT('Ctrl Pts',(75.7843954181647,-5.81842606154541,13.89150663962));
#2400=CARTESIAN_POINT('Ctrl Pts',(75.4837041465288,-5.29761350167948,13.9166666666667));
#2401=CARTESIAN_POINT('Ctrl Pts',(75.1830027993245,-4.77678349041719,13.941827536776));
#2402=CARTESIAN_POINT('Ctrl Pts',(74.5931534041013,-4.43511350167948,13.9747579500629));
#2403=CARTESIAN_POINT('Ctrl Pts',(73.9898103250006,-4.43511350167948,14.));
#2404=CARTESIAN_POINT('Ctrl Pts',(73.3867207029936,-4.43511350167948,14.0252314460588));
#2405=CARTESIAN_POINT('Ctrl Pts',(72.7970133024794,-4.77609854780314,14.0581393742089));
#2406=CARTESIAN_POINT('Ctrl Pts',(72.4959165034725,-5.29761350167952,14.0833333333333));
#2407=CARTESIAN_POINT('Ctrl Pts',(72.1948419729531,-5.81908988540405,14.1085254291654));
#2408=CARTESIAN_POINT('Ctrl Pts',(72.195294016042,-6.50192007955205,14.1415123950663));
#2409=CARTESIAN_POINT('Ctrl Pts',(72.4959165034725,-7.02261350167948,14.1666666666667));
#2410=CARTESIAN_POINT('Ctrl Pts',(72.7965447640057,-7.54331692311413,14.1918214213254));
#2411=CARTESIAN_POINT('Ctrl Pts',(73.3871599128836,-7.88511350167948,14.2247869291549));
#2412=CARTESIAN_POINT('Ctrl Pts',(73.9898103250006,-7.88511350167948,14.25));
#2413=CARTESIAN_POINT('Origin',(73.9898103250006,-6.16011350167948,-6.));
#2414=CARTESIAN_POINT('',(73.9898103250007,-7.88511350167947,13.25));
#2415=CARTESIAN_POINT('',(73.9898103250006,-7.88511350167948,13.3125));
#2416=CARTESIAN_POINT('',(73.9898103250006,-7.88511350167948,-6.));
#2417=CARTESIAN_POINT('Ctrl Pts',(73.9898103250006,-7.88511350167948,13.8125));
#2418=CARTESIAN_POINT('Ctrl Pts',(73.3880969081059,-7.88511350167948,13.7873261302015));
#2419=CARTESIAN_POINT('Ctrl Pts',(72.7965911504934,-7.54339726686762,13.7543253026661));
#2420=CARTESIAN_POINT('Ctrl Pts',(72.4959165034725,-7.02261350167948,13.7291666666667));
#2421=CARTESIAN_POINT('Ctrl Pts',(72.1952371431638,-6.50182157283743,13.7040076362878));
#2422=CARTESIAN_POINT('Ctrl Pts',(72.1942528582598,-5.8201102619843,13.67107472272));
#2423=CARTESIAN_POINT('Ctrl Pts',(72.4959165034725,-5.29761350167948,13.6458333333333));
#2424=CARTESIAN_POINT('Ctrl Pts',(72.7974597032969,-4.77532535890674,13.6206020220883));
#2425=CARTESIAN_POINT('Ctrl Pts',(73.3875955832823,-4.43511350167948,13.5876948437131));
#2426=CARTESIAN_POINT('Ctrl Pts',(73.9898103250006,-4.43511350167948,13.5625));
#2427=CARTESIAN_POINT('Ctrl Pts',(74.5919263031506,-4.43511350167948,13.5373092882559));
#2428=CARTESIAN_POINT('Ctrl Pts',(75.1830834225597,-4.77692313395685,13.5043207907112));
#2429=CARTESIAN_POINT('Ctrl Pts',(75.4837041465288,-5.29761350167954,13.4791666666667));
#2430=CARTESIAN_POINT('Ctrl Pts',(75.7843248186992,-5.81830377968411,13.4540125469563));
#2431=CARTESIAN_POINT('Ctrl Pts',(75.7850484124306,-6.50066992256801,13.4210479989909));
#2432=CARTESIAN_POINT('Ctrl Pts',(75.4837041465288,-7.02261350167948,13.3958333333333));
#2433=CARTESIAN_POINT('Ctrl Pts',(75.182396583877,-7.54449350889709,13.3706217387818));
#2434=CARTESIAN_POINT('Ctrl Pts',(74.5924359049246,-7.88511350167947,13.3377120319413));
#2435=CARTESIAN_POINT('Ctrl Pts',(73.9898103250006,-7.88511350167947,13.3125));
#2436=CARTESIAN_POINT('Ctrl Pts',(73.9898103250006,-7.88511350167948,13.25));
#2437=CARTESIAN_POINT('Ctrl Pts',(74.5926041144536,-7.88511350167948,13.2752190693193));
#2438=CARTESIAN_POINT('Ctrl Pts',(75.1830775800557,-7.5433139889159,13.3081787204234));
#2439=CARTESIAN_POINT('Ctrl Pts',(75.4837041465288,-7.02261350167952,13.3333333333333));
#2440=CARTESIAN_POINT('Ctrl Pts',(75.7843297816572,-6.50191462757946,13.358487868314));
#2441=CARTESIAN_POINT('Ctrl Pts',(75.7847221669068,-5.81899200696792,13.3914792992614));
#2442=CARTESIAN_POINT('Ctrl Pts',(75.4837041465288,-5.29761350167948,13.4166666666667));
#2443=CARTESIAN_POINT('Ctrl Pts',(75.1826364903554,-4.77614902467144,13.4418581872951));
#2444=CARTESIAN_POINT('Ctrl Pts',(74.5930576398438,-4.43511350167948,13.4747619565498));
#2445=CARTESIAN_POINT('Ctrl Pts',(73.9898103250007,-4.43511350167948,13.5));
#2446=CARTESIAN_POINT('Ctrl Pts',(73.3862364280984,-4.43511350167948,13.525251706656));
#2447=CARTESIAN_POINT('Ctrl Pts',(72.79662887185,-4.77676440118518,13.5581715410389));
#2448=CARTESIAN_POINT('Ctrl Pts',(72.4959165034725,-5.29761350167946,13.5833333333333));
#2449=CARTESIAN_POINT('Ctrl Pts',(72.1952034482239,-5.81846379186931,13.608495183101));
#2450=CARTESIAN_POINT('Ctrl Pts',(72.1950847370945,-6.50155759778212,13.6414948838697));
#2451=CARTESIAN_POINT('Ctrl Pts',(72.4959165034725,-7.02261350167948,13.6666666666667));
#2452=CARTESIAN_POINT('Ctrl Pts',(72.7967572898166,-7.54368502861636,13.6918392041999));
#2453=CARTESIAN_POINT('Ctrl Pts',(73.385679629708,-7.88511350167948,13.7247249985831));
#2454=CARTESIAN_POINT('Ctrl Pts',(73.9898103250006,-7.88511350167948,13.75));
#2455=CARTESIAN_POINT('Origin',(73.9898103250006,-6.16011350167948,-6.));
#2456=CARTESIAN_POINT('',(73.9898103250006,-7.88511350167948,12.75));
#2457=CARTESIAN_POINT('',(73.9898103250006,-7.88511350167948,12.8125));
#2458=CARTESIAN_POINT('',(73.9898103250006,-7.88511350167948,-6.));
#2459=CARTESIAN_POINT('Ctrl Pts',(73.9898103250006,-7.88511350167948,13.3125));
#2460=CARTESIAN_POINT('Ctrl Pts',(73.3871365364331,-7.88511350167948,13.2872859511549));
#2461=CARTESIAN_POINT('Ctrl Pts',(72.7965461486532,-7.54331932139389,13.2543215371843));
#2462=CARTESIAN_POINT('Ctrl Pts',(72.4959165034725,-7.02261350167948,13.2291666666667));
#2463=CARTESIAN_POINT('Ctrl Pts',(72.1952928408578,-6.50191804407331,13.204012296734));
#2464=CARTESIAN_POINT('Ctrl Pts',(72.1948512683647,-5.81907378527884,13.1710246513816));
#2465=CARTESIAN_POINT('Ctrl Pts',(72.4959165034725,-5.29761350167948,13.1458333333333));
#2466=CARTESIAN_POINT('Ctrl Pts',(72.7970057867487,-4.77611156543055,13.1206400030798));
#2467=CARTESIAN_POINT('Ctrl Pts',(73.3867020110682,-4.43511350167948,13.0877322280724));
#2468=CARTESIAN_POINT('Ctrl Pts',(73.9898103250006,-4.43511350167948,13.0625));
#2469=CARTESIAN_POINT('Ctrl Pts',(74.5931812149068,-4.43511350167948,13.0372567865429));
#2470=CARTESIAN_POINT('Ctrl Pts',(75.1829987216867,-4.77677642774128,13.004327877968));
#2471=CARTESIAN_POINT('Ctrl Pts',(75.4837041465288,-5.29761350167948,12.9791666666667));
#2472=CARTESIAN_POINT('Ctrl Pts',(75.784399417593,-5.81843298875837,12.954006304972));
#2473=CARTESIAN_POINT('Ctrl Pts',(75.7845540050108,-6.50152626133868,12.9210066299682));
#2474=CARTESIAN_POINT('Ctrl Pts',(75.4837041465288,-7.02261350167948,12.8958333333333));
#2475=CARTESIAN_POINT('Ctrl Pts',(75.1827942451803,-7.54380473931562,12.8706550126746));
#2476=CARTESIAN_POINT('Ctrl Pts',(74.5934317321519,-7.88511350167947,12.8377536943411));
#2477=CARTESIAN_POINT('Ctrl Pts',(73.9898103250006,-7.88511350167948,12.8125));
#2478=CARTESIAN_POINT('Ctrl Pts',(73.9898103250006,-7.88511350167948,12.75));
#2479=CARTESIAN_POINT('Ctrl Pts',(74.5915735370895,-7.88511350167948,12.7751759530788));
#2480=CARTESIAN_POINT('Ctrl Pts',(75.183026530905,-7.54340240863857,12.8081744489392));
#2481=CARTESIAN_POINT('Ctrl Pts',(75.4837041465288,-7.02261350167948,12.8333333333333));
#2482=CARTESIAN_POINT('Ctrl Pts',(75.7843914921748,-6.50180774182766,12.8584930318769));
#2483=CARTESIAN_POINT('Ctrl Pts',(75.7853258333071,-5.82003758784406,12.891428788108));
#2484=CARTESIAN_POINT('Ctrl Pts',(75.4837041465288,-5.29761350167948,12.9166666666667));
#2485=CARTESIAN_POINT('Ctrl Pts',(75.1821930290246,-4.77538092711529,12.9418952934572));
#2486=CARTESIAN_POINT('Ctrl Pts',(74.5920592926253,-4.43511350167948,12.9748037243785));
#2487=CARTESIAN_POINT('Ctrl Pts',(73.9898103250006,-4.43511350167948,13.));
#2488=CARTESIAN_POINT('Ctrl Pts',(73.3875924320245,-4.43511350167948,13.0251949755522));
#2489=CARTESIAN_POINT('Ctrl Pts',(72.7965356104739,-4.77692593462711,13.0581793445868));
#2490=CARTESIAN_POINT('Ctrl Pts',(72.4959165034725,-5.29761350167948,13.0833333333333));
#2491=CARTESIAN_POINT('Ctrl Pts',(72.1952923959911,-5.81830972981729,13.1084877404898));
#2492=CARTESIAN_POINT('Ctrl Pts',(72.1946328561317,-6.50077491699556,13.1414570732037));
#2493=CARTESIAN_POINT('Ctrl Pts',(72.4959165034725,-7.02261350167948,13.1666666666667));
#2494=CARTESIAN_POINT('Ctrl Pts',(72.7971910494292,-7.54443632230371,13.1918754985809));
#2495=CARTESIAN_POINT('Ctrl Pts',(73.3871157131119,-7.88511350167947,13.2247850799701));
#2496=CARTESIAN_POINT('Ctrl Pts',(73.9898103250007,-7.88511350167947,13.25));
#2497=CARTESIAN_POINT('Origin',(73.9898103250006,-6.16011350167948,-6.));
#2498=CARTESIAN_POINT('',(73.9898103250006,-7.88511350167948,12.25));
#2499=CARTESIAN_POINT('',(73.9898103250007,-7.88511350167948,12.3125));
#2500=CARTESIAN_POINT('',(73.9898103250006,-7.88511350167948,-6.));
#2501=CARTESIAN_POINT('Ctrl Pts',(73.9898103250006,-7.88511350167948,12.8125));
#2502=CARTESIAN_POINT('Ctrl Pts',(73.3856493738521,-7.88511350167948,12.7872237327696));
#2503=CARTESIAN_POINT('Ctrl Pts',(72.7967634832955,-7.54369575603662,12.7543397224327));
#2504=CARTESIAN_POINT('Ctrl Pts',(72.4959165034725,-7.02261350167948,12.7291666666667));
#2505=CARTESIAN_POINT('Ctrl Pts',(72.1950783626755,-6.50154655696454,12.7039943504969));
#2506=CARTESIAN_POINT('Ctrl Pts',(72.1952073117473,-5.81845710005053,12.6709948598247));
#2507=CARTESIAN_POINT('Ctrl Pts',(72.4959165034725,-5.29761350167948,12.6458333333333));
#2508=CARTESIAN_POINT('Ctrl Pts',(72.7966248286234,-4.77677140425921,12.6206718793517));
#2509=CARTESIAN_POINT('Ctrl Pts',(73.386263639812,-4.43511350167948,12.5877505682002));
#2510=CARTESIAN_POINT('Ctrl Pts',(73.9898103250006,-4.43511350167948,12.5625));
#2511=CARTESIAN_POINT('Ctrl Pts',(74.5930390039645,-4.43511350167948,12.5372627362187));
#2512=CARTESIAN_POINT('Ctrl Pts',(75.1826301870191,-4.77613810697282,12.5043587147201));
#2513=CARTESIAN_POINT('Ctrl Pts',(75.4837041465288,-5.29761350167947,12.4791666666667));
#2514=CARTESIAN_POINT('Ctrl Pts',(75.7847300058873,-5.81900558448053,12.453978643343));
#2515=CARTESIAN_POINT('Ctrl Pts',(75.7843286399813,-6.50191660502006,12.4209877727855));
#2516=CARTESIAN_POINT('Ctrl Pts',(75.4837041465288,-7.02261350167948,12.3958333333333));
#2517=CARTESIAN_POINT('Ctrl Pts',(75.1830789153812,-7.54331167606429,12.3706788321553));
#2518=CARTESIAN_POINT('Ctrl Pts',(74.5925828090195,-7.88511350167948,12.3377181779644));
#2519=CARTESIAN_POINT('Ctrl Pts',(73.9898103250006,-7.88511350167948,12.3125));
#2520=CARTESIAN_POINT('Ctrl Pts',(73.9898103250006,-7.88511350167948,12.25));
#2521=CARTESIAN_POINT('Ctrl Pts',(74.5910713190279,-7.8851135016795,12.2751549417938));
#2522=CARTESIAN_POINT('Ctrl Pts',(75.1827141936381,-7.54394339265388,12.3081483144457));
#2523=CARTESIAN_POINT('Ctrl Pts',(75.4837041465288,-7.02261350167948,12.3333333333333));
#2524=CARTESIAN_POINT('Ctrl Pts',(75.7847491133386,-6.50118832380207,12.358522955453));
#2525=CARTESIAN_POINT('Ctrl Pts',(75.7853619926924,-5.82010021773662,12.3914257625093));
#2526=CARTESIAN_POINT('Ctrl Pts',(75.4837041465288,-5.29761350167948,12.4166666666667));
#2527=CARTESIAN_POINT('Ctrl Pts',(75.181866990327,-4.77481621152579,12.4419225744036));
#2528=CARTESIAN_POINT('Ctrl Pts',(74.5912659699102,-4.43511350167948,12.4748369146019));
#2529=CARTESIAN_POINT('Ctrl Pts',(73.9898103250006,-4.43511350167948,12.5));
#2530=CARTESIAN_POINT('Ctrl Pts',(73.3883544993645,-4.43511350167948,12.5251630929592));
#2531=CARTESIAN_POINT('Ctrl Pts',(72.7967257871471,-4.77659653896661,12.558163431753));
#2532=CARTESIAN_POINT('Ctrl Pts',(72.4959165034725,-5.29761350167948,12.5833333333333));
#2533=CARTESIAN_POINT('Ctrl Pts',(72.1950976349658,-5.8186470658084,12.6085040369144));
#2534=CARTESIAN_POINT('Ctrl Pts',(72.1939057762717,-6.49951557773695,12.6413962355583));
#2535=CARTESIAN_POINT('Ctrl Pts',(72.4959165034725,-7.02261350167948,12.6666666666667));
#2536=CARTESIAN_POINT('Ctrl Pts',(72.7976831116448,-7.54528859906157,12.6919166713711));
#2537=CARTESIAN_POINT('Ctrl Pts',(73.3879362178997,-7.88511350167948,12.7248194074092));
#2538=CARTESIAN_POINT('Ctrl Pts',(73.9898103250006,-7.88511350167948,12.75));
#2539=CARTESIAN_POINT('Origin',(73.9898103250006,-6.16011350167948,-6.));
#2540=CARTESIAN_POINT('',(73.9898103250006,-7.88511350167948,11.75));
#2541=CARTESIAN_POINT('',(73.9898103250007,-7.88511350167948,11.8125));
#2542=CARTESIAN_POINT('',(73.9898103250006,-7.88511350167948,-6.));
#2543=CARTESIAN_POINT('Ctrl Pts',(73.9898103250007,-7.88511350167948,12.3125));
#2544=CARTESIAN_POINT('Ctrl Pts',(73.3871317394219,-7.88511350167948,12.2872857504624));
#2545=CARTESIAN_POINT('Ctrl Pts',(72.7971986360679,-7.54444946274743,12.2543761333849));
#2546=CARTESIAN_POINT('Ctrl Pts',(72.4959165034725,-7.0226135016795,12.2291666666667));
#2547=CARTESIAN_POINT('Ctrl Pts',(72.1946223358935,-6.50075669540845,12.2039561929338));
#2548=CARTESIAN_POINT('Ctrl Pts',(72.1952914617264,-5.8183113480112,12.1709878186634));
#2549=CARTESIAN_POINT('Ctrl Pts',(72.4959165034725,-5.29761350167948,12.1458333333333));
#2550=CARTESIAN_POINT('Ctrl Pts',(72.7965363452372,-4.77692466197969,12.1206792831063));
#2551=CARTESIAN_POINT('Ctrl Pts',(73.3876102707989,-4.43511350167948,12.0876942292318));
#2552=CARTESIAN_POINT('Ctrl Pts',(73.9898103250006,-4.43511350167948,12.0625));
#2553=CARTESIAN_POINT('Ctrl Pts',(74.5920449850713,-4.43511350167948,12.0373043229633));
#2554=CARTESIAN_POINT('Ctrl Pts',(75.182184430094,-4.77536603333066,12.0043960129637));
#2555=CARTESIAN_POINT('Ctrl Pts',(75.4837041465288,-5.29761350167951,11.9791666666667));
#2556=CARTESIAN_POINT('Ctrl Pts',(75.7853385149629,-5.82005955311635,11.9539277269837));
#2557=CARTESIAN_POINT('Ctrl Pts',(75.7843949601042,-6.50180173519769,11.9209933220523));
#2558=CARTESIAN_POINT('Ctrl Pts',(75.4837041465288,-7.02261350167948,11.8958333333333));
#2559=CARTESIAN_POINT('Ctrl Pts',(75.1830231604382,-7.54340824645829,11.8706741669189));
#2560=CARTESIAN_POINT('Ctrl Pts',(74.5915604358482,-7.88511350167948,11.8376754049625));
#2561=CARTESIAN_POINT('Ctrl Pts',(73.9898103250006,-7.88511350167948,11.8125));
#2562=CARTESIAN_POINT('Ctrl Pts',(73.9898103250007,-7.88511350167948,11.75));
#2563=CARTESIAN_POINT('Ctrl Pts',(74.5911609028171,-7.88511350167948,11.7751586897087));
#2564=CARTESIAN_POINT('Ctrl Pts',(75.1821286215674,-7.54495763323182,11.8080993173163));
#2565=CARTESIAN_POINT('Ctrl Pts',(75.4837041465288,-7.02261350167948,11.8333333333333));
#2566=CARTESIAN_POINT('Ctrl Pts',(75.7851838007398,-6.50043542313769,11.8585593274658));
#2567=CARTESIAN_POINT('Ctrl Pts',(75.7848553295324,-5.81922265140118,11.8914681570183));
#2568=CARTESIAN_POINT('Ctrl Pts',(75.4837041465288,-5.29761350167948,11.9166666666667));
#2569=CARTESIAN_POINT('Ctrl Pts',(75.1825617516955,-4.77601957351522,11.9418644409741));
#2570=CARTESIAN_POINT('Ctrl Pts',(74.5910446704869,-4.43511350167948,11.9748461731005));
#2571=CARTESIAN_POINT('Ctrl Pts',(73.9898103250006,-4.43511350167948,12.));
#2572=CARTESIAN_POINT('Ctrl Pts',(73.3885674593236,-4.43511350167948,12.0251541833585));
#2573=CARTESIAN_POINT('Ctrl Pts',(72.7971621578681,-4.77584072270694,12.0581269188902));
#2574=CARTESIAN_POINT('Ctrl Pts',(72.4959165034725,-5.29761350167948,12.0833333333333));
#2575=CARTESIAN_POINT('Ctrl Pts',(72.1946694833545,-5.81938864615251,12.1085398620518));
#2576=CARTESIAN_POINT('Ctrl Pts',(72.194539561796,-6.50061332646604,12.1414492668979));
#2577=CARTESIAN_POINT('Ctrl Pts',(72.4959165034725,-7.02261350167951,12.1666666666667));
#2578=CARTESIAN_POINT('Ctrl Pts',(72.7973529766646,-7.54471678850264,12.1918890476726));
#2579=CARTESIAN_POINT('Ctrl Pts',(73.3885460805125,-7.88511350167945,12.2248449222167));
#2580=CARTESIAN_POINT('Ctrl Pts',(73.9898103250006,-7.88511350167948,12.25));
#2581=CARTESIAN_POINT('Origin',(73.9898103250006,-6.16011350167948,-6.));
#2582=CARTESIAN_POINT('',(73.9898103250006,-7.88511350167947,11.25));
#2583=CARTESIAN_POINT('',(73.9898103250006,-7.88511350167948,11.3125));
#2584=CARTESIAN_POINT('',(73.9898103250006,-7.88511350167948,-6.));
#2585=CARTESIAN_POINT('Ctrl Pts',(73.9898103250007,-7.88511350167948,11.8125));
#2586=CARTESIAN_POINT('Ctrl Pts',(73.3879473767982,-7.88511350167948,11.7873198742638));
#2587=CARTESIAN_POINT('Ctrl Pts',(72.7976919718471,-7.54530394538224,11.7544174127393));
#2588=CARTESIAN_POINT('Ctrl Pts',(72.4959165034725,-7.02261350167948,11.7291666666667));
#2589=CARTESIAN_POINT('Ctrl Pts',(72.1938918236546,-6.4994914110952,11.7038950680877));
#2590=CARTESIAN_POINT('Ctrl Pts',(72.1950921038097,-5.81865664605187,11.6710044997281));
#2591=CARTESIAN_POINT('Ctrl Pts',(72.4959165034725,-5.29761350167948,11.6458333333333));
#2592=CARTESIAN_POINT('Ctrl Pts',(72.796731449456,-4.77658673155989,11.6206629579652));
#2593=CARTESIAN_POINT('Ctrl Pts',(73.3883623649494,-4.43511350167948,11.5876627638869));
#2594=CARTESIAN_POINT('Ctrl Pts',(73.9898103250006,-4.43511350167948,11.5625));
#2595=CARTESIAN_POINT('Ctrl Pts',(74.5912578158272,-4.43511350167948,11.5373372557441));
#2596=CARTESIAN_POINT('Ctrl Pts',(75.1818799796732,-4.7748387097335,11.5044214875336));
#2597=CARTESIAN_POINT('Ctrl Pts',(75.4837041465288,-5.29761350167948,11.4791666666667));
#2598=CARTESIAN_POINT('Ctrl Pts',(75.7853531769851,-5.82008494848372,11.4539265001544));
#2599=CARTESIAN_POINT('Ctrl Pts',(75.7847548980178,-6.50117830444382,11.42102343948));
#2600=CARTESIAN_POINT('Ctrl Pts',(75.4837041465288,-7.02261350167945,11.3958333333333));
#2601=CARTESIAN_POINT('Ctrl Pts',(75.1827070601506,-7.5439557482168,11.3706477175586));
#2602=CARTESIAN_POINT('Ctrl Pts',(74.5910686100233,-7.88511350167948,11.3376548284573));
#2603=CARTESIAN_POINT('Ctrl Pts',(73.9898103250006,-7.88511350167948,11.3125));
#2604=CARTESIAN_POINT('Ctrl Pts',(73.9898103250006,-7.88511350167947,11.25));
#2605=CARTESIAN_POINT('Ctrl Pts',(74.5918580112248,-7.88511350167947,11.2751878546164));
#2606=CARTESIAN_POINT('Ctrl Pts',(75.182013496186,-7.54515703624169,11.3080896843207));
#2607=CARTESIAN_POINT('Ctrl Pts',(75.4837041465288,-7.02261350167946,11.3333333333333));
#2608=CARTESIAN_POINT('Ctrl Pts',(75.7855899009857,-6.49973203687882,11.3585933074783));
#2609=CARTESIAN_POINT('Ctrl Pts',(75.7844476919625,-5.81851660241904,11.3915022656648));
#2610=CARTESIAN_POINT('Ctrl Pts',(75.4837041465288,-5.29761350167952,11.4166666666667));
#2611=CARTESIAN_POINT('Ctrl Pts',(75.1829609878422,-4.77671107080544,11.4418310353079));
#2612=CARTESIAN_POINT('Ctrl Pts',(74.591388371042,-4.43511350167948,11.4748317937087));
#2613=CARTESIAN_POINT('Ctrl Pts',(73.9898103250006,-4.43511350167948,11.5));
#2614=CARTESIAN_POINT('Ctrl Pts',(73.3882123013086,-4.43511350167948,11.5251690420958));
#2615=CARTESIAN_POINT('Ctrl Pts',(72.7978760950834,-4.77460414717667,11.5580671809419));
#2616=CARTESIAN_POINT('Ctrl Pts',(72.4959165034725,-5.29761350167948,11.5833333333333));
#2617=CARTESIAN_POINT('Ctrl Pts',(72.1941825383861,-5.82023205957826,11.6085806066618));
#2618=CARTESIAN_POINT('Ctrl Pts',(72.1949583604283,-6.50133870697528,11.6414843094346));
#2619=CARTESIAN_POINT('Ctrl Pts',(72.4959165034725,-7.02261350167949,11.6666666666667));
#2620=CARTESIAN_POINT('Ctrl Pts',(72.7968229918486,-7.54379882787412,11.6918447017485));
#2621=CARTESIAN_POINT('Ctrl Pts',(73.3884783898752,-7.88511350167948,11.7248420902452));
#2622=CARTESIAN_POINT('Ctrl Pts',(73.9898103250006,-7.88511350167948,11.75));
#2623=CARTESIAN_POINT('Origin',(73.9898103250006,-6.16011350167948,-6.));
#2624=CARTESIAN_POINT('',(73.9898103250007,-7.88511350167948,10.75));
#2625=CARTESIAN_POINT('',(73.9898103250006,-7.88511350167948,10.8125));
#2626=CARTESIAN_POINT('',(73.9898103250006,-7.88511350167948,-6.));
#2627=CARTESIAN_POINT('Ctrl Pts',(73.9898103250006,-7.88511350167948,11.3125));
#2628=CARTESIAN_POINT('Ctrl Pts',(73.3885491419952,-7.88511350167948,11.2873450502999));
#2629=CARTESIAN_POINT('Ctrl Pts',(72.7973426969855,-7.54469898357609,11.2543881875312));
#2630=CARTESIAN_POINT('Ctrl Pts',(72.4959165034725,-7.02261350167948,11.2291666666667));
#2631=CARTESIAN_POINT('Ctrl Pts',(72.1945472387054,-6.50062662326319,11.2039499092553));
#2632=CARTESIAN_POINT('Ctrl Pts',(72.194662432695,-5.81940085825307,11.1710404520084));
#2633=CARTESIAN_POINT('Ctrl Pts',(72.4959165034725,-5.29761350167946,11.1458333333333));
#2634=CARTESIAN_POINT('Ctrl Pts',(72.7971718632956,-4.77582391241339,11.1206261067987));
#2635=CARTESIAN_POINT('Ctrl Pts',(73.3885663071674,-4.43511350167948,11.0876542315612));
#2636=CARTESIAN_POINT('Ctrl Pts',(73.9898103250006,-4.43511350167948,11.0625));
#2637=CARTESIAN_POINT('Ctrl Pts',(74.5910454387931,-4.43511350167948,11.0373461409569));
#2638=CARTESIAN_POINT('Ctrl Pts',(75.1825704855825,-4.77603470105131,11.0043637101753));
#2639=CARTESIAN_POINT('Ctrl Pts',(75.4837041465288,-5.29761350167948,10.9791666666667));
#2640=CARTESIAN_POINT('Ctrl Pts',(75.7848483771833,-5.81921060957929,10.9539687387488));
#2641=CARTESIAN_POINT('Ctrl Pts',(75.7851919002449,-6.50042139438347,10.9210600051834));
#2642=CARTESIAN_POINT('Ctrl Pts',(75.4837041465288,-7.02261350167947,10.8958333333333));
#2643=CARTESIAN_POINT('Ctrl Pts',(75.1821167742246,-7.54497815343159,10.8705983260023));
#2644=CARTESIAN_POINT('Ctrl Pts',(74.5911669178618,-7.88511350167948,10.83765894136));
#2645=CARTESIAN_POINT('Ctrl Pts',(73.9898103250006,-7.88511350167948,10.8125));
#2646=CARTESIAN_POINT('Ctrl Pts',(73.9898103250006,-7.88511350167948,10.75));
#2647=CARTESIAN_POINT('Ctrl Pts',(74.592709527737,-7.88511350167948,10.7752234794923));
#2648=CARTESIAN_POINT('Ctrl Pts',(75.1825266785669,-7.54426817828443,10.8081326243186));
#2649=CARTESIAN_POINT('Ctrl Pts',(75.4837041465288,-7.02261350167952,10.8333333333333));
#2650=CARTESIAN_POINT('Ctrl Pts',(75.7848798192333,-6.50096193455155,10.8585338921318));
#2651=CARTESIAN_POINT('Ctrl Pts',(75.7843198352506,-5.81829514809801,10.8915129639411));
#2652=CARTESIAN_POINT('Ctrl Pts',(75.4837041465288,-5.29761350167948,10.9166666666667));
#2653=CARTESIAN_POINT('Ctrl Pts',(75.1830849184042,-4.7769257248356,10.941820665548));
#2654=CARTESIAN_POINT('Ctrl Pts',(74.592230721717,-4.43511350167948,10.9747965523037));
#2655=CARTESIAN_POINT('Ctrl Pts',(73.9898103250006,-4.43511350167948,11.));
#2656=CARTESIAN_POINT('Ctrl Pts',(73.3873681757285,-4.43511350167947,11.0252043577575));
#2657=CARTESIAN_POINT('Ctrl Pts',(72.7973222263208,-4.77556347601423,11.0581135253302));
#2658=CARTESIAN_POINT('Ctrl Pts',(72.4959165034725,-5.29761350167946,11.0833333333333));
#2659=CARTESIAN_POINT('Ctrl Pts',(72.1944413232771,-5.81978383099893,11.1085589531072));
#2660=CARTESIAN_POINT('Ctrl Pts',(72.1952780918807,-6.50189249809565,11.1415110626288));
#2661=CARTESIAN_POINT('Ctrl Pts',(72.4959165034725,-7.02261350167951,11.1666666666667));
#2662=CARTESIAN_POINT('Ctrl Pts',(72.7965526524866,-7.54333058636366,11.1918220813857));
#2663=CARTESIAN_POINT('Ctrl Pts',(73.3878822547037,-7.88511350167948,11.2248171497523));
#2664=CARTESIAN_POINT('Ctrl Pts',(73.9898103250006,-7.88511350167948,11.25));
#2665=CARTESIAN_POINT('Origin',(73.9898103250006,-6.16011350167948,-6.));
#2666=CARTESIAN_POINT('',(73.9898103250006,-7.88511350167948,10.25));
#2667=CARTESIAN_POINT('',(73.9898103250007,-7.88511350167948,10.3125));
#2668=CARTESIAN_POINT('',(73.9898103250006,-7.88511350167948,-6.));
#2669=CARTESIAN_POINT('',(73.9898103250006,-4.43511350167948,10.));
#2670=CARTESIAN_POINT('Ctrl Pts',(73.9898103250006,-4.43511350167948,10.));
#2671=CARTESIAN_POINT('Ctrl Pts',(73.3867826424752,-4.43511350167948,10.0252288546982));
#2672=CARTESIAN_POINT('Ctrl Pts',(72.7965619822451,-4.77688025737951,10.0581771379565));
#2673=CARTESIAN_POINT('Ctrl Pts',(72.4959165034725,-5.29761350167945,10.0833333333333));
#2674=CARTESIAN_POINT('Ctrl Pts',(72.1952738806252,-5.81834179937182,10.1084892897436));
#2675=CARTESIAN_POINT('Ctrl Pts',(72.1949769370116,-6.50137088256145,10.1414858638107));
#2676=CARTESIAN_POINT('Ctrl Pts',(72.4959165034725,-7.02261350167948,10.1666666666667));
#2677=CARTESIAN_POINT('Ctrl Pts',(72.796920245776,-7.54396727661743,10.191852839369));
#2678=CARTESIAN_POINT('Ctrl Pts',(73.3863646819629,-7.88511350167948,10.2247536590979));
#2679=CARTESIAN_POINT('Ctrl Pts',(73.9898103250006,-7.88511350167948,10.25));
#2680=CARTESIAN_POINT('',(75.1983957833695,-4.92928199825618,10.0000000010174));
#2681=CARTESIAN_POINT('Origin',(73.9898103250006,-6.16011350167948,10.));
#2682=CARTESIAN_POINT('Ctrl Pts',(73.9898103250006,-7.88511350167948,10.3125));
#2683=CARTESIAN_POINT('Ctrl Pts',(73.3878689675718,-7.88511350167948,10.2873165938589));
#2684=CARTESIAN_POINT('Ctrl Pts',(72.7965510905759,-7.54332788105515,10.2543219506945));
#2685=CARTESIAN_POINT('Ctrl Pts',(72.4959165034725,-7.02261350167948,10.2291666666667));
#2686=CARTESIAN_POINT('Ctrl Pts',(72.1952798165362,-6.50189548528662,10.2040112069376));
#2687=CARTESIAN_POINT('Ctrl Pts',(72.1944514555501,-5.81976628138721,10.1710581052999));
#2688=CARTESIAN_POINT('Ctrl Pts',(72.4959165034725,-5.29761350167948,10.1458333333333));
#2689=CARTESIAN_POINT('Ctrl Pts',(72.7973147112606,-4.77557649248032,10.120614154145));
#2690=CARTESIAN_POINT('Ctrl Pts',(73.3873547739185,-4.43511350167948,10.0877049184487));
#2691=CARTESIAN_POINT('Ctrl Pts',(73.9898103250007,-4.43511350167948,10.0625));
#2692=CARTESIAN_POINT('Ctrl Pts',(74.4364553211638,-4.43511350167948,10.0438137240024));
#2693=CARTESIAN_POINT('Ctrl Pts',(74.8806305178368,-4.61726002120202,10.0208311025623));
#2694=CARTESIAN_POINT('Ctrl Pts',(75.1983957834034,-4.92928199828945,10.0000000020326));
#2695=CARTESIAN_POINT('Origin',(73.9898103250006,-6.16011350167948,-6.21874999999999));
#2696=CARTESIAN_POINT('',(73.9898103250006,-7.51164004629744,14.5));
#2697=CARTESIAN_POINT('',(73.9898103250006,-7.51164004629744,14.5625));
#2698=CARTESIAN_POINT('',(73.9898103250006,-7.51164004629744,-6.21874999999999));
#2699=CARTESIAN_POINT('',(73.0428912697107,-7.12446214378759,15.));
#2700=CARTESIAN_POINT('Ctrl Pts',(73.9898103250006,-7.51164004629744,14.5625));
#2701=CARTESIAN_POINT('Ctrl Pts',(74.7701145393527,-7.51164004629744,14.6041666666667));
#2702=CARTESIAN_POINT('Ctrl Pts',(75.1602666465288,-6.83587677398846,14.6458333333333));
#2703=CARTESIAN_POINT('Ctrl Pts',(75.5504187537049,-6.16011350167948,14.6875));
#2704=CARTESIAN_POINT('Ctrl Pts',(75.1602666465288,-5.4843502293705,14.7291666666667));
#2705=CARTESIAN_POINT('Ctrl Pts',(74.7701145393527,-4.80858695706151,14.7708333333333));
#2706=CARTESIAN_POINT('Ctrl Pts',(73.9898103250006,-4.80858695706151,14.8125));
#2707=CARTESIAN_POINT('Ctrl Pts',(73.2095061106485,-4.80858695706151,14.8541666666667));
#2708=CARTESIAN_POINT('Ctrl Pts',(72.8193540034725,-5.48435022937049,14.8958333333333));
#2709=CARTESIAN_POINT('Ctrl Pts',(72.4292018962964,-6.16011350167948,14.9375));
#2710=CARTESIAN_POINT('Ctrl Pts',(72.8193540034725,-6.83587677398846,14.9791666666667));
#2711=CARTESIAN_POINT('Ctrl Pts',(72.9114564223308,-6.99540284295103,14.9890028323958));
#2712=CARTESIAN_POINT('Ctrl Pts',(73.0428912697107,-7.12446214378759,15.));
#2713=CARTESIAN_POINT('',(73.9898103250006,-7.51164004629744,15.));
#2714=CARTESIAN_POINT('Origin',(73.9898103250006,-6.16011350167948,15.));
#2715=CARTESIAN_POINT('Ctrl Pts',(73.9898103250006,-7.51164004629744,14.5));
#2716=CARTESIAN_POINT('Ctrl Pts',(74.7701145393527,-7.51164004629744,14.5416666666667));
#2717=CARTESIAN_POINT('Ctrl Pts',(75.1602666465288,-6.83587677398846,14.5833333333333));
#2718=CARTESIAN_POINT('Ctrl Pts',(75.5504187537049,-6.16011350167948,14.625));
#2719=CARTESIAN_POINT('Ctrl Pts',(75.1602666465288,-5.4843502293705,14.6666666666667));
#2720=CARTESIAN_POINT('Ctrl Pts',(74.7701145393527,-4.80858695706151,14.7083333333333));
#2721=CARTESIAN_POINT('Ctrl Pts',(73.9898103250006,-4.80858695706151,14.75));
#2722=CARTESIAN_POINT('Ctrl Pts',(73.2095061106485,-4.80858695706151,14.7916666666667));
#2723=CARTESIAN_POINT('Ctrl Pts',(72.8193540034725,-5.48435022937049,14.8333333333333));
#2724=CARTESIAN_POINT('Ctrl Pts',(72.4292018962964,-6.16011350167948,14.875));
#2725=CARTESIAN_POINT('Ctrl Pts',(72.8193540034725,-6.83587677398846,14.9166666666667));
#2726=CARTESIAN_POINT('Ctrl Pts',(73.2095061106485,-7.51164004629744,14.9583333333333));
#2727=CARTESIAN_POINT('Ctrl Pts',(73.9898103250006,-7.51164004629744,15.));
#2728=CARTESIAN_POINT('Origin',(73.9898103250006,-6.16011350167948,-6.21874999999999));
#2729=CARTESIAN_POINT('',(73.9898103250006,-7.51164004629744,14.));
#2730=CARTESIAN_POINT('',(73.9898103250006,-7.51164004629744,14.0625));
#2731=CARTESIAN_POINT('',(73.9898103250006,-7.51164004629744,-6.21874999999999));
#2732=CARTESIAN_POINT('Ctrl Pts',(73.9898103250006,-7.51164004629744,14.0625));
#2733=CARTESIAN_POINT('Ctrl Pts',(74.7701145393527,-7.51164004629744,14.1041666666667));
#2734=CARTESIAN_POINT('Ctrl Pts',(75.1602666465288,-6.83587677398846,14.1458333333333));
#2735=CARTESIAN_POINT('Ctrl Pts',(75.5504187537049,-6.16011350167948,14.1875));
#2736=CARTESIAN_POINT('Ctrl Pts',(75.1602666465288,-5.4843502293705,14.2291666666667));
#2737=CARTESIAN_POINT('Ctrl Pts',(74.7701145393527,-4.80858695706151,14.2708333333333));
#2738=CARTESIAN_POINT('Ctrl Pts',(73.9898103250006,-4.80858695706151,14.3125));
#2739=CARTESIAN_POINT('Ctrl Pts',(73.2095061106485,-4.80858695706151,14.3541666666667));
#2740=CARTESIAN_POINT('Ctrl Pts',(72.8193540034725,-5.48435022937049,14.3958333333333));
#2741=CARTESIAN_POINT('Ctrl Pts',(72.4292018962964,-6.16011350167948,14.4375));
#2742=CARTESIAN_POINT('Ctrl Pts',(72.8193540034725,-6.83587677398846,14.4791666666667));
#2743=CARTESIAN_POINT('Ctrl Pts',(73.2095061106485,-7.51164004629744,14.5208333333333));
#2744=CARTESIAN_POINT('Ctrl Pts',(73.9898103250006,-7.51164004629744,14.5625));
#2745=CARTESIAN_POINT('Ctrl Pts',(73.9898103250006,-7.51164004629744,14.));
#2746=CARTESIAN_POINT('Ctrl Pts',(74.7701145393527,-7.51164004629744,14.0416666666667));
#2747=CARTESIAN_POINT('Ctrl Pts',(75.1602666465288,-6.83587677398846,14.0833333333333));
#2748=CARTESIAN_POINT('Ctrl Pts',(75.5504187537049,-6.16011350167948,14.125));
#2749=CARTESIAN_POINT('Ctrl Pts',(75.1602666465288,-5.4843502293705,14.1666666666667));
#2750=CARTESIAN_POINT('Ctrl Pts',(74.7701145393527,-4.80858695706151,14.2083333333333));
#2751=CARTESIAN_POINT('Ctrl Pts',(73.9898103250006,-4.80858695706151,14.25));
#2752=CARTESIAN_POINT('Ctrl Pts',(73.2095061106485,-4.80858695706151,14.2916666666667));
#2753=CARTESIAN_POINT('Ctrl Pts',(72.8193540034725,-5.48435022937049,14.3333333333333));
#2754=CARTESIAN_POINT('Ctrl Pts',(72.4292018962964,-6.16011350167948,14.375));
#2755=CARTESIAN_POINT('Ctrl Pts',(72.8193540034725,-6.83587677398846,14.4166666666667));
#2756=CARTESIAN_POINT('Ctrl Pts',(73.2095061106485,-7.51164004629744,14.4583333333333));
#2757=CARTESIAN_POINT('Ctrl Pts',(73.9898103250006,-7.51164004629744,14.5));
#2758=CARTESIAN_POINT('Origin',(73.9898103250006,-6.16011350167948,-6.21874999999999));
#2759=CARTESIAN_POINT('',(73.9898103250006,-7.51164004629744,13.5));
#2760=CARTESIAN_POINT('',(73.9898103250006,-7.51164004629744,13.5625));
#2761=CARTESIAN_POINT('',(73.9898103250006,-7.51164004629744,-6.21874999999999));
#2762=CARTESIAN_POINT('Ctrl Pts',(73.9898103250006,-7.51164004629744,13.5625));
#2763=CARTESIAN_POINT('Ctrl Pts',(74.7701145393527,-7.51164004629744,13.6041666666667));
#2764=CARTESIAN_POINT('Ctrl Pts',(75.1602666465288,-6.83587677398846,13.6458333333333));
#2765=CARTESIAN_POINT('Ctrl Pts',(75.5504187537049,-6.16011350167948,13.6875));
#2766=CARTESIAN_POINT('Ctrl Pts',(75.1602666465288,-5.4843502293705,13.7291666666667));
#2767=CARTESIAN_POINT('Ctrl Pts',(74.7701145393527,-4.80858695706151,13.7708333333333));
#2768=CARTESIAN_POINT('Ctrl Pts',(73.9898103250006,-4.80858695706151,13.8125));
#2769=CARTESIAN_POINT('Ctrl Pts',(73.2095061106485,-4.80858695706151,13.8541666666667));
#2770=CARTESIAN_POINT('Ctrl Pts',(72.8193540034725,-5.48435022937049,13.8958333333333));
#2771=CARTESIAN_POINT('Ctrl Pts',(72.4292018962964,-6.16011350167948,13.9375));
#2772=CARTESIAN_POINT('Ctrl Pts',(72.8193540034725,-6.83587677398846,13.9791666666667));
#2773=CARTESIAN_POINT('Ctrl Pts',(73.2095061106485,-7.51164004629744,14.0208333333333));
#2774=CARTESIAN_POINT('Ctrl Pts',(73.9898103250006,-7.51164004629744,14.0625));
#2775=CARTESIAN_POINT('Ctrl Pts',(73.9898103250006,-7.51164004629744,13.5));
#2776=CARTESIAN_POINT('Ctrl Pts',(74.7701145393527,-7.51164004629744,13.5416666666667));
#2777=CARTESIAN_POINT('Ctrl Pts',(75.1602666465288,-6.83587677398846,13.5833333333333));
#2778=CARTESIAN_POINT('Ctrl Pts',(75.5504187537049,-6.16011350167948,13.625));
#2779=CARTESIAN_POINT('Ctrl Pts',(75.1602666465288,-5.4843502293705,13.6666666666667));
#2780=CARTESIAN_POINT('Ctrl Pts',(74.7701145393527,-4.80858695706151,13.7083333333333));
#2781=CARTESIAN_POINT('Ctrl Pts',(73.9898103250006,-4.80858695706151,13.75));
#2782=CARTESIAN_POINT('Ctrl Pts',(73.2095061106485,-4.80858695706151,13.7916666666667));
#2783=CARTESIAN_POINT('Ctrl Pts',(72.8193540034725,-5.48435022937049,13.8333333333333));
#2784=CARTESIAN_POINT('Ctrl Pts',(72.4292018962964,-6.16011350167948,13.875));
#2785=CARTESIAN_POINT('Ctrl Pts',(72.8193540034725,-6.83587677398846,13.9166666666667));
#2786=CARTESIAN_POINT('Ctrl Pts',(73.2095061106485,-7.51164004629744,13.9583333333333));
#2787=CARTESIAN_POINT('Ctrl Pts',(73.9898103250006,-7.51164004629744,14.));
#2788=CARTESIAN_POINT('Origin',(73.9898103250006,-6.16011350167948,-6.21874999999999));
#2789=CARTESIAN_POINT('',(73.9898103250006,-7.51164004629744,13.));
#2790=CARTESIAN_POINT('',(73.9898103250006,-7.51164004629744,13.0625));
#2791=CARTESIAN_POINT('',(73.9898103250006,-7.51164004629744,-6.21874999999999));
#2792=CARTESIAN_POINT('Ctrl Pts',(73.9898103250006,-7.51164004629744,13.0625));
#2793=CARTESIAN_POINT('Ctrl Pts',(74.7701145393527,-7.51164004629744,13.1041666666667));
#2794=CARTESIAN_POINT('Ctrl Pts',(75.1602666465288,-6.83587677398846,13.1458333333333));
#2795=CARTESIAN_POINT('Ctrl Pts',(75.5504187537049,-6.16011350167948,13.1875));
#2796=CARTESIAN_POINT('Ctrl Pts',(75.1602666465288,-5.4843502293705,13.2291666666667));
#2797=CARTESIAN_POINT('Ctrl Pts',(74.7701145393527,-4.80858695706151,13.2708333333333));
#2798=CARTESIAN_POINT('Ctrl Pts',(73.9898103250006,-4.80858695706151,13.3125));
#2799=CARTESIAN_POINT('Ctrl Pts',(73.2095061106485,-4.80858695706151,13.3541666666667));
#2800=CARTESIAN_POINT('Ctrl Pts',(72.8193540034725,-5.48435022937049,13.3958333333333));
#2801=CARTESIAN_POINT('Ctrl Pts',(72.4292018962964,-6.16011350167948,13.4375));
#2802=CARTESIAN_POINT('Ctrl Pts',(72.8193540034725,-6.83587677398846,13.4791666666667));
#2803=CARTESIAN_POINT('Ctrl Pts',(73.2095061106485,-7.51164004629744,13.5208333333333));
#2804=CARTESIAN_POINT('Ctrl Pts',(73.9898103250006,-7.51164004629744,13.5625));
#2805=CARTESIAN_POINT('Ctrl Pts',(73.9898103250006,-7.51164004629744,13.));
#2806=CARTESIAN_POINT('Ctrl Pts',(74.7701145393527,-7.51164004629744,13.0416666666667));
#2807=CARTESIAN_POINT('Ctrl Pts',(75.1602666465288,-6.83587677398846,13.0833333333333));
#2808=CARTESIAN_POINT('Ctrl Pts',(75.5504187537049,-6.16011350167948,13.125));
#2809=CARTESIAN_POINT('Ctrl Pts',(75.1602666465288,-5.4843502293705,13.1666666666667));
#2810=CARTESIAN_POINT('Ctrl Pts',(74.7701145393527,-4.80858695706151,13.2083333333333));
#2811=CARTESIAN_POINT('Ctrl Pts',(73.9898103250006,-4.80858695706151,13.25));
#2812=CARTESIAN_POINT('Ctrl Pts',(73.2095061106485,-4.80858695706151,13.2916666666667));
#2813=CARTESIAN_POINT('Ctrl Pts',(72.8193540034725,-5.48435022937049,13.3333333333333));
#2814=CARTESIAN_POINT('Ctrl Pts',(72.4292018962964,-6.16011350167948,13.375));
#2815=CARTESIAN_POINT('Ctrl Pts',(72.8193540034725,-6.83587677398846,13.4166666666667));
#2816=CARTESIAN_POINT('Ctrl Pts',(73.2095061106485,-7.51164004629744,13.4583333333333));
#2817=CARTESIAN_POINT('Ctrl Pts',(73.9898103250006,-7.51164004629744,13.5));
#2818=CARTESIAN_POINT('Origin',(73.9898103250006,-6.16011350167948,-6.21874999999999));
#2819=CARTESIAN_POINT('',(73.9898103250006,-7.51164004629744,12.5));
#2820=CARTESIAN_POINT('',(73.9898103250006,-7.51164004629744,12.5625));
#2821=CARTESIAN_POINT('',(73.9898103250006,-7.51164004629744,-6.21874999999999));
#2822=CARTESIAN_POINT('Ctrl Pts',(73.9898103250006,-7.51164004629744,12.5625));
#2823=CARTESIAN_POINT('Ctrl Pts',(74.7701145393527,-7.51164004629744,12.6041666666667));
#2824=CARTESIAN_POINT('Ctrl Pts',(75.1602666465288,-6.83587677398846,12.6458333333333));
#2825=CARTESIAN_POINT('Ctrl Pts',(75.5504187537049,-6.16011350167948,12.6875));
#2826=CARTESIAN_POINT('Ctrl Pts',(75.1602666465288,-5.4843502293705,12.7291666666667));
#2827=CARTESIAN_POINT('Ctrl Pts',(74.7701145393527,-4.80858695706151,12.7708333333333));
#2828=CARTESIAN_POINT('Ctrl Pts',(73.9898103250006,-4.80858695706151,12.8125));
#2829=CARTESIAN_POINT('Ctrl Pts',(73.2095061106485,-4.80858695706151,12.8541666666667));
#2830=CARTESIAN_POINT('Ctrl Pts',(72.8193540034725,-5.48435022937049,12.8958333333333));
#2831=CARTESIAN_POINT('Ctrl Pts',(72.4292018962964,-6.16011350167948,12.9375));
#2832=CARTESIAN_POINT('Ctrl Pts',(72.8193540034725,-6.83587677398846,12.9791666666667));
#2833=CARTESIAN_POINT('Ctrl Pts',(73.2095061106485,-7.51164004629744,13.0208333333333));
#2834=CARTESIAN_POINT('Ctrl Pts',(73.9898103250006,-7.51164004629744,13.0625));
#2835=CARTESIAN_POINT('Ctrl Pts',(73.9898103250006,-7.51164004629744,12.5));
#2836=CARTESIAN_POINT('Ctrl Pts',(74.7701145393527,-7.51164004629744,12.5416666666667));
#2837=CARTESIAN_POINT('Ctrl Pts',(75.1602666465288,-6.83587677398846,12.5833333333333));
#2838=CARTESIAN_POINT('Ctrl Pts',(75.5504187537049,-6.16011350167948,12.625));
#2839=CARTESIAN_POINT('Ctrl Pts',(75.1602666465288,-5.4843502293705,12.6666666666667));
#2840=CARTESIAN_POINT('Ctrl Pts',(74.7701145393527,-4.80858695706151,12.7083333333333));
#2841=CARTESIAN_POINT('Ctrl Pts',(73.9898103250006,-4.80858695706151,12.75));
#2842=CARTESIAN_POINT('Ctrl Pts',(73.2095061106485,-4.80858695706151,12.7916666666667));
#2843=CARTESIAN_POINT('Ctrl Pts',(72.8193540034725,-5.48435022937049,12.8333333333333));
#2844=CARTESIAN_POINT('Ctrl Pts',(72.4292018962964,-6.16011350167948,12.875));
#2845=CARTESIAN_POINT('Ctrl Pts',(72.8193540034725,-6.83587677398846,12.9166666666667));
#2846=CARTESIAN_POINT('Ctrl Pts',(73.2095061106485,-7.51164004629744,12.9583333333333));
#2847=CARTESIAN_POINT('Ctrl Pts',(73.9898103250006,-7.51164004629744,13.));
#2848=CARTESIAN_POINT('Origin',(73.9898103250006,-6.16011350167948,-6.21874999999999));
#2849=CARTESIAN_POINT('',(73.9898103250006,-7.51164004629744,12.));
#2850=CARTESIAN_POINT('',(73.9898103250006,-7.51164004629744,12.0625));
#2851=CARTESIAN_POINT('',(73.9898103250006,-7.51164004629744,-6.21874999999999));
#2852=CARTESIAN_POINT('Ctrl Pts',(73.9898103250006,-7.51164004629744,12.0625));
#2853=CARTESIAN_POINT('Ctrl Pts',(74.7701145393527,-7.51164004629744,12.1041666666667));
#2854=CARTESIAN_POINT('Ctrl Pts',(75.1602666465288,-6.83587677398846,12.1458333333333));
#2855=CARTESIAN_POINT('Ctrl Pts',(75.5504187537049,-6.16011350167948,12.1875));
#2856=CARTESIAN_POINT('Ctrl Pts',(75.1602666465288,-5.4843502293705,12.2291666666667));
#2857=CARTESIAN_POINT('Ctrl Pts',(74.7701145393527,-4.80858695706151,12.2708333333333));
#2858=CARTESIAN_POINT('Ctrl Pts',(73.9898103250006,-4.80858695706151,12.3125));
#2859=CARTESIAN_POINT('Ctrl Pts',(73.2095061106485,-4.80858695706151,12.3541666666667));
#2860=CARTESIAN_POINT('Ctrl Pts',(72.8193540034725,-5.48435022937049,12.3958333333333));
#2861=CARTESIAN_POINT('Ctrl Pts',(72.4292018962964,-6.16011350167948,12.4375));
#2862=CARTESIAN_POINT('Ctrl Pts',(72.8193540034725,-6.83587677398846,12.4791666666667));
#2863=CARTESIAN_POINT('Ctrl Pts',(73.2095061106485,-7.51164004629744,12.5208333333333));
#2864=CARTESIAN_POINT('Ctrl Pts',(73.9898103250006,-7.51164004629744,12.5625));
#2865=CARTESIAN_POINT('Ctrl Pts',(73.9898103250006,-7.51164004629744,12.));
#2866=CARTESIAN_POINT('Ctrl Pts',(74.7701145393527,-7.51164004629744,12.0416666666667));
#2867=CARTESIAN_POINT('Ctrl Pts',(75.1602666465288,-6.83587677398846,12.0833333333333));
#2868=CARTESIAN_POINT('Ctrl Pts',(75.5504187537049,-6.16011350167948,12.125));
#2869=CARTESIAN_POINT('Ctrl Pts',(75.1602666465288,-5.4843502293705,12.1666666666667));
#2870=CARTESIAN_POINT('Ctrl Pts',(74.7701145393527,-4.80858695706151,12.2083333333333));
#2871=CARTESIAN_POINT('Ctrl Pts',(73.9898103250006,-4.80858695706151,12.25));
#2872=CARTESIAN_POINT('Ctrl Pts',(73.2095061106485,-4.80858695706151,12.2916666666667));
#2873=CARTESIAN_POINT('Ctrl Pts',(72.8193540034725,-5.48435022937049,12.3333333333333));
#2874=CARTESIAN_POINT('Ctrl Pts',(72.4292018962964,-6.16011350167948,12.375));
#2875=CARTESIAN_POINT('Ctrl Pts',(72.8193540034725,-6.83587677398846,12.4166666666667));
#2876=CARTESIAN_POINT('Ctrl Pts',(73.2095061106485,-7.51164004629744,12.4583333333333));
#2877=CARTESIAN_POINT('Ctrl Pts',(73.9898103250006,-7.51164004629744,12.5));
#2878=CARTESIAN_POINT('Origin',(73.9898103250006,-6.16011350167948,-6.21874999999999));
#2879=CARTESIAN_POINT('',(73.9898103250006,-7.51164004629744,11.5));
#2880=CARTESIAN_POINT('',(73.9898103250006,-7.51164004629744,11.5625));
#2881=CARTESIAN_POINT('',(73.9898103250006,-7.51164004629744,-6.21874999999999));
#2882=CARTESIAN_POINT('Ctrl Pts',(73.9898103250006,-7.51164004629744,11.5625));
#2883=CARTESIAN_POINT('Ctrl Pts',(74.7701145393527,-7.51164004629744,11.6041666666667));
#2884=CARTESIAN_POINT('Ctrl Pts',(75.1602666465288,-6.83587677398846,11.6458333333333));
#2885=CARTESIAN_POINT('Ctrl Pts',(75.5504187537049,-6.16011350167948,11.6875));
#2886=CARTESIAN_POINT('Ctrl Pts',(75.1602666465288,-5.4843502293705,11.7291666666667));
#2887=CARTESIAN_POINT('Ctrl Pts',(74.7701145393527,-4.80858695706151,11.7708333333333));
#2888=CARTESIAN_POINT('Ctrl Pts',(73.9898103250006,-4.80858695706151,11.8125));
#2889=CARTESIAN_POINT('Ctrl Pts',(73.2095061106485,-4.80858695706151,11.8541666666667));
#2890=CARTESIAN_POINT('Ctrl Pts',(72.8193540034725,-5.48435022937049,11.8958333333333));
#2891=CARTESIAN_POINT('Ctrl Pts',(72.4292018962964,-6.16011350167948,11.9375));
#2892=CARTESIAN_POINT('Ctrl Pts',(72.8193540034725,-6.83587677398846,11.9791666666667));
#2893=CARTESIAN_POINT('Ctrl Pts',(73.2095061106485,-7.51164004629744,12.0208333333333));
#2894=CARTESIAN_POINT('Ctrl Pts',(73.9898103250006,-7.51164004629744,12.0625));
#2895=CARTESIAN_POINT('Ctrl Pts',(73.9898103250006,-7.51164004629744,11.5));
#2896=CARTESIAN_POINT('Ctrl Pts',(74.7701145393527,-7.51164004629744,11.5416666666667));
#2897=CARTESIAN_POINT('Ctrl Pts',(75.1602666465288,-6.83587677398846,11.5833333333333));
#2898=CARTESIAN_POINT('Ctrl Pts',(75.5504187537049,-6.16011350167948,11.625));
#2899=CARTESIAN_POINT('Ctrl Pts',(75.1602666465288,-5.4843502293705,11.6666666666667));
#2900=CARTESIAN_POINT('Ctrl Pts',(74.7701145393527,-4.80858695706151,11.7083333333333));
#2901=CARTESIAN_POINT('Ctrl Pts',(73.9898103250006,-4.80858695706151,11.75));
#2902=CARTESIAN_POINT('Ctrl Pts',(73.2095061106485,-4.80858695706151,11.7916666666667));
#2903=CARTESIAN_POINT('Ctrl Pts',(72.8193540034725,-5.48435022937049,11.8333333333333));
#2904=CARTESIAN_POINT('Ctrl Pts',(72.4292018962964,-6.16011350167948,11.875));
#2905=CARTESIAN_POINT('Ctrl Pts',(72.8193540034725,-6.83587677398846,11.9166666666667));
#2906=CARTESIAN_POINT('Ctrl Pts',(73.2095061106485,-7.51164004629744,11.9583333333333));
#2907=CARTESIAN_POINT('Ctrl Pts',(73.9898103250006,-7.51164004629744,12.));
#2908=CARTESIAN_POINT('Origin',(73.9898103250006,-6.16011350167948,-6.21874999999999));
#2909=CARTESIAN_POINT('',(73.9898103250006,-7.51164004629744,11.));
#2910=CARTESIAN_POINT('',(73.9898103250006,-7.51164004629744,11.0625));
#2911=CARTESIAN_POINT('',(73.9898103250006,-7.51164004629744,-6.21874999999999));
#2912=CARTESIAN_POINT('Ctrl Pts',(73.9898103250006,-7.51164004629744,11.0625));
#2913=CARTESIAN_POINT('Ctrl Pts',(74.7701145393527,-7.51164004629744,11.1041666666667));
#2914=CARTESIAN_POINT('Ctrl Pts',(75.1602666465288,-6.83587677398846,11.1458333333333));
#2915=CARTESIAN_POINT('Ctrl Pts',(75.5504187537049,-6.16011350167948,11.1875));
#2916=CARTESIAN_POINT('Ctrl Pts',(75.1602666465288,-5.4843502293705,11.2291666666667));
#2917=CARTESIAN_POINT('Ctrl Pts',(74.7701145393527,-4.80858695706151,11.2708333333333));
#2918=CARTESIAN_POINT('Ctrl Pts',(73.9898103250006,-4.80858695706151,11.3125));
#2919=CARTESIAN_POINT('Ctrl Pts',(73.2095061106485,-4.80858695706151,11.3541666666667));
#2920=CARTESIAN_POINT('Ctrl Pts',(72.8193540034725,-5.48435022937049,11.3958333333333));
#2921=CARTESIAN_POINT('Ctrl Pts',(72.4292018962964,-6.16011350167948,11.4375));
#2922=CARTESIAN_POINT('Ctrl Pts',(72.8193540034725,-6.83587677398846,11.4791666666667));
#2923=CARTESIAN_POINT('Ctrl Pts',(73.2095061106485,-7.51164004629744,11.5208333333333));
#2924=CARTESIAN_POINT('Ctrl Pts',(73.9898103250006,-7.51164004629744,11.5625));
#2925=CARTESIAN_POINT('Ctrl Pts',(73.9898103250006,-7.51164004629744,11.));
#2926=CARTESIAN_POINT('Ctrl Pts',(74.7701145393527,-7.51164004629744,11.0416666666667));
#2927=CARTESIAN_POINT('Ctrl Pts',(75.1602666465288,-6.83587677398846,11.0833333333333));
#2928=CARTESIAN_POINT('Ctrl Pts',(75.5504187537049,-6.16011350167948,11.125));
#2929=CARTESIAN_POINT('Ctrl Pts',(75.1602666465288,-5.4843502293705,11.1666666666667));
#2930=CARTESIAN_POINT('Ctrl Pts',(74.7701145393527,-4.80858695706151,11.2083333333333));
#2931=CARTESIAN_POINT('Ctrl Pts',(73.9898103250006,-4.80858695706151,11.25));
#2932=CARTESIAN_POINT('Ctrl Pts',(73.2095061106485,-4.80858695706151,11.2916666666667));
#2933=CARTESIAN_POINT('Ctrl Pts',(72.8193540034725,-5.48435022937049,11.3333333333333));
#2934=CARTESIAN_POINT('Ctrl Pts',(72.4292018962964,-6.16011350167948,11.375));
#2935=CARTESIAN_POINT('Ctrl Pts',(72.8193540034725,-6.83587677398846,11.4166666666667));
#2936=CARTESIAN_POINT('Ctrl Pts',(73.2095061106485,-7.51164004629744,11.4583333333333));
#2937=CARTESIAN_POINT('Ctrl Pts',(73.9898103250006,-7.51164004629744,11.5));
#2938=CARTESIAN_POINT('Origin',(73.9898103250006,-6.16011350167948,-6.21874999999999));
#2939=CARTESIAN_POINT('',(73.9898103250006,-7.51164004629744,10.5));
#2940=CARTESIAN_POINT('',(73.9898103250006,-7.51164004629744,10.5625));
#2941=CARTESIAN_POINT('',(73.9898103250006,-7.51164004629744,-6.21874999999999));
#2942=CARTESIAN_POINT('Ctrl Pts',(73.9898103250006,-7.51164004629744,10.5625));
#2943=CARTESIAN_POINT('Ctrl Pts',(74.7701145393527,-7.51164004629744,10.6041666666667));
#2944=CARTESIAN_POINT('Ctrl Pts',(75.1602666465288,-6.83587677398846,10.6458333333333));
#2945=CARTESIAN_POINT('Ctrl Pts',(75.5504187537049,-6.16011350167948,10.6875));
#2946=CARTESIAN_POINT('Ctrl Pts',(75.1602666465288,-5.4843502293705,10.7291666666667));
#2947=CARTESIAN_POINT('Ctrl Pts',(74.7701145393527,-4.80858695706151,10.7708333333333));
#2948=CARTESIAN_POINT('Ctrl Pts',(73.9898103250006,-4.80858695706151,10.8125));
#2949=CARTESIAN_POINT('Ctrl Pts',(73.2095061106485,-4.80858695706151,10.8541666666667));
#2950=CARTESIAN_POINT('Ctrl Pts',(72.8193540034725,-5.48435022937049,10.8958333333333));
#2951=CARTESIAN_POINT('Ctrl Pts',(72.4292018962964,-6.16011350167948,10.9375));
#2952=CARTESIAN_POINT('Ctrl Pts',(72.8193540034725,-6.83587677398846,10.9791666666667));
#2953=CARTESIAN_POINT('Ctrl Pts',(73.2095061106485,-7.51164004629744,11.0208333333333));
#2954=CARTESIAN_POINT('Ctrl Pts',(73.9898103250006,-7.51164004629744,11.0625));
#2955=CARTESIAN_POINT('Ctrl Pts',(73.9898103250006,-7.51164004629744,10.5));
#2956=CARTESIAN_POINT('Ctrl Pts',(74.7701145393527,-7.51164004629744,10.5416666666667));
#2957=CARTESIAN_POINT('Ctrl Pts',(75.1602666465288,-6.83587677398846,10.5833333333333));
#2958=CARTESIAN_POINT('Ctrl Pts',(75.5504187537049,-6.16011350167948,10.625));
#2959=CARTESIAN_POINT('Ctrl Pts',(75.1602666465288,-5.4843502293705,10.6666666666667));
#2960=CARTESIAN_POINT('Ctrl Pts',(74.7701145393527,-4.80858695706151,10.7083333333333));
#2961=CARTESIAN_POINT('Ctrl Pts',(73.9898103250006,-4.80858695706151,10.75));
#2962=CARTESIAN_POINT('Ctrl Pts',(73.2095061106485,-4.80858695706151,10.7916666666667));
#2963=CARTESIAN_POINT('Ctrl Pts',(72.8193540034725,-5.48435022937049,10.8333333333333));
#2964=CARTESIAN_POINT('Ctrl Pts',(72.4292018962964,-6.16011350167948,10.875));
#2965=CARTESIAN_POINT('Ctrl Pts',(72.8193540034725,-6.83587677398846,10.9166666666667));
#2966=CARTESIAN_POINT('Ctrl Pts',(73.2095061106485,-7.51164004629744,10.9583333333333));
#2967=CARTESIAN_POINT('Ctrl Pts',(73.9898103250006,-7.51164004629744,11.));
#2968=CARTESIAN_POINT('Origin',(73.9898103250006,-6.16011350167948,-6.21874999999999));
#2969=CARTESIAN_POINT('',(73.9898103250006,-7.51164004629744,10.));
#2970=CARTESIAN_POINT('',(73.9898103250006,-7.51164004629744,10.0625));
#2971=CARTESIAN_POINT('',(73.9898103250006,-7.51164004629744,-6.21874999999999));
#2972=CARTESIAN_POINT('',(73.0428912697107,-7.12446214378762,10.));
#2973=CARTESIAN_POINT('Origin',(73.9898103250006,-6.16011350167948,10.));
#2974=CARTESIAN_POINT('Ctrl Pts',(73.0428912697107,-7.12446214378762,10.));
#2975=CARTESIAN_POINT('Ctrl Pts',(73.4371958118506,-7.51164004629743,10.0329915028125));
#2976=CARTESIAN_POINT('Ctrl Pts',(73.9898103250006,-7.51164004629744,10.0625));
#2977=CARTESIAN_POINT('Origin',(-33.25,-6.00000000000002,-6.));
#2978=CARTESIAN_POINT('',(-33.25,-7.72500000000002,14.75));
#2979=CARTESIAN_POINT('',(-33.25,-7.72500000000002,14.8125));
#2980=CARTESIAN_POINT('',(-33.25,-7.72500000000002,-6.));
#2981=CARTESIAN_POINT('',(-32.0414145420804,-4.76916849613558,15.0000000010321));
#2982=CARTESIAN_POINT('Ctrl Pts',(-32.041414542046,-4.76916849616933,15.000000002062));
#2983=CARTESIAN_POINT('Ctrl Pts',(-31.9304173007004,-4.87815957362041,14.9927235784156));
#2984=CARTESIAN_POINT('Ctrl Pts',(-31.8342475441797,-5.00215518442115,14.9857050635545));
#2985=CARTESIAN_POINT('Ctrl Pts',(-31.7561061784718,-5.13750000000002,14.9791666666667));
#2986=CARTESIAN_POINT('Ctrl Pts',(-31.4542995850267,-5.66024435390627,14.9539133162364));
#2987=CARTESIAN_POINT('Ctrl Pts',(-31.4551519053043,-6.34123190811883,14.9210153667575));
#2988=CARTESIAN_POINT('Ctrl Pts',(-31.7561061784718,-6.8625,14.8958333333333));
#2989=CARTESIAN_POINT('Ctrl Pts',(-32.0569863566353,-7.3836397555695,14.8706574997309));
#2990=CARTESIAN_POINT('Ctrl Pts',(-32.6486724790871,-7.72500000000002,14.8376577250776));
#2991=CARTESIAN_POINT('Ctrl Pts',(-33.25,-7.72500000000002,14.8125));
#2992=CARTESIAN_POINT('',(-33.25,-4.27500000000002,15.));
#2993=CARTESIAN_POINT('Origin',(-33.25,-6.00000000000002,15.));
#2994=CARTESIAN_POINT('Ctrl Pts',(-33.2499999999999,-7.72500000000002,14.75));
#2995=CARTESIAN_POINT('Ctrl Pts',(-32.6482701508169,-7.72500000000002,14.7751745572758));
#2996=CARTESIAN_POINT('Ctrl Pts',(-32.058229801696,-7.385793465591,14.8080534557686));
#2997=CARTESIAN_POINT('Ctrl Pts',(-31.7561061784718,-6.86250000000002,14.8333333333333));
#2998=CARTESIAN_POINT('Ctrl Pts',(-31.4542684385755,-6.33970169885784,14.8585892899102));
#2999=CARTESIAN_POINT('Ctrl Pts',(-31.4552121583699,-5.65866373051014,14.8914896748546));
#3000=CARTESIAN_POINT('Ctrl Pts',(-31.7561061784718,-5.13750000000003,14.9166666666667));
#3001=CARTESIAN_POINT('Ctrl Pts',(-32.0569376244985,-4.61644465096735,14.9418384226586));
#3002=CARTESIAN_POINT('Ctrl Pts',(-32.648585627997,-4.27500000000002,14.9748386413355));
#3003=CARTESIAN_POINT('Ctrl Pts',(-33.25,-4.27500000000002,15.));
#3004=CARTESIAN_POINT('Origin',(-33.25,-6.00000000000002,-6.));
#3005=CARTESIAN_POINT('',(-33.25,-7.72500000000002,14.25));
#3006=CARTESIAN_POINT('',(-33.25,-7.72500000000002,14.3125));
#3007=CARTESIAN_POINT('',(-33.25,-7.72500000000002,-6.));
#3008=CARTESIAN_POINT('Ctrl Pts',(-33.25,-7.72500000000002,14.8125));
#3009=CARTESIAN_POINT('Ctrl Pts',(-33.8513359656186,-7.72500000000001,14.7873419216215));
#3010=CARTESIAN_POINT('Ctrl Pts',(-34.4422760127264,-7.38491736931229,14.7544042207397));
#3011=CARTESIAN_POINT('Ctrl Pts',(-34.7438938215281,-6.86250000000002,14.7291666666667));
#3012=CARTESIAN_POINT('Ctrl Pts',(-35.0454039727598,-6.34026909906897,14.703938120728));
#3013=CARTESIAN_POINT('Ctrl Pts',(-35.0450270181838,-5.65907799645328,14.6710303379929));
#3014=CARTESIAN_POINT('Ctrl Pts',(-34.7438938215281,-5.13750000000001,14.6458333333333));
#3015=CARTESIAN_POINT('Ctrl Pts',(-34.4428016623701,-4.61599308257763,14.6206397624434));
#3016=CARTESIAN_POINT('Ctrl Pts',(-33.851236387434,-4.27500000000002,14.5876539123284));
#3017=CARTESIAN_POINT('Ctrl Pts',(-33.25,-4.27500000000002,14.5625));
#3018=CARTESIAN_POINT('Ctrl Pts',(-32.6487653688929,-4.27500000000002,14.537346161151));
#3019=CARTESIAN_POINT('Ctrl Pts',(-32.057408539904,-4.61562900155908,14.5043778260116));
#3020=CARTESIAN_POINT('Ctrl Pts',(-31.7561061784718,-5.13750000000002,14.4791666666667));
#3021=CARTESIAN_POINT('Ctrl Pts',(-31.4548305453693,-5.65932470361605,14.4539577437867));
#3022=CARTESIAN_POINT('Ctrl Pts',(-31.4547615175822,-6.34055573674959,14.4210480320411));
#3023=CARTESIAN_POINT('Ctrl Pts',(-31.7561061784718,-6.86249999999999,14.3958333333333));
#3024=CARTESIAN_POINT('Ctrl Pts',(-32.0574878569719,-7.38450837963258,14.3706155372158));
#3025=CARTESIAN_POINT('Ctrl Pts',(-32.6487284503827,-7.72500000000004,14.3376553834078));
#3026=CARTESIAN_POINT('Ctrl Pts',(-33.25,-7.72500000000002,14.3125));
#3027=CARTESIAN_POINT('Ctrl Pts',(-33.25,-7.72500000000002,14.25));
#3028=CARTESIAN_POINT('Ctrl Pts',(-32.6473911441346,-7.72500000000002,14.2752113322572));
#3029=CARTESIAN_POINT('Ctrl Pts',(-32.0574222943688,-7.38439482187297,14.3081210230979));
#3030=CARTESIAN_POINT('Ctrl Pts',(-31.7561061784718,-6.8625,14.3333333333333));
#3031=CARTESIAN_POINT('Ctrl Pts',(-31.4547506299281,-6.34053687877956,14.3585489430541));
#3032=CARTESIAN_POINT('Ctrl Pts',(-31.455484394219,-5.65819220418801,14.391512453904));
#3033=CARTESIAN_POINT('Ctrl Pts',(-31.7561061784718,-5.13750000000002,14.4166666666667));
#3034=CARTESIAN_POINT('Ctrl Pts',(-32.0567277983285,-4.61680808055455,14.4418208656737));
#3035=CARTESIAN_POINT('Ctrl Pts',(-32.6479016929561,-4.27500000000002,14.4748100275616));
#3036=CARTESIAN_POINT('Ctrl Pts',(-33.25,-4.27500000000002,14.5));
#3037=CARTESIAN_POINT('Ctrl Pts',(-33.8522013273734,-4.27500000000002,14.5251942824975));
#3038=CARTESIAN_POINT('Ctrl Pts',(-34.4423418372437,-4.61519664209614,14.5581012870578));
#3039=CARTESIAN_POINT('Ctrl Pts',(-34.7438938215282,-5.13750000000005,14.5833333333333));
#3040=CARTESIAN_POINT('Ctrl Pts',(-35.0455697056551,-5.66001795872609,14.6085757467984));
#3041=CARTESIAN_POINT('Ctrl Pts',(-35.0445763575809,-6.34170257060801,14.6415073705608));
#3042=CARTESIAN_POINT('Ctrl Pts',(-34.7438938215281,-6.86250000000002,14.6666666666667));
#3043=CARTESIAN_POINT('Ctrl Pts',(-34.4432161179478,-7.38328905930424,14.6918255584205));
#3044=CARTESIAN_POINT('Ctrl Pts',(-33.8517014048063,-7.72500000000002,14.724826632751));
#3045=CARTESIAN_POINT('Ctrl Pts',(-33.2499999999999,-7.72500000000002,14.75));
#3046=CARTESIAN_POINT('Origin',(-33.25,-6.00000000000002,-6.));
#3047=CARTESIAN_POINT('',(-33.25,-7.72500000000002,13.75));
#3048=CARTESIAN_POINT('',(-33.25,-7.72500000000002,13.8125));
#3049=CARTESIAN_POINT('',(-33.25,-7.72500000000002,-6.));
#3050=CARTESIAN_POINT('Ctrl Pts',(-33.2500000000001,-7.72500000000002,14.3125));
#3051=CARTESIAN_POINT('Ctrl Pts',(-33.851258049255,-7.72499999999999,14.2873451814065));
#3052=CARTESIAN_POINT('Ctrl Pts',(-34.4428627381775,-7.38390113102075,14.2543551271025));
#3053=CARTESIAN_POINT('Ctrl Pts',(-34.7438938215281,-6.86250000000002,14.2291666666667));
#3054=CARTESIAN_POINT('Ctrl Pts',(-35.0449553466188,-6.34104614233889,14.2039756590502));
#3055=CARTESIAN_POINT('Ctrl Pts',(-35.0454832825935,-5.65986826959255,14.1710685154393));
#3056=CARTESIAN_POINT('Ctrl Pts',(-34.7438938215282,-5.13750000000003,14.1458333333333));
#3057=CARTESIAN_POINT('Ctrl Pts',(-34.4421555453355,-4.61487397504607,14.1205856992776));
#3058=CARTESIAN_POINT('Ctrl Pts',(-33.8514431306788,-4.27500000000002,14.0876625618406));
#3059=CARTESIAN_POINT('Ctrl Pts',(-33.25,-4.27500000000002,14.0625));
#3060=CARTESIAN_POINT('Ctrl Pts',(-32.6485776234381,-4.27500000000002,14.0373383064489));
#3061=CARTESIAN_POINT('Ctrl Pts',(-32.0569318802207,-4.61645460034847,14.0043379420122));
#3062=CARTESIAN_POINT('Ctrl Pts',(-31.7561061784718,-5.13750000000002,13.9791666666667));
#3063=CARTESIAN_POINT('Ctrl Pts',(-31.4552791772998,-5.6585476503185,13.9539952825933));
#3064=CARTESIAN_POINT('Ctrl Pts',(-31.4539902581883,-6.33921987629346,13.9211125663626));
#3065=CARTESIAN_POINT('Ctrl Pts',(-31.7561061784718,-6.86250000000002,13.8958333333333));
#3066=CARTESIAN_POINT('Ctrl Pts',(-32.057948521614,-7.38530627419788,13.8705769915846));
#3067=CARTESIAN_POINT('Ctrl Pts',(-32.6481311260227,-7.72500000000001,13.8376803736527));
#3068=CARTESIAN_POINT('Ctrl Pts',(-33.25,-7.72500000000002,13.8125));
#3069=CARTESIAN_POINT('Ctrl Pts',(-33.25,-7.72500000000002,13.75));
#3070=CARTESIAN_POINT('Ctrl Pts',(-32.6463976379841,-7.72500000000002,13.7752528975502));
#3071=CARTESIAN_POINT('Ctrl Pts',(-32.0570218126939,-7.38370116726439,13.8081545329824));
#3072=CARTESIAN_POINT('Ctrl Pts',(-31.7561061784718,-6.86250000000005,13.8333333333333));
#3073=CARTESIAN_POINT('Ctrl Pts',(-31.4552496445692,-6.34140119749167,13.858507188527));
#3074=CARTESIAN_POINT('Ctrl Pts',(-31.4554149068359,-5.65831255986595,13.89150663962));
#3075=CARTESIAN_POINT('Ctrl Pts',(-31.7561061784718,-5.13750000000002,13.9166666666667));
#3076=CARTESIAN_POINT('Ctrl Pts',(-32.0568075256761,-4.61666998873773,13.941827536776));
#3077=CARTESIAN_POINT('Ctrl Pts',(-32.6466569208993,-4.27500000000002,13.9747579500629));
#3078=CARTESIAN_POINT('Ctrl Pts',(-33.25,-4.27500000000002,14.));
#3079=CARTESIAN_POINT('Ctrl Pts',(-33.853089622007,-4.27500000000002,14.0252314460588));
#3080=CARTESIAN_POINT('Ctrl Pts',(-34.4427970225213,-4.61598504612368,14.0581393742089));
#3081=CARTESIAN_POINT('Ctrl Pts',(-34.7438938215282,-5.13750000000007,14.0833333333333));
#3082=CARTESIAN_POINT('Ctrl Pts',(-35.0449683520475,-5.65897638372459,14.1085254291654));
#3083=CARTESIAN_POINT('Ctrl Pts',(-35.0445163089587,-6.34180657787259,14.1415123950663));
#3084=CARTESIAN_POINT('Ctrl Pts',(-34.7438938215281,-6.86250000000002,14.1666666666667));
#3085=CARTESIAN_POINT('Ctrl Pts',(-34.4432655609949,-7.38320342143467,14.1918214213253));
#3086=CARTESIAN_POINT('Ctrl Pts',(-33.852650412117,-7.72500000000002,14.2247869291549));
#3087=CARTESIAN_POINT('Ctrl Pts',(-33.25,-7.72500000000002,14.25));
#3088=CARTESIAN_POINT('Origin',(-33.25,-6.00000000000002,-6.));
#3089=CARTESIAN_POINT('',(-33.25,-7.72500000000002,13.25));
#3090=CARTESIAN_POINT('',(-33.25,-7.72500000000002,13.3125));
#3091=CARTESIAN_POINT('',(-33.25,-7.72500000000002,-6.));
#3092=CARTESIAN_POINT('Ctrl Pts',(-33.25,-7.72500000000002,13.8125));
#3093=CARTESIAN_POINT('Ctrl Pts',(-33.8517134168947,-7.72500000000002,13.7873261302015));
#3094=CARTESIAN_POINT('Ctrl Pts',(-34.4432191745072,-7.38328376518816,13.7543253026661));
#3095=CARTESIAN_POINT('Ctrl Pts',(-34.7438938215281,-6.86250000000002,13.7291666666667));
#3096=CARTESIAN_POINT('Ctrl Pts',(-35.0445731818369,-6.34170807115797,13.7040076362878));
#3097=CARTESIAN_POINT('Ctrl Pts',(-35.0455574667408,-5.65999676030484,13.67107472272));
#3098=CARTESIAN_POINT('Ctrl Pts',(-34.7438938215281,-5.13750000000002,13.6458333333333));
#3099=CARTESIAN_POINT('Ctrl Pts',(-34.4423506217038,-4.61521185722728,13.6206020220883));
#3100=CARTESIAN_POINT('Ctrl Pts',(-33.8522147417184,-4.27500000000002,13.5876948437131));
#3101=CARTESIAN_POINT('Ctrl Pts',(-33.25,-4.27500000000002,13.5625));
#3102=CARTESIAN_POINT('Ctrl Pts',(-32.6478840218501,-4.27500000000002,13.5373092882559));
#3103=CARTESIAN_POINT('Ctrl Pts',(-32.0567269024409,-4.61680963227739,13.5043207907112));
#3104=CARTESIAN_POINT('Ctrl Pts',(-31.7561061784718,-5.13750000000008,13.4791666666667));
#3105=CARTESIAN_POINT('Ctrl Pts',(-31.4554855063015,-5.65819027800466,13.4540125469563));
#3106=CARTESIAN_POINT('Ctrl Pts',(-31.45476191257,-6.34055642088855,13.4210479989909));
#3107=CARTESIAN_POINT('Ctrl Pts',(-31.7561061784718,-6.86250000000002,13.3958333333333));
#3108=CARTESIAN_POINT('Ctrl Pts',(-32.0574137411236,-7.38438000721763,13.3706217387818));
#3109=CARTESIAN_POINT('Ctrl Pts',(-32.647374420076,-7.72500000000001,13.3377120319413));
#3110=CARTESIAN_POINT('Ctrl Pts',(-33.25,-7.72500000000002,13.3125));
#3111=CARTESIAN_POINT('Ctrl Pts',(-33.25,-7.72500000000002,13.25));
#3112=CARTESIAN_POINT('Ctrl Pts',(-32.647206210547,-7.72500000000002,13.2752190693193));
#3113=CARTESIAN_POINT('Ctrl Pts',(-32.056732744945,-7.38320048723645,13.3081787204234));
#3114=CARTESIAN_POINT('Ctrl Pts',(-31.7561061784719,-6.86250000000007,13.3333333333333));
#3115=CARTESIAN_POINT('Ctrl Pts',(-31.4554805433434,-6.34180112590001,13.358487868314));
#3116=CARTESIAN_POINT('Ctrl Pts',(-31.4550881580939,-5.65887850528847,13.3914792992614));
#3117=CARTESIAN_POINT('Ctrl Pts',(-31.7561061784718,-5.13750000000002,13.4166666666667));
#3118=CARTESIAN_POINT('Ctrl Pts',(-32.0571738346452,-4.61603552299198,13.4418581872951));
#3119=CARTESIAN_POINT('Ctrl Pts',(-32.6467526851568,-4.27500000000002,13.4747619565498));
#3120=CARTESIAN_POINT('Ctrl Pts',(-33.25,-4.27500000000002,13.5));
#3121=CARTESIAN_POINT('Ctrl Pts',(-33.8535738969022,-4.27500000000002,13.525251706656));
#3122=CARTESIAN_POINT('Ctrl Pts',(-34.4431814531506,-4.61665089950572,13.5581715410389));
#3123=CARTESIAN_POINT('Ctrl Pts',(-34.7438938215281,-5.1375,13.5833333333333));
#3124=CARTESIAN_POINT('Ctrl Pts',(-35.0446068767767,-5.65835029018985,13.608495183101));
#3125=CARTESIAN_POINT('Ctrl Pts',(-35.0447255879061,-6.34144409610266,13.6414948838697));
#3126=CARTESIAN_POINT('Ctrl Pts',(-34.7438938215281,-6.86250000000002,13.6666666666667));
#3127=CARTESIAN_POINT('Ctrl Pts',(-34.4430530351841,-7.3835715269369,13.6918392041998));
#3128=CARTESIAN_POINT('Ctrl Pts',(-33.8541306952927,-7.72500000000002,13.7247249985831));
#3129=CARTESIAN_POINT('Ctrl Pts',(-33.25,-7.72500000000002,13.75));
#3130=CARTESIAN_POINT('Origin',(-33.25,-6.00000000000002,-6.));
#3131=CARTESIAN_POINT('',(-33.25,-7.72500000000002,12.75));
#3132=CARTESIAN_POINT('',(-33.25,-7.72500000000002,12.8125));
#3133=CARTESIAN_POINT('',(-33.25,-7.72500000000002,-6.));
#3134=CARTESIAN_POINT('Ctrl Pts',(-33.25,-7.72500000000002,13.3125));
#3135=CARTESIAN_POINT('Ctrl Pts',(-33.8526737885675,-7.72500000000002,13.2872859511549));
#3136=CARTESIAN_POINT('Ctrl Pts',(-34.4432641763474,-7.38320581971444,13.2543215371843));
#3137=CARTESIAN_POINT('Ctrl Pts',(-34.7438938215281,-6.86250000000002,13.2291666666667));
#3138=CARTESIAN_POINT('Ctrl Pts',(-35.0445174841429,-6.34180454239385,13.204012296734));
#3139=CARTESIAN_POINT('Ctrl Pts',(-35.0449590566359,-5.65896028359939,13.1710246513816));
#3140=CARTESIAN_POINT('Ctrl Pts',(-34.7438938215281,-5.13750000000002,13.1458333333333));
#3141=CARTESIAN_POINT('Ctrl Pts',(-34.4428045382519,-4.61599806375109,13.1206400030798));
#3142=CARTESIAN_POINT('Ctrl Pts',(-33.8531083139324,-4.27500000000002,13.0877322280724));
#3143=CARTESIAN_POINT('Ctrl Pts',(-33.25,-4.27500000000002,13.0625));
#3144=CARTESIAN_POINT('Ctrl Pts',(-32.6466291100939,-4.27500000000002,13.0372567865429));
#3145=CARTESIAN_POINT('Ctrl Pts',(-32.056811603314,-4.61666292606182,13.004327877968));
#3146=CARTESIAN_POINT('Ctrl Pts',(-31.7561061784718,-5.13750000000003,12.9791666666667));
#3147=CARTESIAN_POINT('Ctrl Pts',(-31.4554109074076,-5.65831948707891,12.954006304972));
#3148=CARTESIAN_POINT('Ctrl Pts',(-31.4552563199898,-6.34141275965922,12.9210066299682));
#3149=CARTESIAN_POINT('Ctrl Pts',(-31.7561061784718,-6.86250000000002,12.8958333333333));
#3150=CARTESIAN_POINT('Ctrl Pts',(-32.0570160798203,-7.38369123763616,12.8706550126746));
#3151=CARTESIAN_POINT('Ctrl Pts',(-32.6463785928488,-7.72500000000002,12.8377536943411));
#3152=CARTESIAN_POINT('Ctrl Pts',(-33.25,-7.72500000000002,12.8125));
#3153=CARTESIAN_POINT('Ctrl Pts',(-33.25,-7.72500000000002,12.75));
#3154=CARTESIAN_POINT('Ctrl Pts',(-32.6482367879111,-7.72500000000002,12.7751759530788));
#3155=CARTESIAN_POINT('Ctrl Pts',(-32.0567837940956,-7.38328890695912,12.8081744489392));
#3156=CARTESIAN_POINT('Ctrl Pts',(-31.7561061784718,-6.86250000000002,12.8333333333333));
#3157=CARTESIAN_POINT('Ctrl Pts',(-31.4554188328259,-6.3416942401482,12.8584930318769));
#3158=CARTESIAN_POINT('Ctrl Pts',(-31.4544844916936,-5.6599240861646,12.891428788108));
#3159=CARTESIAN_POINT('Ctrl Pts',(-31.7561061784718,-5.13750000000002,12.9166666666667));
#3160=CARTESIAN_POINT('Ctrl Pts',(-32.0576172959761,-4.61526742543583,12.9418952934572));
#3161=CARTESIAN_POINT('Ctrl Pts',(-32.6477510323753,-4.27500000000002,12.9748037243785));
#3162=CARTESIAN_POINT('Ctrl Pts',(-33.25,-4.27500000000002,13.));
#3163=CARTESIAN_POINT('Ctrl Pts',(-33.8522178929762,-4.27500000000002,13.0251949755522));
#3164=CARTESIAN_POINT('Ctrl Pts',(-34.4432747145268,-4.61681243294765,13.0581793445868));
#3165=CARTESIAN_POINT('Ctrl Pts',(-34.7438938215281,-5.13750000000002,13.0833333333333));
#3166=CARTESIAN_POINT('Ctrl Pts',(-35.0445179290095,-5.65819622813783,13.1084877404897));
#3167=CARTESIAN_POINT('Ctrl Pts',(-35.0451774688689,-6.3406614153161,13.1414570732037));
#3168=CARTESIAN_POINT('Ctrl Pts',(-34.7438938215281,-6.86250000000002,13.1666666666667));
#3169=CARTESIAN_POINT('Ctrl Pts',(-34.4426192755715,-7.38432282062425,13.1918754985809));
#3170=CARTESIAN_POINT('Ctrl Pts',(-33.8526946118888,-7.72500000000001,13.2247850799701));
#3171=CARTESIAN_POINT('Ctrl Pts',(-33.25,-7.72500000000001,13.25));
#3172=CARTESIAN_POINT('Origin',(-33.25,-6.00000000000002,-6.));
#3173=CARTESIAN_POINT('',(-33.25,-7.72500000000002,12.25));
#3174=CARTESIAN_POINT('',(-33.25,-7.72500000000002,12.3125));
#3175=CARTESIAN_POINT('',(-33.25,-7.72500000000002,-6.));
#3176=CARTESIAN_POINT('Ctrl Pts',(-33.25,-7.72500000000002,12.8125));
#3177=CARTESIAN_POINT('Ctrl Pts',(-33.8541609511485,-7.72500000000002,12.7872237327696));
#3178=CARTESIAN_POINT('Ctrl Pts',(-34.4430468417051,-7.38358225435716,12.7543397224327));
#3179=CARTESIAN_POINT('Ctrl Pts',(-34.7438938215281,-6.86250000000002,12.7291666666667));
#3180=CARTESIAN_POINT('Ctrl Pts',(-35.0447319623251,-6.34143305528509,12.7039943504969));
#3181=CARTESIAN_POINT('Ctrl Pts',(-35.0446030132534,-5.65834359837107,12.6709948598247));
#3182=CARTESIAN_POINT('Ctrl Pts',(-34.7438938215281,-5.13750000000002,12.6458333333333));
#3183=CARTESIAN_POINT('Ctrl Pts',(-34.4431854963773,-4.61665790257975,12.6206718793517));
#3184=CARTESIAN_POINT('Ctrl Pts',(-33.8535466851886,-4.27500000000002,12.5877505682002));
#3185=CARTESIAN_POINT('Ctrl Pts',(-33.25,-4.27500000000002,12.5625));
#3186=CARTESIAN_POINT('Ctrl Pts',(-32.6467713210361,-4.27500000000002,12.5372627362186));
#3187=CARTESIAN_POINT('Ctrl Pts',(-32.0571801379815,-4.61602460529336,12.5043587147201));
#3188=CARTESIAN_POINT('Ctrl Pts',(-31.7561061784718,-5.13750000000001,12.4791666666667));
#3189=CARTESIAN_POINT('Ctrl Pts',(-31.4550803191133,-5.65889208280107,12.4539786433429));
#3190=CARTESIAN_POINT('Ctrl Pts',(-31.4554816850193,-6.34180310334061,12.4209877727855));
#3191=CARTESIAN_POINT('Ctrl Pts',(-31.7561061784718,-6.86250000000002,12.3958333333333));
#3192=CARTESIAN_POINT('Ctrl Pts',(-32.0567314096195,-7.38319817438483,12.3706788321553));
#3193=CARTESIAN_POINT('Ctrl Pts',(-32.6472275159811,-7.72500000000002,12.3377181779644));
#3194=CARTESIAN_POINT('Ctrl Pts',(-33.25,-7.72500000000002,12.3125));
#3195=CARTESIAN_POINT('Ctrl Pts',(-33.2500000000001,-7.72500000000002,12.25));
#3196=CARTESIAN_POINT('Ctrl Pts',(-32.6487390059727,-7.72500000000004,12.2751549417938));
#3197=CARTESIAN_POINT('Ctrl Pts',(-32.0570961313625,-7.38382989097442,12.3081483144457));
#3198=CARTESIAN_POINT('Ctrl Pts',(-31.7561061784718,-6.86250000000002,12.3333333333333));
#3199=CARTESIAN_POINT('Ctrl Pts',(-31.4550612116621,-6.34107482212261,12.358522955453));
#3200=CARTESIAN_POINT('Ctrl Pts',(-31.4544483323082,-5.65998671605717,12.3914257625093));
#3201=CARTESIAN_POINT('Ctrl Pts',(-31.7561061784718,-5.13750000000003,12.4166666666667));
#3202=CARTESIAN_POINT('Ctrl Pts',(-32.0579433346737,-4.61470270984634,12.4419225744036));
#3203=CARTESIAN_POINT('Ctrl Pts',(-32.6485443550904,-4.27500000000002,12.4748369146019));
#3204=CARTESIAN_POINT('Ctrl Pts',(-33.25,-4.27500000000002,12.5));
#3205=CARTESIAN_POINT('Ctrl Pts',(-33.8514558256361,-4.27500000000002,12.5251630929592));
#3206=CARTESIAN_POINT('Ctrl Pts',(-34.4430845378535,-4.61648303728715,12.558163431753));
#3207=CARTESIAN_POINT('Ctrl Pts',(-34.7438938215281,-5.13750000000002,12.5833333333333));
#3208=CARTESIAN_POINT('Ctrl Pts',(-35.0447126900348,-5.65853356412894,12.6085040369144));
#3209=CARTESIAN_POINT('Ctrl Pts',(-35.0459045487289,-6.33940207605749,12.6413962355583));
#3210=CARTESIAN_POINT('Ctrl Pts',(-34.7438938215281,-6.86250000000002,12.6666666666667));
#3211=CARTESIAN_POINT('Ctrl Pts',(-34.4421272133559,-7.38517509738212,12.6919166713711));
#3212=CARTESIAN_POINT('Ctrl Pts',(-33.8518741071009,-7.72500000000002,12.7248194074092));
#3213=CARTESIAN_POINT('Ctrl Pts',(-33.25,-7.72500000000002,12.75));
#3214=CARTESIAN_POINT('Origin',(-33.25,-6.00000000000002,-6.));
#3215=CARTESIAN_POINT('',(-33.25,-7.72500000000002,11.75));
#3216=CARTESIAN_POINT('',(-33.25,-7.72500000000002,11.8125));
#3217=CARTESIAN_POINT('',(-33.25,-7.72500000000002,-6.));
#3218=CARTESIAN_POINT('Ctrl Pts',(-33.25,-7.72500000000002,12.3125));
#3219=CARTESIAN_POINT('Ctrl Pts',(-33.8526785855788,-7.72500000000002,12.2872857504624));
#3220=CARTESIAN_POINT('Ctrl Pts',(-34.4426116889327,-7.38433596106797,12.2543761333849));
#3221=CARTESIAN_POINT('Ctrl Pts',(-34.7438938215281,-6.86250000000004,12.2291666666667));
#3222=CARTESIAN_POINT('Ctrl Pts',(-35.0451879891072,-6.34064319372899,12.2039561929338));
#3223=CARTESIAN_POINT('Ctrl Pts',(-35.0445188632742,-5.65819784633174,12.1709878186634));
#3224=CARTESIAN_POINT('Ctrl Pts',(-34.7438938215281,-5.13750000000002,12.1458333333333));
#3225=CARTESIAN_POINT('Ctrl Pts',(-34.4432739797634,-4.61681116030024,12.1206792831063));
#3226=CARTESIAN_POINT('Ctrl Pts',(-33.8522000542017,-4.27500000000002,12.0876942292318));
#3227=CARTESIAN_POINT('Ctrl Pts',(-33.25,-4.27500000000002,12.0625));
#3228=CARTESIAN_POINT('Ctrl Pts',(-32.6477653399293,-4.27500000000002,12.0373043229633));
#3229=CARTESIAN_POINT('Ctrl Pts',(-32.0576258949066,-4.6152525316512,12.0043960129637));
#3230=CARTESIAN_POINT('Ctrl Pts',(-31.7561061784718,-5.13750000000005,11.9791666666667));
#3231=CARTESIAN_POINT('Ctrl Pts',(-31.4544718100377,-5.65994605143689,11.9539277269837));
#3232=CARTESIAN_POINT('Ctrl Pts',(-31.4554153648964,-6.34168823351823,11.9209933220523));
#3233=CARTESIAN_POINT('Ctrl Pts',(-31.7561061784718,-6.86250000000002,11.8958333333333));
#3234=CARTESIAN_POINT('Ctrl Pts',(-32.0567871645624,-7.38329474477884,11.8706741669189));
#3235=CARTESIAN_POINT('Ctrl Pts',(-32.6482498891525,-7.72500000000002,11.8376754049625));
#3236=CARTESIAN_POINT('Ctrl Pts',(-33.25,-7.72500000000002,11.8125));
#3237=CARTESIAN_POINT('Ctrl Pts',(-33.25,-7.72500000000002,11.75));
#3238=CARTESIAN_POINT('Ctrl Pts',(-32.6486494221835,-7.72500000000002,11.7751586897087));
#3239=CARTESIAN_POINT('Ctrl Pts',(-32.0576817034332,-7.38484413155236,11.8080993173163));
#3240=CARTESIAN_POINT('Ctrl Pts',(-31.7561061784718,-6.86250000000002,11.8333333333333));
#3241=CARTESIAN_POINT('Ctrl Pts',(-31.4546265242608,-6.34032192145823,11.8585593274658));
#3242=CARTESIAN_POINT('Ctrl Pts',(-31.4549549954682,-5.65910914972173,11.8914681570183));
#3243=CARTESIAN_POINT('Ctrl Pts',(-31.7561061784718,-5.13750000000003,11.9166666666667));
#3244=CARTESIAN_POINT('Ctrl Pts',(-32.0572485733051,-4.61590607183576,11.9418644409741));
#3245=CARTESIAN_POINT('Ctrl Pts',(-32.6487656545137,-4.27500000000002,11.9748461731005));
#3246=CARTESIAN_POINT('Ctrl Pts',(-33.25,-4.27500000000002,12.));
#3247=CARTESIAN_POINT('Ctrl Pts',(-33.8512428656771,-4.27500000000002,12.0251541833585));
#3248=CARTESIAN_POINT('Ctrl Pts',(-34.4426481671325,-4.61572722102748,12.0581269188902));
#3249=CARTESIAN_POINT('Ctrl Pts',(-34.7438938215281,-5.13750000000002,12.0833333333333));
#3250=CARTESIAN_POINT('Ctrl Pts',(-35.0451408416461,-5.65927514447305,12.1085398620518));
#3251=CARTESIAN_POINT('Ctrl Pts',(-35.0452707632046,-6.34049982478659,12.1414492668979));
#3252=CARTESIAN_POINT('Ctrl Pts',(-34.7438938215281,-6.86250000000005,12.1666666666667));
#3253=CARTESIAN_POINT('Ctrl Pts',(-34.442457348336,-7.38460328682318,12.1918890476726));
#3254=CARTESIAN_POINT('Ctrl Pts',(-33.8512642444881,-7.72499999999999,12.2248449222167));
#3255=CARTESIAN_POINT('Ctrl Pts',(-33.25,-7.72500000000002,12.25));
#3256=CARTESIAN_POINT('Origin',(-33.25,-6.00000000000002,-6.));
#3257=CARTESIAN_POINT('',(-33.25,-7.72500000000002,11.25));
#3258=CARTESIAN_POINT('',(-33.25,-7.72500000000002,11.3125));
#3259=CARTESIAN_POINT('',(-33.25,-7.72500000000002,-6.));
#3260=CARTESIAN_POINT('Ctrl Pts',(-33.25,-7.72500000000002,11.8125));
#3261=CARTESIAN_POINT('Ctrl Pts',(-33.8518629482025,-7.72500000000002,11.7873198742638));
#3262=CARTESIAN_POINT('Ctrl Pts',(-34.4421183531535,-7.38519044370279,11.7544174127393));
#3263=CARTESIAN_POINT('Ctrl Pts',(-34.7438938215281,-6.86250000000002,11.7291666666667));
#3264=CARTESIAN_POINT('Ctrl Pts',(-35.045918501346,-6.33937790941574,11.7038950680877));
#3265=CARTESIAN_POINT('Ctrl Pts',(-35.0447182211909,-5.65854314437241,11.6710044997281));
#3266=CARTESIAN_POINT('Ctrl Pts',(-34.7438938215281,-5.13750000000002,11.6458333333333));
#3267=CARTESIAN_POINT('Ctrl Pts',(-34.4430788755446,-4.61647322988043,11.6206629579652));
#3268=CARTESIAN_POINT('Ctrl Pts',(-33.8514479600512,-4.27500000000002,11.5876627638869));
#3269=CARTESIAN_POINT('Ctrl Pts',(-33.25,-4.27500000000002,11.5625));
#3270=CARTESIAN_POINT('Ctrl Pts',(-32.6485525091735,-4.27500000000002,11.537337255744));
#3271=CARTESIAN_POINT('Ctrl Pts',(-32.0579303453274,-4.61472520805404,11.5044214875336));
#3272=CARTESIAN_POINT('Ctrl Pts',(-31.7561061784718,-5.13750000000002,11.4791666666667));
#3273=CARTESIAN_POINT('Ctrl Pts',(-31.4544571480155,-5.65997144680426,11.4539265001544));
#3274=CARTESIAN_POINT('Ctrl Pts',(-31.4550554269829,-6.34106480276436,11.42102343948));
#3275=CARTESIAN_POINT('Ctrl Pts',(-31.7561061784718,-6.86249999999999,11.3958333333333));
#3276=CARTESIAN_POINT('Ctrl Pts',(-32.0571032648501,-7.38384224653734,11.3706477175586));
#3277=CARTESIAN_POINT('Ctrl Pts',(-32.6487417149773,-7.72500000000002,11.3376548284573));
#3278=CARTESIAN_POINT('Ctrl Pts',(-33.25,-7.72500000000002,11.3125));
#3279=CARTESIAN_POINT('Ctrl Pts',(-33.25,-7.72500000000002,11.25));
#3280=CARTESIAN_POINT('Ctrl Pts',(-32.6479523137758,-7.72500000000002,11.2751878546164));
#3281=CARTESIAN_POINT('Ctrl Pts',(-32.0577968288146,-7.38504353456224,11.3080896843207));
#3282=CARTESIAN_POINT('Ctrl Pts',(-31.7561061784718,-6.8625,11.3333333333333));
#3283=CARTESIAN_POINT('Ctrl Pts',(-31.4542204240149,-6.33961853519937,11.3585933074783));
#3284=CARTESIAN_POINT('Ctrl Pts',(-31.4553626330382,-5.65840310073958,11.3915022656648));
#3285=CARTESIAN_POINT('Ctrl Pts',(-31.7561061784718,-5.13750000000007,11.4166666666667));
#3286=CARTESIAN_POINT('Ctrl Pts',(-32.0568493371585,-4.61659756912598,11.4418310353079));
#3287=CARTESIAN_POINT('Ctrl Pts',(-32.6484219539586,-4.27500000000002,11.4748317937087));
#3288=CARTESIAN_POINT('Ctrl Pts',(-33.25,-4.27500000000002,11.5));
#3289=CARTESIAN_POINT('Ctrl Pts',(-33.851598023692,-4.27500000000002,11.5251690420958));
#3290=CARTESIAN_POINT('Ctrl Pts',(-34.4419342299173,-4.61449064549722,11.5580671809419));
#3291=CARTESIAN_POINT('Ctrl Pts',(-34.7438938215281,-5.13750000000002,11.5833333333333));
#3292=CARTESIAN_POINT('Ctrl Pts',(-35.0456277866145,-5.6601185578988,11.6085806066618));
#3293=CARTESIAN_POINT('Ctrl Pts',(-35.0448519645724,-6.34122520529582,11.6414843094346));
#3294=CARTESIAN_POINT('Ctrl Pts',(-34.7438938215281,-6.86250000000003,11.6666666666667));
#3295=CARTESIAN_POINT('Ctrl Pts',(-34.442987333152,-7.38368532619466,11.6918447017485));
#3296=CARTESIAN_POINT('Ctrl Pts',(-33.8513319351254,-7.72500000000002,11.7248420902451));
#3297=CARTESIAN_POINT('Ctrl Pts',(-33.25,-7.72500000000002,11.75));
#3298=CARTESIAN_POINT('Origin',(-33.25,-6.00000000000002,-6.));
#3299=CARTESIAN_POINT('',(-33.25,-7.72500000000002,10.75));
#3300=CARTESIAN_POINT('',(-33.25,-7.72500000000002,10.8125));
#3301=CARTESIAN_POINT('',(-33.25,-7.72500000000002,-6.));
#3302=CARTESIAN_POINT('Ctrl Pts',(-33.25,-7.72500000000002,11.3125));
#3303=CARTESIAN_POINT('Ctrl Pts',(-33.8512611830054,-7.72500000000002,11.2873450502999));
#3304=CARTESIAN_POINT('Ctrl Pts',(-34.4424676280151,-7.38458548189663,11.2543881875312));
#3305=CARTESIAN_POINT('Ctrl Pts',(-34.7438938215281,-6.86250000000002,11.2291666666667));
#3306=CARTESIAN_POINT('Ctrl Pts',(-35.0452630862952,-6.34051312158373,11.2039499092553));
#3307=CARTESIAN_POINT('Ctrl Pts',(-35.0451478923056,-5.65928735657361,11.1710404520084));
#3308=CARTESIAN_POINT('Ctrl Pts',(-34.7438938215281,-5.1375,11.1458333333333));
#3309=CARTESIAN_POINT('Ctrl Pts',(-34.442638461705,-4.61571041073393,11.1206261067987));
#3310=CARTESIAN_POINT('Ctrl Pts',(-33.8512440178332,-4.27500000000002,11.0876542315612));
#3311=CARTESIAN_POINT('Ctrl Pts',(-33.25,-4.27500000000002,11.0625));
#3312=CARTESIAN_POINT('Ctrl Pts',(-32.6487648862076,-4.27500000000002,11.0373461409569));
#3313=CARTESIAN_POINT('Ctrl Pts',(-32.0572398394181,-4.61592119937185,11.0043637101753));
#3314=CARTESIAN_POINT('Ctrl Pts',(-31.7561061784718,-5.13750000000002,10.9791666666667));
#3315=CARTESIAN_POINT('Ctrl Pts',(-31.4549619478173,-5.65909710789983,10.9539687387488));
#3316=CARTESIAN_POINT('Ctrl Pts',(-31.4546184247558,-6.34030789270402,10.9210600051834));
#3317=CARTESIAN_POINT('Ctrl Pts',(-31.7561061784718,-6.86250000000001,10.8958333333333));
#3318=CARTESIAN_POINT('Ctrl Pts',(-32.0576935507761,-7.38486465175213,10.8705983260023));
#3319=CARTESIAN_POINT('Ctrl Pts',(-32.6486434071389,-7.72500000000002,10.83765894136));
#3320=CARTESIAN_POINT('Ctrl Pts',(-33.25,-7.72500000000002,10.8125));
#3321=CARTESIAN_POINT('Ctrl Pts',(-33.25,-7.72500000000002,10.75));
#3322=CARTESIAN_POINT('Ctrl Pts',(-32.6471007972636,-7.72500000000002,10.7752234794923));
#3323=CARTESIAN_POINT('Ctrl Pts',(-32.0572836464338,-7.38415467660497,10.8081326243186));
#3324=CARTESIAN_POINT('Ctrl Pts',(-31.7561061784719,-6.86250000000006,10.8333333333333));
#3325=CARTESIAN_POINT('Ctrl Pts',(-31.4549305057673,-6.3408484328721,10.8585338921318));
#3326=CARTESIAN_POINT('Ctrl Pts',(-31.45549048975,-5.65818164641856,10.8915129639411));
#3327=CARTESIAN_POINT('Ctrl Pts',(-31.7561061784718,-5.13750000000002,10.9166666666667));
#3328=CARTESIAN_POINT('Ctrl Pts',(-32.0567254065964,-4.61681222315614,10.941820665548));
#3329=CARTESIAN_POINT('Ctrl Pts',(-32.6475796032836,-4.27500000000002,10.9747965523037));
#3330=CARTESIAN_POINT('Ctrl Pts',(-33.25,-4.27500000000002,11.));
#3331=CARTESIAN_POINT('Ctrl Pts',(-33.8524421492721,-4.27500000000001,11.0252043577575));
#3332=CARTESIAN_POINT('Ctrl Pts',(-34.4424880986799,-4.61544997433477,11.0581135253302));
#3333=CARTESIAN_POINT('Ctrl Pts',(-34.7438938215281,-5.1375,11.0833333333333));
#3334=CARTESIAN_POINT('Ctrl Pts',(-35.0453690017236,-5.65967032931947,11.1085589531072));
#3335=CARTESIAN_POINT('Ctrl Pts',(-35.04453223312,-6.34177899641619,11.1415110626288));
#3336=CARTESIAN_POINT('Ctrl Pts',(-34.7438938215281,-6.86250000000005,11.1666666666667));
#3337=CARTESIAN_POINT('Ctrl Pts',(-34.4432576725141,-7.3832170846842,11.1918220813857));
#3338=CARTESIAN_POINT('Ctrl Pts',(-33.8519280702969,-7.72500000000002,11.2248171497523));
#3339=CARTESIAN_POINT('Ctrl Pts',(-33.25,-7.72500000000002,11.25));
#3340=CARTESIAN_POINT('Origin',(-33.25,-6.00000000000002,-6.));
#3341=CARTESIAN_POINT('',(-33.25,-7.72500000000002,10.25));
#3342=CARTESIAN_POINT('',(-33.25,-7.72500000000002,10.3125));
#3343=CARTESIAN_POINT('',(-33.25,-7.72500000000002,-6.));
#3344=CARTESIAN_POINT('',(-33.2499999999999,-4.27500000000002,10.));
#3345=CARTESIAN_POINT('Ctrl Pts',(-33.25,-4.27500000000002,10.));
#3346=CARTESIAN_POINT('Ctrl Pts',(-33.8530276825255,-4.27500000000002,10.0252288546982));
#3347=CARTESIAN_POINT('Ctrl Pts',(-34.4432483427556,-4.61676675570005,10.0581771379565));
#3348=CARTESIAN_POINT('Ctrl Pts',(-34.7438938215281,-5.13749999999999,10.0833333333333));
#3349=CARTESIAN_POINT('Ctrl Pts',(-35.0445364443755,-5.65822829769236,10.1084892897436));
#3350=CARTESIAN_POINT('Ctrl Pts',(-35.044833387989,-6.34125738088199,10.1414858638107));
#3351=CARTESIAN_POINT('Ctrl Pts',(-34.7438938215281,-6.86250000000002,10.1666666666667));
#3352=CARTESIAN_POINT('Ctrl Pts',(-34.4428900792247,-7.38385377493797,10.191852839369));
#3353=CARTESIAN_POINT('Ctrl Pts',(-33.8534456430377,-7.72500000000002,10.2247536590979));
#3354=CARTESIAN_POINT('Ctrl Pts',(-33.25,-7.72500000000002,10.25));
#3355=CARTESIAN_POINT('',(-32.0414145416312,-4.76916849657663,10.0000000010174));
#3356=CARTESIAN_POINT('Origin',(-33.25,-6.00000000000002,10.));
#3357=CARTESIAN_POINT('Ctrl Pts',(-33.25,-7.72500000000002,10.3125));
#3358=CARTESIAN_POINT('Ctrl Pts',(-33.8519413574288,-7.72500000000002,10.2873165938588));
#3359=CARTESIAN_POINT('Ctrl Pts',(-34.4432592344247,-7.38321437937569,10.2543219506945));
#3360=CARTESIAN_POINT('Ctrl Pts',(-34.7438938215281,-6.86250000000002,10.2291666666667));
#3361=CARTESIAN_POINT('Ctrl Pts',(-35.0445305084644,-6.34178198360716,10.2040112069375));
#3362=CARTESIAN_POINT('Ctrl Pts',(-35.0453588694505,-5.65965277970775,10.1710581052999));
#3363=CARTESIAN_POINT('Ctrl Pts',(-34.7438938215281,-5.13750000000002,10.1458333333333));
#3364=CARTESIAN_POINT('Ctrl Pts',(-34.4424956137401,-4.61546299080086,10.120614154145));
#3365=CARTESIAN_POINT('Ctrl Pts',(-33.8524555510821,-4.27500000000002,10.0877049184487));
#3366=CARTESIAN_POINT('Ctrl Pts',(-33.25,-4.27500000000002,10.0625));
#3367=CARTESIAN_POINT('Ctrl Pts',(-32.8033550038369,-4.27500000000002,10.0438137240024));
#3368=CARTESIAN_POINT('Ctrl Pts',(-32.3591798071639,-4.45714651952252,10.0208311025622));
#3369=CARTESIAN_POINT('Ctrl Pts',(-32.0414145415973,-4.7691684966099,10.0000000020326));
#3370=CARTESIAN_POINT('Origin',(-33.25,-6.00000000000002,-6.21875));
#3371=CARTESIAN_POINT('',(-33.25,-7.35152654461798,14.5));
#3372=CARTESIAN_POINT('',(-33.25,-7.35152654461798,14.5625));
#3373=CARTESIAN_POINT('',(-33.25,-7.35152654461798,-6.21875));
#3374=CARTESIAN_POINT('',(-34.1969190552898,-6.96434864210825,15.));
#3375=CARTESIAN_POINT('Ctrl Pts',(-33.25,-7.35152654461798,14.5625));
#3376=CARTESIAN_POINT('Ctrl Pts',(-32.4696957856479,-7.35152654461798,14.6041666666667));
#3377=CARTESIAN_POINT('Ctrl Pts',(-32.0795436784718,-6.675763272309,14.6458333333333));
#3378=CARTESIAN_POINT('Ctrl Pts',(-31.6893915712958,-6.00000000000002,14.6875));
#3379=CARTESIAN_POINT('Ctrl Pts',(-32.0795436784718,-5.32423672769104,14.7291666666667));
#3380=CARTESIAN_POINT('Ctrl Pts',(-32.4696957856479,-4.64847345538205,14.7708333333333));
#3381=CARTESIAN_POINT('Ctrl Pts',(-33.25,-4.64847345538205,14.8125));
#3382=CARTESIAN_POINT('Ctrl Pts',(-34.0303042143521,-4.64847345538205,14.8541666666667));
#3383=CARTESIAN_POINT('Ctrl Pts',(-34.4204563215281,-5.32423672769103,14.8958333333333));
#3384=CARTESIAN_POINT('Ctrl Pts',(-34.8106084287042,-6.00000000000002,14.9375));
#3385=CARTESIAN_POINT('Ctrl Pts',(-34.4204563215281,-6.675763272309,14.9791666666667));
#3386=CARTESIAN_POINT('Ctrl Pts',(-34.3283539026698,-6.83528934127165,14.9890028323958));
#3387=CARTESIAN_POINT('Ctrl Pts',(-34.1969190552898,-6.96434864210825,15.));
#3388=CARTESIAN_POINT('',(-33.25,-7.35152654461798,15.));
#3389=CARTESIAN_POINT('Origin',(-33.25,-6.00000000000002,15.));
#3390=CARTESIAN_POINT('Ctrl Pts',(-33.25,-7.35152654461798,14.5));
#3391=CARTESIAN_POINT('Ctrl Pts',(-32.4696957856479,-7.35152654461798,14.5416666666667));
#3392=CARTESIAN_POINT('Ctrl Pts',(-32.0795436784718,-6.675763272309,14.5833333333333));
#3393=CARTESIAN_POINT('Ctrl Pts',(-31.6893915712958,-6.00000000000002,14.625));
#3394=CARTESIAN_POINT('Ctrl Pts',(-32.0795436784718,-5.32423672769104,14.6666666666667));
#3395=CARTESIAN_POINT('Ctrl Pts',(-32.4696957856479,-4.64847345538205,14.7083333333333));
#3396=CARTESIAN_POINT('Ctrl Pts',(-33.25,-4.64847345538205,14.75));
#3397=CARTESIAN_POINT('Ctrl Pts',(-34.0303042143521,-4.64847345538205,14.7916666666667));
#3398=CARTESIAN_POINT('Ctrl Pts',(-34.4204563215281,-5.32423672769103,14.8333333333333));
#3399=CARTESIAN_POINT('Ctrl Pts',(-34.8106084287042,-6.00000000000002,14.875));
#3400=CARTESIAN_POINT('Ctrl Pts',(-34.4204563215281,-6.675763272309,14.9166666666667));
#3401=CARTESIAN_POINT('Ctrl Pts',(-34.0303042143521,-7.35152654461798,14.9583333333333));
#3402=CARTESIAN_POINT('Ctrl Pts',(-33.25,-7.35152654461798,15.));
#3403=CARTESIAN_POINT('Origin',(-33.25,-6.00000000000002,-6.21875));
#3404=CARTESIAN_POINT('',(-33.25,-7.35152654461798,14.));
#3405=CARTESIAN_POINT('',(-33.25,-7.35152654461798,14.0625));
#3406=CARTESIAN_POINT('',(-33.25,-7.35152654461798,-6.21875));
#3407=CARTESIAN_POINT('Ctrl Pts',(-33.25,-7.35152654461798,14.0625));
#3408=CARTESIAN_POINT('Ctrl Pts',(-32.4696957856479,-7.35152654461798,14.1041666666667));
#3409=CARTESIAN_POINT('Ctrl Pts',(-32.0795436784718,-6.675763272309,14.1458333333333));
#3410=CARTESIAN_POINT('Ctrl Pts',(-31.6893915712958,-6.00000000000002,14.1875));
#3411=CARTESIAN_POINT('Ctrl Pts',(-32.0795436784718,-5.32423672769104,14.2291666666667));
#3412=CARTESIAN_POINT('Ctrl Pts',(-32.4696957856479,-4.64847345538205,14.2708333333333));
#3413=CARTESIAN_POINT('Ctrl Pts',(-33.25,-4.64847345538205,14.3125));
#3414=CARTESIAN_POINT('Ctrl Pts',(-34.0303042143521,-4.64847345538205,14.3541666666667));
#3415=CARTESIAN_POINT('Ctrl Pts',(-34.4204563215281,-5.32423672769104,14.3958333333333));
#3416=CARTESIAN_POINT('Ctrl Pts',(-34.8106084287042,-6.00000000000002,14.4375));
#3417=CARTESIAN_POINT('Ctrl Pts',(-34.4204563215281,-6.675763272309,14.4791666666667));
#3418=CARTESIAN_POINT('Ctrl Pts',(-34.0303042143521,-7.35152654461798,14.5208333333333));
#3419=CARTESIAN_POINT('Ctrl Pts',(-33.25,-7.35152654461798,14.5625));
#3420=CARTESIAN_POINT('Ctrl Pts',(-33.25,-7.35152654461798,14.));
#3421=CARTESIAN_POINT('Ctrl Pts',(-32.4696957856479,-7.35152654461798,14.0416666666667));
#3422=CARTESIAN_POINT('Ctrl Pts',(-32.0795436784718,-6.675763272309,14.0833333333333));
#3423=CARTESIAN_POINT('Ctrl Pts',(-31.6893915712958,-6.00000000000002,14.125));
#3424=CARTESIAN_POINT('Ctrl Pts',(-32.0795436784718,-5.32423672769104,14.1666666666667));
#3425=CARTESIAN_POINT('Ctrl Pts',(-32.4696957856479,-4.64847345538205,14.2083333333333));
#3426=CARTESIAN_POINT('Ctrl Pts',(-33.25,-4.64847345538205,14.25));
#3427=CARTESIAN_POINT('Ctrl Pts',(-34.0303042143521,-4.64847345538205,14.2916666666667));
#3428=CARTESIAN_POINT('Ctrl Pts',(-34.4204563215281,-5.32423672769104,14.3333333333333));
#3429=CARTESIAN_POINT('Ctrl Pts',(-34.8106084287042,-6.00000000000002,14.375));
#3430=CARTESIAN_POINT('Ctrl Pts',(-34.4204563215281,-6.675763272309,14.4166666666667));
#3431=CARTESIAN_POINT('Ctrl Pts',(-34.0303042143521,-7.35152654461798,14.4583333333333));
#3432=CARTESIAN_POINT('Ctrl Pts',(-33.25,-7.35152654461798,14.5));
#3433=CARTESIAN_POINT('Origin',(-33.25,-6.00000000000002,-6.21875));
#3434=CARTESIAN_POINT('',(-33.25,-7.35152654461798,13.5));
#3435=CARTESIAN_POINT('',(-33.25,-7.35152654461798,13.5625));
#3436=CARTESIAN_POINT('',(-33.25,-7.35152654461798,-6.21875));
#3437=CARTESIAN_POINT('Ctrl Pts',(-33.25,-7.35152654461798,13.5625));
#3438=CARTESIAN_POINT('Ctrl Pts',(-32.4696957856479,-7.35152654461798,13.6041666666667));
#3439=CARTESIAN_POINT('Ctrl Pts',(-32.0795436784718,-6.675763272309,13.6458333333333));
#3440=CARTESIAN_POINT('Ctrl Pts',(-31.6893915712958,-6.00000000000002,13.6875));
#3441=CARTESIAN_POINT('Ctrl Pts',(-32.0795436784718,-5.32423672769104,13.7291666666667));
#3442=CARTESIAN_POINT('Ctrl Pts',(-32.4696957856479,-4.64847345538205,13.7708333333333));
#3443=CARTESIAN_POINT('Ctrl Pts',(-33.25,-4.64847345538205,13.8125));
#3444=CARTESIAN_POINT('Ctrl Pts',(-34.0303042143521,-4.64847345538205,13.8541666666667));
#3445=CARTESIAN_POINT('Ctrl Pts',(-34.4204563215281,-5.32423672769104,13.8958333333333));
#3446=CARTESIAN_POINT('Ctrl Pts',(-34.8106084287042,-6.00000000000002,13.9375));
#3447=CARTESIAN_POINT('Ctrl Pts',(-34.4204563215281,-6.675763272309,13.9791666666667));
#3448=CARTESIAN_POINT('Ctrl Pts',(-34.0303042143521,-7.35152654461798,14.0208333333333));
#3449=CARTESIAN_POINT('Ctrl Pts',(-33.25,-7.35152654461798,14.0625));
#3450=CARTESIAN_POINT('Ctrl Pts',(-33.25,-7.35152654461798,13.5));
#3451=CARTESIAN_POINT('Ctrl Pts',(-32.4696957856479,-7.35152654461798,13.5416666666667));
#3452=CARTESIAN_POINT('Ctrl Pts',(-32.0795436784718,-6.675763272309,13.5833333333333));
#3453=CARTESIAN_POINT('Ctrl Pts',(-31.6893915712958,-6.00000000000002,13.625));
#3454=CARTESIAN_POINT('Ctrl Pts',(-32.0795436784718,-5.32423672769104,13.6666666666667));
#3455=CARTESIAN_POINT('Ctrl Pts',(-32.4696957856479,-4.64847345538205,13.7083333333333));
#3456=CARTESIAN_POINT('Ctrl Pts',(-33.25,-4.64847345538205,13.75));
#3457=CARTESIAN_POINT('Ctrl Pts',(-34.0303042143521,-4.64847345538205,13.7916666666667));
#3458=CARTESIAN_POINT('Ctrl Pts',(-34.4204563215281,-5.32423672769104,13.8333333333333));
#3459=CARTESIAN_POINT('Ctrl Pts',(-34.8106084287042,-6.00000000000002,13.875));
#3460=CARTESIAN_POINT('Ctrl Pts',(-34.4204563215281,-6.675763272309,13.9166666666667));
#3461=CARTESIAN_POINT('Ctrl Pts',(-34.0303042143521,-7.35152654461798,13.9583333333333));
#3462=CARTESIAN_POINT('Ctrl Pts',(-33.25,-7.35152654461798,14.));
#3463=CARTESIAN_POINT('Origin',(-33.25,-6.00000000000002,-6.21875));
#3464=CARTESIAN_POINT('',(-33.25,-7.35152654461798,13.));
#3465=CARTESIAN_POINT('',(-33.25,-7.35152654461798,13.0625));
#3466=CARTESIAN_POINT('',(-33.25,-7.35152654461798,-6.21875));
#3467=CARTESIAN_POINT('Ctrl Pts',(-33.25,-7.35152654461798,13.0625));
#3468=CARTESIAN_POINT('Ctrl Pts',(-32.4696957856479,-7.35152654461798,13.1041666666667));
#3469=CARTESIAN_POINT('Ctrl Pts',(-32.0795436784718,-6.675763272309,13.1458333333333));
#3470=CARTESIAN_POINT('Ctrl Pts',(-31.6893915712958,-6.00000000000002,13.1875));
#3471=CARTESIAN_POINT('Ctrl Pts',(-32.0795436784718,-5.32423672769104,13.2291666666667));
#3472=CARTESIAN_POINT('Ctrl Pts',(-32.4696957856479,-4.64847345538205,13.2708333333333));
#3473=CARTESIAN_POINT('Ctrl Pts',(-33.25,-4.64847345538205,13.3125));
#3474=CARTESIAN_POINT('Ctrl Pts',(-34.0303042143521,-4.64847345538205,13.3541666666667));
#3475=CARTESIAN_POINT('Ctrl Pts',(-34.4204563215281,-5.32423672769104,13.3958333333333));
#3476=CARTESIAN_POINT('Ctrl Pts',(-34.8106084287042,-6.00000000000002,13.4375));
#3477=CARTESIAN_POINT('Ctrl Pts',(-34.4204563215281,-6.675763272309,13.4791666666667));
#3478=CARTESIAN_POINT('Ctrl Pts',(-34.0303042143521,-7.35152654461798,13.5208333333333));
#3479=CARTESIAN_POINT('Ctrl Pts',(-33.25,-7.35152654461798,13.5625));
#3480=CARTESIAN_POINT('Ctrl Pts',(-33.25,-7.35152654461798,13.));
#3481=CARTESIAN_POINT('Ctrl Pts',(-32.4696957856479,-7.35152654461798,13.0416666666667));
#3482=CARTESIAN_POINT('Ctrl Pts',(-32.0795436784718,-6.675763272309,13.0833333333333));
#3483=CARTESIAN_POINT('Ctrl Pts',(-31.6893915712958,-6.00000000000002,13.125));
#3484=CARTESIAN_POINT('Ctrl Pts',(-32.0795436784718,-5.32423672769104,13.1666666666667));
#3485=CARTESIAN_POINT('Ctrl Pts',(-32.4696957856479,-4.64847345538205,13.2083333333333));
#3486=CARTESIAN_POINT('Ctrl Pts',(-33.25,-4.64847345538205,13.25));
#3487=CARTESIAN_POINT('Ctrl Pts',(-34.0303042143521,-4.64847345538205,13.2916666666667));
#3488=CARTESIAN_POINT('Ctrl Pts',(-34.4204563215281,-5.32423672769104,13.3333333333333));
#3489=CARTESIAN_POINT('Ctrl Pts',(-34.8106084287042,-6.00000000000002,13.375));
#3490=CARTESIAN_POINT('Ctrl Pts',(-34.4204563215281,-6.675763272309,13.4166666666667));
#3491=CARTESIAN_POINT('Ctrl Pts',(-34.0303042143521,-7.35152654461798,13.4583333333333));
#3492=CARTESIAN_POINT('Ctrl Pts',(-33.25,-7.35152654461798,13.5));
#3493=CARTESIAN_POINT('Origin',(-33.25,-6.00000000000002,-6.21875));
#3494=CARTESIAN_POINT('',(-33.25,-7.35152654461798,12.5));
#3495=CARTESIAN_POINT('',(-33.25,-7.35152654461798,12.5625));
#3496=CARTESIAN_POINT('',(-33.25,-7.35152654461798,-6.21875));
#3497=CARTESIAN_POINT('Ctrl Pts',(-33.25,-7.35152654461798,12.5625));
#3498=CARTESIAN_POINT('Ctrl Pts',(-32.4696957856479,-7.35152654461798,12.6041666666667));
#3499=CARTESIAN_POINT('Ctrl Pts',(-32.0795436784718,-6.675763272309,12.6458333333333));
#3500=CARTESIAN_POINT('Ctrl Pts',(-31.6893915712958,-6.00000000000002,12.6875));
#3501=CARTESIAN_POINT('Ctrl Pts',(-32.0795436784718,-5.32423672769104,12.7291666666667));
#3502=CARTESIAN_POINT('Ctrl Pts',(-32.4696957856479,-4.64847345538205,12.7708333333333));
#3503=CARTESIAN_POINT('Ctrl Pts',(-33.25,-4.64847345538205,12.8125));
#3504=CARTESIAN_POINT('Ctrl Pts',(-34.0303042143521,-4.64847345538205,12.8541666666667));
#3505=CARTESIAN_POINT('Ctrl Pts',(-34.4204563215281,-5.32423672769104,12.8958333333333));
#3506=CARTESIAN_POINT('Ctrl Pts',(-34.8106084287042,-6.00000000000002,12.9375));
#3507=CARTESIAN_POINT('Ctrl Pts',(-34.4204563215281,-6.675763272309,12.9791666666667));
#3508=CARTESIAN_POINT('Ctrl Pts',(-34.0303042143521,-7.35152654461798,13.0208333333333));
#3509=CARTESIAN_POINT('Ctrl Pts',(-33.25,-7.35152654461798,13.0625));
#3510=CARTESIAN_POINT('Ctrl Pts',(-33.25,-7.35152654461798,12.5));
#3511=CARTESIAN_POINT('Ctrl Pts',(-32.4696957856479,-7.35152654461798,12.5416666666667));
#3512=CARTESIAN_POINT('Ctrl Pts',(-32.0795436784718,-6.675763272309,12.5833333333333));
#3513=CARTESIAN_POINT('Ctrl Pts',(-31.6893915712958,-6.00000000000002,12.625));
#3514=CARTESIAN_POINT('Ctrl Pts',(-32.0795436784718,-5.32423672769104,12.6666666666667));
#3515=CARTESIAN_POINT('Ctrl Pts',(-32.4696957856479,-4.64847345538205,12.7083333333333));
#3516=CARTESIAN_POINT('Ctrl Pts',(-33.25,-4.64847345538205,12.75));
#3517=CARTESIAN_POINT('Ctrl Pts',(-34.0303042143521,-4.64847345538205,12.7916666666667));
#3518=CARTESIAN_POINT('Ctrl Pts',(-34.4204563215281,-5.32423672769104,12.8333333333333));
#3519=CARTESIAN_POINT('Ctrl Pts',(-34.8106084287042,-6.00000000000002,12.875));
#3520=CARTESIAN_POINT('Ctrl Pts',(-34.4204563215281,-6.675763272309,12.9166666666667));
#3521=CARTESIAN_POINT('Ctrl Pts',(-34.0303042143521,-7.35152654461798,12.9583333333333));
#3522=CARTESIAN_POINT('Ctrl Pts',(-33.25,-7.35152654461798,13.));
#3523=CARTESIAN_POINT('Origin',(-33.25,-6.00000000000002,-6.21875));
#3524=CARTESIAN_POINT('',(-33.25,-7.35152654461798,12.));
#3525=CARTESIAN_POINT('',(-33.25,-7.35152654461798,12.0625));
#3526=CARTESIAN_POINT('',(-33.25,-7.35152654461798,-6.21875));
#3527=CARTESIAN_POINT('Ctrl Pts',(-33.25,-7.35152654461798,12.0625));
#3528=CARTESIAN_POINT('Ctrl Pts',(-32.4696957856479,-7.35152654461798,12.1041666666667));
#3529=CARTESIAN_POINT('Ctrl Pts',(-32.0795436784718,-6.675763272309,12.1458333333333));
#3530=CARTESIAN_POINT('Ctrl Pts',(-31.6893915712958,-6.00000000000002,12.1875));
#3531=CARTESIAN_POINT('Ctrl Pts',(-32.0795436784718,-5.32423672769104,12.2291666666667));
#3532=CARTESIAN_POINT('Ctrl Pts',(-32.4696957856479,-4.64847345538205,12.2708333333333));
#3533=CARTESIAN_POINT('Ctrl Pts',(-33.25,-4.64847345538205,12.3125));
#3534=CARTESIAN_POINT('Ctrl Pts',(-34.0303042143521,-4.64847345538205,12.3541666666667));
#3535=CARTESIAN_POINT('Ctrl Pts',(-34.4204563215281,-5.32423672769104,12.3958333333333));
#3536=CARTESIAN_POINT('Ctrl Pts',(-34.8106084287042,-6.00000000000002,12.4375));
#3537=CARTESIAN_POINT('Ctrl Pts',(-34.4204563215281,-6.675763272309,12.4791666666667));
#3538=CARTESIAN_POINT('Ctrl Pts',(-34.0303042143521,-7.35152654461798,12.5208333333333));
#3539=CARTESIAN_POINT('Ctrl Pts',(-33.25,-7.35152654461798,12.5625));
#3540=CARTESIAN_POINT('Ctrl Pts',(-33.25,-7.35152654461798,12.));
#3541=CARTESIAN_POINT('Ctrl Pts',(-32.4696957856479,-7.35152654461798,12.0416666666667));
#3542=CARTESIAN_POINT('Ctrl Pts',(-32.0795436784718,-6.675763272309,12.0833333333333));
#3543=CARTESIAN_POINT('Ctrl Pts',(-31.6893915712958,-6.00000000000002,12.125));
#3544=CARTESIAN_POINT('Ctrl Pts',(-32.0795436784718,-5.32423672769104,12.1666666666667));
#3545=CARTESIAN_POINT('Ctrl Pts',(-32.4696957856479,-4.64847345538205,12.2083333333333));
#3546=CARTESIAN_POINT('Ctrl Pts',(-33.25,-4.64847345538205,12.25));
#3547=CARTESIAN_POINT('Ctrl Pts',(-34.0303042143521,-4.64847345538205,12.2916666666667));
#3548=CARTESIAN_POINT('Ctrl Pts',(-34.4204563215281,-5.32423672769104,12.3333333333333));
#3549=CARTESIAN_POINT('Ctrl Pts',(-34.8106084287042,-6.00000000000002,12.375));
#3550=CARTESIAN_POINT('Ctrl Pts',(-34.4204563215281,-6.675763272309,12.4166666666667));
#3551=CARTESIAN_POINT('Ctrl Pts',(-34.0303042143521,-7.35152654461798,12.4583333333333));
#3552=CARTESIAN_POINT('Ctrl Pts',(-33.25,-7.35152654461798,12.5));
#3553=CARTESIAN_POINT('Origin',(-33.25,-6.00000000000002,-6.21875));
#3554=CARTESIAN_POINT('',(-33.25,-7.35152654461798,11.5));
#3555=CARTESIAN_POINT('',(-33.25,-7.35152654461798,11.5625));
#3556=CARTESIAN_POINT('',(-33.25,-7.35152654461798,-6.21875));
#3557=CARTESIAN_POINT('Ctrl Pts',(-33.25,-7.35152654461798,11.5625));
#3558=CARTESIAN_POINT('Ctrl Pts',(-32.4696957856479,-7.35152654461798,11.6041666666667));
#3559=CARTESIAN_POINT('Ctrl Pts',(-32.0795436784718,-6.675763272309,11.6458333333333));
#3560=CARTESIAN_POINT('Ctrl Pts',(-31.6893915712958,-6.00000000000002,11.6875));
#3561=CARTESIAN_POINT('Ctrl Pts',(-32.0795436784718,-5.32423672769104,11.7291666666667));
#3562=CARTESIAN_POINT('Ctrl Pts',(-32.4696957856479,-4.64847345538205,11.7708333333333));
#3563=CARTESIAN_POINT('Ctrl Pts',(-33.25,-4.64847345538205,11.8125));
#3564=CARTESIAN_POINT('Ctrl Pts',(-34.0303042143521,-4.64847345538205,11.8541666666667));
#3565=CARTESIAN_POINT('Ctrl Pts',(-34.4204563215281,-5.32423672769104,11.8958333333333));
#3566=CARTESIAN_POINT('Ctrl Pts',(-34.8106084287042,-6.00000000000002,11.9375));
#3567=CARTESIAN_POINT('Ctrl Pts',(-34.4204563215281,-6.675763272309,11.9791666666667));
#3568=CARTESIAN_POINT('Ctrl Pts',(-34.0303042143521,-7.35152654461798,12.0208333333333));
#3569=CARTESIAN_POINT('Ctrl Pts',(-33.25,-7.35152654461798,12.0625));
#3570=CARTESIAN_POINT('Ctrl Pts',(-33.25,-7.35152654461798,11.5));
#3571=CARTESIAN_POINT('Ctrl Pts',(-32.4696957856479,-7.35152654461798,11.5416666666667));
#3572=CARTESIAN_POINT('Ctrl Pts',(-32.0795436784718,-6.675763272309,11.5833333333333));
#3573=CARTESIAN_POINT('Ctrl Pts',(-31.6893915712958,-6.00000000000002,11.625));
#3574=CARTESIAN_POINT('Ctrl Pts',(-32.0795436784718,-5.32423672769104,11.6666666666667));
#3575=CARTESIAN_POINT('Ctrl Pts',(-32.4696957856479,-4.64847345538205,11.7083333333333));
#3576=CARTESIAN_POINT('Ctrl Pts',(-33.25,-4.64847345538205,11.75));
#3577=CARTESIAN_POINT('Ctrl Pts',(-34.0303042143521,-4.64847345538205,11.7916666666667));
#3578=CARTESIAN_POINT('Ctrl Pts',(-34.4204563215281,-5.32423672769104,11.8333333333333));
#3579=CARTESIAN_POINT('Ctrl Pts',(-34.8106084287042,-6.00000000000002,11.875));
#3580=CARTESIAN_POINT('Ctrl Pts',(-34.4204563215281,-6.675763272309,11.9166666666667));
#3581=CARTESIAN_POINT('Ctrl Pts',(-34.0303042143521,-7.35152654461798,11.9583333333333));
#3582=CARTESIAN_POINT('Ctrl Pts',(-33.25,-7.35152654461798,12.));
#3583=CARTESIAN_POINT('Origin',(-33.25,-6.00000000000002,-6.21875));
#3584=CARTESIAN_POINT('',(-33.25,-7.35152654461798,11.));
#3585=CARTESIAN_POINT('',(-33.25,-7.35152654461798,11.0625));
#3586=CARTESIAN_POINT('',(-33.25,-7.35152654461798,-6.21875));
#3587=CARTESIAN_POINT('Ctrl Pts',(-33.25,-7.35152654461798,11.0625));
#3588=CARTESIAN_POINT('Ctrl Pts',(-32.4696957856479,-7.35152654461798,11.1041666666667));
#3589=CARTESIAN_POINT('Ctrl Pts',(-32.0795436784718,-6.675763272309,11.1458333333333));
#3590=CARTESIAN_POINT('Ctrl Pts',(-31.6893915712958,-6.00000000000002,11.1875));
#3591=CARTESIAN_POINT('Ctrl Pts',(-32.0795436784718,-5.32423672769104,11.2291666666667));
#3592=CARTESIAN_POINT('Ctrl Pts',(-32.4696957856479,-4.64847345538205,11.2708333333333));
#3593=CARTESIAN_POINT('Ctrl Pts',(-33.25,-4.64847345538205,11.3125));
#3594=CARTESIAN_POINT('Ctrl Pts',(-34.0303042143521,-4.64847345538205,11.3541666666667));
#3595=CARTESIAN_POINT('Ctrl Pts',(-34.4204563215281,-5.32423672769104,11.3958333333333));
#3596=CARTESIAN_POINT('Ctrl Pts',(-34.8106084287042,-6.00000000000002,11.4375));
#3597=CARTESIAN_POINT('Ctrl Pts',(-34.4204563215281,-6.675763272309,11.4791666666667));
#3598=CARTESIAN_POINT('Ctrl Pts',(-34.0303042143521,-7.35152654461798,11.5208333333333));
#3599=CARTESIAN_POINT('Ctrl Pts',(-33.25,-7.35152654461798,11.5625));
#3600=CARTESIAN_POINT('Ctrl Pts',(-33.25,-7.35152654461798,11.));
#3601=CARTESIAN_POINT('Ctrl Pts',(-32.4696957856479,-7.35152654461798,11.0416666666667));
#3602=CARTESIAN_POINT('Ctrl Pts',(-32.0795436784718,-6.675763272309,11.0833333333333));
#3603=CARTESIAN_POINT('Ctrl Pts',(-31.6893915712958,-6.00000000000002,11.125));
#3604=CARTESIAN_POINT('Ctrl Pts',(-32.0795436784718,-5.32423672769104,11.1666666666667));
#3605=CARTESIAN_POINT('Ctrl Pts',(-32.4696957856479,-4.64847345538205,11.2083333333333));
#3606=CARTESIAN_POINT('Ctrl Pts',(-33.25,-4.64847345538205,11.25));
#3607=CARTESIAN_POINT('Ctrl Pts',(-34.0303042143521,-4.64847345538205,11.2916666666667));
#3608=CARTESIAN_POINT('Ctrl Pts',(-34.4204563215281,-5.32423672769104,11.3333333333333));
#3609=CARTESIAN_POINT('Ctrl Pts',(-34.8106084287042,-6.00000000000002,11.375));
#3610=CARTESIAN_POINT('Ctrl Pts',(-34.4204563215281,-6.675763272309,11.4166666666667));
#3611=CARTESIAN_POINT('Ctrl Pts',(-34.0303042143521,-7.35152654461798,11.4583333333333));
#3612=CARTESIAN_POINT('Ctrl Pts',(-33.25,-7.35152654461798,11.5));
#3613=CARTESIAN_POINT('Origin',(-33.25,-6.00000000000002,-6.21875));
#3614=CARTESIAN_POINT('',(-33.25,-7.35152654461798,10.5));
#3615=CARTESIAN_POINT('',(-33.25,-7.35152654461798,10.5625));
#3616=CARTESIAN_POINT('',(-33.25,-7.35152654461798,-6.21875));
#3617=CARTESIAN_POINT('Ctrl Pts',(-33.25,-7.35152654461798,10.5625));
#3618=CARTESIAN_POINT('Ctrl Pts',(-32.4696957856479,-7.35152654461798,10.6041666666667));
#3619=CARTESIAN_POINT('Ctrl Pts',(-32.0795436784718,-6.675763272309,10.6458333333333));
#3620=CARTESIAN_POINT('Ctrl Pts',(-31.6893915712958,-6.00000000000002,10.6875));
#3621=CARTESIAN_POINT('Ctrl Pts',(-32.0795436784718,-5.32423672769104,10.7291666666667));
#3622=CARTESIAN_POINT('Ctrl Pts',(-32.4696957856479,-4.64847345538205,10.7708333333333));
#3623=CARTESIAN_POINT('Ctrl Pts',(-33.25,-4.64847345538205,10.8125));
#3624=CARTESIAN_POINT('Ctrl Pts',(-34.0303042143521,-4.64847345538205,10.8541666666667));
#3625=CARTESIAN_POINT('Ctrl Pts',(-34.4204563215281,-5.32423672769104,10.8958333333333));
#3626=CARTESIAN_POINT('Ctrl Pts',(-34.8106084287042,-6.00000000000002,10.9375));
#3627=CARTESIAN_POINT('Ctrl Pts',(-34.4204563215281,-6.675763272309,10.9791666666667));
#3628=CARTESIAN_POINT('Ctrl Pts',(-34.0303042143521,-7.35152654461798,11.0208333333333));
#3629=CARTESIAN_POINT('Ctrl Pts',(-33.25,-7.35152654461798,11.0625));
#3630=CARTESIAN_POINT('Ctrl Pts',(-33.25,-7.35152654461798,10.5));
#3631=CARTESIAN_POINT('Ctrl Pts',(-32.4696957856479,-7.35152654461798,10.5416666666667));
#3632=CARTESIAN_POINT('Ctrl Pts',(-32.0795436784718,-6.675763272309,10.5833333333333));
#3633=CARTESIAN_POINT('Ctrl Pts',(-31.6893915712958,-6.00000000000002,10.625));
#3634=CARTESIAN_POINT('Ctrl Pts',(-32.0795436784718,-5.32423672769104,10.6666666666667));
#3635=CARTESIAN_POINT('Ctrl Pts',(-32.4696957856479,-4.64847345538205,10.7083333333333));
#3636=CARTESIAN_POINT('Ctrl Pts',(-33.25,-4.64847345538205,10.75));
#3637=CARTESIAN_POINT('Ctrl Pts',(-34.0303042143521,-4.64847345538205,10.7916666666667));
#3638=CARTESIAN_POINT('Ctrl Pts',(-34.4204563215281,-5.32423672769104,10.8333333333333));
#3639=CARTESIAN_POINT('Ctrl Pts',(-34.8106084287042,-6.00000000000002,10.875));
#3640=CARTESIAN_POINT('Ctrl Pts',(-34.4204563215281,-6.675763272309,10.9166666666667));
#3641=CARTESIAN_POINT('Ctrl Pts',(-34.0303042143521,-7.35152654461798,10.9583333333333));
#3642=CARTESIAN_POINT('Ctrl Pts',(-33.25,-7.35152654461798,11.));
#3643=CARTESIAN_POINT('Origin',(-33.25,-6.00000000000002,-6.21875));
#3644=CARTESIAN_POINT('',(-33.25,-7.35152654461798,10.));
#3645=CARTESIAN_POINT('',(-33.25,-7.35152654461798,10.0625));
#3646=CARTESIAN_POINT('',(-33.25,-7.35152654461798,-6.21875));
#3647=CARTESIAN_POINT('',(-34.1969190552898,-6.96434864210824,10.));
#3648=CARTESIAN_POINT('Origin',(-33.25,-6.00000000000002,10.));
#3649=CARTESIAN_POINT('Ctrl Pts',(-34.1969190552898,-6.96434864210824,10.));
#3650=CARTESIAN_POINT('Ctrl Pts',(-33.8026145131499,-7.35152654461798,10.0329915028125));
#3651=CARTESIAN_POINT('Ctrl Pts',(-33.25,-7.35152654461798,10.0625));
#3652=CARTESIAN_POINT('Origin',(39.39,79.,10.));
#3653=CARTESIAN_POINT('',(39.39,24.,10.));
#3654=CARTESIAN_POINT('',(39.39,24.,19.));
#3655=CARTESIAN_POINT('',(39.39,24.,15.));
#3656=CARTESIAN_POINT('',(39.39,79.,19.));
#3657=CARTESIAN_POINT('',(39.39,51.5,19.));
#3658=CARTESIAN_POINT('',(39.39,79.,10.));
#3659=CARTESIAN_POINT('',(39.39,79.,10.));
#3660=CARTESIAN_POINT('',(39.39,2.99999999999999,10.));
#3661=CARTESIAN_POINT('Origin',(39.39,24.,19.));
#3662=CARTESIAN_POINT('',(1.25,79.,19.));
#3663=CARTESIAN_POINT('',(1.25,24.,19.));
#3664=CARTESIAN_POINT('',(1.25,13.5,19.));
#3665=CARTESIAN_POINT('',(1.32,79.,19.));
#3666=CARTESIAN_POINT('',(-5.68,79.,19.));
#3667=CARTESIAN_POINT('',(1.32,99.,19.));
#3668=CARTESIAN_POINT('',(1.32,54.,19.));
#3669=CARTESIAN_POINT('',(39.32,99.,19.));
#3670=CARTESIAN_POINT('',(20.32,99.,19.));
#3671=CARTESIAN_POINT('',(39.32,79.,19.));
#3672=CARTESIAN_POINT('',(39.32,54.,19.));
#3673=CARTESIAN_POINT('',(39.355,79.,19.));
#3674=CARTESIAN_POINT('',(55.855,24.,19.));
#3675=CARTESIAN_POINT('Origin',(-33.25,-6.00000000000002,-6.21875));
#3676=CARTESIAN_POINT('Ctrl Pts',(-33.25,-7.35152654461798,10.0625));
#3677=CARTESIAN_POINT('Ctrl Pts',(-32.4696957856479,-7.35152654461798,10.1041666666667));
#3678=CARTESIAN_POINT('Ctrl Pts',(-32.0795436784718,-6.675763272309,10.1458333333333));
#3679=CARTESIAN_POINT('Ctrl Pts',(-31.6893915712958,-6.00000000000002,10.1875));
#3680=CARTESIAN_POINT('Ctrl Pts',(-32.0795436784718,-5.32423672769104,10.2291666666667));
#3681=CARTESIAN_POINT('Ctrl Pts',(-32.4696957856479,-4.64847345538205,10.2708333333333));
#3682=CARTESIAN_POINT('Ctrl Pts',(-33.25,-4.64847345538205,10.3125));
#3683=CARTESIAN_POINT('Ctrl Pts',(-34.0303042143521,-4.64847345538205,10.3541666666667));
#3684=CARTESIAN_POINT('Ctrl Pts',(-34.4204563215281,-5.32423672769104,10.3958333333333));
#3685=CARTESIAN_POINT('Ctrl Pts',(-34.8106084287042,-6.00000000000002,10.4375));
#3686=CARTESIAN_POINT('Ctrl Pts',(-34.4204563215281,-6.675763272309,10.4791666666667));
#3687=CARTESIAN_POINT('Ctrl Pts',(-34.0303042143521,-7.35152654461798,10.5208333333333));
#3688=CARTESIAN_POINT('Ctrl Pts',(-33.25,-7.35152654461798,10.5625));
#3689=CARTESIAN_POINT('Ctrl Pts',(-33.25,-7.35152654461798,10.));
#3690=CARTESIAN_POINT('Ctrl Pts',(-32.4696957856479,-7.35152654461798,10.0416666666667));
#3691=CARTESIAN_POINT('Ctrl Pts',(-32.0795436784718,-6.675763272309,10.0833333333333));
#3692=CARTESIAN_POINT('Ctrl Pts',(-31.6893915712958,-6.00000000000002,10.125));
#3693=CARTESIAN_POINT('Ctrl Pts',(-32.0795436784718,-5.32423672769104,10.1666666666667));
#3694=CARTESIAN_POINT('Ctrl Pts',(-32.4696957856479,-4.64847345538205,10.2083333333333));
#3695=CARTESIAN_POINT('Ctrl Pts',(-33.25,-4.64847345538205,10.25));
#3696=CARTESIAN_POINT('Ctrl Pts',(-34.0303042143521,-4.64847345538205,10.2916666666667));
#3697=CARTESIAN_POINT('Ctrl Pts',(-34.4204563215281,-5.32423672769104,10.3333333333333));
#3698=CARTESIAN_POINT('Ctrl Pts',(-34.8106084287042,-6.00000000000002,10.375));
#3699=CARTESIAN_POINT('Ctrl Pts',(-34.4204563215281,-6.675763272309,10.4166666666667));
#3700=CARTESIAN_POINT('Ctrl Pts',(-34.0303042143521,-7.35152654461798,10.4583333333333));
#3701=CARTESIAN_POINT('Ctrl Pts',(-33.25,-7.35152654461798,10.5));
#3702=CARTESIAN_POINT('Ctrl Pts',(-33.25,-4.24387721205152,-5.984375));
#3703=CARTESIAN_POINT('Ctrl Pts',(-34.2638979643521,-4.24387721205152,-5.94270833333334));
#3704=CARTESIAN_POINT('Ctrl Pts',(-34.7708469465281,-5.12193860602577,-5.90104166666667));
#3705=CARTESIAN_POINT('Ctrl Pts',(-35.2777959287042,-6.00000000000002,-5.859375));
#3706=CARTESIAN_POINT('Ctrl Pts',(-34.7708469465281,-6.87806139397427,-5.81770833333334));
#3707=CARTESIAN_POINT('Ctrl Pts',(-34.2638979643521,-7.75612278794852,-5.77604166666667));
#3708=CARTESIAN_POINT('Ctrl Pts',(-33.25,-7.75612278794852,-5.734375));
#3709=CARTESIAN_POINT('Ctrl Pts',(-32.2361020356479,-7.75612278794852,-5.69270833333333));
#3710=CARTESIAN_POINT('Ctrl Pts',(-31.7291530534718,-6.87806139397427,-5.65104166666667));
#3711=CARTESIAN_POINT('Ctrl Pts',(-31.2222040712958,-6.00000000000002,-5.609375));
#3712=CARTESIAN_POINT('Ctrl Pts',(-31.7291530534718,-5.12193860602577,-5.56770833333333));
#3713=CARTESIAN_POINT('Ctrl Pts',(-32.2361020356479,-4.24387721205152,-5.52604166666667));
#3714=CARTESIAN_POINT('Ctrl Pts',(-33.25,-4.24387721205152,-5.484375));
#3715=CARTESIAN_POINT('Ctrl Pts',(-34.2638979643521,-4.24387721205152,-5.44270833333334));
#3716=CARTESIAN_POINT('Ctrl Pts',(-34.7708469465281,-5.12193860602577,-5.40104166666667));
#3717=CARTESIAN_POINT('Ctrl Pts',(-35.2777959287042,-6.00000000000002,-5.359375));
#3718=CARTESIAN_POINT('Ctrl Pts',(-34.7708469465281,-6.87806139397427,-5.31770833333334));
#3719=CARTESIAN_POINT('Ctrl Pts',(-34.2638979643521,-7.75612278794852,-5.27604166666667));
#3720=CARTESIAN_POINT('Ctrl Pts',(-33.25,-7.75612278794852,-5.234375));
#3721=CARTESIAN_POINT('Ctrl Pts',(-32.2361020356479,-7.75612278794852,-5.19270833333334));
#3722=CARTESIAN_POINT('Ctrl Pts',(-31.7291530534718,-6.87806139397427,-5.15104166666667));
#3723=CARTESIAN_POINT('Ctrl Pts',(-31.2222040712958,-6.00000000000002,-5.109375));
#3724=CARTESIAN_POINT('Ctrl Pts',(-31.7291530534718,-5.12193860602577,-5.06770833333333));
#3725=CARTESIAN_POINT('Ctrl Pts',(-32.2361020356479,-4.24387721205152,-5.02604166666667));
#3726=CARTESIAN_POINT('Ctrl Pts',(-33.25,-4.24387721205152,-4.984375));
#3727=CARTESIAN_POINT('Ctrl Pts',(-34.2638979643521,-4.24387721205152,-4.94270833333333));
#3728=CARTESIAN_POINT('Ctrl Pts',(-34.7708469465281,-5.12193860602577,-4.90104166666667));
#3729=CARTESIAN_POINT('Ctrl Pts',(-35.2777959287042,-6.00000000000002,-4.859375));
#3730=CARTESIAN_POINT('Ctrl Pts',(-34.7708469465281,-6.87806139397427,-4.81770833333333));
#3731=CARTESIAN_POINT('Ctrl Pts',(-34.2638979643521,-7.75612278794852,-4.77604166666667));
#3732=CARTESIAN_POINT('Ctrl Pts',(-33.25,-7.75612278794852,-4.734375));
#3733=CARTESIAN_POINT('Ctrl Pts',(-32.2361020356479,-7.75612278794852,-4.69270833333334));
#3734=CARTESIAN_POINT('Ctrl Pts',(-31.7291530534718,-6.87806139397427,-4.65104166666667));
#3735=CARTESIAN_POINT('Ctrl Pts',(-31.2222040712958,-6.00000000000002,-4.609375));
#3736=CARTESIAN_POINT('Ctrl Pts',(-31.7291530534718,-5.12193860602577,-4.56770833333334));
#3737=CARTESIAN_POINT('Ctrl Pts',(-32.2361020356479,-4.24387721205152,-4.52604166666667));
#3738=CARTESIAN_POINT('Ctrl Pts',(-33.25,-4.24387721205152,-4.484375));
#3739=CARTESIAN_POINT('Ctrl Pts',(-34.2638979643521,-4.24387721205152,-4.44270833333334));
#3740=CARTESIAN_POINT('Ctrl Pts',(-34.7708469465281,-5.12193860602577,-4.40104166666667));
#3741=CARTESIAN_POINT('Ctrl Pts',(-35.2777959287042,-6.00000000000002,-4.359375));
#3742=CARTESIAN_POINT('Ctrl Pts',(-34.7708469465281,-6.87806139397427,-4.31770833333333));
#3743=CARTESIAN_POINT('Ctrl Pts',(-34.2638979643521,-7.75612278794852,-4.27604166666667));
#3744=CARTESIAN_POINT('Ctrl Pts',(-33.25,-7.75612278794852,-4.234375));
#3745=CARTESIAN_POINT('Ctrl Pts',(-32.2361020356479,-7.75612278794852,-4.19270833333333));
#3746=CARTESIAN_POINT('Ctrl Pts',(-31.7291530534718,-6.87806139397427,-4.15104166666667));
#3747=CARTESIAN_POINT('Ctrl Pts',(-31.2222040712958,-6.00000000000002,-4.109375));
#3748=CARTESIAN_POINT('Ctrl Pts',(-31.7291530534718,-5.12193860602577,-4.06770833333334));
#3749=CARTESIAN_POINT('Ctrl Pts',(-32.2361020356479,-4.24387721205152,-4.02604166666667));
#3750=CARTESIAN_POINT('Ctrl Pts',(-33.25,-4.24387721205152,-3.984375));
#3751=CARTESIAN_POINT('Ctrl Pts',(-34.2638979643521,-4.24387721205152,-3.94270833333334));
#3752=CARTESIAN_POINT('Ctrl Pts',(-34.7708469465281,-5.12193860602577,-3.90104166666667));
#3753=CARTESIAN_POINT('Ctrl Pts',(-35.2777959287042,-6.00000000000002,-3.859375));
#3754=CARTESIAN_POINT('Ctrl Pts',(-34.7708469465281,-6.87806139397427,-3.81770833333333));
#3755=CARTESIAN_POINT('Ctrl Pts',(-34.2638979643521,-7.75612278794852,-3.77604166666667));
#3756=CARTESIAN_POINT('Ctrl Pts',(-33.25,-7.75612278794852,-3.734375));
#3757=CARTESIAN_POINT('Ctrl Pts',(-32.2361020356479,-7.75612278794852,-3.69270833333333));
#3758=CARTESIAN_POINT('Ctrl Pts',(-31.7291530534718,-6.87806139397427,-3.65104166666667));
#3759=CARTESIAN_POINT('Ctrl Pts',(-31.2222040712958,-6.00000000000002,-3.609375));
#3760=CARTESIAN_POINT('Ctrl Pts',(-31.7291530534718,-5.12193860602577,-3.56770833333333));
#3761=CARTESIAN_POINT('Ctrl Pts',(-32.2361020356479,-4.24387721205152,-3.52604166666667));
#3762=CARTESIAN_POINT('Ctrl Pts',(-33.25,-4.24387721205152,-3.484375));
#3763=CARTESIAN_POINT('Ctrl Pts',(-34.2638979643521,-4.24387721205152,-3.44270833333334));
#3764=CARTESIAN_POINT('Ctrl Pts',(-34.7708469465281,-5.12193860602577,-3.40104166666667));
#3765=CARTESIAN_POINT('Ctrl Pts',(-35.2777959287042,-6.00000000000002,-3.359375));
#3766=CARTESIAN_POINT('Ctrl Pts',(-34.7708469465281,-6.87806139397427,-3.31770833333334));
#3767=CARTESIAN_POINT('Ctrl Pts',(-34.2638979643521,-7.75612278794852,-3.27604166666667));
#3768=CARTESIAN_POINT('Ctrl Pts',(-33.25,-7.75612278794852,-3.234375));
#3769=CARTESIAN_POINT('Ctrl Pts',(-32.2361020356479,-7.75612278794852,-3.19270833333333));
#3770=CARTESIAN_POINT('Ctrl Pts',(-31.7291530534718,-6.87806139397427,-3.15104166666667));
#3771=CARTESIAN_POINT('Ctrl Pts',(-31.2222040712958,-6.00000000000002,-3.10937500000001));
#3772=CARTESIAN_POINT('Ctrl Pts',(-31.7291530534718,-5.12193860602577,-3.06770833333333));
#3773=CARTESIAN_POINT('Ctrl Pts',(-32.2361020356479,-4.24387721205152,-3.02604166666667));
#3774=CARTESIAN_POINT('Ctrl Pts',(-33.25,-4.24387721205152,-2.984375));
#3775=CARTESIAN_POINT('Ctrl Pts',(-34.2638979643521,-4.24387721205152,-2.94270833333333));
#3776=CARTESIAN_POINT('Ctrl Pts',(-34.7708469465281,-5.12193860602577,-2.90104166666667));
#3777=CARTESIAN_POINT('Ctrl Pts',(-35.2777959287042,-6.00000000000002,-2.859375));
#3778=CARTESIAN_POINT('Ctrl Pts',(-34.7708469465281,-6.87806139397427,-2.81770833333334));
#3779=CARTESIAN_POINT('Ctrl Pts',(-34.2638979643521,-7.75612278794852,-2.77604166666667));
#3780=CARTESIAN_POINT('Ctrl Pts',(-33.25,-7.75612278794852,-2.734375));
#3781=CARTESIAN_POINT('Ctrl Pts',(-32.2361020356479,-7.75612278794852,-2.69270833333334));
#3782=CARTESIAN_POINT('Ctrl Pts',(-31.7291530534718,-6.87806139397427,-2.65104166666667));
#3783=CARTESIAN_POINT('Ctrl Pts',(-31.2222040712958,-6.00000000000002,-2.609375));
#3784=CARTESIAN_POINT('Ctrl Pts',(-31.7291530534718,-5.12193860602577,-2.56770833333333));
#3785=CARTESIAN_POINT('Ctrl Pts',(-32.2361020356479,-4.24387721205152,-2.52604166666667));
#3786=CARTESIAN_POINT('Ctrl Pts',(-33.25,-4.24387721205152,-2.484375));
#3787=CARTESIAN_POINT('Ctrl Pts',(-34.2638979643521,-4.24387721205152,-2.44270833333333));
#3788=CARTESIAN_POINT('Ctrl Pts',(-34.7708469465281,-5.12193860602577,-2.40104166666667));
#3789=CARTESIAN_POINT('Ctrl Pts',(-35.2777959287042,-6.00000000000002,-2.359375));
#3790=CARTESIAN_POINT('Ctrl Pts',(-34.7708469465281,-6.87806139397427,-2.31770833333333));
#3791=CARTESIAN_POINT('Ctrl Pts',(-34.2638979643521,-7.75612278794852,-2.27604166666667));
#3792=CARTESIAN_POINT('Ctrl Pts',(-33.25,-7.75612278794852,-2.234375));
#3793=CARTESIAN_POINT('Ctrl Pts',(-32.2361020356479,-7.75612278794852,-2.19270833333334));
#3794=CARTESIAN_POINT('Ctrl Pts',(-31.7291530534718,-6.87806139397427,-2.15104166666667));
#3795=CARTESIAN_POINT('Ctrl Pts',(-31.2222040712958,-6.00000000000002,-2.109375));
#3796=CARTESIAN_POINT('Ctrl Pts',(-31.7291530534718,-5.12193860602577,-2.06770833333334));
#3797=CARTESIAN_POINT('Ctrl Pts',(-32.2361020356479,-4.24387721205152,-2.02604166666667));
#3798=CARTESIAN_POINT('Ctrl Pts',(-33.25,-4.24387721205152,-1.984375));
#3799=CARTESIAN_POINT('Ctrl Pts',(-34.2638979643521,-4.24387721205152,-1.94270833333333));
#3800=CARTESIAN_POINT('Ctrl Pts',(-34.7708469465281,-5.12193860602577,-1.90104166666667));
#3801=CARTESIAN_POINT('Ctrl Pts',(-35.2777959287042,-6.00000000000002,-1.859375));
#3802=CARTESIAN_POINT('Ctrl Pts',(-34.7708469465281,-6.87806139397427,-1.81770833333334));
#3803=CARTESIAN_POINT('Ctrl Pts',(-34.2638979643521,-7.75612278794852,-1.77604166666667));
#3804=CARTESIAN_POINT('Ctrl Pts',(-33.25,-7.75612278794852,-1.734375));
#3805=CARTESIAN_POINT('Ctrl Pts',(-32.2361020356479,-7.75612278794852,-1.69270833333334));
#3806=CARTESIAN_POINT('Ctrl Pts',(-31.7291530534718,-6.87806139397427,-1.65104166666667));
#3807=CARTESIAN_POINT('Ctrl Pts',(-31.2222040712958,-6.00000000000002,-1.609375));
#3808=CARTESIAN_POINT('Ctrl Pts',(-31.7291530534718,-5.12193860602577,-1.56770833333334));
#3809=CARTESIAN_POINT('Ctrl Pts',(-32.2361020356479,-4.24387721205152,-1.52604166666667));
#3810=CARTESIAN_POINT('Ctrl Pts',(-33.25,-4.24387721205152,-1.484375));
#3811=CARTESIAN_POINT('Ctrl Pts',(-34.2638979643521,-4.24387721205152,-1.44270833333334));
#3812=CARTESIAN_POINT('Ctrl Pts',(-34.7708469465281,-5.12193860602577,-1.40104166666667));
#3813=CARTESIAN_POINT('Ctrl Pts',(-35.2777959287042,-6.00000000000002,-1.359375));
#3814=CARTESIAN_POINT('Ctrl Pts',(-34.7708469465281,-6.87806139397427,-1.31770833333333));
#3815=CARTESIAN_POINT('Ctrl Pts',(-34.2638979643521,-7.75612278794852,-1.27604166666667));
#3816=CARTESIAN_POINT('Ctrl Pts',(-33.25,-7.75612278794852,-1.234375));
#3817=CARTESIAN_POINT('Ctrl Pts',(-32.2361020356479,-7.75612278794852,-1.19270833333333));
#3818=CARTESIAN_POINT('Ctrl Pts',(-31.7291530534718,-6.87806139397427,-1.15104166666667));
#3819=CARTESIAN_POINT('Ctrl Pts',(-31.2222040712958,-6.00000000000002,-1.109375));
#3820=CARTESIAN_POINT('Ctrl Pts',(-31.7291530534718,-5.12193860602577,-1.06770833333333));
#3821=CARTESIAN_POINT('Ctrl Pts',(-32.2361020356479,-4.24387721205152,-1.02604166666667));
#3822=CARTESIAN_POINT('Ctrl Pts',(-33.25,-4.24387721205152,-0.984375));
#3823=CARTESIAN_POINT('Ctrl Pts',(-34.2638979643521,-4.24387721205152,-0.942708333333335));
#3824=CARTESIAN_POINT('Ctrl Pts',(-34.7708469465281,-5.12193860602577,-0.901041666666671));
#3825=CARTESIAN_POINT('Ctrl Pts',(-35.2777959287042,-6.00000000000002,-0.859374999999998));
#3826=CARTESIAN_POINT('Ctrl Pts',(-34.7708469465281,-6.87806139397427,-0.817708333333333));
#3827=CARTESIAN_POINT('Ctrl Pts',(-34.2638979643521,-7.75612278794852,-0.776041666666669));
#3828=CARTESIAN_POINT('Ctrl Pts',(-33.25,-7.75612278794852,-0.734375000000003));
#3829=CARTESIAN_POINT('Ctrl Pts',(-32.2361020356479,-7.75612278794852,-0.692708333333336));
#3830=CARTESIAN_POINT('Ctrl Pts',(-31.7291530534718,-6.87806139397427,-0.651041666666667));
#3831=CARTESIAN_POINT('Ctrl Pts',(-31.2222040712958,-6.00000000000002,-0.609375000000001));
#3832=CARTESIAN_POINT('Ctrl Pts',(-31.7291530534718,-5.12193860602577,-0.567708333333334));
#3833=CARTESIAN_POINT('Ctrl Pts',(-32.2361020356479,-4.24387721205152,-0.526041666666668));
#3834=CARTESIAN_POINT('Ctrl Pts',(-33.25,-4.24387721205152,-0.484375000000001));
#3835=CARTESIAN_POINT('Ctrl Pts',(-34.2638979643521,-4.24387721205152,-0.442708333333335));
#3836=CARTESIAN_POINT('Ctrl Pts',(-34.7708469465281,-5.12193860602577,-0.401041666666668));
#3837=CARTESIAN_POINT('Ctrl Pts',(-35.2777959287042,-6.00000000000002,-0.359375000000002));
#3838=CARTESIAN_POINT('Ctrl Pts',(-34.7708469465281,-6.87806139397427,-0.317708333333335));
#3839=CARTESIAN_POINT('Ctrl Pts',(-34.2638979643521,-7.75612278794852,-0.276041666666671));
#3840=CARTESIAN_POINT('Ctrl Pts',(-33.25,-7.75612278794852,-0.234375000000002));
#3841=CARTESIAN_POINT('Ctrl Pts',(-32.2361020356479,-7.75612278794852,-0.192708333333333));
#3842=CARTESIAN_POINT('Ctrl Pts',(-31.7291530534718,-6.87806139397427,-0.151041666666669));
#3843=CARTESIAN_POINT('Ctrl Pts',(-31.2222040712958,-6.00000000000002,-0.109375000000003));
#3844=CARTESIAN_POINT('Ctrl Pts',(-31.7291530534718,-5.12193860602577,-0.0677083333333339));
#3845=CARTESIAN_POINT('Ctrl Pts',(-32.2361020356479,-4.24387721205152,-0.0260416666666674));
#3846=CARTESIAN_POINT('Ctrl Pts',(-33.25,-4.24387721205152,0.0156249999999991));
#3847=CARTESIAN_POINT('Ctrl Pts',(-34.2638979643521,-4.24387721205152,0.0572916666666656));
#3848=CARTESIAN_POINT('Ctrl Pts',(-34.7708469465281,-5.12193860602577,0.0989583333333321));
#3849=CARTESIAN_POINT('Ctrl Pts',(-35.2777959287042,-6.00000000000002,0.140624999999999));
#3850=CARTESIAN_POINT('Ctrl Pts',(-34.7708469465281,-6.87806139397427,0.182291666666665));
#3851=CARTESIAN_POINT('Ctrl Pts',(-34.2638979643521,-7.75612278794852,0.223958333333332));
#3852=CARTESIAN_POINT('Ctrl Pts',(-33.25,-7.75612278794852,0.265624999999998));
#3853=CARTESIAN_POINT('Ctrl Pts',(-32.2361020356479,-7.75612278794852,0.307291666666665));
#3854=CARTESIAN_POINT('Ctrl Pts',(-31.7291530534718,-6.87806139397427,0.348958333333331));
#3855=CARTESIAN_POINT('Ctrl Pts',(-31.2222040712958,-6.00000000000002,0.390624999999998));
#3856=CARTESIAN_POINT('Ctrl Pts',(-31.7291530534718,-5.12193860602577,0.432291666666667));
#3857=CARTESIAN_POINT('Ctrl Pts',(-32.2361020356479,-4.24387721205152,0.473958333333333));
#3858=CARTESIAN_POINT('Ctrl Pts',(-33.25,-4.24387721205152,0.515624999999997));
#3859=CARTESIAN_POINT('Ctrl Pts',(-34.2638979643521,-4.24387721205152,0.557291666666666));
#3860=CARTESIAN_POINT('Ctrl Pts',(-34.7708469465281,-5.12193860602577,0.598958333333331));
#3861=CARTESIAN_POINT('Ctrl Pts',(-35.2777959287042,-6.00000000000002,0.640624999999996));
#3862=CARTESIAN_POINT('Ctrl Pts',(-34.7708469465281,-6.87806139397427,0.682291666666666));
#3863=CARTESIAN_POINT('Ctrl Pts',(-34.2638979643521,-7.75612278794852,0.723958333333332));
#3864=CARTESIAN_POINT('Ctrl Pts',(-33.25,-7.75612278794852,0.765624999999998));
#3865=CARTESIAN_POINT('Ctrl Pts',(-32.2361020356479,-7.75612278794852,0.807291666666665));
#3866=CARTESIAN_POINT('Ctrl Pts',(-31.7291530534718,-6.87806139397427,0.848958333333332));
#3867=CARTESIAN_POINT('Ctrl Pts',(-31.2222040712958,-6.00000000000002,0.890624999999999));
#3868=CARTESIAN_POINT('Ctrl Pts',(-31.7291530534718,-5.12193860602577,0.932291666666666));
#3869=CARTESIAN_POINT('Ctrl Pts',(-32.2361020356479,-4.24387721205152,0.973958333333331));
#3870=CARTESIAN_POINT('Ctrl Pts',(-33.25,-4.24387721205152,1.015625));
#3871=CARTESIAN_POINT('Ctrl Pts',(-34.2638979643521,-4.24387721205152,1.05729166666667));
#3872=CARTESIAN_POINT('Ctrl Pts',(-34.7708469465281,-5.12193860602577,1.09895833333333));
#3873=CARTESIAN_POINT('Ctrl Pts',(-35.2777959287042,-6.00000000000002,1.140625));
#3874=CARTESIAN_POINT('Ctrl Pts',(-34.7708469465281,-6.87806139397427,1.18229166666667));
#3875=CARTESIAN_POINT('Ctrl Pts',(-34.2638979643521,-7.75612278794852,1.22395833333333));
#3876=CARTESIAN_POINT('Ctrl Pts',(-33.25,-7.75612278794852,1.265625));
#3877=CARTESIAN_POINT('Ctrl Pts',(-32.2361020356479,-7.75612278794852,1.30729166666667));
#3878=CARTESIAN_POINT('Ctrl Pts',(-31.7291530534718,-6.87806139397427,1.34895833333333));
#3879=CARTESIAN_POINT('Ctrl Pts',(-31.2222040712958,-6.00000000000002,1.390625));
#3880=CARTESIAN_POINT('Ctrl Pts',(-31.7291530534718,-5.12193860602577,1.43229166666666));
#3881=CARTESIAN_POINT('Ctrl Pts',(-32.2361020356479,-4.24387721205152,1.47395833333333));
#3882=CARTESIAN_POINT('Ctrl Pts',(-33.25,-4.24387721205152,1.515625));
#3883=CARTESIAN_POINT('Ctrl Pts',(-34.2638979643521,-4.24387721205152,1.55729166666666));
#3884=CARTESIAN_POINT('Ctrl Pts',(-34.7708469465281,-5.12193860602577,1.59895833333333));
#3885=CARTESIAN_POINT('Ctrl Pts',(-35.2777959287042,-6.00000000000002,1.640625));
#3886=CARTESIAN_POINT('Ctrl Pts',(-34.7708469465281,-6.87806139397427,1.68229166666666));
#3887=CARTESIAN_POINT('Ctrl Pts',(-34.2638979643521,-7.75612278794852,1.72395833333333));
#3888=CARTESIAN_POINT('Ctrl Pts',(-33.25,-7.75612278794852,1.765625));
#3889=CARTESIAN_POINT('Ctrl Pts',(-32.2361020356479,-7.75612278794852,1.80729166666667));
#3890=CARTESIAN_POINT('Ctrl Pts',(-31.7291530534718,-6.87806139397427,1.84895833333333));
#3891=CARTESIAN_POINT('Ctrl Pts',(-31.2222040712958,-6.00000000000002,1.890625));
#3892=CARTESIAN_POINT('Ctrl Pts',(-31.7291530534718,-5.12193860602577,1.93229166666666));
#3893=CARTESIAN_POINT('Ctrl Pts',(-32.2361020356479,-4.24387721205152,1.97395833333333));
#3894=CARTESIAN_POINT('Ctrl Pts',(-33.25,-4.24387721205152,2.015625));
#3895=CARTESIAN_POINT('Ctrl Pts',(-34.2638979643521,-4.24387721205152,2.05729166666666));
#3896=CARTESIAN_POINT('Ctrl Pts',(-34.7708469465281,-5.12193860602577,2.09895833333333));
#3897=CARTESIAN_POINT('Ctrl Pts',(-35.2777959287042,-6.00000000000002,2.140625));
#3898=CARTESIAN_POINT('Ctrl Pts',(-34.7708469465281,-6.87806139397427,2.18229166666666));
#3899=CARTESIAN_POINT('Ctrl Pts',(-34.2638979643521,-7.75612278794852,2.22395833333333));
#3900=CARTESIAN_POINT('Ctrl Pts',(-33.25,-7.75612278794852,2.265625));
#3901=CARTESIAN_POINT('Ctrl Pts',(-32.2361020356479,-7.75612278794852,2.30729166666667));
#3902=CARTESIAN_POINT('Ctrl Pts',(-31.7291530534718,-6.87806139397427,2.34895833333333));
#3903=CARTESIAN_POINT('Ctrl Pts',(-31.2222040712958,-6.00000000000002,2.390625));
#3904=CARTESIAN_POINT('Ctrl Pts',(-31.7291530534718,-5.12193860602577,2.43229166666667));
#3905=CARTESIAN_POINT('Ctrl Pts',(-32.2361020356479,-4.24387721205152,2.47395833333333));
#3906=CARTESIAN_POINT('Ctrl Pts',(-33.25,-4.24387721205152,2.515625));
#3907=CARTESIAN_POINT('Ctrl Pts',(-34.2638979643521,-4.24387721205152,2.55729166666666));
#3908=CARTESIAN_POINT('Ctrl Pts',(-34.7708469465281,-5.12193860602577,2.59895833333333));
#3909=CARTESIAN_POINT('Ctrl Pts',(-35.2777959287042,-6.00000000000002,2.640625));
#3910=CARTESIAN_POINT('Ctrl Pts',(-34.7708469465281,-6.87806139397427,2.68229166666667));
#3911=CARTESIAN_POINT('Ctrl Pts',(-34.2638979643521,-7.75612278794852,2.72395833333333));
#3912=CARTESIAN_POINT('Ctrl Pts',(-33.25,-7.75612278794852,2.765625));
#3913=CARTESIAN_POINT('Ctrl Pts',(-32.2361020356479,-7.75612278794852,2.80729166666667));
#3914=CARTESIAN_POINT('Ctrl Pts',(-31.7291530534718,-6.87806139397427,2.84895833333333));
#3915=CARTESIAN_POINT('Ctrl Pts',(-31.2222040712958,-6.00000000000002,2.890625));
#3916=CARTESIAN_POINT('Ctrl Pts',(-31.7291530534718,-5.12193860602577,2.93229166666667));
#3917=CARTESIAN_POINT('Ctrl Pts',(-32.2361020356479,-4.24387721205152,2.97395833333333));
#3918=CARTESIAN_POINT('Ctrl Pts',(-33.25,-4.24387721205152,3.015625));
#3919=CARTESIAN_POINT('Ctrl Pts',(-34.2638979643521,-4.24387721205152,3.05729166666667));
#3920=CARTESIAN_POINT('Ctrl Pts',(-34.7708469465281,-5.12193860602577,3.09895833333333));
#3921=CARTESIAN_POINT('Ctrl Pts',(-35.2777959287042,-6.00000000000002,3.140625));
#3922=CARTESIAN_POINT('Ctrl Pts',(-34.7708469465281,-6.87806139397427,3.18229166666667));
#3923=CARTESIAN_POINT('Ctrl Pts',(-34.2638979643521,-7.75612278794852,3.22395833333333));
#3924=CARTESIAN_POINT('Ctrl Pts',(-33.25,-7.75612278794852,3.265625));
#3925=CARTESIAN_POINT('Ctrl Pts',(-32.2361020356479,-7.75612278794852,3.30729166666667));
#3926=CARTESIAN_POINT('Ctrl Pts',(-31.7291530534718,-6.87806139397427,3.34895833333333));
#3927=CARTESIAN_POINT('Ctrl Pts',(-31.2222040712958,-6.00000000000002,3.390625));
#3928=CARTESIAN_POINT('Ctrl Pts',(-31.7291530534718,-5.12193860602577,3.43229166666667));
#3929=CARTESIAN_POINT('Ctrl Pts',(-32.2361020356479,-4.24387721205152,3.47395833333333));
#3930=CARTESIAN_POINT('Ctrl Pts',(-33.25,-4.24387721205152,3.515625));
#3931=CARTESIAN_POINT('Ctrl Pts',(-34.2638979643521,-4.24387721205152,3.55729166666667));
#3932=CARTESIAN_POINT('Ctrl Pts',(-34.7708469465281,-5.12193860602577,3.59895833333333));
#3933=CARTESIAN_POINT('Ctrl Pts',(-35.2777959287042,-6.00000000000002,3.640625));
#3934=CARTESIAN_POINT('Ctrl Pts',(-34.7708469465281,-6.87806139397427,3.68229166666667));
#3935=CARTESIAN_POINT('Ctrl Pts',(-34.2638979643521,-7.75612278794852,3.72395833333333));
#3936=CARTESIAN_POINT('Ctrl Pts',(-33.25,-7.75612278794852,3.765625));
#3937=CARTESIAN_POINT('Ctrl Pts',(-32.2361020356479,-7.75612278794852,3.80729166666666));
#3938=CARTESIAN_POINT('Ctrl Pts',(-31.7291530534718,-6.87806139397427,3.84895833333333));
#3939=CARTESIAN_POINT('Ctrl Pts',(-31.2222040712958,-6.00000000000002,3.890625));
#3940=CARTESIAN_POINT('Ctrl Pts',(-31.7291530534718,-5.12193860602577,3.93229166666667));
#3941=CARTESIAN_POINT('Ctrl Pts',(-32.2361020356479,-4.24387721205152,3.97395833333333));
#3942=CARTESIAN_POINT('Ctrl Pts',(-33.25,-4.24387721205152,4.015625));
#3943=CARTESIAN_POINT('Ctrl Pts',(-34.2638979643521,-4.24387721205152,4.05729166666666));
#3944=CARTESIAN_POINT('Ctrl Pts',(-34.7708469465281,-5.12193860602577,4.09895833333333));
#3945=CARTESIAN_POINT('Ctrl Pts',(-35.2777959287042,-6.00000000000002,4.140625));
#3946=CARTESIAN_POINT('Ctrl Pts',(-34.7708469465281,-6.87806139397427,4.18229166666666));
#3947=CARTESIAN_POINT('Ctrl Pts',(-34.2638979643521,-7.75612278794852,4.22395833333333));
#3948=CARTESIAN_POINT('Ctrl Pts',(-33.25,-7.75612278794852,4.265625));
#3949=CARTESIAN_POINT('Ctrl Pts',(-32.2361020356479,-7.75612278794852,4.30729166666667));
#3950=CARTESIAN_POINT('Ctrl Pts',(-31.7291530534718,-6.87806139397427,4.34895833333333));
#3951=CARTESIAN_POINT('Ctrl Pts',(-31.2222040712958,-6.00000000000002,4.390625));
#3952=CARTESIAN_POINT('Ctrl Pts',(-31.7291530534718,-5.12193860602577,4.43229166666666));
#3953=CARTESIAN_POINT('Ctrl Pts',(-32.2361020356479,-4.24387721205152,4.47395833333333));
#3954=CARTESIAN_POINT('Ctrl Pts',(-33.25,-4.24387721205152,4.515625));
#3955=CARTESIAN_POINT('Ctrl Pts',(-34.2638979643521,-4.24387721205152,4.55729166666666));
#3956=CARTESIAN_POINT('Ctrl Pts',(-34.7708469465281,-5.12193860602577,4.59895833333333));
#3957=CARTESIAN_POINT('Ctrl Pts',(-35.2777959287042,-6.00000000000002,4.640625));
#3958=CARTESIAN_POINT('Ctrl Pts',(-34.7708469465281,-6.87806139397427,4.68229166666666));
#3959=CARTESIAN_POINT('Ctrl Pts',(-34.2638979643521,-7.75612278794852,4.72395833333333));
#3960=CARTESIAN_POINT('Ctrl Pts',(-33.25,-7.75612278794852,4.765625));
#3961=CARTESIAN_POINT('Ctrl Pts',(-32.2361020356479,-7.75612278794852,4.80729166666667));
#3962=CARTESIAN_POINT('Ctrl Pts',(-31.7291530534718,-6.87806139397427,4.84895833333333));
#3963=CARTESIAN_POINT('Ctrl Pts',(-31.2222040712958,-6.00000000000002,4.890625));
#3964=CARTESIAN_POINT('Ctrl Pts',(-31.7291530534718,-5.12193860602577,4.93229166666667));
#3965=CARTESIAN_POINT('Ctrl Pts',(-32.2361020356479,-4.24387721205152,4.97395833333333));
#3966=CARTESIAN_POINT('Ctrl Pts',(-33.25,-4.24387721205152,5.015625));
#3967=CARTESIAN_POINT('Ctrl Pts',(-34.2638979643521,-4.24387721205152,5.05729166666667));
#3968=CARTESIAN_POINT('Ctrl Pts',(-34.7708469465281,-5.12193860602577,5.09895833333333));
#3969=CARTESIAN_POINT('Ctrl Pts',(-35.2777959287042,-6.00000000000002,5.140625));
#3970=CARTESIAN_POINT('Ctrl Pts',(-34.7708469465281,-6.87806139397427,5.18229166666667));
#3971=CARTESIAN_POINT('Ctrl Pts',(-34.2638979643521,-7.75612278794852,5.22395833333333));
#3972=CARTESIAN_POINT('Ctrl Pts',(-33.25,-7.75612278794852,5.265625));
#3973=CARTESIAN_POINT('Ctrl Pts',(-32.2361020356479,-7.75612278794852,5.30729166666666));
#3974=CARTESIAN_POINT('Ctrl Pts',(-31.7291530534718,-6.87806139397427,5.34895833333333));
#3975=CARTESIAN_POINT('Ctrl Pts',(-31.2222040712958,-6.00000000000002,5.390625));
#3976=CARTESIAN_POINT('Ctrl Pts',(-31.7291530534718,-5.12193860602577,5.43229166666667));
#3977=CARTESIAN_POINT('Ctrl Pts',(-32.2361020356479,-4.24387721205152,5.47395833333333));
#3978=CARTESIAN_POINT('Ctrl Pts',(-33.25,-4.24387721205152,5.515625));
#3979=CARTESIAN_POINT('Ctrl Pts',(-34.2638979643521,-4.24387721205152,5.55729166666667));
#3980=CARTESIAN_POINT('Ctrl Pts',(-34.7708469465281,-5.12193860602577,5.59895833333333));
#3981=CARTESIAN_POINT('Ctrl Pts',(-35.2777959287042,-6.00000000000002,5.640625));
#3982=CARTESIAN_POINT('Ctrl Pts',(-34.7708469465281,-6.87806139397427,5.68229166666666));
#3983=CARTESIAN_POINT('Ctrl Pts',(-34.2638979643521,-7.75612278794852,5.72395833333333));
#3984=CARTESIAN_POINT('Ctrl Pts',(-33.25,-7.75612278794852,5.765625));
#3985=CARTESIAN_POINT('Ctrl Pts',(-32.2361020356479,-7.75612278794852,5.80729166666667));
#3986=CARTESIAN_POINT('Ctrl Pts',(-31.7291530534718,-6.87806139397427,5.84895833333333));
#3987=CARTESIAN_POINT('Ctrl Pts',(-31.2222040712958,-6.00000000000002,5.890625));
#3988=CARTESIAN_POINT('Ctrl Pts',(-31.7291530534718,-5.12193860602577,5.93229166666666));
#3989=CARTESIAN_POINT('Ctrl Pts',(-32.2361020356479,-4.24387721205152,5.97395833333333));
#3990=CARTESIAN_POINT('Ctrl Pts',(-33.25,-4.24387721205152,6.015625));
#3991=CARTESIAN_POINT('Ctrl Pts',(-34.2638979643521,-4.24387721205152,6.05729166666666));
#3992=CARTESIAN_POINT('Ctrl Pts',(-34.7708469465281,-5.12193860602577,6.09895833333333));
#3993=CARTESIAN_POINT('Ctrl Pts',(-35.2777959287042,-6.00000000000002,6.140625));
#3994=CARTESIAN_POINT('Ctrl Pts',(-34.7708469465281,-6.87806139397427,6.18229166666667));
#3995=CARTESIAN_POINT('Ctrl Pts',(-34.2638979643521,-7.75612278794852,6.22395833333333));
#3996=CARTESIAN_POINT('Ctrl Pts',(-33.25,-7.75612278794852,6.265625));
#3997=CARTESIAN_POINT('Ctrl Pts',(-32.2361020356479,-7.75612278794852,6.30729166666667));
#3998=CARTESIAN_POINT('Ctrl Pts',(-31.7291530534718,-6.87806139397427,6.34895833333333));
#3999=CARTESIAN_POINT('Ctrl Pts',(-31.2222040712958,-6.00000000000002,6.390625));
#4000=CARTESIAN_POINT('Ctrl Pts',(-31.7291530534718,-5.12193860602577,6.43229166666667));
#4001=CARTESIAN_POINT('Ctrl Pts',(-32.2361020356479,-4.24387721205152,6.47395833333333));
#4002=CARTESIAN_POINT('Ctrl Pts',(-33.25,-4.24387721205152,6.515625));
#4003=CARTESIAN_POINT('Ctrl Pts',(-34.2638979643521,-4.24387721205152,6.55729166666666));
#4004=CARTESIAN_POINT('Ctrl Pts',(-34.7708469465281,-5.12193860602577,6.59895833333333));
#4005=CARTESIAN_POINT('Ctrl Pts',(-35.2777959287042,-6.00000000000002,6.640625));
#4006=CARTESIAN_POINT('Ctrl Pts',(-34.7708469465281,-6.87806139397427,6.68229166666667));
#4007=CARTESIAN_POINT('Ctrl Pts',(-34.2638979643521,-7.75612278794852,6.72395833333333));
#4008=CARTESIAN_POINT('Ctrl Pts',(-33.25,-7.75612278794852,6.765625));
#4009=CARTESIAN_POINT('Ctrl Pts',(-32.2361020356479,-7.75612278794852,6.80729166666667));
#4010=CARTESIAN_POINT('Ctrl Pts',(-31.7291530534718,-6.87806139397427,6.84895833333333));
#4011=CARTESIAN_POINT('Ctrl Pts',(-31.2222040712958,-6.00000000000002,6.890625));
#4012=CARTESIAN_POINT('Ctrl Pts',(-31.7291530534718,-5.12193860602577,6.93229166666667));
#4013=CARTESIAN_POINT('Ctrl Pts',(-32.2361020356479,-4.24387721205152,6.97395833333333));
#4014=CARTESIAN_POINT('Ctrl Pts',(-33.25,-4.24387721205152,7.015625));
#4015=CARTESIAN_POINT('Ctrl Pts',(-34.2638979643521,-4.24387721205152,7.05729166666667));
#4016=CARTESIAN_POINT('Ctrl Pts',(-34.7708469465281,-5.12193860602577,7.09895833333333));
#4017=CARTESIAN_POINT('Ctrl Pts',(-35.2777959287042,-6.00000000000002,7.140625));
#4018=CARTESIAN_POINT('Ctrl Pts',(-34.7708469465281,-6.87806139397427,7.18229166666667));
#4019=CARTESIAN_POINT('Ctrl Pts',(-34.2638979643521,-7.75612278794852,7.22395833333333));
#4020=CARTESIAN_POINT('Ctrl Pts',(-33.25,-7.75612278794852,7.265625));
#4021=CARTESIAN_POINT('Ctrl Pts',(-32.2361020356479,-7.75612278794852,7.30729166666667));
#4022=CARTESIAN_POINT('Ctrl Pts',(-31.7291530534718,-6.87806139397427,7.34895833333333));
#4023=CARTESIAN_POINT('Ctrl Pts',(-31.2222040712958,-6.00000000000002,7.390625));
#4024=CARTESIAN_POINT('Ctrl Pts',(-31.7291530534718,-5.12193860602577,7.43229166666667));
#4025=CARTESIAN_POINT('Ctrl Pts',(-32.2361020356479,-4.24387721205152,7.47395833333333));
#4026=CARTESIAN_POINT('Ctrl Pts',(-33.25,-4.24387721205152,7.515625));
#4027=CARTESIAN_POINT('Ctrl Pts',(-34.2638979643521,-4.24387721205152,7.55729166666666));
#4028=CARTESIAN_POINT('Ctrl Pts',(-34.7708469465281,-5.12193860602577,7.59895833333333));
#4029=CARTESIAN_POINT('Ctrl Pts',(-35.2777959287042,-6.00000000000002,7.640625));
#4030=CARTESIAN_POINT('Ctrl Pts',(-34.7708469465281,-6.87806139397427,7.68229166666667));
#4031=CARTESIAN_POINT('Ctrl Pts',(-34.2638979643521,-7.75612278794852,7.72395833333333));
#4032=CARTESIAN_POINT('Ctrl Pts',(-33.25,-7.75612278794852,7.765625));
#4033=CARTESIAN_POINT('Ctrl Pts',(-32.2361020356479,-7.75612278794852,7.80729166666667));
#4034=CARTESIAN_POINT('Ctrl Pts',(-31.7291530534718,-6.87806139397427,7.84895833333333));
#4035=CARTESIAN_POINT('Ctrl Pts',(-31.2222040712958,-6.00000000000002,7.890625));
#4036=CARTESIAN_POINT('Ctrl Pts',(-31.7291530534718,-5.12193860602577,7.93229166666666));
#4037=CARTESIAN_POINT('Ctrl Pts',(-32.2361020356479,-4.24387721205152,7.97395833333333));
#4038=CARTESIAN_POINT('Ctrl Pts',(-33.25,-4.24387721205152,8.015625));
#4039=CARTESIAN_POINT('Ctrl Pts',(-34.2638979643521,-4.24387721205152,8.05729166666666));
#4040=CARTESIAN_POINT('Ctrl Pts',(-34.7708469465281,-5.12193860602577,8.09895833333333));
#4041=CARTESIAN_POINT('Ctrl Pts',(-35.2777959287042,-6.00000000000002,8.140625));
#4042=CARTESIAN_POINT('Ctrl Pts',(-34.7708469465281,-6.87806139397427,8.18229166666667));
#4043=CARTESIAN_POINT('Ctrl Pts',(-34.2638979643521,-7.75612278794852,8.22395833333333));
#4044=CARTESIAN_POINT('Ctrl Pts',(-33.25,-7.75612278794852,8.265625));
#4045=CARTESIAN_POINT('Ctrl Pts',(-32.2361020356479,-7.75612278794852,8.30729166666666));
#4046=CARTESIAN_POINT('Ctrl Pts',(-31.7291530534718,-6.87806139397427,8.34895833333333));
#4047=CARTESIAN_POINT('Ctrl Pts',(-31.2222040712958,-6.00000000000002,8.390625));
#4048=CARTESIAN_POINT('Ctrl Pts',(-31.7291530534718,-5.12193860602577,8.43229166666666));
#4049=CARTESIAN_POINT('Ctrl Pts',(-32.2361020356479,-4.24387721205152,8.47395833333333));
#4050=CARTESIAN_POINT('Ctrl Pts',(-33.25,-4.24387721205152,8.515625));
#4051=CARTESIAN_POINT('Ctrl Pts',(-34.2638979643521,-4.24387721205152,8.55729166666667));
#4052=CARTESIAN_POINT('Ctrl Pts',(-34.7708469465281,-5.12193860602577,8.59895833333333));
#4053=CARTESIAN_POINT('Ctrl Pts',(-35.2777959287042,-6.00000000000002,8.640625));
#4054=CARTESIAN_POINT('Ctrl Pts',(-34.7708469465281,-6.87806139397427,8.68229166666667));
#4055=CARTESIAN_POINT('Ctrl Pts',(-34.2638979643521,-7.75612278794852,8.72395833333333));
#4056=CARTESIAN_POINT('Ctrl Pts',(-33.25,-7.75612278794852,8.765625));
#4057=CARTESIAN_POINT('Ctrl Pts',(-32.2361020356479,-7.75612278794852,8.80729166666667));
#4058=CARTESIAN_POINT('Ctrl Pts',(-31.7291530534718,-6.87806139397427,8.84895833333333));
#4059=CARTESIAN_POINT('Ctrl Pts',(-31.2222040712958,-6.00000000000002,8.890625));
#4060=CARTESIAN_POINT('Ctrl Pts',(-31.7291530534718,-5.12193860602577,8.93229166666666));
#4061=CARTESIAN_POINT('Ctrl Pts',(-32.2361020356479,-4.24387721205152,8.97395833333333));
#4062=CARTESIAN_POINT('Ctrl Pts',(-33.25,-4.24387721205152,9.015625));
#4063=CARTESIAN_POINT('Ctrl Pts',(-34.2638979643521,-4.24387721205152,9.05729166666667));
#4064=CARTESIAN_POINT('Ctrl Pts',(-34.7708469465281,-5.12193860602577,9.09895833333333));
#4065=CARTESIAN_POINT('Ctrl Pts',(-35.2777959287042,-6.00000000000002,9.140625));
#4066=CARTESIAN_POINT('Ctrl Pts',(-34.7708469465281,-6.87806139397427,9.18229166666667));
#4067=CARTESIAN_POINT('Ctrl Pts',(-34.2638979643521,-7.75612278794852,9.22395833333333));
#4068=CARTESIAN_POINT('Ctrl Pts',(-33.25,-7.75612278794852,9.265625));
#4069=CARTESIAN_POINT('Ctrl Pts',(-32.2361020356479,-7.75612278794852,9.30729166666667));
#4070=CARTESIAN_POINT('Ctrl Pts',(-31.7291530534718,-6.87806139397427,9.34895833333333));
#4071=CARTESIAN_POINT('Ctrl Pts',(-31.2222040712958,-6.00000000000002,9.390625));
#4072=CARTESIAN_POINT('Ctrl Pts',(-31.7291530534718,-5.12193860602577,9.43229166666666));
#4073=CARTESIAN_POINT('Ctrl Pts',(-32.2361020356479,-4.24387721205152,9.47395833333333));
#4074=CARTESIAN_POINT('Ctrl Pts',(-33.25,-4.24387721205152,9.515625));
#4075=CARTESIAN_POINT('Ctrl Pts',(-34.2638979643521,-4.24387721205152,9.55729166666666));
#4076=CARTESIAN_POINT('Ctrl Pts',(-34.7708469465281,-5.12193860602577,9.59895833333333));
#4077=CARTESIAN_POINT('Ctrl Pts',(-35.2777959287042,-6.00000000000002,9.640625));
#4078=CARTESIAN_POINT('Ctrl Pts',(-34.7708469465281,-6.87806139397427,9.68229166666666));
#4079=CARTESIAN_POINT('Ctrl Pts',(-34.2638979643521,-7.75612278794852,9.72395833333333));
#4080=CARTESIAN_POINT('Ctrl Pts',(-33.25,-7.75612278794852,9.765625));
#4081=CARTESIAN_POINT('Ctrl Pts',(-32.2361020356479,-7.75612278794852,9.80729166666667));
#4082=CARTESIAN_POINT('Ctrl Pts',(-31.7291530534718,-6.87806139397427,9.84895833333333));
#4083=CARTESIAN_POINT('Ctrl Pts',(-31.2222040712958,-6.00000000000002,9.890625));
#4084=CARTESIAN_POINT('Ctrl Pts',(-31.7291530534718,-5.12193860602577,9.93229166666666));
#4085=CARTESIAN_POINT('Ctrl Pts',(-32.2361020356479,-4.24387721205152,9.97395833333333));
#4086=CARTESIAN_POINT('Ctrl Pts',(-33.25,-4.24387721205152,10.015625));
#4087=CARTESIAN_POINT('Ctrl Pts',(-34.2638979643521,-4.24387721205152,10.0572916666667));
#4088=CARTESIAN_POINT('Ctrl Pts',(-34.7708469465281,-5.12193860602577,10.0989583333333));
#4089=CARTESIAN_POINT('Ctrl Pts',(-35.2777959287042,-6.00000000000002,10.140625));
#4090=CARTESIAN_POINT('Ctrl Pts',(-34.7708469465281,-6.87806139397427,10.1822916666667));
#4091=CARTESIAN_POINT('Ctrl Pts',(-34.2638979643521,-7.75612278794852,10.2239583333333));
#4092=CARTESIAN_POINT('Ctrl Pts',(-33.25,-7.75612278794852,10.265625));
#4093=CARTESIAN_POINT('Ctrl Pts',(-32.2361020356479,-7.75612278794852,10.3072916666667));
#4094=CARTESIAN_POINT('Ctrl Pts',(-31.7291530534718,-6.87806139397427,10.3489583333333));
#4095=CARTESIAN_POINT('Ctrl Pts',(-31.2222040712958,-6.00000000000002,10.390625));
#4096=CARTESIAN_POINT('Ctrl Pts',(-31.7291530534718,-5.12193860602577,10.4322916666667));
#4097=CARTESIAN_POINT('Ctrl Pts',(-32.2361020356479,-4.24387721205152,10.4739583333333));
#4098=CARTESIAN_POINT('Ctrl Pts',(-33.25,-4.24387721205152,10.515625));
#4099=CARTESIAN_POINT('Ctrl Pts',(-34.2638979643521,-4.24387721205152,10.5572916666667));
#4100=CARTESIAN_POINT('Ctrl Pts',(-34.7708469465281,-5.12193860602577,10.5989583333333));
#4101=CARTESIAN_POINT('Ctrl Pts',(-35.2777959287042,-6.00000000000002,10.640625));
#4102=CARTESIAN_POINT('Ctrl Pts',(-34.7708469465281,-6.87806139397427,10.6822916666667));
#4103=CARTESIAN_POINT('Ctrl Pts',(-34.2638979643521,-7.75612278794852,10.7239583333333));
#4104=CARTESIAN_POINT('Ctrl Pts',(-33.25,-7.75612278794852,10.765625));
#4105=CARTESIAN_POINT('Ctrl Pts',(-32.2361020356479,-7.75612278794852,10.8072916666667));
#4106=CARTESIAN_POINT('Ctrl Pts',(-31.7291530534718,-6.87806139397427,10.8489583333333));
#4107=CARTESIAN_POINT('Ctrl Pts',(-31.2222040712958,-6.00000000000002,10.890625));
#4108=CARTESIAN_POINT('Ctrl Pts',(-31.7291530534718,-5.12193860602577,10.9322916666667));
#4109=CARTESIAN_POINT('Ctrl Pts',(-32.2361020356479,-4.24387721205152,10.9739583333333));
#4110=CARTESIAN_POINT('Ctrl Pts',(-33.25,-4.24387721205152,11.015625));
#4111=CARTESIAN_POINT('Ctrl Pts',(-34.2638979643521,-4.24387721205152,11.0572916666667));
#4112=CARTESIAN_POINT('Ctrl Pts',(-34.7708469465281,-5.12193860602577,11.0989583333333));
#4113=CARTESIAN_POINT('Ctrl Pts',(-35.2777959287042,-6.00000000000002,11.140625));
#4114=CARTESIAN_POINT('Ctrl Pts',(-34.7708469465281,-6.87806139397427,11.1822916666667));
#4115=CARTESIAN_POINT('Ctrl Pts',(-34.2638979643521,-7.75612278794852,11.2239583333333));
#4116=CARTESIAN_POINT('Ctrl Pts',(-33.25,-7.75612278794852,11.265625));
#4117=CARTESIAN_POINT('Ctrl Pts',(-32.2361020356479,-7.75612278794852,11.3072916666667));
#4118=CARTESIAN_POINT('Ctrl Pts',(-31.7291530534718,-6.87806139397427,11.3489583333333));
#4119=CARTESIAN_POINT('Ctrl Pts',(-31.2222040712958,-6.00000000000002,11.390625));
#4120=CARTESIAN_POINT('Ctrl Pts',(-31.7291530534718,-5.12193860602577,11.4322916666667));
#4121=CARTESIAN_POINT('Ctrl Pts',(-32.2361020356479,-4.24387721205152,11.4739583333333));
#4122=CARTESIAN_POINT('Ctrl Pts',(-33.25,-4.24387721205152,11.515625));
#4123=CARTESIAN_POINT('Ctrl Pts',(-34.2638979643521,-4.24387721205152,11.5572916666667));
#4124=CARTESIAN_POINT('Ctrl Pts',(-34.7708469465281,-5.12193860602577,11.5989583333333));
#4125=CARTESIAN_POINT('Ctrl Pts',(-35.2777959287042,-6.00000000000002,11.640625));
#4126=CARTESIAN_POINT('Ctrl Pts',(-34.7708469465281,-6.87806139397427,11.6822916666667));
#4127=CARTESIAN_POINT('Ctrl Pts',(-34.2638979643521,-7.75612278794852,11.7239583333333));
#4128=CARTESIAN_POINT('Ctrl Pts',(-33.25,-7.75612278794852,11.765625));
#4129=CARTESIAN_POINT('Ctrl Pts',(-32.2361020356479,-7.75612278794852,11.8072916666667));
#4130=CARTESIAN_POINT('Ctrl Pts',(-31.7291530534718,-6.87806139397427,11.8489583333333));
#4131=CARTESIAN_POINT('Ctrl Pts',(-31.2222040712958,-6.00000000000002,11.890625));
#4132=CARTESIAN_POINT('Ctrl Pts',(-31.7291530534718,-5.12193860602577,11.9322916666667));
#4133=CARTESIAN_POINT('Ctrl Pts',(-32.2361020356479,-4.24387721205152,11.9739583333333));
#4134=CARTESIAN_POINT('Ctrl Pts',(-33.25,-4.24387721205152,12.015625));
#4135=CARTESIAN_POINT('Ctrl Pts',(-34.2638979643521,-4.24387721205152,12.0572916666667));
#4136=CARTESIAN_POINT('Ctrl Pts',(-34.7708469465281,-5.12193860602577,12.0989583333333));
#4137=CARTESIAN_POINT('Ctrl Pts',(-35.2777959287042,-6.00000000000002,12.140625));
#4138=CARTESIAN_POINT('Ctrl Pts',(-34.7708469465281,-6.87806139397427,12.1822916666667));
#4139=CARTESIAN_POINT('Ctrl Pts',(-34.2638979643521,-7.75612278794852,12.2239583333333));
#4140=CARTESIAN_POINT('Ctrl Pts',(-33.25,-7.75612278794852,12.265625));
#4141=CARTESIAN_POINT('Ctrl Pts',(-32.2361020356479,-7.75612278794852,12.3072916666667));
#4142=CARTESIAN_POINT('Ctrl Pts',(-31.7291530534718,-6.87806139397427,12.3489583333333));
#4143=CARTESIAN_POINT('Ctrl Pts',(-31.2222040712958,-6.00000000000002,12.390625));
#4144=CARTESIAN_POINT('Ctrl Pts',(-31.7291530534718,-5.12193860602577,12.4322916666667));
#4145=CARTESIAN_POINT('Ctrl Pts',(-32.2361020356479,-4.24387721205152,12.4739583333333));
#4146=CARTESIAN_POINT('Ctrl Pts',(-33.25,-4.24387721205152,12.515625));
#4147=CARTESIAN_POINT('Ctrl Pts',(-34.2638979643521,-4.24387721205152,12.5572916666667));
#4148=CARTESIAN_POINT('Ctrl Pts',(-34.7708469465281,-5.12193860602577,12.5989583333333));
#4149=CARTESIAN_POINT('Ctrl Pts',(-35.2777959287042,-6.00000000000002,12.640625));
#4150=CARTESIAN_POINT('Ctrl Pts',(-34.7708469465281,-6.87806139397427,12.6822916666667));
#4151=CARTESIAN_POINT('Ctrl Pts',(-34.2638979643521,-7.75612278794852,12.7239583333333));
#4152=CARTESIAN_POINT('Ctrl Pts',(-33.25,-7.75612278794852,12.765625));
#4153=CARTESIAN_POINT('Ctrl Pts',(-32.2361020356479,-7.75612278794852,12.8072916666667));
#4154=CARTESIAN_POINT('Ctrl Pts',(-31.7291530534718,-6.87806139397427,12.8489583333333));
#4155=CARTESIAN_POINT('Ctrl Pts',(-31.2222040712958,-6.00000000000002,12.890625));
#4156=CARTESIAN_POINT('Ctrl Pts',(-31.7291530534718,-5.12193860602577,12.9322916666667));
#4157=CARTESIAN_POINT('Ctrl Pts',(-32.2361020356479,-4.24387721205152,12.9739583333333));
#4158=CARTESIAN_POINT('Ctrl Pts',(-33.25,-4.24387721205152,13.015625));
#4159=CARTESIAN_POINT('Ctrl Pts',(-34.2638979643521,-4.24387721205152,13.0572916666667));
#4160=CARTESIAN_POINT('Ctrl Pts',(-34.7708469465281,-5.12193860602577,13.0989583333333));
#4161=CARTESIAN_POINT('Ctrl Pts',(-35.2777959287042,-6.00000000000002,13.140625));
#4162=CARTESIAN_POINT('Ctrl Pts',(-34.7708469465281,-6.87806139397427,13.1822916666667));
#4163=CARTESIAN_POINT('Ctrl Pts',(-34.2638979643521,-7.75612278794852,13.2239583333333));
#4164=CARTESIAN_POINT('Ctrl Pts',(-33.25,-7.75612278794852,13.265625));
#4165=CARTESIAN_POINT('Ctrl Pts',(-32.2361020356479,-7.75612278794852,13.3072916666667));
#4166=CARTESIAN_POINT('Ctrl Pts',(-31.7291530534718,-6.87806139397427,13.3489583333333));
#4167=CARTESIAN_POINT('Ctrl Pts',(-31.2222040712958,-6.00000000000002,13.390625));
#4168=CARTESIAN_POINT('Ctrl Pts',(-31.7291530534718,-5.12193860602577,13.4322916666667));
#4169=CARTESIAN_POINT('Ctrl Pts',(-32.2361020356479,-4.24387721205152,13.4739583333333));
#4170=CARTESIAN_POINT('Ctrl Pts',(-33.25,-4.24387721205152,13.515625));
#4171=CARTESIAN_POINT('Ctrl Pts',(-34.2638979643521,-4.24387721205152,13.5572916666667));
#4172=CARTESIAN_POINT('Ctrl Pts',(-34.7708469465281,-5.12193860602577,13.5989583333333));
#4173=CARTESIAN_POINT('Ctrl Pts',(-35.2777959287042,-6.00000000000002,13.640625));
#4174=CARTESIAN_POINT('Ctrl Pts',(-34.7708469465281,-6.87806139397427,13.6822916666667));
#4175=CARTESIAN_POINT('Ctrl Pts',(-34.2638979643521,-7.75612278794852,13.7239583333333));
#4176=CARTESIAN_POINT('Ctrl Pts',(-33.25,-7.75612278794852,13.765625));
#4177=CARTESIAN_POINT('Ctrl Pts',(-32.2361020356479,-7.75612278794852,13.8072916666667));
#4178=CARTESIAN_POINT('Ctrl Pts',(-31.7291530534718,-6.87806139397427,13.8489583333333));
#4179=CARTESIAN_POINT('Ctrl Pts',(-31.2222040712958,-6.00000000000002,13.890625));
#4180=CARTESIAN_POINT('Ctrl Pts',(-31.7291530534718,-5.12193860602577,13.9322916666667));
#4181=CARTESIAN_POINT('Ctrl Pts',(-32.2361020356479,-4.24387721205152,13.9739583333333));
#4182=CARTESIAN_POINT('Ctrl Pts',(-33.25,-4.24387721205152,14.015625));
#4183=CARTESIAN_POINT('Ctrl Pts',(-34.2638979643521,-4.24387721205152,14.0572916666667));
#4184=CARTESIAN_POINT('Ctrl Pts',(-34.7708469465281,-5.12193860602577,14.0989583333333));
#4185=CARTESIAN_POINT('Ctrl Pts',(-35.2777959287042,-6.00000000000002,14.140625));
#4186=CARTESIAN_POINT('Ctrl Pts',(-34.7708469465281,-6.87806139397427,14.1822916666667));
#4187=CARTESIAN_POINT('Ctrl Pts',(-34.2638979643521,-7.75612278794852,14.2239583333333));
#4188=CARTESIAN_POINT('Ctrl Pts',(-33.25,-7.75612278794852,14.265625));
#4189=CARTESIAN_POINT('Ctrl Pts',(-32.2361020356479,-7.75612278794852,14.3072916666667));
#4190=CARTESIAN_POINT('Ctrl Pts',(-31.7291530534718,-6.87806139397427,14.3489583333333));
#4191=CARTESIAN_POINT('Ctrl Pts',(-31.2222040712958,-6.00000000000002,14.390625));
#4192=CARTESIAN_POINT('Ctrl Pts',(-31.7291530534718,-5.12193860602577,14.4322916666667));
#4193=CARTESIAN_POINT('Ctrl Pts',(-32.2361020356479,-4.24387721205152,14.4739583333333));
#4194=CARTESIAN_POINT('Ctrl Pts',(-33.25,-4.24387721205152,14.515625));
#4195=CARTESIAN_POINT('Ctrl Pts',(-34.2638979643521,-4.24387721205152,14.5572916666667));
#4196=CARTESIAN_POINT('Ctrl Pts',(-34.7708469465281,-5.12193860602577,14.5989583333333));
#4197=CARTESIAN_POINT('Ctrl Pts',(-35.2777959287042,-6.00000000000002,14.640625));
#4198=CARTESIAN_POINT('Ctrl Pts',(-34.7708469465281,-6.87806139397427,14.6822916666667));
#4199=CARTESIAN_POINT('Ctrl Pts',(-34.2638979643521,-7.75612278794852,14.7239583333333));
#4200=CARTESIAN_POINT('Ctrl Pts',(-33.25,-7.75612278794852,14.765625));
#4201=CARTESIAN_POINT('Ctrl Pts',(-32.2361020356479,-7.75612278794852,14.8072916666667));
#4202=CARTESIAN_POINT('Ctrl Pts',(-31.7291530534718,-6.87806139397427,14.8489583333333));
#4203=CARTESIAN_POINT('Ctrl Pts',(-31.2222040712958,-6.00000000000002,14.890625));
#4204=CARTESIAN_POINT('Ctrl Pts',(-31.7291530534718,-5.12193860602577,14.9322916666667));
#4205=CARTESIAN_POINT('Ctrl Pts',(-32.2361020356479,-4.24387721205152,14.9739583333333));
#4206=CARTESIAN_POINT('Ctrl Pts',(-33.25,-4.24387721205152,15.015625));
#4207=CARTESIAN_POINT('Ctrl Pts',(-34.2638979643521,-4.24387721205152,15.0572916666667));
#4208=CARTESIAN_POINT('Ctrl Pts',(-34.7708469465281,-5.12193860602577,15.0989583333333));
#4209=CARTESIAN_POINT('Ctrl Pts',(-35.2777959287042,-6.00000000000002,15.140625));
#4210=CARTESIAN_POINT('Ctrl Pts',(-34.7708469465281,-6.87806139397427,15.1822916666667));
#4211=CARTESIAN_POINT('Ctrl Pts',(-34.2638979643521,-7.75612278794852,15.2239583333333));
#4212=CARTESIAN_POINT('Ctrl Pts',(-33.25,-7.75612278794852,15.265625));
#4213=CARTESIAN_POINT('Ctrl Pts',(-32.2361020356479,-7.75612278794852,15.3072916666667));
#4214=CARTESIAN_POINT('Ctrl Pts',(-31.7291530534718,-6.87806139397427,15.3489583333333));
#4215=CARTESIAN_POINT('Ctrl Pts',(-31.2222040712958,-6.00000000000002,15.390625));
#4216=CARTESIAN_POINT('Ctrl Pts',(-31.7291530534718,-5.12193860602577,15.4322916666667));
#4217=CARTESIAN_POINT('Ctrl Pts',(-32.2361020356479,-4.24387721205152,15.4739583333333));
#4218=CARTESIAN_POINT('Ctrl Pts',(-33.25,-4.24387721205152,15.515625));
#4219=CARTESIAN_POINT('Ctrl Pts',(-34.2638979643521,-4.24387721205152,15.5572916666667));
#4220=CARTESIAN_POINT('Ctrl Pts',(-34.7708469465281,-5.12193860602577,15.5989583333333));
#4221=CARTESIAN_POINT('Ctrl Pts',(-35.2777959287042,-6.00000000000002,15.640625));
#4222=CARTESIAN_POINT('Ctrl Pts',(-34.7708469465281,-6.87806139397427,15.6822916666667));
#4223=CARTESIAN_POINT('Ctrl Pts',(-34.2638979643521,-7.75612278794852,15.7239583333333));
#4224=CARTESIAN_POINT('Ctrl Pts',(-33.25,-7.75612278794852,15.765625));
#4225=CARTESIAN_POINT('Ctrl Pts',(-32.2361020356479,-7.75612278794852,15.8072916666667));
#4226=CARTESIAN_POINT('Ctrl Pts',(-31.7291530534718,-6.87806139397427,15.8489583333333));
#4227=CARTESIAN_POINT('Ctrl Pts',(-31.2222040712958,-6.00000000000002,15.890625));
#4228=CARTESIAN_POINT('Ctrl Pts',(-31.7291530534718,-5.12193860602577,15.9322916666667));
#4229=CARTESIAN_POINT('Ctrl Pts',(-32.2361020356479,-4.24387721205152,15.9739583333333));
#4230=CARTESIAN_POINT('Ctrl Pts',(-33.25,-4.24387721205152,16.015625));
#4231=CARTESIAN_POINT('Ctrl Pts',(-34.2638979643521,-4.24387721205152,16.0572916666667));
#4232=CARTESIAN_POINT('Ctrl Pts',(-34.7708469465281,-5.12193860602577,16.0989583333333));
#4233=CARTESIAN_POINT('Ctrl Pts',(-35.2777959287042,-6.00000000000002,16.140625));
#4234=CARTESIAN_POINT('Ctrl Pts',(-34.7708469465281,-6.87806139397427,16.1822916666667));
#4235=CARTESIAN_POINT('Ctrl Pts',(-34.2638979643521,-7.75612278794852,16.2239583333333));
#4236=CARTESIAN_POINT('Ctrl Pts',(-33.25,-7.75612278794852,16.265625));
#4237=CARTESIAN_POINT('Ctrl Pts',(-32.2361020356479,-7.75612278794852,16.3072916666667));
#4238=CARTESIAN_POINT('Ctrl Pts',(-31.7291530534718,-6.87806139397427,16.3489583333333));
#4239=CARTESIAN_POINT('Ctrl Pts',(-31.2222040712958,-6.00000000000002,16.390625));
#4240=CARTESIAN_POINT('Ctrl Pts',(-31.7291530534718,-5.12193860602577,16.4322916666667));
#4241=CARTESIAN_POINT('Ctrl Pts',(-32.2361020356479,-4.24387721205152,16.4739583333333));
#4242=CARTESIAN_POINT('Ctrl Pts',(-33.25,-4.24387721205152,16.515625));
#4243=CARTESIAN_POINT('Ctrl Pts',(-34.2638979643521,-4.24387721205152,16.5572916666667));
#4244=CARTESIAN_POINT('Ctrl Pts',(-34.7708469465281,-5.12193860602577,16.5989583333333));
#4245=CARTESIAN_POINT('Ctrl Pts',(-35.2777959287042,-6.00000000000002,16.640625));
#4246=CARTESIAN_POINT('Ctrl Pts',(-34.7708469465281,-6.87806139397427,16.6822916666667));
#4247=CARTESIAN_POINT('Ctrl Pts',(-34.2638979643521,-7.75612278794852,16.7239583333333));
#4248=CARTESIAN_POINT('Ctrl Pts',(-33.25,-7.75612278794852,16.765625));
#4249=CARTESIAN_POINT('Ctrl Pts',(-32.2361020356479,-7.75612278794852,16.8072916666667));
#4250=CARTESIAN_POINT('Ctrl Pts',(-31.7291530534718,-6.87806139397427,16.8489583333333));
#4251=CARTESIAN_POINT('Ctrl Pts',(-31.2222040712958,-6.00000000000002,16.890625));
#4252=CARTESIAN_POINT('Ctrl Pts',(-31.7291530534718,-5.12193860602577,16.9322916666667));
#4253=CARTESIAN_POINT('Ctrl Pts',(-32.2361020356479,-4.24387721205152,16.9739583333333));
#4254=CARTESIAN_POINT('Ctrl Pts',(-33.25,-4.24387721205152,17.015625));
#4255=CARTESIAN_POINT('Ctrl Pts',(-34.2638979643521,-4.24387721205152,17.0572916666667));
#4256=CARTESIAN_POINT('Ctrl Pts',(-34.7708469465281,-5.12193860602577,17.0989583333333));
#4257=CARTESIAN_POINT('Ctrl Pts',(-35.2777959287042,-6.00000000000002,17.140625));
#4258=CARTESIAN_POINT('Ctrl Pts',(-34.7708469465281,-6.87806139397427,17.1822916666667));
#4259=CARTESIAN_POINT('Ctrl Pts',(-34.2638979643521,-7.75612278794852,17.2239583333333));
#4260=CARTESIAN_POINT('Ctrl Pts',(-33.25,-7.75612278794852,17.265625));
#4261=CARTESIAN_POINT('Ctrl Pts',(-32.2361020356479,-7.75612278794852,17.3072916666667));
#4262=CARTESIAN_POINT('Ctrl Pts',(-31.7291530534718,-6.87806139397427,17.3489583333333));
#4263=CARTESIAN_POINT('Ctrl Pts',(-31.2222040712958,-6.00000000000002,17.390625));
#4264=CARTESIAN_POINT('Ctrl Pts',(-31.7291530534718,-5.12193860602577,17.4322916666667));
#4265=CARTESIAN_POINT('Ctrl Pts',(-32.2361020356479,-4.24387721205152,17.4739583333333));
#4266=CARTESIAN_POINT('Ctrl Pts',(-33.25,-4.24387721205152,17.515625));
#4267=CARTESIAN_POINT('Ctrl Pts',(-34.2638979643521,-4.24387721205152,17.5572916666667));
#4268=CARTESIAN_POINT('Ctrl Pts',(-34.7708469465281,-5.12193860602577,17.5989583333333));
#4269=CARTESIAN_POINT('Ctrl Pts',(-35.2777959287042,-6.00000000000002,17.640625));
#4270=CARTESIAN_POINT('Ctrl Pts',(-34.7708469465281,-6.87806139397427,17.6822916666667));
#4271=CARTESIAN_POINT('Ctrl Pts',(-34.2638979643521,-7.75612278794852,17.7239583333333));
#4272=CARTESIAN_POINT('Ctrl Pts',(-33.25,-7.75612278794852,17.765625));
#4273=CARTESIAN_POINT('Ctrl Pts',(-32.2361020356479,-7.75612278794852,17.8072916666667));
#4274=CARTESIAN_POINT('Ctrl Pts',(-31.7291530534718,-6.87806139397427,17.8489583333333));
#4275=CARTESIAN_POINT('Ctrl Pts',(-31.2222040712958,-6.00000000000002,17.890625));
#4276=CARTESIAN_POINT('Ctrl Pts',(-31.7291530534718,-5.12193860602577,17.9322916666667));
#4277=CARTESIAN_POINT('Ctrl Pts',(-32.2361020356479,-4.24387721205152,17.9739583333333));
#4278=CARTESIAN_POINT('Ctrl Pts',(-33.25,-4.24387721205152,18.015625));
#4279=CARTESIAN_POINT('Ctrl Pts',(-34.2638979643521,-4.24387721205152,18.0572916666667));
#4280=CARTESIAN_POINT('Ctrl Pts',(-34.7708469465281,-5.12193860602577,18.0989583333333));
#4281=CARTESIAN_POINT('Ctrl Pts',(-35.2777959287042,-6.00000000000002,18.140625));
#4282=CARTESIAN_POINT('Ctrl Pts',(-34.7708469465281,-6.87806139397427,18.1822916666667));
#4283=CARTESIAN_POINT('Ctrl Pts',(-34.2638979643521,-7.75612278794852,18.2239583333333));
#4284=CARTESIAN_POINT('Ctrl Pts',(-33.25,-7.75612278794852,18.265625));
#4285=CARTESIAN_POINT('Ctrl Pts',(-32.2361020356479,-7.75612278794852,18.3072916666667));
#4286=CARTESIAN_POINT('Ctrl Pts',(-31.7291530534718,-6.87806139397427,18.3489583333333));
#4287=CARTESIAN_POINT('Ctrl Pts',(-31.2222040712958,-6.00000000000002,18.390625));
#4288=CARTESIAN_POINT('Ctrl Pts',(-31.7291530534718,-5.12193860602577,18.4322916666667));
#4289=CARTESIAN_POINT('Ctrl Pts',(-32.2361020356479,-4.24387721205152,18.4739583333333));
#4290=CARTESIAN_POINT('Ctrl Pts',(-33.25,-4.24387721205152,18.515625));
#4291=CARTESIAN_POINT('Ctrl Pts',(-34.2638979643521,-4.24387721205152,18.5572916666667));
#4292=CARTESIAN_POINT('Ctrl Pts',(-34.7708469465281,-5.12193860602577,18.5989583333333));
#4293=CARTESIAN_POINT('Ctrl Pts',(-35.2777959287042,-6.00000000000002,18.640625));
#4294=CARTESIAN_POINT('Ctrl Pts',(-34.7708469465281,-6.87806139397427,18.6822916666667));
#4295=CARTESIAN_POINT('Ctrl Pts',(-34.2638979643521,-7.75612278794852,18.7239583333333));
#4296=CARTESIAN_POINT('Ctrl Pts',(-33.25,-7.75612278794852,18.765625));
#4297=CARTESIAN_POINT('Ctrl Pts',(-32.2361020356479,-7.75612278794852,18.8072916666667));
#4298=CARTESIAN_POINT('Ctrl Pts',(-31.7291530534718,-6.87806139397427,18.8489583333333));
#4299=CARTESIAN_POINT('Ctrl Pts',(-31.2222040712958,-6.00000000000002,18.890625));
#4300=CARTESIAN_POINT('Ctrl Pts',(-31.7291530534718,-5.12193860602577,18.9322916666667));
#4301=CARTESIAN_POINT('Ctrl Pts',(-32.2361020356479,-4.24387721205152,18.9739583333333));
#4302=CARTESIAN_POINT('Ctrl Pts',(-33.25,-4.24387721205152,19.015625));
#4303=CARTESIAN_POINT('Ctrl Pts',(-34.2638979643521,-4.24387721205152,19.0572916666667));
#4304=CARTESIAN_POINT('Ctrl Pts',(-34.7708469465281,-5.12193860602577,19.0989583333333));
#4305=CARTESIAN_POINT('Ctrl Pts',(-35.2777959287042,-6.00000000000002,19.140625));
#4306=CARTESIAN_POINT('Ctrl Pts',(-34.7708469465281,-6.87806139397427,19.1822916666667));
#4307=CARTESIAN_POINT('Ctrl Pts',(-34.2638979643521,-7.75612278794852,19.2239583333333));
#4308=CARTESIAN_POINT('Ctrl Pts',(-33.25,-7.75612278794852,19.265625));
#4309=CARTESIAN_POINT('Ctrl Pts',(-32.2361020356479,-7.75612278794852,19.3072916666667));
#4310=CARTESIAN_POINT('Ctrl Pts',(-31.7291530534718,-6.87806139397427,19.3489583333333));
#4311=CARTESIAN_POINT('Ctrl Pts',(-31.2222040712958,-6.00000000000002,19.390625));
#4312=CARTESIAN_POINT('Ctrl Pts',(-31.7291530534718,-5.12193860602577,19.4322916666667));
#4313=CARTESIAN_POINT('Ctrl Pts',(-32.2361020356479,-4.24387721205152,19.4739583333333));
#4314=CARTESIAN_POINT('Ctrl Pts',(-33.25,-4.24387721205152,19.515625));
#4315=CARTESIAN_POINT('Ctrl Pts',(-34.2638979643521,-4.24387721205152,19.5572916666667));
#4316=CARTESIAN_POINT('Ctrl Pts',(-34.7708469465281,-5.12193860602577,19.5989583333333));
#4317=CARTESIAN_POINT('Ctrl Pts',(-35.2777959287042,-6.00000000000002,19.640625));
#4318=CARTESIAN_POINT('Ctrl Pts',(-34.7708469465281,-6.87806139397427,19.6822916666667));
#4319=CARTESIAN_POINT('Ctrl Pts',(-34.2638979643521,-7.75612278794852,19.7239583333333));
#4320=CARTESIAN_POINT('Ctrl Pts',(-33.25,-7.75612278794852,19.765625));
#4321=CARTESIAN_POINT('Ctrl Pts',(-32.2361020356479,-7.75612278794852,19.8072916666667));
#4322=CARTESIAN_POINT('Ctrl Pts',(-31.7291530534718,-6.87806139397427,19.8489583333333));
#4323=CARTESIAN_POINT('Ctrl Pts',(-31.2222040712958,-6.00000000000002,19.890625));
#4324=CARTESIAN_POINT('Ctrl Pts',(-31.7291530534718,-5.12193860602577,19.9322916666667));
#4325=CARTESIAN_POINT('Ctrl Pts',(-32.2361020356479,-4.24387721205152,19.9739583333333));
#4326=CARTESIAN_POINT('Ctrl Pts',(-33.25,-4.24387721205152,20.015625));
#4327=CARTESIAN_POINT('Ctrl Pts',(-34.2638979643521,-4.24387721205152,20.0572916666667));
#4328=CARTESIAN_POINT('Ctrl Pts',(-34.7708469465281,-5.12193860602577,20.0989583333333));
#4329=CARTESIAN_POINT('Ctrl Pts',(-35.2777959287042,-6.00000000000002,20.140625));
#4330=CARTESIAN_POINT('Ctrl Pts',(-34.7708469465281,-6.87806139397427,20.1822916666667));
#4331=CARTESIAN_POINT('Ctrl Pts',(-34.2638979643521,-7.75612278794852,20.2239583333333));
#4332=CARTESIAN_POINT('Ctrl Pts',(-33.25,-7.75612278794852,20.265625));
#4333=CARTESIAN_POINT('Ctrl Pts',(-32.2361020356479,-7.75612278794852,20.3072916666667));
#4334=CARTESIAN_POINT('Ctrl Pts',(-31.7291530534718,-6.87806139397427,20.3489583333333));
#4335=CARTESIAN_POINT('Ctrl Pts',(-31.2222040712958,-6.00000000000002,20.390625));
#4336=CARTESIAN_POINT('Ctrl Pts',(-31.7291530534718,-5.12193860602577,20.4322916666667));
#4337=CARTESIAN_POINT('Ctrl Pts',(-32.2361020356479,-4.24387721205152,20.4739583333333));
#4338=CARTESIAN_POINT('Ctrl Pts',(-33.25,-4.24387721205152,20.515625));
#4339=CARTESIAN_POINT('Ctrl Pts',(-34.2638979643521,-4.24387721205152,20.5572916666667));
#4340=CARTESIAN_POINT('Ctrl Pts',(-34.7708469465281,-5.12193860602577,20.5989583333333));
#4341=CARTESIAN_POINT('Ctrl Pts',(-35.2777959287042,-6.00000000000002,20.640625));
#4342=CARTESIAN_POINT('Ctrl Pts',(-34.7708469465281,-6.87806139397427,20.6822916666667));
#4343=CARTESIAN_POINT('Ctrl Pts',(-34.2638979643521,-7.75612278794852,20.7239583333333));
#4344=CARTESIAN_POINT('Ctrl Pts',(-33.25,-7.75612278794852,20.765625));
#4345=CARTESIAN_POINT('Ctrl Pts',(-32.2361020356479,-7.75612278794852,20.8072916666667));
#4346=CARTESIAN_POINT('Ctrl Pts',(-31.7291530534718,-6.87806139397427,20.8489583333333));
#4347=CARTESIAN_POINT('Ctrl Pts',(-31.2222040712958,-6.00000000000002,20.890625));
#4348=CARTESIAN_POINT('Ctrl Pts',(-31.7291530534718,-5.12193860602577,20.9322916666667));
#4349=CARTESIAN_POINT('Ctrl Pts',(-32.2361020356479,-4.24387721205152,20.9739583333333));
#4350=CARTESIAN_POINT('Ctrl Pts',(-33.25,-4.24387721205152,21.015625));
#4351=CARTESIAN_POINT('Ctrl Pts',(-34.2638979643521,-4.24387721205152,21.0572916666667));
#4352=CARTESIAN_POINT('Ctrl Pts',(-34.7708469465281,-5.12193860602577,21.0989583333333));
#4353=CARTESIAN_POINT('Ctrl Pts',(-35.2777959287042,-6.00000000000002,21.140625));
#4354=CARTESIAN_POINT('Ctrl Pts',(-34.7708469465281,-6.87806139397427,21.1822916666667));
#4355=CARTESIAN_POINT('Ctrl Pts',(-34.2638979643521,-7.75612278794852,21.2239583333333));
#4356=CARTESIAN_POINT('Ctrl Pts',(-33.25,-7.75612278794852,21.265625));
#4357=CARTESIAN_POINT('Ctrl Pts',(-32.2361020356479,-7.75612278794852,21.3072916666667));
#4358=CARTESIAN_POINT('Ctrl Pts',(-31.7291530534718,-6.87806139397427,21.3489583333333));
#4359=CARTESIAN_POINT('Ctrl Pts',(-31.2222040712958,-6.00000000000002,21.390625));
#4360=CARTESIAN_POINT('Ctrl Pts',(-31.7291530534718,-5.12193860602577,21.4322916666667));
#4361=CARTESIAN_POINT('Ctrl Pts',(-32.2361020356479,-4.24387721205152,21.4739583333333));
#4362=CARTESIAN_POINT('Ctrl Pts',(-33.25,-4.24387721205152,21.515625));
#4363=CARTESIAN_POINT('Ctrl Pts',(-34.2638979643521,-4.24387721205152,21.5572916666667));
#4364=CARTESIAN_POINT('Ctrl Pts',(-34.7708469465281,-5.12193860602577,21.5989583333333));
#4365=CARTESIAN_POINT('Ctrl Pts',(-35.2777959287042,-6.00000000000002,21.640625));
#4366=CARTESIAN_POINT('Ctrl Pts',(-34.7708469465281,-6.87806139397427,21.6822916666667));
#4367=CARTESIAN_POINT('Ctrl Pts',(-34.2638979643521,-7.75612278794852,21.7239583333333));
#4368=CARTESIAN_POINT('Ctrl Pts',(-33.25,-7.75612278794852,21.765625));
#4369=CARTESIAN_POINT('Ctrl Pts',(-32.2361020356479,-7.75612278794852,21.8072916666667));
#4370=CARTESIAN_POINT('Ctrl Pts',(-31.7291530534718,-6.87806139397427,21.8489583333333));
#4371=CARTESIAN_POINT('Ctrl Pts',(-31.2222040712958,-6.00000000000002,21.890625));
#4372=CARTESIAN_POINT('Ctrl Pts',(-31.7291530534718,-5.12193860602577,21.9322916666667));
#4373=CARTESIAN_POINT('Ctrl Pts',(-32.2361020356479,-4.24387721205152,21.9739583333333));
#4374=CARTESIAN_POINT('Ctrl Pts',(-33.25,-4.24387721205152,22.015625));
#4375=CARTESIAN_POINT('Ctrl Pts',(-34.2638979643521,-4.24387721205152,22.0572916666667));
#4376=CARTESIAN_POINT('Ctrl Pts',(-34.7708469465281,-5.12193860602576,22.0989583333333));
#4377=CARTESIAN_POINT('Ctrl Pts',(-35.2777959287042,-6.00000000000002,22.140625));
#4378=CARTESIAN_POINT('Ctrl Pts',(-34.7708469465281,-6.87806139397427,22.1822916666667));
#4379=CARTESIAN_POINT('Ctrl Pts',(-34.2638979643521,-7.75612278794852,22.2239583333333));
#4380=CARTESIAN_POINT('Ctrl Pts',(-33.25,-7.75612278794852,22.265625));
#4381=CARTESIAN_POINT('Ctrl Pts',(-32.2361020356479,-7.75612278794852,22.3072916666667));
#4382=CARTESIAN_POINT('Ctrl Pts',(-31.7291530534718,-6.87806139397427,22.3489583333333));
#4383=CARTESIAN_POINT('Ctrl Pts',(-31.2222040712958,-6.00000000000002,22.390625));
#4384=CARTESIAN_POINT('Ctrl Pts',(-31.7291530534718,-5.12193860602577,22.4322916666667));
#4385=CARTESIAN_POINT('Ctrl Pts',(-32.2361020356479,-4.24387721205152,22.4739583333333));
#4386=CARTESIAN_POINT('Ctrl Pts',(-33.25,-4.24387721205152,22.515625));
#4387=CARTESIAN_POINT('Ctrl Pts',(-34.2638979643521,-4.24387721205152,22.5572916666667));
#4388=CARTESIAN_POINT('Ctrl Pts',(-34.7708469465281,-5.12193860602576,22.5989583333333));
#4389=CARTESIAN_POINT('Ctrl Pts',(-35.2777959287042,-6.00000000000002,22.640625));
#4390=CARTESIAN_POINT('Ctrl Pts',(-34.7708469465281,-6.87806139397427,22.6822916666667));
#4391=CARTESIAN_POINT('Ctrl Pts',(-34.2638979643521,-7.75612278794852,22.7239583333333));
#4392=CARTESIAN_POINT('Ctrl Pts',(-33.25,-7.75612278794852,22.765625));
#4393=CARTESIAN_POINT('Ctrl Pts',(-32.2361020356479,-7.75612278794852,22.8072916666667));
#4394=CARTESIAN_POINT('Ctrl Pts',(-31.7291530534718,-6.87806139397427,22.8489583333333));
#4395=CARTESIAN_POINT('Ctrl Pts',(-31.2222040712958,-6.00000000000002,22.890625));
#4396=CARTESIAN_POINT('Ctrl Pts',(-31.7291530534718,-5.12193860602577,22.9322916666667));
#4397=CARTESIAN_POINT('Ctrl Pts',(-32.2361020356479,-4.24387721205152,22.9739583333333));
#4398=CARTESIAN_POINT('Ctrl Pts',(-33.25,-4.24387721205152,23.015625));
#4399=CARTESIAN_POINT('Ctrl Pts',(-34.2638979643521,-4.24387721205152,23.0572916666667));
#4400=CARTESIAN_POINT('Ctrl Pts',(-34.7708469465281,-5.12193860602576,23.0989583333333));
#4401=CARTESIAN_POINT('Ctrl Pts',(-35.2777959287042,-6.00000000000002,23.140625));
#4402=CARTESIAN_POINT('Ctrl Pts',(-34.7708469465281,-6.87806139397427,23.1822916666667));
#4403=CARTESIAN_POINT('Ctrl Pts',(-34.2638979643521,-7.75612278794852,23.2239583333333));
#4404=CARTESIAN_POINT('Ctrl Pts',(-33.25,-7.75612278794852,23.265625));
#4405=CARTESIAN_POINT('Ctrl Pts',(-32.2361020356479,-7.75612278794852,23.3072916666667));
#4406=CARTESIAN_POINT('Ctrl Pts',(-31.7291530534718,-6.87806139397427,23.3489583333333));
#4407=CARTESIAN_POINT('Ctrl Pts',(-31.2222040712958,-6.00000000000002,23.390625));
#4408=CARTESIAN_POINT('Ctrl Pts',(-31.7291530534718,-5.12193860602577,23.4322916666667));
#4409=CARTESIAN_POINT('Ctrl Pts',(-32.2361020356479,-4.24387721205152,23.4739583333333));
#4410=CARTESIAN_POINT('Ctrl Pts',(-33.25,-4.24387721205152,23.515625));
#4411=CARTESIAN_POINT('Ctrl Pts',(-34.2638979643521,-4.24387721205152,23.5572916666667));
#4412=CARTESIAN_POINT('Ctrl Pts',(-34.7708469465281,-5.12193860602576,23.5989583333333));
#4413=CARTESIAN_POINT('Ctrl Pts',(-35.2777959287042,-6.00000000000002,23.640625));
#4414=CARTESIAN_POINT('Ctrl Pts',(-34.7708469465281,-6.87806139397427,23.6822916666667));
#4415=CARTESIAN_POINT('Ctrl Pts',(-34.2638979643521,-7.75612278794852,23.7239583333333));
#4416=CARTESIAN_POINT('Ctrl Pts',(-33.25,-7.75612278794852,23.765625));
#4417=CARTESIAN_POINT('Ctrl Pts',(-32.2361020356479,-7.75612278794852,23.8072916666667));
#4418=CARTESIAN_POINT('Ctrl Pts',(-31.7291530534718,-6.87806139397427,23.8489583333333));
#4419=CARTESIAN_POINT('Ctrl Pts',(-31.2222040712958,-6.00000000000002,23.890625));
#4420=CARTESIAN_POINT('Ctrl Pts',(-31.7291530534718,-5.12193860602577,23.9322916666667));
#4421=CARTESIAN_POINT('Ctrl Pts',(-32.2361020356479,-4.24387721205152,23.9739583333333));
#4422=CARTESIAN_POINT('Ctrl Pts',(-33.25,-4.24387721205152,24.015625));
#4423=CARTESIAN_POINT('Ctrl Pts',(-34.2638979643521,-4.24387721205152,24.0572916666667));
#4424=CARTESIAN_POINT('Ctrl Pts',(-34.7708469465281,-5.12193860602576,24.0989583333333));
#4425=CARTESIAN_POINT('Ctrl Pts',(-35.2777959287042,-6.00000000000002,24.140625));
#4426=CARTESIAN_POINT('Ctrl Pts',(-34.7708469465281,-6.87806139397427,24.1822916666667));
#4427=CARTESIAN_POINT('Ctrl Pts',(-34.2638979643521,-7.75612278794852,24.2239583333333));
#4428=CARTESIAN_POINT('Ctrl Pts',(-33.25,-7.75612278794852,24.265625));
#4429=CARTESIAN_POINT('Ctrl Pts',(-32.2361020356479,-7.75612278794852,24.3072916666667));
#4430=CARTESIAN_POINT('Ctrl Pts',(-31.7291530534718,-6.87806139397427,24.3489583333333));
#4431=CARTESIAN_POINT('Ctrl Pts',(-31.2222040712958,-6.00000000000002,24.390625));
#4432=CARTESIAN_POINT('Ctrl Pts',(-31.7291530534718,-5.12193860602577,24.4322916666667));
#4433=CARTESIAN_POINT('Ctrl Pts',(-32.2361020356479,-4.24387721205152,24.4739583333333));
#4434=CARTESIAN_POINT('Ctrl Pts',(-33.25,-4.24387721205152,24.515625));
#4435=CARTESIAN_POINT('Ctrl Pts',(-33.25,-4.64847345538206,-6.1875));
#4436=CARTESIAN_POINT('Ctrl Pts',(-34.0303042143521,-4.64847345538206,-6.14583333333334));
#4437=CARTESIAN_POINT('Ctrl Pts',(-34.4204563215281,-5.32423672769104,-6.10416666666667));
#4438=CARTESIAN_POINT('Ctrl Pts',(-34.8106084287042,-6.00000000000002,-6.0625));
#4439=CARTESIAN_POINT('Ctrl Pts',(-34.4204563215281,-6.675763272309,-6.02083333333334));
#4440=CARTESIAN_POINT('Ctrl Pts',(-34.0303042143521,-7.35152654461798,-5.97916666666667));
#4441=CARTESIAN_POINT('Ctrl Pts',(-33.25,-7.35152654461798,-5.9375));
#4442=CARTESIAN_POINT('Ctrl Pts',(-32.4696957856479,-7.35152654461798,-5.89583333333334));
#4443=CARTESIAN_POINT('Ctrl Pts',(-32.0795436784718,-6.675763272309,-5.85416666666667));
#4444=CARTESIAN_POINT('Ctrl Pts',(-31.6893915712958,-6.00000000000002,-5.8125));
#4445=CARTESIAN_POINT('Ctrl Pts',(-32.0795436784718,-5.32423672769104,-5.77083333333334));
#4446=CARTESIAN_POINT('Ctrl Pts',(-32.4696957856479,-4.64847345538206,-5.72916666666667));
#4447=CARTESIAN_POINT('Ctrl Pts',(-33.25,-4.64847345538206,-5.6875));
#4448=CARTESIAN_POINT('Ctrl Pts',(-34.0303042143521,-4.64847345538206,-5.64583333333333));
#4449=CARTESIAN_POINT('Ctrl Pts',(-34.4204563215281,-5.32423672769104,-5.60416666666667));
#4450=CARTESIAN_POINT('Ctrl Pts',(-34.8106084287042,-6.00000000000002,-5.5625));
#4451=CARTESIAN_POINT('Ctrl Pts',(-34.4204563215281,-6.675763272309,-5.52083333333334));
#4452=CARTESIAN_POINT('Ctrl Pts',(-34.0303042143521,-7.35152654461798,-5.47916666666667));
#4453=CARTESIAN_POINT('Ctrl Pts',(-33.25,-7.35152654461798,-5.4375));
#4454=CARTESIAN_POINT('Ctrl Pts',(-32.4696957856479,-7.35152654461798,-5.39583333333334));
#4455=CARTESIAN_POINT('Ctrl Pts',(-32.0795436784718,-6.675763272309,-5.35416666666667));
#4456=CARTESIAN_POINT('Ctrl Pts',(-31.6893915712958,-6.00000000000002,-5.3125));
#4457=CARTESIAN_POINT('Ctrl Pts',(-32.0795436784718,-5.32423672769104,-5.27083333333334));
#4458=CARTESIAN_POINT('Ctrl Pts',(-32.4696957856479,-4.64847345538206,-5.22916666666667));
#4459=CARTESIAN_POINT('Ctrl Pts',(-33.25,-4.64847345538206,-5.1875));
#4460=CARTESIAN_POINT('Ctrl Pts',(-34.0303042143521,-4.64847345538206,-5.14583333333334));
#4461=CARTESIAN_POINT('Ctrl Pts',(-34.4204563215281,-5.32423672769104,-5.10416666666667));
#4462=CARTESIAN_POINT('Ctrl Pts',(-34.8106084287042,-6.00000000000002,-5.06250000000001));
#4463=CARTESIAN_POINT('Ctrl Pts',(-34.4204563215281,-6.675763272309,-5.02083333333334));
#4464=CARTESIAN_POINT('Ctrl Pts',(-34.0303042143521,-7.35152654461798,-4.97916666666667));
#4465=CARTESIAN_POINT('Ctrl Pts',(-33.25,-7.35152654461798,-4.9375));
#4466=CARTESIAN_POINT('Ctrl Pts',(-32.4696957856479,-7.35152654461798,-4.89583333333334));
#4467=CARTESIAN_POINT('Ctrl Pts',(-32.0795436784718,-6.675763272309,-4.85416666666667));
#4468=CARTESIAN_POINT('Ctrl Pts',(-31.6893915712958,-6.00000000000002,-4.8125));
#4469=CARTESIAN_POINT('Ctrl Pts',(-32.0795436784718,-5.32423672769104,-4.77083333333334));
#4470=CARTESIAN_POINT('Ctrl Pts',(-32.4696957856479,-4.64847345538206,-4.72916666666667));
#4471=CARTESIAN_POINT('Ctrl Pts',(-33.25,-4.64847345538206,-4.6875));
#4472=CARTESIAN_POINT('Ctrl Pts',(-34.0303042143521,-4.64847345538206,-4.64583333333334));
#4473=CARTESIAN_POINT('Ctrl Pts',(-34.4204563215281,-5.32423672769104,-4.60416666666667));
#4474=CARTESIAN_POINT('Ctrl Pts',(-34.8106084287042,-6.00000000000002,-4.56250000000001));
#4475=CARTESIAN_POINT('Ctrl Pts',(-34.4204563215281,-6.675763272309,-4.52083333333334));
#4476=CARTESIAN_POINT('Ctrl Pts',(-34.0303042143521,-7.35152654461798,-4.47916666666667));
#4477=CARTESIAN_POINT('Ctrl Pts',(-33.25,-7.35152654461798,-4.43750000000001));
#4478=CARTESIAN_POINT('Ctrl Pts',(-32.4696957856479,-7.35152654461798,-4.39583333333334));
#4479=CARTESIAN_POINT('Ctrl Pts',(-32.0795436784718,-6.675763272309,-4.35416666666667));
#4480=CARTESIAN_POINT('Ctrl Pts',(-31.6893915712958,-6.00000000000002,-4.3125));
#4481=CARTESIAN_POINT('Ctrl Pts',(-32.0795436784718,-5.32423672769104,-4.27083333333334));
#4482=CARTESIAN_POINT('Ctrl Pts',(-32.4696957856479,-4.64847345538206,-4.22916666666667));
#4483=CARTESIAN_POINT('Ctrl Pts',(-33.25,-4.64847345538205,-4.1875));
#4484=CARTESIAN_POINT('Ctrl Pts',(-34.0303042143521,-4.64847345538206,-4.14583333333334));
#4485=CARTESIAN_POINT('Ctrl Pts',(-34.4204563215281,-5.32423672769104,-4.10416666666667));
#4486=CARTESIAN_POINT('Ctrl Pts',(-34.8106084287042,-6.00000000000002,-4.0625));
#4487=CARTESIAN_POINT('Ctrl Pts',(-34.4204563215281,-6.675763272309,-4.02083333333334));
#4488=CARTESIAN_POINT('Ctrl Pts',(-34.0303042143521,-7.35152654461798,-3.97916666666667));
#4489=CARTESIAN_POINT('Ctrl Pts',(-33.25,-7.35152654461798,-3.9375));
#4490=CARTESIAN_POINT('Ctrl Pts',(-32.4696957856479,-7.35152654461798,-3.89583333333334));
#4491=CARTESIAN_POINT('Ctrl Pts',(-32.0795436784718,-6.675763272309,-3.85416666666667));
#4492=CARTESIAN_POINT('Ctrl Pts',(-31.6893915712958,-6.00000000000002,-3.8125));
#4493=CARTESIAN_POINT('Ctrl Pts',(-32.0795436784718,-5.32423672769104,-3.77083333333334));
#4494=CARTESIAN_POINT('Ctrl Pts',(-32.4696957856479,-4.64847345538206,-3.72916666666667));
#4495=CARTESIAN_POINT('Ctrl Pts',(-33.25,-4.64847345538205,-3.6875));
#4496=CARTESIAN_POINT('Ctrl Pts',(-34.0303042143521,-4.64847345538206,-3.64583333333334));
#4497=CARTESIAN_POINT('Ctrl Pts',(-34.4204563215281,-5.32423672769104,-3.60416666666667));
#4498=CARTESIAN_POINT('Ctrl Pts',(-34.8106084287042,-6.00000000000002,-3.56250000000001));
#4499=CARTESIAN_POINT('Ctrl Pts',(-34.4204563215281,-6.675763272309,-3.52083333333334));
#4500=CARTESIAN_POINT('Ctrl Pts',(-34.0303042143521,-7.35152654461798,-3.47916666666667));
#4501=CARTESIAN_POINT('Ctrl Pts',(-33.25,-7.35152654461798,-3.4375));
#4502=CARTESIAN_POINT('Ctrl Pts',(-32.4696957856479,-7.35152654461798,-3.39583333333334));
#4503=CARTESIAN_POINT('Ctrl Pts',(-32.0795436784718,-6.675763272309,-3.35416666666667));
#4504=CARTESIAN_POINT('Ctrl Pts',(-31.6893915712958,-6.00000000000002,-3.3125));
#4505=CARTESIAN_POINT('Ctrl Pts',(-32.0795436784718,-5.32423672769104,-3.27083333333334));
#4506=CARTESIAN_POINT('Ctrl Pts',(-32.4696957856479,-4.64847345538206,-3.22916666666667));
#4507=CARTESIAN_POINT('Ctrl Pts',(-33.25,-4.64847345538205,-3.18750000000001));
#4508=CARTESIAN_POINT('Ctrl Pts',(-34.0303042143521,-4.64847345538206,-3.14583333333334));
#4509=CARTESIAN_POINT('Ctrl Pts',(-34.4204563215281,-5.32423672769104,-3.10416666666667));
#4510=CARTESIAN_POINT('Ctrl Pts',(-34.8106084287042,-6.00000000000002,-3.0625));
#4511=CARTESIAN_POINT('Ctrl Pts',(-34.4204563215281,-6.675763272309,-3.02083333333334));
#4512=CARTESIAN_POINT('Ctrl Pts',(-34.0303042143521,-7.35152654461798,-2.97916666666667));
#4513=CARTESIAN_POINT('Ctrl Pts',(-33.25,-7.35152654461798,-2.9375));
#4514=CARTESIAN_POINT('Ctrl Pts',(-32.4696957856479,-7.35152654461798,-2.89583333333334));
#4515=CARTESIAN_POINT('Ctrl Pts',(-32.0795436784718,-6.675763272309,-2.85416666666667));
#4516=CARTESIAN_POINT('Ctrl Pts',(-31.6893915712958,-6.00000000000002,-2.8125));
#4517=CARTESIAN_POINT('Ctrl Pts',(-32.0795436784718,-5.32423672769104,-2.77083333333334));
#4518=CARTESIAN_POINT('Ctrl Pts',(-32.4696957856479,-4.64847345538206,-2.72916666666667));
#4519=CARTESIAN_POINT('Ctrl Pts',(-33.25,-4.64847345538205,-2.6875));
#4520=CARTESIAN_POINT('Ctrl Pts',(-34.0303042143521,-4.64847345538205,-2.64583333333334));
#4521=CARTESIAN_POINT('Ctrl Pts',(-34.4204563215281,-5.32423672769104,-2.60416666666667));
#4522=CARTESIAN_POINT('Ctrl Pts',(-34.8106084287042,-6.00000000000002,-2.56250000000001));
#4523=CARTESIAN_POINT('Ctrl Pts',(-34.4204563215281,-6.675763272309,-2.52083333333334));
#4524=CARTESIAN_POINT('Ctrl Pts',(-34.0303042143521,-7.35152654461798,-2.47916666666667));
#4525=CARTESIAN_POINT('Ctrl Pts',(-33.25,-7.35152654461798,-2.4375));
#4526=CARTESIAN_POINT('Ctrl Pts',(-32.4696957856479,-7.35152654461798,-2.39583333333333));
#4527=CARTESIAN_POINT('Ctrl Pts',(-32.0795436784718,-6.675763272309,-2.35416666666667));
#4528=CARTESIAN_POINT('Ctrl Pts',(-31.6893915712958,-6.00000000000002,-2.3125));
#4529=CARTESIAN_POINT('Ctrl Pts',(-32.0795436784718,-5.32423672769104,-2.27083333333334));
#4530=CARTESIAN_POINT('Ctrl Pts',(-32.4696957856479,-4.64847345538206,-2.22916666666667));
#4531=CARTESIAN_POINT('Ctrl Pts',(-33.25,-4.64847345538205,-2.1875));
#4532=CARTESIAN_POINT('Ctrl Pts',(-34.0303042143521,-4.64847345538205,-2.14583333333334));
#4533=CARTESIAN_POINT('Ctrl Pts',(-34.4204563215281,-5.32423672769104,-2.10416666666667));
#4534=CARTESIAN_POINT('Ctrl Pts',(-34.8106084287042,-6.00000000000002,-2.0625));
#4535=CARTESIAN_POINT('Ctrl Pts',(-34.4204563215281,-6.675763272309,-2.02083333333334));
#4536=CARTESIAN_POINT('Ctrl Pts',(-34.0303042143521,-7.35152654461798,-1.97916666666667));
#4537=CARTESIAN_POINT('Ctrl Pts',(-33.25,-7.35152654461798,-1.9375));
#4538=CARTESIAN_POINT('Ctrl Pts',(-32.4696957856479,-7.35152654461798,-1.89583333333334));
#4539=CARTESIAN_POINT('Ctrl Pts',(-32.0795436784718,-6.675763272309,-1.85416666666667));
#4540=CARTESIAN_POINT('Ctrl Pts',(-31.6893915712958,-6.00000000000002,-1.8125));
#4541=CARTESIAN_POINT('Ctrl Pts',(-32.0795436784718,-5.32423672769104,-1.77083333333334));
#4542=CARTESIAN_POINT('Ctrl Pts',(-32.4696957856479,-4.64847345538206,-1.72916666666667));
#4543=CARTESIAN_POINT('Ctrl Pts',(-33.25,-4.64847345538205,-1.6875));
#4544=CARTESIAN_POINT('Ctrl Pts',(-34.0303042143521,-4.64847345538205,-1.64583333333334));
#4545=CARTESIAN_POINT('Ctrl Pts',(-34.4204563215281,-5.32423672769104,-1.60416666666667));
#4546=CARTESIAN_POINT('Ctrl Pts',(-34.8106084287042,-6.00000000000002,-1.5625));
#4547=CARTESIAN_POINT('Ctrl Pts',(-34.4204563215281,-6.675763272309,-1.52083333333334));
#4548=CARTESIAN_POINT('Ctrl Pts',(-34.0303042143521,-7.35152654461798,-1.47916666666667));
#4549=CARTESIAN_POINT('Ctrl Pts',(-33.25,-7.35152654461798,-1.4375));
#4550=CARTESIAN_POINT('Ctrl Pts',(-32.4696957856479,-7.35152654461798,-1.39583333333334));
#4551=CARTESIAN_POINT('Ctrl Pts',(-32.0795436784718,-6.675763272309,-1.35416666666667));
#4552=CARTESIAN_POINT('Ctrl Pts',(-31.6893915712958,-6.00000000000002,-1.3125));
#4553=CARTESIAN_POINT('Ctrl Pts',(-32.0795436784718,-5.32423672769104,-1.27083333333334));
#4554=CARTESIAN_POINT('Ctrl Pts',(-32.4696957856479,-4.64847345538206,-1.22916666666667));
#4555=CARTESIAN_POINT('Ctrl Pts',(-33.25,-4.64847345538205,-1.1875));
#4556=CARTESIAN_POINT('Ctrl Pts',(-34.0303042143521,-4.64847345538205,-1.14583333333334));
#4557=CARTESIAN_POINT('Ctrl Pts',(-34.4204563215281,-5.32423672769104,-1.10416666666667));
#4558=CARTESIAN_POINT('Ctrl Pts',(-34.8106084287042,-6.00000000000002,-1.0625));
#4559=CARTESIAN_POINT('Ctrl Pts',(-34.4204563215281,-6.675763272309,-1.02083333333334));
#4560=CARTESIAN_POINT('Ctrl Pts',(-34.0303042143521,-7.35152654461798,-0.979166666666671));
#4561=CARTESIAN_POINT('Ctrl Pts',(-33.25,-7.35152654461798,-0.937500000000004));
#4562=CARTESIAN_POINT('Ctrl Pts',(-32.4696957856479,-7.35152654461798,-0.895833333333336));
#4563=CARTESIAN_POINT('Ctrl Pts',(-32.0795436784718,-6.675763272309,-0.854166666666669));
#4564=CARTESIAN_POINT('Ctrl Pts',(-31.6893915712958,-6.00000000000002,-0.812500000000005));
#4565=CARTESIAN_POINT('Ctrl Pts',(-32.0795436784718,-5.32423672769104,-0.770833333333336));
#4566=CARTESIAN_POINT('Ctrl Pts',(-32.4696957856479,-4.64847345538206,-0.729166666666672));
#4567=CARTESIAN_POINT('Ctrl Pts',(-33.25,-4.64847345538205,-0.687500000000003));
#4568=CARTESIAN_POINT('Ctrl Pts',(-34.0303042143521,-4.64847345538205,-0.645833333333337));
#4569=CARTESIAN_POINT('Ctrl Pts',(-34.4204563215281,-5.32423672769104,-0.60416666666667));
#4570=CARTESIAN_POINT('Ctrl Pts',(-34.8106084287042,-6.00000000000002,-0.562500000000001));
#4571=CARTESIAN_POINT('Ctrl Pts',(-34.4204563215281,-6.675763272309,-0.520833333333337));
#4572=CARTESIAN_POINT('Ctrl Pts',(-34.0303042143521,-7.35152654461798,-0.479166666666671));
#4573=CARTESIAN_POINT('Ctrl Pts',(-33.25,-7.35152654461798,-0.437500000000004));
#4574=CARTESIAN_POINT('Ctrl Pts',(-32.4696957856479,-7.35152654461798,-0.395833333333335));
#4575=CARTESIAN_POINT('Ctrl Pts',(-32.0795436784718,-6.675763272309,-0.354166666666671));
#4576=CARTESIAN_POINT('Ctrl Pts',(-31.6893915712958,-6.00000000000002,-0.312500000000004));
#4577=CARTESIAN_POINT('Ctrl Pts',(-32.0795436784718,-5.32423672769104,-0.270833333333336));
#4578=CARTESIAN_POINT('Ctrl Pts',(-32.4696957856479,-4.64847345538206,-0.229166666666669));
#4579=CARTESIAN_POINT('Ctrl Pts',(-33.25,-4.64847345538205,-0.187500000000003));
#4580=CARTESIAN_POINT('Ctrl Pts',(-34.0303042143521,-4.64847345538205,-0.145833333333338));
#4581=CARTESIAN_POINT('Ctrl Pts',(-34.4204563215281,-5.32423672769104,-0.10416666666667));
#4582=CARTESIAN_POINT('Ctrl Pts',(-34.8106084287042,-6.00000000000002,-0.0625000000000031));
#4583=CARTESIAN_POINT('Ctrl Pts',(-34.4204563215281,-6.675763272309,-0.0208333333333366));
#4584=CARTESIAN_POINT('Ctrl Pts',(-34.0303042143521,-7.35152654461798,0.0208333333333299));
#4585=CARTESIAN_POINT('Ctrl Pts',(-33.25,-7.35152654461798,0.0624999999999964));
#4586=CARTESIAN_POINT('Ctrl Pts',(-32.4696957856479,-7.35152654461798,0.104166666666665));
#4587=CARTESIAN_POINT('Ctrl Pts',(-32.0795436784718,-6.675763272309,0.145833333333329));
#4588=CARTESIAN_POINT('Ctrl Pts',(-31.6893915712958,-6.00000000000002,0.187499999999994));
#4589=CARTESIAN_POINT('Ctrl Pts',(-32.0795436784718,-5.32423672769104,0.229166666666665));
#4590=CARTESIAN_POINT('Ctrl Pts',(-32.4696957856479,-4.64847345538206,0.270833333333329));
#4591=CARTESIAN_POINT('Ctrl Pts',(-33.25,-4.64847345538205,0.312499999999996));
#4592=CARTESIAN_POINT('Ctrl Pts',(-34.0303042143521,-4.64847345538205,0.354166666666664));
#4593=CARTESIAN_POINT('Ctrl Pts',(-34.4204563215281,-5.32423672769104,0.395833333333331));
#4594=CARTESIAN_POINT('Ctrl Pts',(-34.8106084287042,-6.00000000000002,0.437499999999995));
#4595=CARTESIAN_POINT('Ctrl Pts',(-34.4204563215281,-6.675763272309,0.479166666666664));
#4596=CARTESIAN_POINT('Ctrl Pts',(-34.0303042143521,-7.35152654461798,0.52083333333333));
#4597=CARTESIAN_POINT('Ctrl Pts',(-33.25,-7.35152654461798,0.562499999999996));
#4598=CARTESIAN_POINT('Ctrl Pts',(-32.4696957856479,-7.35152654461798,0.604166666666662));
#4599=CARTESIAN_POINT('Ctrl Pts',(-32.0795436784718,-6.675763272309,0.64583333333333));
#4600=CARTESIAN_POINT('Ctrl Pts',(-31.6893915712958,-6.00000000000002,0.687499999999996));
#4601=CARTESIAN_POINT('Ctrl Pts',(-32.0795436784718,-5.32423672769104,0.729166666666664));
#4602=CARTESIAN_POINT('Ctrl Pts',(-32.4696957856479,-4.64847345538206,0.770833333333329));
#4603=CARTESIAN_POINT('Ctrl Pts',(-33.25,-4.64847345538205,0.812499999999996));
#4604=CARTESIAN_POINT('Ctrl Pts',(-34.0303042143521,-4.64847345538205,0.854166666666664));
#4605=CARTESIAN_POINT('Ctrl Pts',(-34.4204563215281,-5.32423672769104,0.89583333333333));
#4606=CARTESIAN_POINT('Ctrl Pts',(-34.8106084287042,-6.00000000000002,0.937499999999996));
#4607=CARTESIAN_POINT('Ctrl Pts',(-34.4204563215281,-6.675763272309,0.979166666666664));
#4608=CARTESIAN_POINT('Ctrl Pts',(-34.0303042143521,-7.35152654461798,1.02083333333333));
#4609=CARTESIAN_POINT('Ctrl Pts',(-33.25,-7.35152654461798,1.0625));
#4610=CARTESIAN_POINT('Ctrl Pts',(-32.4696957856479,-7.35152654461798,1.10416666666666));
#4611=CARTESIAN_POINT('Ctrl Pts',(-32.0795436784718,-6.675763272309,1.14583333333333));
#4612=CARTESIAN_POINT('Ctrl Pts',(-31.6893915712958,-6.00000000000002,1.18749999999999));
#4613=CARTESIAN_POINT('Ctrl Pts',(-32.0795436784718,-5.32423672769104,1.22916666666666));
#4614=CARTESIAN_POINT('Ctrl Pts',(-32.4696957856479,-4.64847345538206,1.27083333333333));
#4615=CARTESIAN_POINT('Ctrl Pts',(-33.25,-4.64847345538205,1.3125));
#4616=CARTESIAN_POINT('Ctrl Pts',(-34.0303042143521,-4.64847345538205,1.35416666666666));
#4617=CARTESIAN_POINT('Ctrl Pts',(-34.4204563215281,-5.32423672769104,1.39583333333333));
#4618=CARTESIAN_POINT('Ctrl Pts',(-34.8106084287042,-6.00000000000002,1.4375));
#4619=CARTESIAN_POINT('Ctrl Pts',(-34.4204563215281,-6.675763272309,1.47916666666666));
#4620=CARTESIAN_POINT('Ctrl Pts',(-34.0303042143521,-7.35152654461798,1.52083333333333));
#4621=CARTESIAN_POINT('Ctrl Pts',(-33.25,-7.35152654461798,1.5625));
#4622=CARTESIAN_POINT('Ctrl Pts',(-32.4696957856479,-7.35152654461798,1.60416666666666));
#4623=CARTESIAN_POINT('Ctrl Pts',(-32.0795436784718,-6.675763272309,1.64583333333333));
#4624=CARTESIAN_POINT('Ctrl Pts',(-31.6893915712958,-6.00000000000002,1.6875));
#4625=CARTESIAN_POINT('Ctrl Pts',(-32.0795436784718,-5.32423672769104,1.72916666666666));
#4626=CARTESIAN_POINT('Ctrl Pts',(-32.4696957856479,-4.64847345538206,1.77083333333333));
#4627=CARTESIAN_POINT('Ctrl Pts',(-33.25,-4.64847345538205,1.8125));
#4628=CARTESIAN_POINT('Ctrl Pts',(-34.0303042143521,-4.64847345538205,1.85416666666666));
#4629=CARTESIAN_POINT('Ctrl Pts',(-34.4204563215281,-5.32423672769104,1.89583333333333));
#4630=CARTESIAN_POINT('Ctrl Pts',(-34.8106084287042,-6.00000000000002,1.9375));
#4631=CARTESIAN_POINT('Ctrl Pts',(-34.4204563215281,-6.675763272309,1.97916666666666));
#4632=CARTESIAN_POINT('Ctrl Pts',(-34.0303042143521,-7.35152654461798,2.02083333333333));
#4633=CARTESIAN_POINT('Ctrl Pts',(-33.25,-7.35152654461798,2.0625));
#4634=CARTESIAN_POINT('Ctrl Pts',(-32.4696957856479,-7.35152654461798,2.10416666666666));
#4635=CARTESIAN_POINT('Ctrl Pts',(-32.0795436784718,-6.675763272309,2.14583333333333));
#4636=CARTESIAN_POINT('Ctrl Pts',(-31.6893915712958,-6.00000000000002,2.1875));
#4637=CARTESIAN_POINT('Ctrl Pts',(-32.0795436784718,-5.32423672769104,2.22916666666666));
#4638=CARTESIAN_POINT('Ctrl Pts',(-32.4696957856479,-4.64847345538206,2.27083333333333));
#4639=CARTESIAN_POINT('Ctrl Pts',(-33.25,-4.64847345538205,2.3125));
#4640=CARTESIAN_POINT('Ctrl Pts',(-34.0303042143521,-4.64847345538205,2.35416666666666));
#4641=CARTESIAN_POINT('Ctrl Pts',(-34.4204563215281,-5.32423672769104,2.39583333333333));
#4642=CARTESIAN_POINT('Ctrl Pts',(-34.8106084287042,-6.00000000000002,2.4375));
#4643=CARTESIAN_POINT('Ctrl Pts',(-34.4204563215281,-6.675763272309,2.47916666666666));
#4644=CARTESIAN_POINT('Ctrl Pts',(-34.0303042143521,-7.35152654461798,2.52083333333333));
#4645=CARTESIAN_POINT('Ctrl Pts',(-33.25,-7.35152654461798,2.5625));
#4646=CARTESIAN_POINT('Ctrl Pts',(-32.4696957856479,-7.35152654461798,2.60416666666666));
#4647=CARTESIAN_POINT('Ctrl Pts',(-32.0795436784718,-6.675763272309,2.64583333333333));
#4648=CARTESIAN_POINT('Ctrl Pts',(-31.6893915712958,-6.00000000000002,2.6875));
#4649=CARTESIAN_POINT('Ctrl Pts',(-32.0795436784718,-5.32423672769104,2.72916666666666));
#4650=CARTESIAN_POINT('Ctrl Pts',(-32.4696957856479,-4.64847345538206,2.77083333333333));
#4651=CARTESIAN_POINT('Ctrl Pts',(-33.25,-4.64847345538205,2.8125));
#4652=CARTESIAN_POINT('Ctrl Pts',(-34.0303042143521,-4.64847345538205,2.85416666666666));
#4653=CARTESIAN_POINT('Ctrl Pts',(-34.4204563215281,-5.32423672769104,2.89583333333333));
#4654=CARTESIAN_POINT('Ctrl Pts',(-34.8106084287042,-6.00000000000002,2.9375));
#4655=CARTESIAN_POINT('Ctrl Pts',(-34.4204563215281,-6.675763272309,2.97916666666666));
#4656=CARTESIAN_POINT('Ctrl Pts',(-34.0303042143521,-7.35152654461798,3.02083333333333));
#4657=CARTESIAN_POINT('Ctrl Pts',(-33.25,-7.35152654461798,3.0625));
#4658=CARTESIAN_POINT('Ctrl Pts',(-32.4696957856479,-7.35152654461798,3.10416666666666));
#4659=CARTESIAN_POINT('Ctrl Pts',(-32.0795436784718,-6.675763272309,3.14583333333333));
#4660=CARTESIAN_POINT('Ctrl Pts',(-31.6893915712958,-6.00000000000002,3.1875));
#4661=CARTESIAN_POINT('Ctrl Pts',(-32.0795436784718,-5.32423672769104,3.22916666666666));
#4662=CARTESIAN_POINT('Ctrl Pts',(-32.4696957856479,-4.64847345538206,3.27083333333333));
#4663=CARTESIAN_POINT('Ctrl Pts',(-33.25,-4.64847345538205,3.3125));
#4664=CARTESIAN_POINT('Ctrl Pts',(-34.0303042143521,-4.64847345538205,3.35416666666666));
#4665=CARTESIAN_POINT('Ctrl Pts',(-34.4204563215281,-5.32423672769104,3.39583333333333));
#4666=CARTESIAN_POINT('Ctrl Pts',(-34.8106084287042,-6.00000000000002,3.4375));
#4667=CARTESIAN_POINT('Ctrl Pts',(-34.4204563215281,-6.675763272309,3.47916666666666));
#4668=CARTESIAN_POINT('Ctrl Pts',(-34.0303042143521,-7.35152654461798,3.52083333333333));
#4669=CARTESIAN_POINT('Ctrl Pts',(-33.25,-7.35152654461798,3.5625));
#4670=CARTESIAN_POINT('Ctrl Pts',(-32.4696957856479,-7.35152654461798,3.60416666666666));
#4671=CARTESIAN_POINT('Ctrl Pts',(-32.0795436784718,-6.675763272309,3.64583333333333));
#4672=CARTESIAN_POINT('Ctrl Pts',(-31.6893915712958,-6.00000000000002,3.6875));
#4673=CARTESIAN_POINT('Ctrl Pts',(-32.0795436784718,-5.32423672769104,3.72916666666666));
#4674=CARTESIAN_POINT('Ctrl Pts',(-32.4696957856479,-4.64847345538206,3.77083333333333));
#4675=CARTESIAN_POINT('Ctrl Pts',(-33.25,-4.64847345538205,3.8125));
#4676=CARTESIAN_POINT('Ctrl Pts',(-34.0303042143521,-4.64847345538205,3.85416666666666));
#4677=CARTESIAN_POINT('Ctrl Pts',(-34.4204563215281,-5.32423672769104,3.89583333333333));
#4678=CARTESIAN_POINT('Ctrl Pts',(-34.8106084287042,-6.00000000000002,3.9375));
#4679=CARTESIAN_POINT('Ctrl Pts',(-34.4204563215281,-6.675763272309,3.97916666666666));
#4680=CARTESIAN_POINT('Ctrl Pts',(-34.0303042143521,-7.35152654461798,4.02083333333333));
#4681=CARTESIAN_POINT('Ctrl Pts',(-33.25,-7.35152654461798,4.0625));
#4682=CARTESIAN_POINT('Ctrl Pts',(-32.4696957856479,-7.35152654461798,4.10416666666666));
#4683=CARTESIAN_POINT('Ctrl Pts',(-32.0795436784718,-6.675763272309,4.14583333333333));
#4684=CARTESIAN_POINT('Ctrl Pts',(-31.6893915712958,-6.00000000000002,4.1875));
#4685=CARTESIAN_POINT('Ctrl Pts',(-32.0795436784718,-5.32423672769104,4.22916666666666));
#4686=CARTESIAN_POINT('Ctrl Pts',(-32.4696957856479,-4.64847345538206,4.27083333333333));
#4687=CARTESIAN_POINT('Ctrl Pts',(-33.25,-4.64847345538205,4.3125));
#4688=CARTESIAN_POINT('Ctrl Pts',(-34.0303042143521,-4.64847345538205,4.35416666666666));
#4689=CARTESIAN_POINT('Ctrl Pts',(-34.4204563215281,-5.32423672769104,4.39583333333333));
#4690=CARTESIAN_POINT('Ctrl Pts',(-34.8106084287042,-6.00000000000002,4.4375));
#4691=CARTESIAN_POINT('Ctrl Pts',(-34.4204563215281,-6.675763272309,4.47916666666666));
#4692=CARTESIAN_POINT('Ctrl Pts',(-34.0303042143521,-7.35152654461798,4.52083333333333));
#4693=CARTESIAN_POINT('Ctrl Pts',(-33.25,-7.35152654461798,4.5625));
#4694=CARTESIAN_POINT('Ctrl Pts',(-32.4696957856479,-7.35152654461798,4.60416666666666));
#4695=CARTESIAN_POINT('Ctrl Pts',(-32.0795436784718,-6.675763272309,4.64583333333333));
#4696=CARTESIAN_POINT('Ctrl Pts',(-31.6893915712958,-6.00000000000002,4.6875));
#4697=CARTESIAN_POINT('Ctrl Pts',(-32.0795436784718,-5.32423672769104,4.72916666666666));
#4698=CARTESIAN_POINT('Ctrl Pts',(-32.4696957856479,-4.64847345538206,4.77083333333333));
#4699=CARTESIAN_POINT('Ctrl Pts',(-33.25,-4.64847345538205,4.8125));
#4700=CARTESIAN_POINT('Ctrl Pts',(-34.0303042143521,-4.64847345538205,4.85416666666666));
#4701=CARTESIAN_POINT('Ctrl Pts',(-34.4204563215281,-5.32423672769104,4.89583333333333));
#4702=CARTESIAN_POINT('Ctrl Pts',(-34.8106084287042,-6.00000000000002,4.9375));
#4703=CARTESIAN_POINT('Ctrl Pts',(-34.4204563215281,-6.675763272309,4.97916666666666));
#4704=CARTESIAN_POINT('Ctrl Pts',(-34.0303042143521,-7.35152654461798,5.02083333333333));
#4705=CARTESIAN_POINT('Ctrl Pts',(-33.25,-7.35152654461798,5.0625));
#4706=CARTESIAN_POINT('Ctrl Pts',(-32.4696957856479,-7.35152654461798,5.10416666666666));
#4707=CARTESIAN_POINT('Ctrl Pts',(-32.0795436784718,-6.675763272309,5.14583333333333));
#4708=CARTESIAN_POINT('Ctrl Pts',(-31.6893915712958,-6.00000000000002,5.1875));
#4709=CARTESIAN_POINT('Ctrl Pts',(-32.0795436784718,-5.32423672769104,5.22916666666666));
#4710=CARTESIAN_POINT('Ctrl Pts',(-32.4696957856479,-4.64847345538206,5.27083333333333));
#4711=CARTESIAN_POINT('Ctrl Pts',(-33.25,-4.64847345538205,5.3125));
#4712=CARTESIAN_POINT('Ctrl Pts',(-34.0303042143521,-4.64847345538205,5.35416666666666));
#4713=CARTESIAN_POINT('Ctrl Pts',(-34.4204563215281,-5.32423672769104,5.39583333333333));
#4714=CARTESIAN_POINT('Ctrl Pts',(-34.8106084287042,-6.00000000000002,5.4375));
#4715=CARTESIAN_POINT('Ctrl Pts',(-34.4204563215281,-6.675763272309,5.47916666666666));
#4716=CARTESIAN_POINT('Ctrl Pts',(-34.0303042143521,-7.35152654461798,5.52083333333333));
#4717=CARTESIAN_POINT('Ctrl Pts',(-33.25,-7.35152654461798,5.5625));
#4718=CARTESIAN_POINT('Ctrl Pts',(-32.4696957856479,-7.35152654461798,5.60416666666666));
#4719=CARTESIAN_POINT('Ctrl Pts',(-32.0795436784718,-6.675763272309,5.64583333333333));
#4720=CARTESIAN_POINT('Ctrl Pts',(-31.6893915712958,-6.00000000000002,5.6875));
#4721=CARTESIAN_POINT('Ctrl Pts',(-32.0795436784718,-5.32423672769104,5.72916666666666));
#4722=CARTESIAN_POINT('Ctrl Pts',(-32.4696957856479,-4.64847345538206,5.77083333333333));
#4723=CARTESIAN_POINT('Ctrl Pts',(-33.25,-4.64847345538205,5.8125));
#4724=CARTESIAN_POINT('Ctrl Pts',(-34.0303042143521,-4.64847345538205,5.85416666666666));
#4725=CARTESIAN_POINT('Ctrl Pts',(-34.4204563215281,-5.32423672769104,5.89583333333333));
#4726=CARTESIAN_POINT('Ctrl Pts',(-34.8106084287042,-6.00000000000002,5.9375));
#4727=CARTESIAN_POINT('Ctrl Pts',(-34.4204563215281,-6.675763272309,5.97916666666666));
#4728=CARTESIAN_POINT('Ctrl Pts',(-34.0303042143521,-7.35152654461798,6.02083333333333));
#4729=CARTESIAN_POINT('Ctrl Pts',(-33.25,-7.35152654461798,6.0625));
#4730=CARTESIAN_POINT('Ctrl Pts',(-32.4696957856479,-7.35152654461798,6.10416666666666));
#4731=CARTESIAN_POINT('Ctrl Pts',(-32.0795436784718,-6.675763272309,6.14583333333333));
#4732=CARTESIAN_POINT('Ctrl Pts',(-31.6893915712958,-6.00000000000002,6.1875));
#4733=CARTESIAN_POINT('Ctrl Pts',(-32.0795436784718,-5.32423672769104,6.22916666666666));
#4734=CARTESIAN_POINT('Ctrl Pts',(-32.4696957856479,-4.64847345538205,6.27083333333333));
#4735=CARTESIAN_POINT('Ctrl Pts',(-33.25,-4.64847345538205,6.3125));
#4736=CARTESIAN_POINT('Ctrl Pts',(-34.0303042143521,-4.64847345538205,6.35416666666666));
#4737=CARTESIAN_POINT('Ctrl Pts',(-34.4204563215281,-5.32423672769104,6.39583333333333));
#4738=CARTESIAN_POINT('Ctrl Pts',(-34.8106084287042,-6.00000000000002,6.4375));
#4739=CARTESIAN_POINT('Ctrl Pts',(-34.4204563215281,-6.675763272309,6.47916666666666));
#4740=CARTESIAN_POINT('Ctrl Pts',(-34.0303042143521,-7.35152654461798,6.52083333333333));
#4741=CARTESIAN_POINT('Ctrl Pts',(-33.25,-7.35152654461798,6.5625));
#4742=CARTESIAN_POINT('Ctrl Pts',(-32.4696957856479,-7.35152654461798,6.60416666666666));
#4743=CARTESIAN_POINT('Ctrl Pts',(-32.0795436784718,-6.675763272309,6.64583333333333));
#4744=CARTESIAN_POINT('Ctrl Pts',(-31.6893915712958,-6.00000000000002,6.6875));
#4745=CARTESIAN_POINT('Ctrl Pts',(-32.0795436784718,-5.32423672769104,6.72916666666666));
#4746=CARTESIAN_POINT('Ctrl Pts',(-32.4696957856479,-4.64847345538205,6.77083333333333));
#4747=CARTESIAN_POINT('Ctrl Pts',(-33.25,-4.64847345538205,6.8125));
#4748=CARTESIAN_POINT('Ctrl Pts',(-34.0303042143521,-4.64847345538205,6.85416666666666));
#4749=CARTESIAN_POINT('Ctrl Pts',(-34.4204563215281,-5.32423672769104,6.89583333333333));
#4750=CARTESIAN_POINT('Ctrl Pts',(-34.8106084287042,-6.00000000000002,6.9375));
#4751=CARTESIAN_POINT('Ctrl Pts',(-34.4204563215281,-6.675763272309,6.97916666666666));
#4752=CARTESIAN_POINT('Ctrl Pts',(-34.0303042143521,-7.35152654461798,7.02083333333333));
#4753=CARTESIAN_POINT('Ctrl Pts',(-33.25,-7.35152654461798,7.0625));
#4754=CARTESIAN_POINT('Ctrl Pts',(-32.4696957856479,-7.35152654461798,7.10416666666666));
#4755=CARTESIAN_POINT('Ctrl Pts',(-32.0795436784718,-6.675763272309,7.14583333333333));
#4756=CARTESIAN_POINT('Ctrl Pts',(-31.6893915712958,-6.00000000000002,7.1875));
#4757=CARTESIAN_POINT('Ctrl Pts',(-32.0795436784718,-5.32423672769104,7.22916666666666));
#4758=CARTESIAN_POINT('Ctrl Pts',(-32.4696957856479,-4.64847345538205,7.27083333333333));
#4759=CARTESIAN_POINT('Ctrl Pts',(-33.25,-4.64847345538205,7.3125));
#4760=CARTESIAN_POINT('Ctrl Pts',(-34.0303042143521,-4.64847345538205,7.35416666666666));
#4761=CARTESIAN_POINT('Ctrl Pts',(-34.4204563215281,-5.32423672769104,7.39583333333333));
#4762=CARTESIAN_POINT('Ctrl Pts',(-34.8106084287042,-6.00000000000002,7.4375));
#4763=CARTESIAN_POINT('Ctrl Pts',(-34.4204563215281,-6.675763272309,7.47916666666666));
#4764=CARTESIAN_POINT('Ctrl Pts',(-34.0303042143521,-7.35152654461798,7.52083333333333));
#4765=CARTESIAN_POINT('Ctrl Pts',(-33.25,-7.35152654461798,7.5625));
#4766=CARTESIAN_POINT('Ctrl Pts',(-32.4696957856479,-7.35152654461798,7.60416666666666));
#4767=CARTESIAN_POINT('Ctrl Pts',(-32.0795436784718,-6.675763272309,7.64583333333333));
#4768=CARTESIAN_POINT('Ctrl Pts',(-31.6893915712958,-6.00000000000002,7.6875));
#4769=CARTESIAN_POINT('Ctrl Pts',(-32.0795436784718,-5.32423672769104,7.72916666666666));
#4770=CARTESIAN_POINT('Ctrl Pts',(-32.4696957856479,-4.64847345538205,7.77083333333333));
#4771=CARTESIAN_POINT('Ctrl Pts',(-33.25,-4.64847345538205,7.8125));
#4772=CARTESIAN_POINT('Ctrl Pts',(-34.0303042143521,-4.64847345538205,7.85416666666666));
#4773=CARTESIAN_POINT('Ctrl Pts',(-34.4204563215281,-5.32423672769104,7.89583333333333));
#4774=CARTESIAN_POINT('Ctrl Pts',(-34.8106084287042,-6.00000000000002,7.93749999999999));
#4775=CARTESIAN_POINT('Ctrl Pts',(-34.4204563215281,-6.675763272309,7.97916666666666));
#4776=CARTESIAN_POINT('Ctrl Pts',(-34.0303042143521,-7.35152654461798,8.02083333333333));
#4777=CARTESIAN_POINT('Ctrl Pts',(-33.25,-7.35152654461798,8.0625));
#4778=CARTESIAN_POINT('Ctrl Pts',(-32.4696957856479,-7.35152654461798,8.10416666666666));
#4779=CARTESIAN_POINT('Ctrl Pts',(-32.0795436784718,-6.675763272309,8.14583333333333));
#4780=CARTESIAN_POINT('Ctrl Pts',(-31.6893915712958,-6.00000000000002,8.1875));
#4781=CARTESIAN_POINT('Ctrl Pts',(-32.0795436784718,-5.32423672769104,8.22916666666666));
#4782=CARTESIAN_POINT('Ctrl Pts',(-32.4696957856479,-4.64847345538205,8.27083333333333));
#4783=CARTESIAN_POINT('Ctrl Pts',(-33.25,-4.64847345538205,8.3125));
#4784=CARTESIAN_POINT('Ctrl Pts',(-34.0303042143521,-4.64847345538205,8.35416666666666));
#4785=CARTESIAN_POINT('Ctrl Pts',(-34.4204563215281,-5.32423672769104,8.39583333333333));
#4786=CARTESIAN_POINT('Ctrl Pts',(-34.8106084287042,-6.00000000000002,8.4375));
#4787=CARTESIAN_POINT('Ctrl Pts',(-34.4204563215281,-6.675763272309,8.47916666666666));
#4788=CARTESIAN_POINT('Ctrl Pts',(-34.0303042143521,-7.35152654461798,8.52083333333333));
#4789=CARTESIAN_POINT('Ctrl Pts',(-33.25,-7.35152654461798,8.5625));
#4790=CARTESIAN_POINT('Ctrl Pts',(-32.4696957856479,-7.35152654461798,8.60416666666666));
#4791=CARTESIAN_POINT('Ctrl Pts',(-32.0795436784718,-6.675763272309,8.64583333333333));
#4792=CARTESIAN_POINT('Ctrl Pts',(-31.6893915712958,-6.00000000000002,8.6875));
#4793=CARTESIAN_POINT('Ctrl Pts',(-32.0795436784718,-5.32423672769104,8.72916666666666));
#4794=CARTESIAN_POINT('Ctrl Pts',(-32.4696957856479,-4.64847345538205,8.77083333333333));
#4795=CARTESIAN_POINT('Ctrl Pts',(-33.25,-4.64847345538205,8.8125));
#4796=CARTESIAN_POINT('Ctrl Pts',(-34.0303042143521,-4.64847345538205,8.85416666666666));
#4797=CARTESIAN_POINT('Ctrl Pts',(-34.4204563215281,-5.32423672769104,8.89583333333333));
#4798=CARTESIAN_POINT('Ctrl Pts',(-34.8106084287042,-6.00000000000002,8.9375));
#4799=CARTESIAN_POINT('Ctrl Pts',(-34.4204563215281,-6.675763272309,8.97916666666666));
#4800=CARTESIAN_POINT('Ctrl Pts',(-34.0303042143521,-7.35152654461798,9.02083333333333));
#4801=CARTESIAN_POINT('Ctrl Pts',(-33.25,-7.35152654461798,9.0625));
#4802=CARTESIAN_POINT('Ctrl Pts',(-32.4696957856479,-7.35152654461798,9.10416666666666));
#4803=CARTESIAN_POINT('Ctrl Pts',(-32.0795436784718,-6.675763272309,9.14583333333333));
#4804=CARTESIAN_POINT('Ctrl Pts',(-31.6893915712958,-6.00000000000002,9.1875));
#4805=CARTESIAN_POINT('Ctrl Pts',(-32.0795436784718,-5.32423672769104,9.22916666666666));
#4806=CARTESIAN_POINT('Ctrl Pts',(-32.4696957856479,-4.64847345538205,9.27083333333333));
#4807=CARTESIAN_POINT('Ctrl Pts',(-33.25,-4.64847345538205,9.3125));
#4808=CARTESIAN_POINT('Ctrl Pts',(-34.0303042143521,-4.64847345538205,9.35416666666666));
#4809=CARTESIAN_POINT('Ctrl Pts',(-34.4204563215281,-5.32423672769104,9.39583333333333));
#4810=CARTESIAN_POINT('Ctrl Pts',(-34.8106084287042,-6.00000000000002,9.4375));
#4811=CARTESIAN_POINT('Ctrl Pts',(-34.4204563215281,-6.675763272309,9.47916666666666));
#4812=CARTESIAN_POINT('Ctrl Pts',(-34.0303042143521,-7.35152654461798,9.52083333333333));
#4813=CARTESIAN_POINT('Ctrl Pts',(-33.25,-7.35152654461798,9.5625));
#4814=CARTESIAN_POINT('Ctrl Pts',(-32.4696957856479,-7.35152654461798,9.60416666666666));
#4815=CARTESIAN_POINT('Ctrl Pts',(-32.0795436784718,-6.675763272309,9.64583333333333));
#4816=CARTESIAN_POINT('Ctrl Pts',(-31.6893915712958,-6.00000000000002,9.6875));
#4817=CARTESIAN_POINT('Ctrl Pts',(-32.0795436784718,-5.32423672769104,9.72916666666666));
#4818=CARTESIAN_POINT('Ctrl Pts',(-32.4696957856479,-4.64847345538205,9.77083333333333));
#4819=CARTESIAN_POINT('Ctrl Pts',(-33.25,-4.64847345538205,9.8125));
#4820=CARTESIAN_POINT('Ctrl Pts',(-34.0303042143521,-4.64847345538205,9.85416666666666));
#4821=CARTESIAN_POINT('Ctrl Pts',(-34.4204563215281,-5.32423672769104,9.89583333333333));
#4822=CARTESIAN_POINT('Ctrl Pts',(-34.8106084287042,-6.00000000000002,9.9375));
#4823=CARTESIAN_POINT('Ctrl Pts',(-34.4204563215281,-6.675763272309,9.97916666666666));
#4824=CARTESIAN_POINT('Ctrl Pts',(-34.0303042143521,-7.35152654461798,10.0208333333333));
#4825=CARTESIAN_POINT('Ctrl Pts',(-33.25,-7.35152654461798,10.0625));
#4826=CARTESIAN_POINT('Ctrl Pts',(-32.4696957856479,-7.35152654461798,10.1041666666667));
#4827=CARTESIAN_POINT('Ctrl Pts',(-32.0795436784718,-6.675763272309,10.1458333333333));
#4828=CARTESIAN_POINT('Ctrl Pts',(-31.6893915712958,-6.00000000000002,10.1875));
#4829=CARTESIAN_POINT('Ctrl Pts',(-32.0795436784718,-5.32423672769104,10.2291666666667));
#4830=CARTESIAN_POINT('Ctrl Pts',(-32.4696957856479,-4.64847345538205,10.2708333333333));
#4831=CARTESIAN_POINT('Ctrl Pts',(-33.25,-4.64847345538205,10.3125));
#4832=CARTESIAN_POINT('Ctrl Pts',(-34.0303042143521,-4.64847345538205,10.3541666666667));
#4833=CARTESIAN_POINT('Ctrl Pts',(-34.4204563215281,-5.32423672769104,10.3958333333333));
#4834=CARTESIAN_POINT('Ctrl Pts',(-34.8106084287042,-6.00000000000002,10.4375));
#4835=CARTESIAN_POINT('Ctrl Pts',(-34.4204563215281,-6.675763272309,10.4791666666667));
#4836=CARTESIAN_POINT('Ctrl Pts',(-34.0303042143521,-7.35152654461798,10.5208333333333));
#4837=CARTESIAN_POINT('Ctrl Pts',(-33.25,-7.35152654461798,10.5625));
#4838=CARTESIAN_POINT('Ctrl Pts',(-32.4696957856479,-7.35152654461798,10.6041666666667));
#4839=CARTESIAN_POINT('Ctrl Pts',(-32.0795436784718,-6.675763272309,10.6458333333333));
#4840=CARTESIAN_POINT('Ctrl Pts',(-31.6893915712958,-6.00000000000002,10.6875));
#4841=CARTESIAN_POINT('Ctrl Pts',(-32.0795436784718,-5.32423672769104,10.7291666666667));
#4842=CARTESIAN_POINT('Ctrl Pts',(-32.4696957856479,-4.64847345538205,10.7708333333333));
#4843=CARTESIAN_POINT('Ctrl Pts',(-33.25,-4.64847345538205,10.8125));
#4844=CARTESIAN_POINT('Ctrl Pts',(-34.0303042143521,-4.64847345538205,10.8541666666667));
#4845=CARTESIAN_POINT('Ctrl Pts',(-34.4204563215281,-5.32423672769104,10.8958333333333));
#4846=CARTESIAN_POINT('Ctrl Pts',(-34.8106084287042,-6.00000000000002,10.9375));
#4847=CARTESIAN_POINT('Ctrl Pts',(-34.4204563215281,-6.675763272309,10.9791666666667));
#4848=CARTESIAN_POINT('Ctrl Pts',(-34.0303042143521,-7.35152654461798,11.0208333333333));
#4849=CARTESIAN_POINT('Ctrl Pts',(-33.25,-7.35152654461798,11.0625));
#4850=CARTESIAN_POINT('Ctrl Pts',(-32.4696957856479,-7.35152654461798,11.1041666666667));
#4851=CARTESIAN_POINT('Ctrl Pts',(-32.0795436784718,-6.675763272309,11.1458333333333));
#4852=CARTESIAN_POINT('Ctrl Pts',(-31.6893915712958,-6.00000000000002,11.1875));
#4853=CARTESIAN_POINT('Ctrl Pts',(-32.0795436784718,-5.32423672769104,11.2291666666667));
#4854=CARTESIAN_POINT('Ctrl Pts',(-32.4696957856479,-4.64847345538205,11.2708333333333));
#4855=CARTESIAN_POINT('Ctrl Pts',(-33.25,-4.64847345538205,11.3125));
#4856=CARTESIAN_POINT('Ctrl Pts',(-34.0303042143521,-4.64847345538205,11.3541666666667));
#4857=CARTESIAN_POINT('Ctrl Pts',(-34.4204563215281,-5.32423672769104,11.3958333333333));
#4858=CARTESIAN_POINT('Ctrl Pts',(-34.8106084287042,-6.00000000000002,11.4375));
#4859=CARTESIAN_POINT('Ctrl Pts',(-34.4204563215281,-6.675763272309,11.4791666666667));
#4860=CARTESIAN_POINT('Ctrl Pts',(-34.0303042143521,-7.35152654461798,11.5208333333333));
#4861=CARTESIAN_POINT('Ctrl Pts',(-33.25,-7.35152654461798,11.5625));
#4862=CARTESIAN_POINT('Ctrl Pts',(-32.4696957856479,-7.35152654461798,11.6041666666667));
#4863=CARTESIAN_POINT('Ctrl Pts',(-32.0795436784718,-6.675763272309,11.6458333333333));
#4864=CARTESIAN_POINT('Ctrl Pts',(-31.6893915712958,-6.00000000000002,11.6875));
#4865=CARTESIAN_POINT('Ctrl Pts',(-32.0795436784718,-5.32423672769104,11.7291666666667));
#4866=CARTESIAN_POINT('Ctrl Pts',(-32.4696957856479,-4.64847345538205,11.7708333333333));
#4867=CARTESIAN_POINT('Ctrl Pts',(-33.25,-4.64847345538205,11.8125));
#4868=CARTESIAN_POINT('Ctrl Pts',(-34.0303042143521,-4.64847345538205,11.8541666666667));
#4869=CARTESIAN_POINT('Ctrl Pts',(-34.4204563215281,-5.32423672769104,11.8958333333333));
#4870=CARTESIAN_POINT('Ctrl Pts',(-34.8106084287042,-6.00000000000002,11.9375));
#4871=CARTESIAN_POINT('Ctrl Pts',(-34.4204563215281,-6.675763272309,11.9791666666667));
#4872=CARTESIAN_POINT('Ctrl Pts',(-34.0303042143521,-7.35152654461798,12.0208333333333));
#4873=CARTESIAN_POINT('Ctrl Pts',(-33.25,-7.35152654461798,12.0625));
#4874=CARTESIAN_POINT('Ctrl Pts',(-32.4696957856479,-7.35152654461798,12.1041666666667));
#4875=CARTESIAN_POINT('Ctrl Pts',(-32.0795436784718,-6.675763272309,12.1458333333333));
#4876=CARTESIAN_POINT('Ctrl Pts',(-31.6893915712958,-6.00000000000002,12.1875));
#4877=CARTESIAN_POINT('Ctrl Pts',(-32.0795436784718,-5.32423672769104,12.2291666666667));
#4878=CARTESIAN_POINT('Ctrl Pts',(-32.4696957856479,-4.64847345538205,12.2708333333333));
#4879=CARTESIAN_POINT('Ctrl Pts',(-33.25,-4.64847345538205,12.3125));
#4880=CARTESIAN_POINT('Ctrl Pts',(-34.0303042143521,-4.64847345538205,12.3541666666667));
#4881=CARTESIAN_POINT('Ctrl Pts',(-34.4204563215281,-5.32423672769104,12.3958333333333));
#4882=CARTESIAN_POINT('Ctrl Pts',(-34.8106084287042,-6.00000000000002,12.4375));
#4883=CARTESIAN_POINT('Ctrl Pts',(-34.4204563215281,-6.675763272309,12.4791666666667));
#4884=CARTESIAN_POINT('Ctrl Pts',(-34.0303042143521,-7.35152654461798,12.5208333333333));
#4885=CARTESIAN_POINT('Ctrl Pts',(-33.25,-7.35152654461798,12.5625));
#4886=CARTESIAN_POINT('Ctrl Pts',(-32.4696957856479,-7.35152654461798,12.6041666666667));
#4887=CARTESIAN_POINT('Ctrl Pts',(-32.0795436784718,-6.675763272309,12.6458333333333));
#4888=CARTESIAN_POINT('Ctrl Pts',(-31.6893915712958,-6.00000000000002,12.6875));
#4889=CARTESIAN_POINT('Ctrl Pts',(-32.0795436784718,-5.32423672769104,12.7291666666667));
#4890=CARTESIAN_POINT('Ctrl Pts',(-32.4696957856479,-4.64847345538205,12.7708333333333));
#4891=CARTESIAN_POINT('Ctrl Pts',(-33.25,-4.64847345538205,12.8125));
#4892=CARTESIAN_POINT('Ctrl Pts',(-34.0303042143521,-4.64847345538205,12.8541666666667));
#4893=CARTESIAN_POINT('Ctrl Pts',(-34.4204563215281,-5.32423672769104,12.8958333333333));
#4894=CARTESIAN_POINT('Ctrl Pts',(-34.8106084287042,-6.00000000000002,12.9375));
#4895=CARTESIAN_POINT('Ctrl Pts',(-34.4204563215281,-6.675763272309,12.9791666666667));
#4896=CARTESIAN_POINT('Ctrl Pts',(-34.0303042143521,-7.35152654461798,13.0208333333333));
#4897=CARTESIAN_POINT('Ctrl Pts',(-33.25,-7.35152654461798,13.0625));
#4898=CARTESIAN_POINT('Ctrl Pts',(-32.4696957856479,-7.35152654461798,13.1041666666667));
#4899=CARTESIAN_POINT('Ctrl Pts',(-32.0795436784718,-6.675763272309,13.1458333333333));
#4900=CARTESIAN_POINT('Ctrl Pts',(-31.6893915712958,-6.00000000000002,13.1875));
#4901=CARTESIAN_POINT('Ctrl Pts',(-32.0795436784718,-5.32423672769104,13.2291666666667));
#4902=CARTESIAN_POINT('Ctrl Pts',(-32.4696957856479,-4.64847345538205,13.2708333333333));
#4903=CARTESIAN_POINT('Ctrl Pts',(-33.25,-4.64847345538205,13.3125));
#4904=CARTESIAN_POINT('Ctrl Pts',(-34.0303042143521,-4.64847345538205,13.3541666666667));
#4905=CARTESIAN_POINT('Ctrl Pts',(-34.4204563215281,-5.32423672769104,13.3958333333333));
#4906=CARTESIAN_POINT('Ctrl Pts',(-34.8106084287042,-6.00000000000002,13.4375));
#4907=CARTESIAN_POINT('Ctrl Pts',(-34.4204563215281,-6.675763272309,13.4791666666667));
#4908=CARTESIAN_POINT('Ctrl Pts',(-34.0303042143521,-7.35152654461798,13.5208333333333));
#4909=CARTESIAN_POINT('Ctrl Pts',(-33.25,-7.35152654461798,13.5625));
#4910=CARTESIAN_POINT('Ctrl Pts',(-32.4696957856479,-7.35152654461798,13.6041666666667));
#4911=CARTESIAN_POINT('Ctrl Pts',(-32.0795436784718,-6.675763272309,13.6458333333333));
#4912=CARTESIAN_POINT('Ctrl Pts',(-31.6893915712958,-6.00000000000002,13.6875));
#4913=CARTESIAN_POINT('Ctrl Pts',(-32.0795436784718,-5.32423672769104,13.7291666666667));
#4914=CARTESIAN_POINT('Ctrl Pts',(-32.4696957856479,-4.64847345538205,13.7708333333333));
#4915=CARTESIAN_POINT('Ctrl Pts',(-33.25,-4.64847345538205,13.8125));
#4916=CARTESIAN_POINT('Ctrl Pts',(-34.0303042143521,-4.64847345538205,13.8541666666667));
#4917=CARTESIAN_POINT('Ctrl Pts',(-34.4204563215281,-5.32423672769104,13.8958333333333));
#4918=CARTESIAN_POINT('Ctrl Pts',(-34.8106084287042,-6.00000000000002,13.9375));
#4919=CARTESIAN_POINT('Ctrl Pts',(-34.4204563215281,-6.675763272309,13.9791666666667));
#4920=CARTESIAN_POINT('Ctrl Pts',(-34.0303042143521,-7.35152654461798,14.0208333333333));
#4921=CARTESIAN_POINT('Ctrl Pts',(-33.25,-7.35152654461798,14.0625));
#4922=CARTESIAN_POINT('Ctrl Pts',(-32.4696957856479,-7.35152654461798,14.1041666666667));
#4923=CARTESIAN_POINT('Ctrl Pts',(-32.0795436784718,-6.675763272309,14.1458333333333));
#4924=CARTESIAN_POINT('Ctrl Pts',(-31.6893915712958,-6.00000000000002,14.1875));
#4925=CARTESIAN_POINT('Ctrl Pts',(-32.0795436784718,-5.32423672769104,14.2291666666667));
#4926=CARTESIAN_POINT('Ctrl Pts',(-32.4696957856479,-4.64847345538205,14.2708333333333));
#4927=CARTESIAN_POINT('Ctrl Pts',(-33.25,-4.64847345538205,14.3125));
#4928=CARTESIAN_POINT('Ctrl Pts',(-34.0303042143521,-4.64847345538205,14.3541666666667));
#4929=CARTESIAN_POINT('Ctrl Pts',(-34.4204563215281,-5.32423672769104,14.3958333333333));
#4930=CARTESIAN_POINT('Ctrl Pts',(-34.8106084287042,-6.00000000000002,14.4375));
#4931=CARTESIAN_POINT('Ctrl Pts',(-34.4204563215281,-6.675763272309,14.4791666666667));
#4932=CARTESIAN_POINT('Ctrl Pts',(-34.0303042143521,-7.35152654461798,14.5208333333333));
#4933=CARTESIAN_POINT('Ctrl Pts',(-33.25,-7.35152654461798,14.5625));
#4934=CARTESIAN_POINT('Ctrl Pts',(-32.4696957856479,-7.35152654461798,14.6041666666667));
#4935=CARTESIAN_POINT('Ctrl Pts',(-32.0795436784718,-6.675763272309,14.6458333333333));
#4936=CARTESIAN_POINT('Ctrl Pts',(-31.6893915712958,-6.00000000000002,14.6875));
#4937=CARTESIAN_POINT('Ctrl Pts',(-32.0795436784718,-5.32423672769104,14.7291666666667));
#4938=CARTESIAN_POINT('Ctrl Pts',(-32.4696957856479,-4.64847345538205,14.7708333333333));
#4939=CARTESIAN_POINT('Ctrl Pts',(-33.25,-4.64847345538205,14.8125));
#4940=CARTESIAN_POINT('Ctrl Pts',(-34.0303042143521,-4.64847345538205,14.8541666666667));
#4941=CARTESIAN_POINT('Ctrl Pts',(-34.4204563215281,-5.32423672769103,14.8958333333333));
#4942=CARTESIAN_POINT('Ctrl Pts',(-34.8106084287042,-6.00000000000002,14.9375));
#4943=CARTESIAN_POINT('Ctrl Pts',(-34.4204563215281,-6.675763272309,14.9791666666667));
#4944=CARTESIAN_POINT('Ctrl Pts',(-34.0303042143521,-7.35152654461798,15.0208333333333));
#4945=CARTESIAN_POINT('Ctrl Pts',(-33.25,-7.35152654461798,15.0625));
#4946=CARTESIAN_POINT('Ctrl Pts',(-32.4696957856479,-7.35152654461798,15.1041666666667));
#4947=CARTESIAN_POINT('Ctrl Pts',(-32.0795436784718,-6.675763272309,15.1458333333333));
#4948=CARTESIAN_POINT('Ctrl Pts',(-31.6893915712958,-6.00000000000002,15.1875));
#4949=CARTESIAN_POINT('Ctrl Pts',(-32.0795436784718,-5.32423672769104,15.2291666666667));
#4950=CARTESIAN_POINT('Ctrl Pts',(-32.4696957856479,-4.64847345538205,15.2708333333333));
#4951=CARTESIAN_POINT('Ctrl Pts',(-33.25,-4.64847345538205,15.3125));
#4952=CARTESIAN_POINT('Ctrl Pts',(-34.0303042143521,-4.64847345538205,15.3541666666667));
#4953=CARTESIAN_POINT('Ctrl Pts',(-34.4204563215281,-5.32423672769103,15.3958333333333));
#4954=CARTESIAN_POINT('Ctrl Pts',(-34.8106084287042,-6.00000000000002,15.4375));
#4955=CARTESIAN_POINT('Ctrl Pts',(-34.4204563215281,-6.675763272309,15.4791666666667));
#4956=CARTESIAN_POINT('Ctrl Pts',(-34.0303042143521,-7.35152654461798,15.5208333333333));
#4957=CARTESIAN_POINT('Ctrl Pts',(-33.25,-7.35152654461798,15.5625));
#4958=CARTESIAN_POINT('Ctrl Pts',(-32.4696957856479,-7.35152654461798,15.6041666666667));
#4959=CARTESIAN_POINT('Ctrl Pts',(-32.0795436784718,-6.675763272309,15.6458333333333));
#4960=CARTESIAN_POINT('Ctrl Pts',(-31.6893915712958,-6.00000000000002,15.6875));
#4961=CARTESIAN_POINT('Ctrl Pts',(-32.0795436784718,-5.32423672769104,15.7291666666667));
#4962=CARTESIAN_POINT('Ctrl Pts',(-32.4696957856479,-4.64847345538205,15.7708333333333));
#4963=CARTESIAN_POINT('Ctrl Pts',(-33.25,-4.64847345538205,15.8125));
#4964=CARTESIAN_POINT('Ctrl Pts',(-34.0303042143521,-4.64847345538205,15.8541666666667));
#4965=CARTESIAN_POINT('Ctrl Pts',(-34.4204563215281,-5.32423672769103,15.8958333333333));
#4966=CARTESIAN_POINT('Ctrl Pts',(-34.8106084287042,-6.00000000000002,15.9375));
#4967=CARTESIAN_POINT('Ctrl Pts',(-34.4204563215281,-6.675763272309,15.9791666666667));
#4968=CARTESIAN_POINT('Ctrl Pts',(-34.0303042143521,-7.35152654461798,16.0208333333333));
#4969=CARTESIAN_POINT('Ctrl Pts',(-33.25,-7.35152654461798,16.0625));
#4970=CARTESIAN_POINT('Ctrl Pts',(-32.4696957856479,-7.35152654461798,16.1041666666667));
#4971=CARTESIAN_POINT('Ctrl Pts',(-32.0795436784718,-6.675763272309,16.1458333333333));
#4972=CARTESIAN_POINT('Ctrl Pts',(-31.6893915712958,-6.00000000000002,16.1875));
#4973=CARTESIAN_POINT('Ctrl Pts',(-32.0795436784718,-5.32423672769104,16.2291666666667));
#4974=CARTESIAN_POINT('Ctrl Pts',(-32.4696957856479,-4.64847345538205,16.2708333333333));
#4975=CARTESIAN_POINT('Ctrl Pts',(-33.25,-4.64847345538205,16.3125));
#4976=CARTESIAN_POINT('Ctrl Pts',(-34.0303042143521,-4.64847345538205,16.3541666666667));
#4977=CARTESIAN_POINT('Ctrl Pts',(-34.4204563215281,-5.32423672769103,16.3958333333333));
#4978=CARTESIAN_POINT('Ctrl Pts',(-34.8106084287042,-6.00000000000002,16.4375));
#4979=CARTESIAN_POINT('Ctrl Pts',(-34.4204563215281,-6.675763272309,16.4791666666667));
#4980=CARTESIAN_POINT('Ctrl Pts',(-34.0303042143521,-7.35152654461798,16.5208333333333));
#4981=CARTESIAN_POINT('Ctrl Pts',(-33.25,-7.35152654461798,16.5625));
#4982=CARTESIAN_POINT('Ctrl Pts',(-32.4696957856479,-7.35152654461798,16.6041666666667));
#4983=CARTESIAN_POINT('Ctrl Pts',(-32.0795436784718,-6.675763272309,16.6458333333333));
#4984=CARTESIAN_POINT('Ctrl Pts',(-31.6893915712958,-6.00000000000002,16.6875));
#4985=CARTESIAN_POINT('Ctrl Pts',(-32.0795436784718,-5.32423672769104,16.7291666666667));
#4986=CARTESIAN_POINT('Ctrl Pts',(-32.4696957856479,-4.64847345538205,16.7708333333333));
#4987=CARTESIAN_POINT('Ctrl Pts',(-33.25,-4.64847345538205,16.8125));
#4988=CARTESIAN_POINT('Ctrl Pts',(-34.0303042143521,-4.64847345538205,16.8541666666667));
#4989=CARTESIAN_POINT('Ctrl Pts',(-34.4204563215281,-5.32423672769103,16.8958333333333));
#4990=CARTESIAN_POINT('Ctrl Pts',(-34.8106084287042,-6.00000000000002,16.9375));
#4991=CARTESIAN_POINT('Ctrl Pts',(-34.4204563215281,-6.675763272309,16.9791666666667));
#4992=CARTESIAN_POINT('Ctrl Pts',(-34.0303042143521,-7.35152654461798,17.0208333333333));
#4993=CARTESIAN_POINT('Ctrl Pts',(-33.25,-7.35152654461798,17.0625));
#4994=CARTESIAN_POINT('Ctrl Pts',(-32.4696957856479,-7.35152654461798,17.1041666666667));
#4995=CARTESIAN_POINT('Ctrl Pts',(-32.0795436784718,-6.675763272309,17.1458333333333));
#4996=CARTESIAN_POINT('Ctrl Pts',(-31.6893915712958,-6.00000000000002,17.1875));
#4997=CARTESIAN_POINT('Ctrl Pts',(-32.0795436784718,-5.32423672769104,17.2291666666667));
#4998=CARTESIAN_POINT('Ctrl Pts',(-32.4696957856479,-4.64847345538205,17.2708333333333));
#4999=CARTESIAN_POINT('Ctrl Pts',(-33.25,-4.64847345538205,17.3125));
#5000=CARTESIAN_POINT('Ctrl Pts',(-34.0303042143521,-4.64847345538205,17.3541666666667));
#5001=CARTESIAN_POINT('Ctrl Pts',(-34.4204563215281,-5.32423672769103,17.3958333333333));
#5002=CARTESIAN_POINT('Ctrl Pts',(-34.8106084287042,-6.00000000000002,17.4375));
#5003=CARTESIAN_POINT('Ctrl Pts',(-34.4204563215281,-6.675763272309,17.4791666666667));
#5004=CARTESIAN_POINT('Ctrl Pts',(-34.0303042143521,-7.35152654461798,17.5208333333333));
#5005=CARTESIAN_POINT('Ctrl Pts',(-33.25,-7.35152654461798,17.5625));
#5006=CARTESIAN_POINT('Ctrl Pts',(-32.4696957856479,-7.35152654461798,17.6041666666667));
#5007=CARTESIAN_POINT('Ctrl Pts',(-32.0795436784718,-6.675763272309,17.6458333333333));
#5008=CARTESIAN_POINT('Ctrl Pts',(-31.6893915712958,-6.00000000000002,17.6875));
#5009=CARTESIAN_POINT('Ctrl Pts',(-32.0795436784718,-5.32423672769104,17.7291666666667));
#5010=CARTESIAN_POINT('Ctrl Pts',(-32.4696957856479,-4.64847345538205,17.7708333333333));
#5011=CARTESIAN_POINT('Ctrl Pts',(-33.25,-4.64847345538205,17.8125));
#5012=CARTESIAN_POINT('Ctrl Pts',(-34.0303042143521,-4.64847345538205,17.8541666666667));
#5013=CARTESIAN_POINT('Ctrl Pts',(-34.4204563215281,-5.32423672769103,17.8958333333333));
#5014=CARTESIAN_POINT('Ctrl Pts',(-34.8106084287042,-6.00000000000002,17.9375));
#5015=CARTESIAN_POINT('Ctrl Pts',(-34.4204563215281,-6.675763272309,17.9791666666667));
#5016=CARTESIAN_POINT('Ctrl Pts',(-34.0303042143521,-7.35152654461798,18.0208333333333));
#5017=CARTESIAN_POINT('Ctrl Pts',(-33.25,-7.35152654461798,18.0625));
#5018=CARTESIAN_POINT('Ctrl Pts',(-32.4696957856479,-7.35152654461798,18.1041666666667));
#5019=CARTESIAN_POINT('Ctrl Pts',(-32.0795436784718,-6.675763272309,18.1458333333333));
#5020=CARTESIAN_POINT('Ctrl Pts',(-31.6893915712958,-6.00000000000002,18.1875));
#5021=CARTESIAN_POINT('Ctrl Pts',(-32.0795436784718,-5.32423672769104,18.2291666666667));
#5022=CARTESIAN_POINT('Ctrl Pts',(-32.4696957856479,-4.64847345538205,18.2708333333333));
#5023=CARTESIAN_POINT('Ctrl Pts',(-33.25,-4.64847345538205,18.3125));
#5024=CARTESIAN_POINT('Ctrl Pts',(-34.0303042143521,-4.64847345538205,18.3541666666667));
#5025=CARTESIAN_POINT('Ctrl Pts',(-34.4204563215281,-5.32423672769103,18.3958333333333));
#5026=CARTESIAN_POINT('Ctrl Pts',(-34.8106084287042,-6.00000000000002,18.4375));
#5027=CARTESIAN_POINT('Ctrl Pts',(-34.4204563215281,-6.675763272309,18.4791666666667));
#5028=CARTESIAN_POINT('Ctrl Pts',(-34.0303042143521,-7.35152654461798,18.5208333333333));
#5029=CARTESIAN_POINT('Ctrl Pts',(-33.25,-7.35152654461798,18.5625));
#5030=CARTESIAN_POINT('Ctrl Pts',(-32.4696957856479,-7.35152654461798,18.6041666666667));
#5031=CARTESIAN_POINT('Ctrl Pts',(-32.0795436784718,-6.675763272309,18.6458333333333));
#5032=CARTESIAN_POINT('Ctrl Pts',(-31.6893915712958,-6.00000000000002,18.6875));
#5033=CARTESIAN_POINT('Ctrl Pts',(-32.0795436784718,-5.32423672769104,18.7291666666667));
#5034=CARTESIAN_POINT('Ctrl Pts',(-32.4696957856479,-4.64847345538205,18.7708333333333));
#5035=CARTESIAN_POINT('Ctrl Pts',(-33.25,-4.64847345538205,18.8125));
#5036=CARTESIAN_POINT('Ctrl Pts',(-34.0303042143521,-4.64847345538205,18.8541666666667));
#5037=CARTESIAN_POINT('Ctrl Pts',(-34.4204563215281,-5.32423672769103,18.8958333333333));
#5038=CARTESIAN_POINT('Ctrl Pts',(-34.8106084287042,-6.00000000000002,18.9375));
#5039=CARTESIAN_POINT('Ctrl Pts',(-34.4204563215281,-6.675763272309,18.9791666666667));
#5040=CARTESIAN_POINT('Ctrl Pts',(-34.0303042143521,-7.35152654461798,19.0208333333333));
#5041=CARTESIAN_POINT('Ctrl Pts',(-33.25,-7.35152654461798,19.0625));
#5042=CARTESIAN_POINT('Ctrl Pts',(-32.4696957856479,-7.35152654461798,19.1041666666667));
#5043=CARTESIAN_POINT('Ctrl Pts',(-32.0795436784718,-6.675763272309,19.1458333333333));
#5044=CARTESIAN_POINT('Ctrl Pts',(-31.6893915712958,-6.00000000000002,19.1875));
#5045=CARTESIAN_POINT('Ctrl Pts',(-32.0795436784718,-5.32423672769104,19.2291666666667));
#5046=CARTESIAN_POINT('Ctrl Pts',(-32.4696957856479,-4.64847345538205,19.2708333333333));
#5047=CARTESIAN_POINT('Ctrl Pts',(-33.25,-4.64847345538205,19.3125));
#5048=CARTESIAN_POINT('Ctrl Pts',(-34.0303042143521,-4.64847345538205,19.3541666666667));
#5049=CARTESIAN_POINT('Ctrl Pts',(-34.4204563215281,-5.32423672769103,19.3958333333333));
#5050=CARTESIAN_POINT('Ctrl Pts',(-34.8106084287042,-6.00000000000002,19.4375));
#5051=CARTESIAN_POINT('Ctrl Pts',(-34.4204563215281,-6.675763272309,19.4791666666667));
#5052=CARTESIAN_POINT('Ctrl Pts',(-34.0303042143521,-7.35152654461798,19.5208333333333));
#5053=CARTESIAN_POINT('Ctrl Pts',(-33.25,-7.35152654461798,19.5625));
#5054=CARTESIAN_POINT('Ctrl Pts',(-32.4696957856479,-7.35152654461798,19.6041666666667));
#5055=CARTESIAN_POINT('Ctrl Pts',(-32.0795436784718,-6.675763272309,19.6458333333333));
#5056=CARTESIAN_POINT('Ctrl Pts',(-31.6893915712958,-6.00000000000002,19.6875));
#5057=CARTESIAN_POINT('Ctrl Pts',(-32.0795436784718,-5.32423672769104,19.7291666666667));
#5058=CARTESIAN_POINT('Ctrl Pts',(-32.4696957856479,-4.64847345538205,19.7708333333333));
#5059=CARTESIAN_POINT('Ctrl Pts',(-33.25,-4.64847345538205,19.8125));
#5060=CARTESIAN_POINT('Ctrl Pts',(-34.0303042143521,-4.64847345538205,19.8541666666667));
#5061=CARTESIAN_POINT('Ctrl Pts',(-34.4204563215281,-5.32423672769103,19.8958333333333));
#5062=CARTESIAN_POINT('Ctrl Pts',(-34.8106084287042,-6.00000000000002,19.9375));
#5063=CARTESIAN_POINT('Ctrl Pts',(-34.4204563215281,-6.675763272309,19.9791666666667));
#5064=CARTESIAN_POINT('Ctrl Pts',(-34.0303042143521,-7.35152654461798,20.0208333333333));
#5065=CARTESIAN_POINT('Ctrl Pts',(-33.25,-7.35152654461798,20.0625));
#5066=CARTESIAN_POINT('Ctrl Pts',(-32.4696957856479,-7.35152654461798,20.1041666666667));
#5067=CARTESIAN_POINT('Ctrl Pts',(-32.0795436784718,-6.675763272309,20.1458333333333));
#5068=CARTESIAN_POINT('Ctrl Pts',(-31.6893915712958,-6.00000000000002,20.1875));
#5069=CARTESIAN_POINT('Ctrl Pts',(-32.0795436784718,-5.32423672769104,20.2291666666667));
#5070=CARTESIAN_POINT('Ctrl Pts',(-32.4696957856479,-4.64847345538205,20.2708333333333));
#5071=CARTESIAN_POINT('Ctrl Pts',(-33.25,-4.64847345538205,20.3125));
#5072=CARTESIAN_POINT('Ctrl Pts',(-34.0303042143521,-4.64847345538205,20.3541666666667));
#5073=CARTESIAN_POINT('Ctrl Pts',(-34.4204563215281,-5.32423672769103,20.3958333333333));
#5074=CARTESIAN_POINT('Ctrl Pts',(-34.8106084287042,-6.00000000000002,20.4375));
#5075=CARTESIAN_POINT('Ctrl Pts',(-34.4204563215281,-6.675763272309,20.4791666666667));
#5076=CARTESIAN_POINT('Ctrl Pts',(-34.0303042143521,-7.35152654461798,20.5208333333333));
#5077=CARTESIAN_POINT('Ctrl Pts',(-33.25,-7.35152654461798,20.5625));
#5078=CARTESIAN_POINT('Ctrl Pts',(-32.4696957856479,-7.35152654461798,20.6041666666667));
#5079=CARTESIAN_POINT('Ctrl Pts',(-32.0795436784718,-6.675763272309,20.6458333333333));
#5080=CARTESIAN_POINT('Ctrl Pts',(-31.6893915712958,-6.00000000000002,20.6875));
#5081=CARTESIAN_POINT('Ctrl Pts',(-32.0795436784718,-5.32423672769104,20.7291666666667));
#5082=CARTESIAN_POINT('Ctrl Pts',(-32.4696957856479,-4.64847345538205,20.7708333333333));
#5083=CARTESIAN_POINT('Ctrl Pts',(-33.25,-4.64847345538205,20.8125));
#5084=CARTESIAN_POINT('Ctrl Pts',(-34.0303042143521,-4.64847345538205,20.8541666666667));
#5085=CARTESIAN_POINT('Ctrl Pts',(-34.4204563215281,-5.32423672769103,20.8958333333333));
#5086=CARTESIAN_POINT('Ctrl Pts',(-34.8106084287042,-6.00000000000002,20.9375));
#5087=CARTESIAN_POINT('Ctrl Pts',(-34.4204563215281,-6.675763272309,20.9791666666667));
#5088=CARTESIAN_POINT('Ctrl Pts',(-34.0303042143521,-7.35152654461798,21.0208333333333));
#5089=CARTESIAN_POINT('Ctrl Pts',(-33.25,-7.35152654461798,21.0625));
#5090=CARTESIAN_POINT('Ctrl Pts',(-32.4696957856479,-7.35152654461798,21.1041666666667));
#5091=CARTESIAN_POINT('Ctrl Pts',(-32.0795436784718,-6.675763272309,21.1458333333333));
#5092=CARTESIAN_POINT('Ctrl Pts',(-31.6893915712958,-6.00000000000002,21.1875));
#5093=CARTESIAN_POINT('Ctrl Pts',(-32.0795436784718,-5.32423672769104,21.2291666666667));
#5094=CARTESIAN_POINT('Ctrl Pts',(-32.4696957856479,-4.64847345538205,21.2708333333333));
#5095=CARTESIAN_POINT('Ctrl Pts',(-33.25,-4.64847345538205,21.3125));
#5096=CARTESIAN_POINT('Ctrl Pts',(-34.0303042143521,-4.64847345538205,21.3541666666667));
#5097=CARTESIAN_POINT('Ctrl Pts',(-34.4204563215281,-5.32423672769103,21.3958333333333));
#5098=CARTESIAN_POINT('Ctrl Pts',(-34.8106084287042,-6.00000000000002,21.4375));
#5099=CARTESIAN_POINT('Ctrl Pts',(-34.4204563215281,-6.675763272309,21.4791666666667));
#5100=CARTESIAN_POINT('Ctrl Pts',(-34.0303042143521,-7.35152654461798,21.5208333333333));
#5101=CARTESIAN_POINT('Ctrl Pts',(-33.25,-7.35152654461798,21.5625));
#5102=CARTESIAN_POINT('Ctrl Pts',(-32.4696957856479,-7.35152654461798,21.6041666666667));
#5103=CARTESIAN_POINT('Ctrl Pts',(-32.0795436784718,-6.675763272309,21.6458333333333));
#5104=CARTESIAN_POINT('Ctrl Pts',(-31.6893915712958,-6.00000000000002,21.6875));
#5105=CARTESIAN_POINT('Ctrl Pts',(-32.0795436784718,-5.32423672769104,21.7291666666667));
#5106=CARTESIAN_POINT('Ctrl Pts',(-32.4696957856479,-4.64847345538205,21.7708333333333));
#5107=CARTESIAN_POINT('Ctrl Pts',(-33.25,-4.64847345538205,21.8125));
#5108=CARTESIAN_POINT('Ctrl Pts',(-34.0303042143521,-4.64847345538205,21.8541666666667));
#5109=CARTESIAN_POINT('Ctrl Pts',(-34.4204563215281,-5.32423672769103,21.8958333333333));
#5110=CARTESIAN_POINT('Ctrl Pts',(-34.8106084287042,-6.00000000000002,21.9375));
#5111=CARTESIAN_POINT('Ctrl Pts',(-34.4204563215281,-6.675763272309,21.9791666666667));
#5112=CARTESIAN_POINT('Ctrl Pts',(-34.0303042143521,-7.35152654461798,22.0208333333333));
#5113=CARTESIAN_POINT('Ctrl Pts',(-33.25,-7.35152654461798,22.0625));
#5114=CARTESIAN_POINT('Ctrl Pts',(-32.4696957856479,-7.35152654461798,22.1041666666667));
#5115=CARTESIAN_POINT('Ctrl Pts',(-32.0795436784718,-6.675763272309,22.1458333333333));
#5116=CARTESIAN_POINT('Ctrl Pts',(-31.6893915712958,-6.00000000000002,22.1875));
#5117=CARTESIAN_POINT('Ctrl Pts',(-32.0795436784718,-5.32423672769104,22.2291666666667));
#5118=CARTESIAN_POINT('Ctrl Pts',(-32.4696957856479,-4.64847345538205,22.2708333333333));
#5119=CARTESIAN_POINT('Ctrl Pts',(-33.25,-4.64847345538205,22.3125));
#5120=CARTESIAN_POINT('Ctrl Pts',(-34.0303042143521,-4.64847345538205,22.3541666666667));
#5121=CARTESIAN_POINT('Ctrl Pts',(-34.4204563215281,-5.32423672769103,22.3958333333333));
#5122=CARTESIAN_POINT('Ctrl Pts',(-34.8106084287042,-6.00000000000002,22.4375));
#5123=CARTESIAN_POINT('Ctrl Pts',(-34.4204563215281,-6.675763272309,22.4791666666667));
#5124=CARTESIAN_POINT('Ctrl Pts',(-34.0303042143521,-7.35152654461798,22.5208333333333));
#5125=CARTESIAN_POINT('Ctrl Pts',(-33.25,-7.35152654461798,22.5625));
#5126=CARTESIAN_POINT('Ctrl Pts',(-32.4696957856479,-7.35152654461798,22.6041666666667));
#5127=CARTESIAN_POINT('Ctrl Pts',(-32.0795436784718,-6.675763272309,22.6458333333333));
#5128=CARTESIAN_POINT('Ctrl Pts',(-31.6893915712958,-6.00000000000002,22.6875));
#5129=CARTESIAN_POINT('Ctrl Pts',(-32.0795436784718,-5.32423672769104,22.7291666666667));
#5130=CARTESIAN_POINT('Ctrl Pts',(-32.4696957856479,-4.64847345538205,22.7708333333333));
#5131=CARTESIAN_POINT('Ctrl Pts',(-33.25,-4.64847345538205,22.8125));
#5132=CARTESIAN_POINT('Ctrl Pts',(-34.0303042143521,-4.64847345538205,22.8541666666667));
#5133=CARTESIAN_POINT('Ctrl Pts',(-34.4204563215281,-5.32423672769103,22.8958333333333));
#5134=CARTESIAN_POINT('Ctrl Pts',(-34.8106084287042,-6.00000000000002,22.9375));
#5135=CARTESIAN_POINT('Ctrl Pts',(-34.4204563215281,-6.675763272309,22.9791666666667));
#5136=CARTESIAN_POINT('Ctrl Pts',(-34.0303042143521,-7.35152654461798,23.0208333333333));
#5137=CARTESIAN_POINT('Ctrl Pts',(-33.25,-7.35152654461798,23.0625));
#5138=CARTESIAN_POINT('Ctrl Pts',(-32.4696957856479,-7.35152654461798,23.1041666666667));
#5139=CARTESIAN_POINT('Ctrl Pts',(-32.0795436784718,-6.675763272309,23.1458333333333));
#5140=CARTESIAN_POINT('Ctrl Pts',(-31.6893915712958,-6.00000000000002,23.1875));
#5141=CARTESIAN_POINT('Ctrl Pts',(-32.0795436784718,-5.32423672769104,23.2291666666667));
#5142=CARTESIAN_POINT('Ctrl Pts',(-32.4696957856479,-4.64847345538205,23.2708333333333));
#5143=CARTESIAN_POINT('Ctrl Pts',(-33.25,-4.64847345538205,23.3125));
#5144=CARTESIAN_POINT('Ctrl Pts',(-34.0303042143521,-4.64847345538205,23.3541666666667));
#5145=CARTESIAN_POINT('Ctrl Pts',(-34.4204563215281,-5.32423672769103,23.3958333333333));
#5146=CARTESIAN_POINT('Ctrl Pts',(-34.8106084287042,-6.00000000000002,23.4375));
#5147=CARTESIAN_POINT('Ctrl Pts',(-34.4204563215281,-6.675763272309,23.4791666666667));
#5148=CARTESIAN_POINT('Ctrl Pts',(-34.0303042143521,-7.35152654461798,23.5208333333333));
#5149=CARTESIAN_POINT('Ctrl Pts',(-33.25,-7.35152654461798,23.5625));
#5150=CARTESIAN_POINT('Ctrl Pts',(-32.4696957856479,-7.35152654461798,23.6041666666667));
#5151=CARTESIAN_POINT('Ctrl Pts',(-32.0795436784718,-6.675763272309,23.6458333333333));
#5152=CARTESIAN_POINT('Ctrl Pts',(-31.6893915712958,-6.00000000000002,23.6875));
#5153=CARTESIAN_POINT('Ctrl Pts',(-32.0795436784718,-5.32423672769104,23.7291666666667));
#5154=CARTESIAN_POINT('Ctrl Pts',(-32.4696957856479,-4.64847345538205,23.7708333333333));
#5155=CARTESIAN_POINT('Ctrl Pts',(-33.25,-4.64847345538205,23.8125));
#5156=CARTESIAN_POINT('Ctrl Pts',(-34.0303042143521,-4.64847345538205,23.8541666666667));
#5157=CARTESIAN_POINT('Ctrl Pts',(-34.4204563215281,-5.32423672769103,23.8958333333333));
#5158=CARTESIAN_POINT('Ctrl Pts',(-34.8106084287042,-6.00000000000002,23.9375));
#5159=CARTESIAN_POINT('Ctrl Pts',(-34.4204563215281,-6.675763272309,23.9791666666667));
#5160=CARTESIAN_POINT('Ctrl Pts',(-34.0303042143521,-7.35152654461798,24.0208333333333));
#5161=CARTESIAN_POINT('Ctrl Pts',(-33.25,-7.35152654461798,24.0625));
#5162=CARTESIAN_POINT('Ctrl Pts',(-32.4696957856479,-7.35152654461798,24.1041666666667));
#5163=CARTESIAN_POINT('Ctrl Pts',(-32.0795436784718,-6.675763272309,24.1458333333333));
#5164=CARTESIAN_POINT('Ctrl Pts',(-31.6893915712958,-6.00000000000002,24.1875));
#5165=CARTESIAN_POINT('Ctrl Pts',(-32.0795436784718,-5.32423672769104,24.2291666666667));
#5166=CARTESIAN_POINT('Ctrl Pts',(-32.4696957856479,-4.64847345538205,24.2708333333333));
#5167=CARTESIAN_POINT('Ctrl Pts',(-33.25,-4.64847345538205,24.3125));
#5168=CARTESIAN_POINT('Ctrl Pts',(-34.1969190552898,-6.96434864210824,15.));
#5169=CARTESIAN_POINT('Ctrl Pts',(-34.3554590955239,-6.84183263244044,15.));
#5170=CARTESIAN_POINT('Ctrl Pts',(-34.4657205106359,-6.69814221112471,15.));
#5171=CARTESIAN_POINT('Ctrl Pts',(-34.6352046220268,-6.39954976362351,15.));
#5172=CARTESIAN_POINT('Ctrl Pts',(-34.6952656129545,-6.22305302711357,15.));
#5173=CARTESIAN_POINT('Ctrl Pts',(-34.7479637752785,-5.8476459075994,15.));
#5174=CARTESIAN_POINT('Ctrl Pts',(-34.7364888512888,-5.65189241636407,14.9999999999958));
#5175=CARTESIAN_POINT('Ctrl Pts',(-34.6273598169803,-5.23481367462859,14.9999999999958));
#5176=CARTESIAN_POINT('Ctrl Pts',(-34.5206499166452,-5.0541749813524,15.));
#5177=CARTESIAN_POINT('Ctrl Pts',(-34.3000633303424,-4.7585438144419,15.));
#5178=CARTESIAN_POINT('Ctrl Pts',(-34.1436206350235,-4.61627844859329,15.));
#5179=CARTESIAN_POINT('Ctrl Pts',(-33.8126578162768,-4.41510931973067,15.));
#5180=CARTESIAN_POINT('Ctrl Pts',(-33.6467629082886,-4.34819666172469,15.));
#5181=CARTESIAN_POINT('Ctrl Pts',(-33.3960788651198,-4.29186532137396,15.));
#5182=CARTESIAN_POINT('Ctrl Pts',(-33.3212648982388,-4.28093874151991,15.));
#5183=CARTESIAN_POINT('Ctrl Pts',(-33.25,-4.27500000000001,15.));
#5184=CARTESIAN_POINT('Ctrl Pts',(-33.2499999999999,-4.27500000000001,10.));
#5185=CARTESIAN_POINT('Ctrl Pts',(-33.3499479463122,-4.28332899552603,10.));
#5186=CARTESIAN_POINT('Ctrl Pts',(-33.4564765962011,-4.30141991783263,9.99999999996747));
#5187=CARTESIAN_POINT('Ctrl Pts',(-33.7604670856999,-4.38881731759488,9.99999999996747));
#5188=CARTESIAN_POINT('Ctrl Pts',(-33.9421333021787,-4.47972812943883,10.));
#5189=CARTESIAN_POINT('Ctrl Pts',(-34.2742105879677,-4.73137402744608,10.));
#5190=CARTESIAN_POINT('Ctrl Pts',(-34.4183069587811,-4.89391107711716,10.));
#5191=CARTESIAN_POINT('Ctrl Pts',(-34.6324329984457,-5.26052445797258,10.));
#5192=CARTESIAN_POINT('Ctrl Pts',(-34.6966157698046,-5.44811932301835,9.99999999996216));
#5193=CARTESIAN_POINT('Ctrl Pts',(-34.7466000527,-5.82489781305151,9.99999999996216));
#5194=CARTESIAN_POINT('Ctrl Pts',(-34.7364118769463,-6.00982206428369,10.));
#5195=CARTESIAN_POINT('Ctrl Pts',(-34.654832387673,-6.33981515882314,10.));
#5196=CARTESIAN_POINT('Ctrl Pts',(-34.5933258882129,-6.48452573226889,10.));
#5197=CARTESIAN_POINT('Ctrl Pts',(-34.4255644923968,-6.75146902891444,10.));
#5198=CARTESIAN_POINT('Ctrl Pts',(-34.3221263545549,-6.86759138971577,10.));
#5199=CARTESIAN_POINT('Ctrl Pts',(-34.1969190552898,-6.96434864210825,10.));
#5200=CARTESIAN_POINT('Ctrl Pts',(-33.25,-7.72500000000002,10.25));
#5201=CARTESIAN_POINT('Ctrl Pts',(-32.6461323610646,-7.72500000000002,10.2752639959344));
#5202=CARTESIAN_POINT('Ctrl Pts',(-32.0568659715166,-7.38343124242736,10.3081675728296));
#5203=CARTESIAN_POINT('Ctrl Pts',(-31.7561061784718,-6.8625,10.3333333333333));
#5204=CARTESIAN_POINT('Ctrl Pts',(-31.4553471466497,-6.34157007604892,10.3584990301426));
#5205=CARTESIAN_POINT('Ctrl Pts',(-31.4553358085204,-5.65844956216714,10.3915000211513));
#5206=CARTESIAN_POINT('Ctrl Pts',(-31.7561061784718,-5.13750000000002,10.4166666666667));
#5207=CARTESIAN_POINT('Ctrl Pts',(-32.0568868120108,-4.6165326607777,10.4418341709769));
#5208=CARTESIAN_POINT('Ctrl Pts',(-32.6461787734343,-4.27500000000002,10.4747379458188));
#5209=CARTESIAN_POINT('Ctrl Pts',(-33.25,-4.27500000000002,10.5));
#5210=CARTESIAN_POINT('Ctrl Pts',(-33.8534048862375,-4.27500000000002,10.5252446357608));
#5211=CARTESIAN_POINT('Ctrl Pts',(-34.4429145201971,-4.61618855806801,10.5581492057038));
#5212=CARTESIAN_POINT('Ctrl Pts',(-34.7438938215282,-5.13750000000005,10.5833333333333));
#5213=CARTESIAN_POINT('Ctrl Pts',(-35.0448254622354,-5.65872889131014,10.6085134730102));
#5214=CARTESIAN_POINT('Ctrl Pts',(-35.0445496917839,-6.34174875712328,10.6415096017934));
#5215=CARTESIAN_POINT('Ctrl Pts',(-34.7438938215281,-6.86250000000002,10.6666666666667));
#5216=CARTESIAN_POINT('Ctrl Pts',(-34.4432290931715,-7.38326658555758,10.6918244727322));
#5217=CARTESIAN_POINT('Ctrl Pts',(-33.8530635657687,-7.72500000000002,10.7247696440554));
#5218=CARTESIAN_POINT('Ctrl Pts',(-33.25,-7.72500000000002,10.75));
#5219=CARTESIAN_POINT('Origin',(-33.25,-6.00000000000002,-6.));
#5220=CARTESIAN_POINT('Ctrl Pts',(-33.25,-7.72500000000002,10.8125));
#5221=CARTESIAN_POINT('Ctrl Pts',(-33.8513377244478,-7.72500000000002,10.7873418480374));
#5222=CARTESIAN_POINT('Ctrl Pts',(-34.4429938777532,-7.38367399061286,10.7543441541359));
#5223=CARTESIAN_POINT('Ctrl Pts',(-34.7438938215281,-6.86250000000002,10.7291666666667));
#5224=CARTESIAN_POINT('Ctrl Pts',(-35.0448464331973,-6.3412347859185,10.7039847722666));
#5225=CARTESIAN_POINT('Ctrl Pts',(-35.0456362240711,-5.66013317200228,10.6710813126571));
#5226=CARTESIAN_POINT('Ctrl Pts',(-34.7438938215281,-5.13750000000001,10.6458333333333));
#5227=CARTESIAN_POINT('Ctrl Pts',(-34.4419210531344,-4.61446782263983,10.6205660783884));
#5228=CARTESIAN_POINT('Ctrl Pts',(-33.8516081298044,-4.27500000000002,10.587669464905));
#5229=CARTESIAN_POINT('Ctrl Pts',(-33.25,-4.27500000000002,10.5625));
#5230=CARTESIAN_POINT('Ctrl Pts',(-32.6484116626201,-4.27500000000002,10.5373313631502));
#5231=CARTESIAN_POINT('Ctrl Pts',(-32.0568452814693,-4.61660459378579,10.5043306959524));
#5232=CARTESIAN_POINT('Ctrl Pts',(-31.7561061784718,-5.13750000000002,10.4791666666667));
#5233=CARTESIAN_POINT('Ctrl Pts',(-31.4553668036263,-5.65839587706903,10.4540026146343));
#5234=CARTESIAN_POINT('Ctrl Pts',(-31.4542330986231,-6.3396404882648,10.4210922469437));
#5235=CARTESIAN_POINT('Ctrl Pts',(-31.7561061784718,-6.86250000000002,10.3958333333333));
#5236=CARTESIAN_POINT('Ctrl Pts',(-32.0577883003665,-7.38502876285674,10.3705903979296));
#5237=CARTESIAN_POINT('Ctrl Pts',(-32.6479414520979,-7.72500000000002,10.3376883090362));
#5238=CARTESIAN_POINT('Ctrl Pts',(-33.25,-7.72500000000002,10.3125));
#5239=CARTESIAN_POINT('Ctrl Pts',(-33.25,-4.64847819130732,-6.2499976223585));
#5240=CARTESIAN_POINT('Ctrl Pts',(-34.0303014800644,-4.64847819130732,-6.20833095569184));
#5241=CARTESIAN_POINT('Ctrl Pts',(-34.4204522200966,-5.32423909565367,-6.16666428902517));
#5242=CARTESIAN_POINT('Ctrl Pts',(-34.8106029601287,-6.00000000000002,-6.1249976223585));
#5243=CARTESIAN_POINT('Ctrl Pts',(-34.4204522200966,-6.67576090434637,-6.08333095569184));
#5244=CARTESIAN_POINT('Ctrl Pts',(-34.0303014800644,-7.35152180869272,-6.04166428902517));
#5245=CARTESIAN_POINT('Ctrl Pts',(-33.25,-7.35152180869272,-5.9999976223585));
#5246=CARTESIAN_POINT('Ctrl Pts',(-32.4696985199356,-7.35152180869272,-5.95833095569184));
#5247=CARTESIAN_POINT('Ctrl Pts',(-32.0795477799034,-6.67576090434637,-5.91666428902517));
#5248=CARTESIAN_POINT('Ctrl Pts',(-31.6893970398712,-6.00000000000002,-5.87499762235851));
#5249=CARTESIAN_POINT('Ctrl Pts',(-32.0795477799034,-5.32423909565367,-5.83333095569184));
#5250=CARTESIAN_POINT('Ctrl Pts',(-32.4696985199356,-4.64847819130732,-5.79166428902517));
#5251=CARTESIAN_POINT('Ctrl Pts',(-33.25,-4.64847819130732,-5.7499976223585));
#5252=CARTESIAN_POINT('Ctrl Pts',(-34.0303014800644,-4.64847819130732,-5.70833095569184));
#5253=CARTESIAN_POINT('Ctrl Pts',(-34.4204522200966,-5.32423909565367,-5.66666428902517));
#5254=CARTESIAN_POINT('Ctrl Pts',(-34.8106029601287,-6.00000000000002,-5.6249976223585));
#5255=CARTESIAN_POINT('Ctrl Pts',(-34.4204522200966,-6.67576090434637,-5.58333095569184));
#5256=CARTESIAN_POINT('Ctrl Pts',(-34.0303014800644,-7.35152180869272,-5.54166428902518));
#5257=CARTESIAN_POINT('Ctrl Pts',(-33.25,-7.35152180869272,-5.49999762235851));
#5258=CARTESIAN_POINT('Ctrl Pts',(-32.4696985199356,-7.35152180869272,-5.45833095569184));
#5259=CARTESIAN_POINT('Ctrl Pts',(-32.0795477799034,-6.67576090434637,-5.41666428902517));
#5260=CARTESIAN_POINT('Ctrl Pts',(-31.6893970398712,-6.00000000000002,-5.3749976223585));
#5261=CARTESIAN_POINT('Ctrl Pts',(-32.0795477799034,-5.32423909565367,-5.33333095569184));
#5262=CARTESIAN_POINT('Ctrl Pts',(-32.4696985199356,-4.64847819130732,-5.29166428902517));
#5263=CARTESIAN_POINT('Ctrl Pts',(-33.25,-4.64847819130732,-5.2499976223585));
#5264=CARTESIAN_POINT('Ctrl Pts',(-34.0303014800644,-4.64847819130732,-5.20833095569184));
#5265=CARTESIAN_POINT('Ctrl Pts',(-34.4204522200966,-5.32423909565367,-5.16666428902518));
#5266=CARTESIAN_POINT('Ctrl Pts',(-34.8106029601287,-6.00000000000002,-5.1249976223585));
#5267=CARTESIAN_POINT('Ctrl Pts',(-34.4204522200966,-6.67576090434637,-5.08333095569184));
#5268=CARTESIAN_POINT('Ctrl Pts',(-34.0303014800644,-7.35152180869272,-5.04166428902517));
#5269=CARTESIAN_POINT('Ctrl Pts',(-33.25,-7.35152180869272,-4.9999976223585));
#5270=CARTESIAN_POINT('Ctrl Pts',(-32.4696985199356,-7.35152180869272,-4.95833095569184));
#5271=CARTESIAN_POINT('Ctrl Pts',(-32.0795477799034,-6.67576090434637,-4.91666428902517));
#5272=CARTESIAN_POINT('Ctrl Pts',(-31.6893970398712,-6.00000000000002,-4.87499762235851));
#5273=CARTESIAN_POINT('Ctrl Pts',(-32.0795477799034,-5.32423909565367,-4.83333095569184));
#5274=CARTESIAN_POINT('Ctrl Pts',(-32.4696985199356,-4.64847819130732,-4.79166428902517));
#5275=CARTESIAN_POINT('Ctrl Pts',(-33.25,-4.64847819130732,-4.74999762235851));
#5276=CARTESIAN_POINT('Ctrl Pts',(-34.0303014800644,-4.64847819130732,-4.70833095569184));
#5277=CARTESIAN_POINT('Ctrl Pts',(-34.4204522200966,-5.32423909565367,-4.66666428902517));
#5278=CARTESIAN_POINT('Ctrl Pts',(-34.8106029601287,-6.00000000000002,-4.62499762235851));
#5279=CARTESIAN_POINT('Ctrl Pts',(-34.4204522200966,-6.67576090434637,-4.58333095569184));
#5280=CARTESIAN_POINT('Ctrl Pts',(-34.0303014800644,-7.35152180869272,-4.54166428902517));
#5281=CARTESIAN_POINT('Ctrl Pts',(-33.25,-7.35152180869272,-4.49999762235851));
#5282=CARTESIAN_POINT('Ctrl Pts',(-32.4696985199356,-7.35152180869272,-4.45833095569184));
#5283=CARTESIAN_POINT('Ctrl Pts',(-32.0795477799034,-6.67576090434637,-4.41666428902517));
#5284=CARTESIAN_POINT('Ctrl Pts',(-31.6893970398712,-6.00000000000002,-4.3749976223585));
#5285=CARTESIAN_POINT('Ctrl Pts',(-32.0795477799034,-5.32423909565367,-4.33333095569184));
#5286=CARTESIAN_POINT('Ctrl Pts',(-32.4696985199356,-4.64847819130732,-4.29166428902517));
#5287=CARTESIAN_POINT('Ctrl Pts',(-33.25,-4.64847819130731,-4.24999762235851));
#5288=CARTESIAN_POINT('Ctrl Pts',(-34.0303014800644,-4.64847819130732,-4.20833095569184));
#5289=CARTESIAN_POINT('Ctrl Pts',(-34.4204522200966,-5.32423909565367,-4.16666428902517));
#5290=CARTESIAN_POINT('Ctrl Pts',(-34.8106029601287,-6.00000000000002,-4.12499762235851));
#5291=CARTESIAN_POINT('Ctrl Pts',(-34.4204522200966,-6.67576090434637,-4.08333095569184));
#5292=CARTESIAN_POINT('Ctrl Pts',(-34.0303014800644,-7.35152180869272,-4.04166428902517));
#5293=CARTESIAN_POINT('Ctrl Pts',(-33.25,-7.35152180869272,-3.99999762235851));
#5294=CARTESIAN_POINT('Ctrl Pts',(-32.4696985199356,-7.35152180869272,-3.95833095569184));
#5295=CARTESIAN_POINT('Ctrl Pts',(-32.0795477799034,-6.67576090434637,-3.91666428902517));
#5296=CARTESIAN_POINT('Ctrl Pts',(-31.6893970398712,-6.00000000000002,-3.8749976223585));
#5297=CARTESIAN_POINT('Ctrl Pts',(-32.0795477799034,-5.32423909565367,-3.83333095569184));
#5298=CARTESIAN_POINT('Ctrl Pts',(-32.4696985199356,-4.64847819130732,-3.79166428902517));
#5299=CARTESIAN_POINT('Ctrl Pts',(-33.25,-4.64847819130731,-3.74999762235851));
#5300=CARTESIAN_POINT('Ctrl Pts',(-34.0303014800644,-4.64847819130732,-3.70833095569184));
#5301=CARTESIAN_POINT('Ctrl Pts',(-34.4204522200966,-5.32423909565367,-3.66666428902517));
#5302=CARTESIAN_POINT('Ctrl Pts',(-34.8106029601287,-6.00000000000002,-3.62499762235851));
#5303=CARTESIAN_POINT('Ctrl Pts',(-34.4204522200966,-6.67576090434637,-3.58333095569184));
#5304=CARTESIAN_POINT('Ctrl Pts',(-34.0303014800644,-7.35152180869272,-3.54166428902517));
#5305=CARTESIAN_POINT('Ctrl Pts',(-33.25,-7.35152180869272,-3.49999762235851));
#5306=CARTESIAN_POINT('Ctrl Pts',(-32.4696985199356,-7.35152180869272,-3.45833095569184));
#5307=CARTESIAN_POINT('Ctrl Pts',(-32.0795477799034,-6.67576090434637,-3.41666428902517));
#5308=CARTESIAN_POINT('Ctrl Pts',(-31.6893970398712,-6.00000000000002,-3.37499762235851));
#5309=CARTESIAN_POINT('Ctrl Pts',(-32.0795477799034,-5.32423909565367,-3.33333095569184));
#5310=CARTESIAN_POINT('Ctrl Pts',(-32.4696985199356,-4.64847819130732,-3.29166428902517));
#5311=CARTESIAN_POINT('Ctrl Pts',(-33.25,-4.64847819130731,-3.24999762235851));
#5312=CARTESIAN_POINT('Ctrl Pts',(-34.0303014800644,-4.64847819130732,-3.20833095569184));
#5313=CARTESIAN_POINT('Ctrl Pts',(-34.4204522200966,-5.32423909565367,-3.16666428902517));
#5314=CARTESIAN_POINT('Ctrl Pts',(-34.8106029601287,-6.00000000000002,-3.12499762235851));
#5315=CARTESIAN_POINT('Ctrl Pts',(-34.4204522200966,-6.67576090434637,-3.08333095569184));
#5316=CARTESIAN_POINT('Ctrl Pts',(-34.0303014800644,-7.35152180869272,-3.04166428902517));
#5317=CARTESIAN_POINT('Ctrl Pts',(-33.25,-7.35152180869272,-2.99999762235851));
#5318=CARTESIAN_POINT('Ctrl Pts',(-32.4696985199356,-7.35152180869272,-2.95833095569183));
#5319=CARTESIAN_POINT('Ctrl Pts',(-32.0795477799034,-6.67576090434637,-2.91666428902517));
#5320=CARTESIAN_POINT('Ctrl Pts',(-31.6893970398712,-6.00000000000002,-2.87499762235851));
#5321=CARTESIAN_POINT('Ctrl Pts',(-32.0795477799034,-5.32423909565367,-2.83333095569184));
#5322=CARTESIAN_POINT('Ctrl Pts',(-32.4696985199356,-4.64847819130732,-2.79166428902517));
#5323=CARTESIAN_POINT('Ctrl Pts',(-33.25,-4.64847819130731,-2.7499976223585));
#5324=CARTESIAN_POINT('Ctrl Pts',(-34.0303014800644,-4.64847819130732,-2.70833095569184));
#5325=CARTESIAN_POINT('Ctrl Pts',(-34.4204522200966,-5.32423909565367,-2.66666428902517));
#5326=CARTESIAN_POINT('Ctrl Pts',(-34.8106029601287,-6.00000000000002,-2.62499762235851));
#5327=CARTESIAN_POINT('Ctrl Pts',(-34.4204522200966,-6.67576090434637,-2.58333095569184));
#5328=CARTESIAN_POINT('Ctrl Pts',(-34.0303014800644,-7.35152180869272,-2.54166428902517));
#5329=CARTESIAN_POINT('Ctrl Pts',(-33.25,-7.35152180869272,-2.49999762235851));
#5330=CARTESIAN_POINT('Ctrl Pts',(-32.4696985199356,-7.35152180869272,-2.45833095569184));
#5331=CARTESIAN_POINT('Ctrl Pts',(-32.0795477799034,-6.67576090434637,-2.41666428902517));
#5332=CARTESIAN_POINT('Ctrl Pts',(-31.6893970398712,-6.00000000000002,-2.3749976223585));
#5333=CARTESIAN_POINT('Ctrl Pts',(-32.0795477799034,-5.32423909565367,-2.33333095569184));
#5334=CARTESIAN_POINT('Ctrl Pts',(-32.4696985199356,-4.64847819130732,-2.29166428902517));
#5335=CARTESIAN_POINT('Ctrl Pts',(-33.25,-4.64847819130731,-2.24999762235851));
#5336=CARTESIAN_POINT('Ctrl Pts',(-34.0303014800644,-4.64847819130732,-2.20833095569184));
#5337=CARTESIAN_POINT('Ctrl Pts',(-34.4204522200966,-5.32423909565367,-2.16666428902517));
#5338=CARTESIAN_POINT('Ctrl Pts',(-34.8106029601287,-6.00000000000002,-2.1249976223585));
#5339=CARTESIAN_POINT('Ctrl Pts',(-34.4204522200966,-6.67576090434637,-2.08333095569184));
#5340=CARTESIAN_POINT('Ctrl Pts',(-34.0303014800644,-7.35152180869272,-2.04166428902517));
#5341=CARTESIAN_POINT('Ctrl Pts',(-33.25,-7.35152180869272,-1.9999976223585));
#5342=CARTESIAN_POINT('Ctrl Pts',(-32.4696985199356,-7.35152180869272,-1.95833095569184));
#5343=CARTESIAN_POINT('Ctrl Pts',(-32.0795477799034,-6.67576090434637,-1.91666428902517));
#5344=CARTESIAN_POINT('Ctrl Pts',(-31.6893970398712,-6.00000000000002,-1.87499762235851));
#5345=CARTESIAN_POINT('Ctrl Pts',(-32.0795477799034,-5.32423909565367,-1.83333095569184));
#5346=CARTESIAN_POINT('Ctrl Pts',(-32.4696985199356,-4.64847819130732,-1.79166428902518));
#5347=CARTESIAN_POINT('Ctrl Pts',(-33.25,-4.64847819130731,-1.74999762235851));
#5348=CARTESIAN_POINT('Ctrl Pts',(-34.0303014800644,-4.64847819130732,-1.70833095569184));
#5349=CARTESIAN_POINT('Ctrl Pts',(-34.4204522200966,-5.32423909565367,-1.66666428902517));
#5350=CARTESIAN_POINT('Ctrl Pts',(-34.8106029601287,-6.00000000000002,-1.6249976223585));
#5351=CARTESIAN_POINT('Ctrl Pts',(-34.4204522200966,-6.67576090434637,-1.58333095569184));
#5352=CARTESIAN_POINT('Ctrl Pts',(-34.0303014800644,-7.35152180869272,-1.54166428902517));
#5353=CARTESIAN_POINT('Ctrl Pts',(-33.25,-7.35152180869272,-1.49999762235851));
#5354=CARTESIAN_POINT('Ctrl Pts',(-32.4696985199356,-7.35152180869272,-1.45833095569184));
#5355=CARTESIAN_POINT('Ctrl Pts',(-32.0795477799034,-6.67576090434637,-1.41666428902517));
#5356=CARTESIAN_POINT('Ctrl Pts',(-31.6893970398712,-6.00000000000002,-1.3749976223585));
#5357=CARTESIAN_POINT('Ctrl Pts',(-32.0795477799034,-5.32423909565367,-1.33333095569184));
#5358=CARTESIAN_POINT('Ctrl Pts',(-32.4696985199356,-4.64847819130732,-1.29166428902517));
#5359=CARTESIAN_POINT('Ctrl Pts',(-33.25,-4.64847819130731,-1.2499976223585));
#5360=CARTESIAN_POINT('Ctrl Pts',(-34.0303014800644,-4.64847819130732,-1.20833095569184));
#5361=CARTESIAN_POINT('Ctrl Pts',(-34.4204522200966,-5.32423909565367,-1.16666428902517));
#5362=CARTESIAN_POINT('Ctrl Pts',(-34.8106029601287,-6.00000000000002,-1.1249976223585));
#5363=CARTESIAN_POINT('Ctrl Pts',(-34.4204522200966,-6.67576090434637,-1.08333095569184));
#5364=CARTESIAN_POINT('Ctrl Pts',(-34.0303014800644,-7.35152180869272,-1.04166428902517));
#5365=CARTESIAN_POINT('Ctrl Pts',(-33.25,-7.35152180869272,-0.999997622358506));
#5366=CARTESIAN_POINT('Ctrl Pts',(-32.4696985199356,-7.35152180869272,-0.958330955691837));
#5367=CARTESIAN_POINT('Ctrl Pts',(-32.0795477799034,-6.67576090434637,-0.916664289025171));
#5368=CARTESIAN_POINT('Ctrl Pts',(-31.6893970398712,-6.00000000000002,-0.874997622358504));
#5369=CARTESIAN_POINT('Ctrl Pts',(-32.0795477799034,-5.32423909565367,-0.833330955691838));
#5370=CARTESIAN_POINT('Ctrl Pts',(-32.4696985199356,-4.64847819130732,-0.791664289025173));
#5371=CARTESIAN_POINT('Ctrl Pts',(-33.25,-4.64847819130731,-0.749997622358507));
#5372=CARTESIAN_POINT('Ctrl Pts',(-34.0303014800644,-4.64847819130732,-0.708330955691836));
#5373=CARTESIAN_POINT('Ctrl Pts',(-34.4204522200966,-5.32423909565367,-0.666664289025174));
#5374=CARTESIAN_POINT('Ctrl Pts',(-34.8106029601287,-6.00000000000002,-0.624997622358503));
#5375=CARTESIAN_POINT('Ctrl Pts',(-34.4204522200966,-6.67576090434637,-0.583330955691839));
#5376=CARTESIAN_POINT('Ctrl Pts',(-34.0303014800644,-7.35152180869272,-0.54166428902517));
#5377=CARTESIAN_POINT('Ctrl Pts',(-33.25,-7.35152180869272,-0.499997622358506));
#5378=CARTESIAN_POINT('Ctrl Pts',(-32.4696985199356,-7.35152180869272,-0.458330955691837));
#5379=CARTESIAN_POINT('Ctrl Pts',(-32.0795477799034,-6.67576090434637,-0.416664289025173));
#5380=CARTESIAN_POINT('Ctrl Pts',(-31.6893970398712,-6.00000000000002,-0.374997622358504));
#5381=CARTESIAN_POINT('Ctrl Pts',(-32.0795477799034,-5.32423909565367,-0.33333095569184));
#5382=CARTESIAN_POINT('Ctrl Pts',(-32.4696985199356,-4.64847819130732,-0.291664289025173));
#5383=CARTESIAN_POINT('Ctrl Pts',(-33.25,-4.64847819130731,-0.249997622358504));
#5384=CARTESIAN_POINT('Ctrl Pts',(-34.0303014800644,-4.64847819130731,-0.208330955691836));
#5385=CARTESIAN_POINT('Ctrl Pts',(-34.4204522200966,-5.32423909565367,-0.166664289025173));
#5386=CARTESIAN_POINT('Ctrl Pts',(-34.8106029601287,-6.00000000000002,-0.124997622358507));
#5387=CARTESIAN_POINT('Ctrl Pts',(-34.4204522200966,-6.67576090434637,-0.083330955691836));
#5388=CARTESIAN_POINT('Ctrl Pts',(-34.0303014800644,-7.35152180869272,-0.0416642890251717));
#5389=CARTESIAN_POINT('Ctrl Pts',(-33.25,-7.35152180869272,2.37764149257913E-6));
#5390=CARTESIAN_POINT('Ctrl Pts',(-32.4696985199356,-7.35152180869272,0.0416690443081635));
#5391=CARTESIAN_POINT('Ctrl Pts',(-32.0795477799034,-6.67576090434637,0.0833357109748278));
#5392=CARTESIAN_POINT('Ctrl Pts',(-31.6893970398712,-6.00000000000002,0.125002377641494));
#5393=CARTESIAN_POINT('Ctrl Pts',(-32.0795477799034,-5.32423909565367,0.166669044308161));
#5394=CARTESIAN_POINT('Ctrl Pts',(-32.4696985199356,-4.64847819130732,0.20833571097483));
#5395=CARTESIAN_POINT('Ctrl Pts',(-33.25,-4.64847819130731,0.250002377641496));
#5396=CARTESIAN_POINT('Ctrl Pts',(-34.0303014800644,-4.64847819130731,0.291669044308163));
#5397=CARTESIAN_POINT('Ctrl Pts',(-34.4204522200966,-5.32423909565367,0.333335710974827));
#5398=CARTESIAN_POINT('Ctrl Pts',(-34.8106029601287,-6.00000000000002,0.375002377641496));
#5399=CARTESIAN_POINT('Ctrl Pts',(-34.4204522200966,-6.67576090434637,0.41666904430816));
#5400=CARTESIAN_POINT('Ctrl Pts',(-34.0303014800644,-7.35152180869272,0.458335710974831));
#5401=CARTESIAN_POINT('Ctrl Pts',(-33.25,-7.35152180869272,0.500002377641495));
#5402=CARTESIAN_POINT('Ctrl Pts',(-32.4696985199356,-7.35152180869272,0.541669044308161));
#5403=CARTESIAN_POINT('Ctrl Pts',(-32.0795477799034,-6.67576090434637,0.583335710974829));
#5404=CARTESIAN_POINT('Ctrl Pts',(-31.6893970398712,-6.00000000000002,0.625002377641494));
#5405=CARTESIAN_POINT('Ctrl Pts',(-32.0795477799034,-5.32423909565367,0.666669044308162));
#5406=CARTESIAN_POINT('Ctrl Pts',(-32.4696985199356,-4.64847819130732,0.70833571097483));
#5407=CARTESIAN_POINT('Ctrl Pts',(-33.25,-4.64847819130731,0.750002377641495));
#5408=CARTESIAN_POINT('Ctrl Pts',(-34.0303014800644,-4.64847819130731,0.791669044308162));
#5409=CARTESIAN_POINT('Ctrl Pts',(-34.4204522200966,-5.32423909565367,0.833335710974829));
#5410=CARTESIAN_POINT('Ctrl Pts',(-34.8106029601287,-6.00000000000002,0.875002377641495));
#5411=CARTESIAN_POINT('Ctrl Pts',(-34.4204522200966,-6.67576090434637,0.916669044308163));
#5412=CARTESIAN_POINT('Ctrl Pts',(-34.0303014800644,-7.35152180869272,0.958335710974829));
#5413=CARTESIAN_POINT('Ctrl Pts',(-33.25,-7.35152180869272,1.00000237764149));
#5414=CARTESIAN_POINT('Ctrl Pts',(-32.4696985199356,-7.35152180869272,1.04166904430816));
#5415=CARTESIAN_POINT('Ctrl Pts',(-32.0795477799034,-6.67576090434637,1.08333571097483));
#5416=CARTESIAN_POINT('Ctrl Pts',(-31.6893970398712,-6.00000000000002,1.1250023776415));
#5417=CARTESIAN_POINT('Ctrl Pts',(-32.0795477799034,-5.32423909565367,1.16666904430816));
#5418=CARTESIAN_POINT('Ctrl Pts',(-32.4696985199356,-4.64847819130732,1.20833571097483));
#5419=CARTESIAN_POINT('Ctrl Pts',(-33.25,-4.64847819130731,1.25000237764149));
#5420=CARTESIAN_POINT('Ctrl Pts',(-34.0303014800644,-4.64847819130731,1.29166904430816));
#5421=CARTESIAN_POINT('Ctrl Pts',(-34.4204522200966,-5.32423909565367,1.33333571097483));
#5422=CARTESIAN_POINT('Ctrl Pts',(-34.8106029601287,-6.00000000000002,1.37500237764149));
#5423=CARTESIAN_POINT('Ctrl Pts',(-34.4204522200966,-6.67576090434637,1.41666904430816));
#5424=CARTESIAN_POINT('Ctrl Pts',(-34.0303014800644,-7.35152180869272,1.45833571097483));
#5425=CARTESIAN_POINT('Ctrl Pts',(-33.25,-7.35152180869272,1.5000023776415));
#5426=CARTESIAN_POINT('Ctrl Pts',(-32.4696985199356,-7.35152180869272,1.54166904430816));
#5427=CARTESIAN_POINT('Ctrl Pts',(-32.0795477799034,-6.67576090434637,1.58333571097483));
#5428=CARTESIAN_POINT('Ctrl Pts',(-31.6893970398712,-6.00000000000002,1.62500237764149));
#5429=CARTESIAN_POINT('Ctrl Pts',(-32.0795477799034,-5.32423909565367,1.66666904430816));
#5430=CARTESIAN_POINT('Ctrl Pts',(-32.4696985199356,-4.64847819130732,1.70833571097483));
#5431=CARTESIAN_POINT('Ctrl Pts',(-33.25,-4.64847819130731,1.7500023776415));
#5432=CARTESIAN_POINT('Ctrl Pts',(-34.0303014800644,-4.64847819130731,1.79166904430816));
#5433=CARTESIAN_POINT('Ctrl Pts',(-34.4204522200966,-5.32423909565367,1.83333571097483));
#5434=CARTESIAN_POINT('Ctrl Pts',(-34.8106029601287,-6.00000000000002,1.8750023776415));
#5435=CARTESIAN_POINT('Ctrl Pts',(-34.4204522200966,-6.67576090434637,1.91666904430816));
#5436=CARTESIAN_POINT('Ctrl Pts',(-34.0303014800644,-7.35152180869272,1.95833571097483));
#5437=CARTESIAN_POINT('Ctrl Pts',(-33.25,-7.35152180869272,2.0000023776415));
#5438=CARTESIAN_POINT('Ctrl Pts',(-32.4696985199356,-7.35152180869272,2.04166904430816));
#5439=CARTESIAN_POINT('Ctrl Pts',(-32.0795477799034,-6.67576090434637,2.08333571097483));
#5440=CARTESIAN_POINT('Ctrl Pts',(-31.6893970398712,-6.00000000000002,2.12500237764149));
#5441=CARTESIAN_POINT('Ctrl Pts',(-32.0795477799034,-5.32423909565367,2.16666904430816));
#5442=CARTESIAN_POINT('Ctrl Pts',(-32.4696985199356,-4.64847819130732,2.20833571097483));
#5443=CARTESIAN_POINT('Ctrl Pts',(-33.25,-4.64847819130731,2.2500023776415));
#5444=CARTESIAN_POINT('Ctrl Pts',(-34.0303014800644,-4.64847819130731,2.29166904430816));
#5445=CARTESIAN_POINT('Ctrl Pts',(-34.4204522200966,-5.32423909565367,2.33333571097483));
#5446=CARTESIAN_POINT('Ctrl Pts',(-34.8106029601287,-6.00000000000002,2.37500237764149));
#5447=CARTESIAN_POINT('Ctrl Pts',(-34.4204522200966,-6.67576090434637,2.41666904430816));
#5448=CARTESIAN_POINT('Ctrl Pts',(-34.0303014800644,-7.35152180869272,2.45833571097483));
#5449=CARTESIAN_POINT('Ctrl Pts',(-33.25,-7.35152180869272,2.50000237764149));
#5450=CARTESIAN_POINT('Ctrl Pts',(-32.4696985199356,-7.35152180869272,2.54166904430816));
#5451=CARTESIAN_POINT('Ctrl Pts',(-32.0795477799034,-6.67576090434637,2.58333571097483));
#5452=CARTESIAN_POINT('Ctrl Pts',(-31.6893970398712,-6.00000000000002,2.6250023776415));
#5453=CARTESIAN_POINT('Ctrl Pts',(-32.0795477799034,-5.32423909565367,2.66666904430816));
#5454=CARTESIAN_POINT('Ctrl Pts',(-32.4696985199356,-4.64847819130732,2.70833571097483));
#5455=CARTESIAN_POINT('Ctrl Pts',(-33.25,-4.64847819130731,2.75000237764149));
#5456=CARTESIAN_POINT('Ctrl Pts',(-34.0303014800644,-4.64847819130731,2.79166904430816));
#5457=CARTESIAN_POINT('Ctrl Pts',(-34.4204522200966,-5.32423909565367,2.83333571097483));
#5458=CARTESIAN_POINT('Ctrl Pts',(-34.8106029601287,-6.00000000000002,2.8750023776415));
#5459=CARTESIAN_POINT('Ctrl Pts',(-34.4204522200966,-6.67576090434637,2.91666904430816));
#5460=CARTESIAN_POINT('Ctrl Pts',(-34.0303014800644,-7.35152180869272,2.95833571097483));
#5461=CARTESIAN_POINT('Ctrl Pts',(-33.25,-7.35152180869272,3.00000237764149));
#5462=CARTESIAN_POINT('Ctrl Pts',(-32.4696985199356,-7.35152180869272,3.04166904430816));
#5463=CARTESIAN_POINT('Ctrl Pts',(-32.0795477799034,-6.67576090434637,3.08333571097483));
#5464=CARTESIAN_POINT('Ctrl Pts',(-31.6893970398712,-6.00000000000002,3.12500237764149));
#5465=CARTESIAN_POINT('Ctrl Pts',(-32.0795477799034,-5.32423909565367,3.16666904430816));
#5466=CARTESIAN_POINT('Ctrl Pts',(-32.4696985199356,-4.64847819130732,3.20833571097483));
#5467=CARTESIAN_POINT('Ctrl Pts',(-33.25,-4.64847819130731,3.2500023776415));
#5468=CARTESIAN_POINT('Ctrl Pts',(-34.0303014800644,-4.64847819130731,3.29166904430816));
#5469=CARTESIAN_POINT('Ctrl Pts',(-34.4204522200966,-5.32423909565367,3.33333571097483));
#5470=CARTESIAN_POINT('Ctrl Pts',(-34.8106029601287,-6.00000000000002,3.3750023776415));
#5471=CARTESIAN_POINT('Ctrl Pts',(-34.4204522200966,-6.67576090434637,3.41666904430816));
#5472=CARTESIAN_POINT('Ctrl Pts',(-34.0303014800644,-7.35152180869272,3.45833571097483));
#5473=CARTESIAN_POINT('Ctrl Pts',(-33.25,-7.35152180869272,3.50000237764149));
#5474=CARTESIAN_POINT('Ctrl Pts',(-32.4696985199356,-7.35152180869272,3.54166904430816));
#5475=CARTESIAN_POINT('Ctrl Pts',(-32.0795477799034,-6.67576090434637,3.58333571097483));
#5476=CARTESIAN_POINT('Ctrl Pts',(-31.6893970398712,-6.00000000000002,3.6250023776415));
#5477=CARTESIAN_POINT('Ctrl Pts',(-32.0795477799034,-5.32423909565367,3.66666904430816));
#5478=CARTESIAN_POINT('Ctrl Pts',(-32.4696985199356,-4.64847819130732,3.70833571097483));
#5479=CARTESIAN_POINT('Ctrl Pts',(-33.25,-4.64847819130731,3.75000237764149));
#5480=CARTESIAN_POINT('Ctrl Pts',(-34.0303014800644,-4.64847819130731,3.79166904430816));
#5481=CARTESIAN_POINT('Ctrl Pts',(-34.4204522200966,-5.32423909565367,3.83333571097483));
#5482=CARTESIAN_POINT('Ctrl Pts',(-34.8106029601287,-6.00000000000002,3.8750023776415));
#5483=CARTESIAN_POINT('Ctrl Pts',(-34.4204522200966,-6.67576090434637,3.91666904430816));
#5484=CARTESIAN_POINT('Ctrl Pts',(-34.0303014800644,-7.35152180869272,3.95833571097483));
#5485=CARTESIAN_POINT('Ctrl Pts',(-33.25,-7.35152180869272,4.0000023776415));
#5486=CARTESIAN_POINT('Ctrl Pts',(-32.4696985199356,-7.35152180869272,4.04166904430816));
#5487=CARTESIAN_POINT('Ctrl Pts',(-32.0795477799034,-6.67576090434637,4.08333571097483));
#5488=CARTESIAN_POINT('Ctrl Pts',(-31.6893970398712,-6.00000000000002,4.1250023776415));
#5489=CARTESIAN_POINT('Ctrl Pts',(-32.0795477799034,-5.32423909565367,4.16666904430816));
#5490=CARTESIAN_POINT('Ctrl Pts',(-32.4696985199356,-4.64847819130732,4.20833571097483));
#5491=CARTESIAN_POINT('Ctrl Pts',(-33.25,-4.64847819130731,4.25000237764149));
#5492=CARTESIAN_POINT('Ctrl Pts',(-34.0303014800644,-4.64847819130731,4.29166904430816));
#5493=CARTESIAN_POINT('Ctrl Pts',(-34.4204522200966,-5.32423909565367,4.33333571097483));
#5494=CARTESIAN_POINT('Ctrl Pts',(-34.8106029601287,-6.00000000000002,4.3750023776415));
#5495=CARTESIAN_POINT('Ctrl Pts',(-34.4204522200966,-6.67576090434637,4.41666904430816));
#5496=CARTESIAN_POINT('Ctrl Pts',(-34.0303014800644,-7.35152180869272,4.45833571097483));
#5497=CARTESIAN_POINT('Ctrl Pts',(-33.25,-7.35152180869272,4.50000237764149));
#5498=CARTESIAN_POINT('Ctrl Pts',(-32.4696985199356,-7.35152180869272,4.54166904430816));
#5499=CARTESIAN_POINT('Ctrl Pts',(-32.0795477799034,-6.67576090434637,4.58333571097483));
#5500=CARTESIAN_POINT('Ctrl Pts',(-31.6893970398712,-6.00000000000002,4.6250023776415));
#5501=CARTESIAN_POINT('Ctrl Pts',(-32.0795477799034,-5.32423909565367,4.66666904430816));
#5502=CARTESIAN_POINT('Ctrl Pts',(-32.4696985199356,-4.64847819130732,4.70833571097483));
#5503=CARTESIAN_POINT('Ctrl Pts',(-33.25,-4.64847819130731,4.75000237764149));
#5504=CARTESIAN_POINT('Ctrl Pts',(-34.0303014800644,-4.64847819130731,4.79166904430816));
#5505=CARTESIAN_POINT('Ctrl Pts',(-34.4204522200966,-5.32423909565367,4.83333571097483));
#5506=CARTESIAN_POINT('Ctrl Pts',(-34.8106029601287,-6.00000000000002,4.87500237764149));
#5507=CARTESIAN_POINT('Ctrl Pts',(-34.4204522200966,-6.67576090434637,4.91666904430816));
#5508=CARTESIAN_POINT('Ctrl Pts',(-34.0303014800644,-7.35152180869272,4.95833571097483));
#5509=CARTESIAN_POINT('Ctrl Pts',(-33.25,-7.35152180869272,5.0000023776415));
#5510=CARTESIAN_POINT('Ctrl Pts',(-32.4696985199356,-7.35152180869272,5.04166904430816));
#5511=CARTESIAN_POINT('Ctrl Pts',(-32.0795477799034,-6.67576090434637,5.08333571097483));
#5512=CARTESIAN_POINT('Ctrl Pts',(-31.6893970398712,-6.00000000000002,5.1250023776415));
#5513=CARTESIAN_POINT('Ctrl Pts',(-32.0795477799034,-5.32423909565367,5.16666904430816));
#5514=CARTESIAN_POINT('Ctrl Pts',(-32.4696985199356,-4.64847819130732,5.20833571097483));
#5515=CARTESIAN_POINT('Ctrl Pts',(-33.25,-4.64847819130731,5.2500023776415));
#5516=CARTESIAN_POINT('Ctrl Pts',(-34.0303014800644,-4.64847819130731,5.29166904430816));
#5517=CARTESIAN_POINT('Ctrl Pts',(-34.4204522200966,-5.32423909565367,5.33333571097483));
#5518=CARTESIAN_POINT('Ctrl Pts',(-34.8106029601287,-6.00000000000002,5.37500237764149));
#5519=CARTESIAN_POINT('Ctrl Pts',(-34.4204522200966,-6.67576090434637,5.41666904430816));
#5520=CARTESIAN_POINT('Ctrl Pts',(-34.0303014800644,-7.35152180869272,5.45833571097483));
#5521=CARTESIAN_POINT('Ctrl Pts',(-33.25,-7.35152180869272,5.5000023776415));
#5522=CARTESIAN_POINT('Ctrl Pts',(-32.4696985199356,-7.35152180869272,5.54166904430816));
#5523=CARTESIAN_POINT('Ctrl Pts',(-32.0795477799034,-6.67576090434637,5.58333571097483));
#5524=CARTESIAN_POINT('Ctrl Pts',(-31.6893970398712,-6.00000000000002,5.6250023776415));
#5525=CARTESIAN_POINT('Ctrl Pts',(-32.0795477799034,-5.32423909565367,5.66666904430816));
#5526=CARTESIAN_POINT('Ctrl Pts',(-32.4696985199356,-4.64847819130732,5.70833571097483));
#5527=CARTESIAN_POINT('Ctrl Pts',(-33.25,-4.64847819130731,5.7500023776415));
#5528=CARTESIAN_POINT('Ctrl Pts',(-34.0303014800644,-4.64847819130731,5.79166904430816));
#5529=CARTESIAN_POINT('Ctrl Pts',(-34.4204522200966,-5.32423909565367,5.83333571097483));
#5530=CARTESIAN_POINT('Ctrl Pts',(-34.8106029601287,-6.00000000000002,5.8750023776415));
#5531=CARTESIAN_POINT('Ctrl Pts',(-34.4204522200966,-6.67576090434637,5.91666904430816));
#5532=CARTESIAN_POINT('Ctrl Pts',(-34.0303014800644,-7.35152180869272,5.95833571097483));
#5533=CARTESIAN_POINT('Ctrl Pts',(-33.25,-7.35152180869272,6.00000237764149));
#5534=CARTESIAN_POINT('Ctrl Pts',(-32.4696985199356,-7.35152180869272,6.04166904430816));
#5535=CARTESIAN_POINT('Ctrl Pts',(-32.0795477799034,-6.67576090434637,6.08333571097483));
#5536=CARTESIAN_POINT('Ctrl Pts',(-31.6893970398712,-6.00000000000002,6.1250023776415));
#5537=CARTESIAN_POINT('Ctrl Pts',(-32.0795477799034,-5.32423909565367,6.16666904430816));
#5538=CARTESIAN_POINT('Ctrl Pts',(-32.4696985199356,-4.64847819130731,6.20833571097483));
#5539=CARTESIAN_POINT('Ctrl Pts',(-33.25,-4.64847819130731,6.2500023776415));
#5540=CARTESIAN_POINT('Ctrl Pts',(-34.0303014800644,-4.64847819130731,6.29166904430816));
#5541=CARTESIAN_POINT('Ctrl Pts',(-34.4204522200966,-5.32423909565367,6.33333571097483));
#5542=CARTESIAN_POINT('Ctrl Pts',(-34.8106029601287,-6.00000000000002,6.37500237764149));
#5543=CARTESIAN_POINT('Ctrl Pts',(-34.4204522200966,-6.67576090434637,6.41666904430816));
#5544=CARTESIAN_POINT('Ctrl Pts',(-34.0303014800644,-7.35152180869272,6.45833571097483));
#5545=CARTESIAN_POINT('Ctrl Pts',(-33.25,-7.35152180869272,6.5000023776415));
#5546=CARTESIAN_POINT('Ctrl Pts',(-32.4696985199356,-7.35152180869272,6.54166904430816));
#5547=CARTESIAN_POINT('Ctrl Pts',(-32.0795477799034,-6.67576090434637,6.58333571097483));
#5548=CARTESIAN_POINT('Ctrl Pts',(-31.6893970398712,-6.00000000000002,6.6250023776415));
#5549=CARTESIAN_POINT('Ctrl Pts',(-32.0795477799034,-5.32423909565367,6.66666904430816));
#5550=CARTESIAN_POINT('Ctrl Pts',(-32.4696985199356,-4.64847819130731,6.70833571097483));
#5551=CARTESIAN_POINT('Ctrl Pts',(-33.25,-4.64847819130731,6.75000237764149));
#5552=CARTESIAN_POINT('Ctrl Pts',(-34.0303014800644,-4.64847819130731,6.79166904430816));
#5553=CARTESIAN_POINT('Ctrl Pts',(-34.4204522200966,-5.32423909565367,6.83333571097483));
#5554=CARTESIAN_POINT('Ctrl Pts',(-34.8106029601287,-6.00000000000002,6.8750023776415));
#5555=CARTESIAN_POINT('Ctrl Pts',(-34.4204522200966,-6.67576090434637,6.91666904430816));
#5556=CARTESIAN_POINT('Ctrl Pts',(-34.0303014800644,-7.35152180869272,6.95833571097483));
#5557=CARTESIAN_POINT('Ctrl Pts',(-33.25,-7.35152180869272,7.0000023776415));
#5558=CARTESIAN_POINT('Ctrl Pts',(-32.4696985199356,-7.35152180869272,7.04166904430816));
#5559=CARTESIAN_POINT('Ctrl Pts',(-32.0795477799034,-6.67576090434637,7.08333571097483));
#5560=CARTESIAN_POINT('Ctrl Pts',(-31.6893970398712,-6.00000000000002,7.1250023776415));
#5561=CARTESIAN_POINT('Ctrl Pts',(-32.0795477799034,-5.32423909565367,7.16666904430816));
#5562=CARTESIAN_POINT('Ctrl Pts',(-32.4696985199356,-4.64847819130731,7.20833571097483));
#5563=CARTESIAN_POINT('Ctrl Pts',(-33.25,-4.64847819130731,7.2500023776415));
#5564=CARTESIAN_POINT('Ctrl Pts',(-34.0303014800644,-4.64847819130731,7.29166904430816));
#5565=CARTESIAN_POINT('Ctrl Pts',(-34.4204522200966,-5.32423909565367,7.33333571097483));
#5566=CARTESIAN_POINT('Ctrl Pts',(-34.8106029601287,-6.00000000000002,7.3750023776415));
#5567=CARTESIAN_POINT('Ctrl Pts',(-34.4204522200966,-6.67576090434637,7.41666904430816));
#5568=CARTESIAN_POINT('Ctrl Pts',(-34.0303014800644,-7.35152180869272,7.45833571097483));
#5569=CARTESIAN_POINT('Ctrl Pts',(-33.25,-7.35152180869272,7.5000023776415));
#5570=CARTESIAN_POINT('Ctrl Pts',(-32.4696985199356,-7.35152180869272,7.54166904430816));
#5571=CARTESIAN_POINT('Ctrl Pts',(-32.0795477799034,-6.67576090434637,7.58333571097483));
#5572=CARTESIAN_POINT('Ctrl Pts',(-31.6893970398712,-6.00000000000002,7.6250023776415));
#5573=CARTESIAN_POINT('Ctrl Pts',(-32.0795477799034,-5.32423909565367,7.66666904430816));
#5574=CARTESIAN_POINT('Ctrl Pts',(-32.4696985199356,-4.64847819130731,7.70833571097483));
#5575=CARTESIAN_POINT('Ctrl Pts',(-33.25,-4.64847819130731,7.7500023776415));
#5576=CARTESIAN_POINT('Ctrl Pts',(-34.0303014800644,-4.64847819130731,7.79166904430816));
#5577=CARTESIAN_POINT('Ctrl Pts',(-34.4204522200966,-5.32423909565367,7.83333571097483));
#5578=CARTESIAN_POINT('Ctrl Pts',(-34.8106029601287,-6.00000000000002,7.87500237764149));
#5579=CARTESIAN_POINT('Ctrl Pts',(-34.4204522200966,-6.67576090434637,7.91666904430816));
#5580=CARTESIAN_POINT('Ctrl Pts',(-34.0303014800644,-7.35152180869272,7.95833571097483));
#5581=CARTESIAN_POINT('Ctrl Pts',(-33.25,-7.35152180869272,8.0000023776415));
#5582=CARTESIAN_POINT('Ctrl Pts',(-32.4696985199356,-7.35152180869272,8.04166904430816));
#5583=CARTESIAN_POINT('Ctrl Pts',(-32.0795477799034,-6.67576090434637,8.08333571097483));
#5584=CARTESIAN_POINT('Ctrl Pts',(-31.6893970398712,-6.00000000000002,8.1250023776415));
#5585=CARTESIAN_POINT('Ctrl Pts',(-32.0795477799034,-5.32423909565367,8.16666904430816));
#5586=CARTESIAN_POINT('Ctrl Pts',(-32.4696985199356,-4.64847819130731,8.20833571097483));
#5587=CARTESIAN_POINT('Ctrl Pts',(-33.25,-4.64847819130731,8.25000237764149));
#5588=CARTESIAN_POINT('Ctrl Pts',(-34.0303014800644,-4.64847819130731,8.29166904430816));
#5589=CARTESIAN_POINT('Ctrl Pts',(-34.4204522200966,-5.32423909565367,8.33333571097483));
#5590=CARTESIAN_POINT('Ctrl Pts',(-34.8106029601287,-6.00000000000002,8.3750023776415));
#5591=CARTESIAN_POINT('Ctrl Pts',(-34.4204522200966,-6.67576090434637,8.41666904430816));
#5592=CARTESIAN_POINT('Ctrl Pts',(-34.0303014800644,-7.35152180869272,8.45833571097483));
#5593=CARTESIAN_POINT('Ctrl Pts',(-33.25,-7.35152180869272,8.5000023776415));
#5594=CARTESIAN_POINT('Ctrl Pts',(-32.4696985199356,-7.35152180869272,8.54166904430816));
#5595=CARTESIAN_POINT('Ctrl Pts',(-32.0795477799034,-6.67576090434637,8.58333571097483));
#5596=CARTESIAN_POINT('Ctrl Pts',(-31.6893970398712,-6.00000000000002,8.6250023776415));
#5597=CARTESIAN_POINT('Ctrl Pts',(-32.0795477799034,-5.32423909565367,8.66666904430816));
#5598=CARTESIAN_POINT('Ctrl Pts',(-32.4696985199356,-4.64847819130731,8.70833571097483));
#5599=CARTESIAN_POINT('Ctrl Pts',(-33.25,-4.64847819130731,8.7500023776415));
#5600=CARTESIAN_POINT('Ctrl Pts',(-34.0303014800644,-4.64847819130731,8.79166904430816));
#5601=CARTESIAN_POINT('Ctrl Pts',(-34.4204522200966,-5.32423909565367,8.83333571097483));
#5602=CARTESIAN_POINT('Ctrl Pts',(-34.8106029601287,-6.00000000000002,8.87500237764149));
#5603=CARTESIAN_POINT('Ctrl Pts',(-34.4204522200966,-6.67576090434637,8.91666904430816));
#5604=CARTESIAN_POINT('Ctrl Pts',(-34.0303014800644,-7.35152180869272,8.95833571097483));
#5605=CARTESIAN_POINT('Ctrl Pts',(-33.25,-7.35152180869272,9.0000023776415));
#5606=CARTESIAN_POINT('Ctrl Pts',(-32.4696985199356,-7.35152180869272,9.04166904430816));
#5607=CARTESIAN_POINT('Ctrl Pts',(-32.0795477799034,-6.67576090434637,9.08333571097483));
#5608=CARTESIAN_POINT('Ctrl Pts',(-31.6893970398712,-6.00000000000002,9.1250023776415));
#5609=CARTESIAN_POINT('Ctrl Pts',(-32.0795477799034,-5.32423909565367,9.16666904430816));
#5610=CARTESIAN_POINT('Ctrl Pts',(-32.4696985199356,-4.64847819130731,9.20833571097483));
#5611=CARTESIAN_POINT('Ctrl Pts',(-33.25,-4.64847819130731,9.2500023776415));
#5612=CARTESIAN_POINT('Ctrl Pts',(-34.0303014800644,-4.64847819130731,9.29166904430816));
#5613=CARTESIAN_POINT('Ctrl Pts',(-34.4204522200966,-5.32423909565367,9.33333571097483));
#5614=CARTESIAN_POINT('Ctrl Pts',(-34.8106029601287,-6.00000000000002,9.3750023776415));
#5615=CARTESIAN_POINT('Ctrl Pts',(-34.4204522200966,-6.67576090434637,9.41666904430816));
#5616=CARTESIAN_POINT('Ctrl Pts',(-34.0303014800644,-7.35152180869272,9.45833571097483));
#5617=CARTESIAN_POINT('Ctrl Pts',(-33.25,-7.35152180869272,9.5000023776415));
#5618=CARTESIAN_POINT('Ctrl Pts',(-32.4696985199356,-7.35152180869272,9.54166904430816));
#5619=CARTESIAN_POINT('Ctrl Pts',(-32.0795477799034,-6.67576090434637,9.58333571097483));
#5620=CARTESIAN_POINT('Ctrl Pts',(-31.6893970398712,-6.00000000000002,9.6250023776415));
#5621=CARTESIAN_POINT('Ctrl Pts',(-32.0795477799034,-5.32423909565367,9.66666904430816));
#5622=CARTESIAN_POINT('Ctrl Pts',(-32.4696985199356,-4.64847819130731,9.70833571097483));
#5623=CARTESIAN_POINT('Ctrl Pts',(-33.25,-4.64847819130731,9.7500023776415));
#5624=CARTESIAN_POINT('Ctrl Pts',(-34.0303014800644,-4.64847819130731,9.79166904430816));
#5625=CARTESIAN_POINT('Ctrl Pts',(-34.4204522200966,-5.32423909565366,9.83333571097483));
#5626=CARTESIAN_POINT('Ctrl Pts',(-34.8106029601287,-6.00000000000002,9.8750023776415));
#5627=CARTESIAN_POINT('Ctrl Pts',(-34.4204522200966,-6.67576090434637,9.91666904430816));
#5628=CARTESIAN_POINT('Ctrl Pts',(-34.0303014800644,-7.35152180869272,9.95833571097483));
#5629=CARTESIAN_POINT('Ctrl Pts',(-33.25,-7.35152180869272,10.0000023776415));
#5630=CARTESIAN_POINT('Ctrl Pts',(-32.4696985199356,-7.35152180869272,10.0416690443082));
#5631=CARTESIAN_POINT('Ctrl Pts',(-32.0795477799034,-6.67576090434637,10.0833357109748));
#5632=CARTESIAN_POINT('Ctrl Pts',(-31.6893970398712,-6.00000000000002,10.1250023776415));
#5633=CARTESIAN_POINT('Ctrl Pts',(-32.0795477799034,-5.32423909565367,10.1666690443082));
#5634=CARTESIAN_POINT('Ctrl Pts',(-32.4696985199356,-4.64847819130731,10.2083357109748));
#5635=CARTESIAN_POINT('Ctrl Pts',(-33.25,-4.64847819130731,10.2500023776415));
#5636=CARTESIAN_POINT('Ctrl Pts',(-34.0303014800644,-4.64847819130731,10.2916690443082));
#5637=CARTESIAN_POINT('Ctrl Pts',(-34.4204522200966,-5.32423909565366,10.3333357109748));
#5638=CARTESIAN_POINT('Ctrl Pts',(-34.8106029601287,-6.00000000000002,10.3750023776415));
#5639=CARTESIAN_POINT('Ctrl Pts',(-34.4204522200966,-6.67576090434637,10.4166690443082));
#5640=CARTESIAN_POINT('Ctrl Pts',(-34.0303014800644,-7.35152180869272,10.4583357109748));
#5641=CARTESIAN_POINT('Ctrl Pts',(-33.25,-7.35152180869272,10.5000023776415));
#5642=CARTESIAN_POINT('Ctrl Pts',(-32.4696985199356,-7.35152180869272,10.5416690443082));
#5643=CARTESIAN_POINT('Ctrl Pts',(-32.0795477799034,-6.67576090434637,10.5833357109748));
#5644=CARTESIAN_POINT('Ctrl Pts',(-31.6893970398712,-6.00000000000002,10.6250023776415));
#5645=CARTESIAN_POINT('Ctrl Pts',(-32.0795477799034,-5.32423909565367,10.6666690443082));
#5646=CARTESIAN_POINT('Ctrl Pts',(-32.4696985199356,-4.64847819130731,10.7083357109748));
#5647=CARTESIAN_POINT('Ctrl Pts',(-33.25,-4.64847819130731,10.7500023776415));
#5648=CARTESIAN_POINT('Ctrl Pts',(-34.0303014800644,-4.64847819130731,10.7916690443082));
#5649=CARTESIAN_POINT('Ctrl Pts',(-34.4204522200966,-5.32423909565366,10.8333357109748));
#5650=CARTESIAN_POINT('Ctrl Pts',(-34.8106029601287,-6.00000000000002,10.8750023776415));
#5651=CARTESIAN_POINT('Ctrl Pts',(-34.4204522200966,-6.67576090434637,10.9166690443082));
#5652=CARTESIAN_POINT('Ctrl Pts',(-34.0303014800644,-7.35152180869272,10.9583357109748));
#5653=CARTESIAN_POINT('Ctrl Pts',(-33.25,-7.35152180869272,11.0000023776415));
#5654=CARTESIAN_POINT('Ctrl Pts',(-32.4696985199356,-7.35152180869272,11.0416690443082));
#5655=CARTESIAN_POINT('Ctrl Pts',(-32.0795477799034,-6.67576090434637,11.0833357109748));
#5656=CARTESIAN_POINT('Ctrl Pts',(-31.6893970398712,-6.00000000000002,11.1250023776415));
#5657=CARTESIAN_POINT('Ctrl Pts',(-32.0795477799034,-5.32423909565367,11.1666690443082));
#5658=CARTESIAN_POINT('Ctrl Pts',(-32.4696985199356,-4.64847819130731,11.2083357109748));
#5659=CARTESIAN_POINT('Ctrl Pts',(-33.25,-4.64847819130731,11.2500023776415));
#5660=CARTESIAN_POINT('Ctrl Pts',(-34.0303014800644,-4.64847819130731,11.2916690443082));
#5661=CARTESIAN_POINT('Ctrl Pts',(-34.4204522200966,-5.32423909565366,11.3333357109748));
#5662=CARTESIAN_POINT('Ctrl Pts',(-34.8106029601287,-6.00000000000002,11.3750023776415));
#5663=CARTESIAN_POINT('Ctrl Pts',(-34.4204522200966,-6.67576090434637,11.4166690443082));
#5664=CARTESIAN_POINT('Ctrl Pts',(-34.0303014800644,-7.35152180869272,11.4583357109748));
#5665=CARTESIAN_POINT('Ctrl Pts',(-33.25,-7.35152180869272,11.5000023776415));
#5666=CARTESIAN_POINT('Ctrl Pts',(-32.4696985199356,-7.35152180869272,11.5416690443082));
#5667=CARTESIAN_POINT('Ctrl Pts',(-32.0795477799034,-6.67576090434637,11.5833357109748));
#5668=CARTESIAN_POINT('Ctrl Pts',(-31.6893970398712,-6.00000000000002,11.6250023776415));
#5669=CARTESIAN_POINT('Ctrl Pts',(-32.0795477799034,-5.32423909565367,11.6666690443082));
#5670=CARTESIAN_POINT('Ctrl Pts',(-32.4696985199356,-4.64847819130731,11.7083357109748));
#5671=CARTESIAN_POINT('Ctrl Pts',(-33.25,-4.64847819130731,11.7500023776415));
#5672=CARTESIAN_POINT('Ctrl Pts',(-34.0303014800644,-4.64847819130731,11.7916690443082));
#5673=CARTESIAN_POINT('Ctrl Pts',(-34.4204522200966,-5.32423909565366,11.8333357109748));
#5674=CARTESIAN_POINT('Ctrl Pts',(-34.8106029601287,-6.00000000000002,11.8750023776415));
#5675=CARTESIAN_POINT('Ctrl Pts',(-34.4204522200966,-6.67576090434637,11.9166690443082));
#5676=CARTESIAN_POINT('Ctrl Pts',(-34.0303014800644,-7.35152180869272,11.9583357109748));
#5677=CARTESIAN_POINT('Ctrl Pts',(-33.25,-7.35152180869272,12.0000023776415));
#5678=CARTESIAN_POINT('Ctrl Pts',(-32.4696985199356,-7.35152180869272,12.0416690443082));
#5679=CARTESIAN_POINT('Ctrl Pts',(-32.0795477799034,-6.67576090434637,12.0833357109748));
#5680=CARTESIAN_POINT('Ctrl Pts',(-31.6893970398712,-6.00000000000002,12.1250023776415));
#5681=CARTESIAN_POINT('Ctrl Pts',(-32.0795477799034,-5.32423909565367,12.1666690443082));
#5682=CARTESIAN_POINT('Ctrl Pts',(-32.4696985199356,-4.64847819130731,12.2083357109748));
#5683=CARTESIAN_POINT('Ctrl Pts',(-33.25,-4.64847819130731,12.2500023776415));
#5684=CARTESIAN_POINT('Ctrl Pts',(-34.0303014800644,-4.64847819130731,12.2916690443082));
#5685=CARTESIAN_POINT('Ctrl Pts',(-34.4204522200966,-5.32423909565366,12.3333357109748));
#5686=CARTESIAN_POINT('Ctrl Pts',(-34.8106029601287,-6.00000000000002,12.3750023776415));
#5687=CARTESIAN_POINT('Ctrl Pts',(-34.4204522200966,-6.67576090434637,12.4166690443082));
#5688=CARTESIAN_POINT('Ctrl Pts',(-34.0303014800644,-7.35152180869272,12.4583357109748));
#5689=CARTESIAN_POINT('Ctrl Pts',(-33.25,-7.35152180869272,12.5000023776415));
#5690=CARTESIAN_POINT('Ctrl Pts',(-32.4696985199356,-7.35152180869272,12.5416690443082));
#5691=CARTESIAN_POINT('Ctrl Pts',(-32.0795477799034,-6.67576090434637,12.5833357109748));
#5692=CARTESIAN_POINT('Ctrl Pts',(-31.6893970398712,-6.00000000000002,12.6250023776415));
#5693=CARTESIAN_POINT('Ctrl Pts',(-32.0795477799034,-5.32423909565367,12.6666690443082));
#5694=CARTESIAN_POINT('Ctrl Pts',(-32.4696985199356,-4.64847819130731,12.7083357109748));
#5695=CARTESIAN_POINT('Ctrl Pts',(-33.25,-4.64847819130731,12.7500023776415));
#5696=CARTESIAN_POINT('Ctrl Pts',(-34.0303014800644,-4.64847819130731,12.7916690443082));
#5697=CARTESIAN_POINT('Ctrl Pts',(-34.4204522200966,-5.32423909565366,12.8333357109748));
#5698=CARTESIAN_POINT('Ctrl Pts',(-34.8106029601287,-6.00000000000002,12.8750023776415));
#5699=CARTESIAN_POINT('Ctrl Pts',(-34.4204522200966,-6.67576090434637,12.9166690443082));
#5700=CARTESIAN_POINT('Ctrl Pts',(-34.0303014800644,-7.35152180869272,12.9583357109748));
#5701=CARTESIAN_POINT('Ctrl Pts',(-33.25,-7.35152180869272,13.0000023776415));
#5702=CARTESIAN_POINT('Ctrl Pts',(-32.4696985199356,-7.35152180869272,13.0416690443082));
#5703=CARTESIAN_POINT('Ctrl Pts',(-32.0795477799034,-6.67576090434637,13.0833357109748));
#5704=CARTESIAN_POINT('Ctrl Pts',(-31.6893970398712,-6.00000000000002,13.1250023776415));
#5705=CARTESIAN_POINT('Ctrl Pts',(-32.0795477799034,-5.32423909565367,13.1666690443082));
#5706=CARTESIAN_POINT('Ctrl Pts',(-32.4696985199356,-4.64847819130731,13.2083357109748));
#5707=CARTESIAN_POINT('Ctrl Pts',(-33.25,-4.64847819130731,13.2500023776415));
#5708=CARTESIAN_POINT('Ctrl Pts',(-34.0303014800644,-4.64847819130731,13.2916690443082));
#5709=CARTESIAN_POINT('Ctrl Pts',(-34.4204522200966,-5.32423909565366,13.3333357109748));
#5710=CARTESIAN_POINT('Ctrl Pts',(-34.8106029601287,-6.00000000000002,13.3750023776415));
#5711=CARTESIAN_POINT('Ctrl Pts',(-34.4204522200966,-6.67576090434637,13.4166690443082));
#5712=CARTESIAN_POINT('Ctrl Pts',(-34.0303014800644,-7.35152180869272,13.4583357109748));
#5713=CARTESIAN_POINT('Ctrl Pts',(-33.25,-7.35152180869272,13.5000023776415));
#5714=CARTESIAN_POINT('Ctrl Pts',(-32.4696985199356,-7.35152180869272,13.5416690443082));
#5715=CARTESIAN_POINT('Ctrl Pts',(-32.0795477799034,-6.67576090434637,13.5833357109748));
#5716=CARTESIAN_POINT('Ctrl Pts',(-31.6893970398712,-6.00000000000002,13.6250023776415));
#5717=CARTESIAN_POINT('Ctrl Pts',(-32.0795477799034,-5.32423909565367,13.6666690443082));
#5718=CARTESIAN_POINT('Ctrl Pts',(-32.4696985199356,-4.64847819130731,13.7083357109748));
#5719=CARTESIAN_POINT('Ctrl Pts',(-33.25,-4.64847819130731,13.7500023776415));
#5720=CARTESIAN_POINT('Ctrl Pts',(-34.0303014800644,-4.64847819130731,13.7916690443082));
#5721=CARTESIAN_POINT('Ctrl Pts',(-34.4204522200966,-5.32423909565366,13.8333357109748));
#5722=CARTESIAN_POINT('Ctrl Pts',(-34.8106029601288,-6.00000000000002,13.8750023776415));
#5723=CARTESIAN_POINT('Ctrl Pts',(-34.4204522200966,-6.67576090434637,13.9166690443082));
#5724=CARTESIAN_POINT('Ctrl Pts',(-34.0303014800644,-7.35152180869272,13.9583357109748));
#5725=CARTESIAN_POINT('Ctrl Pts',(-33.25,-7.35152180869272,14.0000023776415));
#5726=CARTESIAN_POINT('Ctrl Pts',(-32.4696985199356,-7.35152180869272,14.0416690443082));
#5727=CARTESIAN_POINT('Ctrl Pts',(-32.0795477799034,-6.67576090434637,14.0833357109748));
#5728=CARTESIAN_POINT('Ctrl Pts',(-31.6893970398712,-6.00000000000002,14.1250023776415));
#5729=CARTESIAN_POINT('Ctrl Pts',(-32.0795477799034,-5.32423909565367,14.1666690443082));
#5730=CARTESIAN_POINT('Ctrl Pts',(-32.4696985199356,-4.64847819130731,14.2083357109748));
#5731=CARTESIAN_POINT('Ctrl Pts',(-33.25,-4.64847819130731,14.2500023776415));
#5732=CARTESIAN_POINT('Ctrl Pts',(-34.0303014800644,-4.64847819130731,14.2916690443082));
#5733=CARTESIAN_POINT('Ctrl Pts',(-34.4204522200966,-5.32423909565366,14.3333357109748));
#5734=CARTESIAN_POINT('Ctrl Pts',(-34.8106029601288,-6.00000000000002,14.3750023776415));
#5735=CARTESIAN_POINT('Ctrl Pts',(-34.4204522200966,-6.67576090434637,14.4166690443082));
#5736=CARTESIAN_POINT('Ctrl Pts',(-34.0303014800644,-7.35152180869272,14.4583357109748));
#5737=CARTESIAN_POINT('Ctrl Pts',(-33.25,-7.35152180869272,14.5000023776415));
#5738=CARTESIAN_POINT('Ctrl Pts',(-32.4696985199356,-7.35152180869272,14.5416690443082));
#5739=CARTESIAN_POINT('Ctrl Pts',(-32.0795477799034,-6.67576090434637,14.5833357109748));
#5740=CARTESIAN_POINT('Ctrl Pts',(-31.6893970398712,-6.00000000000002,14.6250023776415));
#5741=CARTESIAN_POINT('Ctrl Pts',(-32.0795477799034,-5.32423909565367,14.6666690443082));
#5742=CARTESIAN_POINT('Ctrl Pts',(-32.4696985199356,-4.64847819130731,14.7083357109748));
#5743=CARTESIAN_POINT('Ctrl Pts',(-33.25,-4.64847819130731,14.7500023776415));
#5744=CARTESIAN_POINT('Ctrl Pts',(-34.0303014800644,-4.64847819130731,14.7916690443082));
#5745=CARTESIAN_POINT('Ctrl Pts',(-34.4204522200966,-5.32423909565366,14.8333357109748));
#5746=CARTESIAN_POINT('Ctrl Pts',(-34.8106029601288,-6.00000000000002,14.8750023776415));
#5747=CARTESIAN_POINT('Ctrl Pts',(-34.4204522200966,-6.67576090434637,14.9166690443082));
#5748=CARTESIAN_POINT('Ctrl Pts',(-34.0303014800644,-7.35152180869272,14.9583357109748));
#5749=CARTESIAN_POINT('Ctrl Pts',(-33.25,-7.35152180869272,15.0000023776415));
#5750=CARTESIAN_POINT('Ctrl Pts',(-32.4696985199356,-7.35152180869272,15.0416690443082));
#5751=CARTESIAN_POINT('Ctrl Pts',(-32.0795477799034,-6.67576090434637,15.0833357109748));
#5752=CARTESIAN_POINT('Ctrl Pts',(-31.6893970398712,-6.00000000000002,15.1250023776415));
#5753=CARTESIAN_POINT('Ctrl Pts',(-32.0795477799034,-5.32423909565367,15.1666690443082));
#5754=CARTESIAN_POINT('Ctrl Pts',(-32.4696985199356,-4.64847819130731,15.2083357109748));
#5755=CARTESIAN_POINT('Ctrl Pts',(-33.25,-4.64847819130731,15.2500023776415));
#5756=CARTESIAN_POINT('Ctrl Pts',(-34.0303014800644,-4.64847819130731,15.2916690443082));
#5757=CARTESIAN_POINT('Ctrl Pts',(-34.4204522200966,-5.32423909565366,15.3333357109748));
#5758=CARTESIAN_POINT('Ctrl Pts',(-34.8106029601288,-6.00000000000002,15.3750023776415));
#5759=CARTESIAN_POINT('Ctrl Pts',(-34.4204522200966,-6.67576090434637,15.4166690443082));
#5760=CARTESIAN_POINT('Ctrl Pts',(-34.0303014800644,-7.35152180869272,15.4583357109748));
#5761=CARTESIAN_POINT('Ctrl Pts',(-33.25,-7.35152180869272,15.5000023776415));
#5762=CARTESIAN_POINT('Ctrl Pts',(-32.4696985199356,-7.35152180869272,15.5416690443082));
#5763=CARTESIAN_POINT('Ctrl Pts',(-32.0795477799034,-6.67576090434637,15.5833357109748));
#5764=CARTESIAN_POINT('Ctrl Pts',(-31.6893970398712,-6.00000000000002,15.6250023776415));
#5765=CARTESIAN_POINT('Ctrl Pts',(-32.0795477799034,-5.32423909565367,15.6666690443082));
#5766=CARTESIAN_POINT('Ctrl Pts',(-32.4696985199356,-4.64847819130731,15.7083357109748));
#5767=CARTESIAN_POINT('Ctrl Pts',(-33.25,-4.64847819130731,15.7500023776415));
#5768=CARTESIAN_POINT('Ctrl Pts',(-34.0303014800644,-4.64847819130731,15.7916690443082));
#5769=CARTESIAN_POINT('Ctrl Pts',(-34.4204522200966,-5.32423909565366,15.8333357109748));
#5770=CARTESIAN_POINT('Ctrl Pts',(-34.8106029601288,-6.00000000000002,15.8750023776415));
#5771=CARTESIAN_POINT('Ctrl Pts',(-34.4204522200966,-6.67576090434637,15.9166690443082));
#5772=CARTESIAN_POINT('Ctrl Pts',(-34.0303014800644,-7.35152180869272,15.9583357109748));
#5773=CARTESIAN_POINT('Ctrl Pts',(-33.25,-7.35152180869272,16.0000023776415));
#5774=CARTESIAN_POINT('Ctrl Pts',(-32.4696985199356,-7.35152180869272,16.0416690443082));
#5775=CARTESIAN_POINT('Ctrl Pts',(-32.0795477799034,-6.67576090434637,16.0833357109748));
#5776=CARTESIAN_POINT('Ctrl Pts',(-31.6893970398712,-6.00000000000002,16.1250023776415));
#5777=CARTESIAN_POINT('Ctrl Pts',(-32.0795477799034,-5.32423909565367,16.1666690443082));
#5778=CARTESIAN_POINT('Ctrl Pts',(-32.4696985199356,-4.64847819130731,16.2083357109748));
#5779=CARTESIAN_POINT('Ctrl Pts',(-33.25,-4.64847819130731,16.2500023776415));
#5780=CARTESIAN_POINT('Ctrl Pts',(-34.0303014800644,-4.64847819130731,16.2916690443082));
#5781=CARTESIAN_POINT('Ctrl Pts',(-34.4204522200966,-5.32423909565366,16.3333357109748));
#5782=CARTESIAN_POINT('Ctrl Pts',(-34.8106029601288,-6.00000000000002,16.3750023776415));
#5783=CARTESIAN_POINT('Ctrl Pts',(-34.4204522200966,-6.67576090434637,16.4166690443082));
#5784=CARTESIAN_POINT('Ctrl Pts',(-34.0303014800644,-7.35152180869272,16.4583357109748));
#5785=CARTESIAN_POINT('Ctrl Pts',(-33.25,-7.35152180869272,16.5000023776415));
#5786=CARTESIAN_POINT('Ctrl Pts',(-32.4696985199356,-7.35152180869272,16.5416690443082));
#5787=CARTESIAN_POINT('Ctrl Pts',(-32.0795477799034,-6.67576090434637,16.5833357109748));
#5788=CARTESIAN_POINT('Ctrl Pts',(-31.6893970398712,-6.00000000000002,16.6250023776415));
#5789=CARTESIAN_POINT('Ctrl Pts',(-32.0795477799034,-5.32423909565367,16.6666690443082));
#5790=CARTESIAN_POINT('Ctrl Pts',(-32.4696985199356,-4.64847819130731,16.7083357109748));
#5791=CARTESIAN_POINT('Ctrl Pts',(-33.25,-4.64847819130731,16.7500023776415));
#5792=CARTESIAN_POINT('Ctrl Pts',(-34.0303014800644,-4.64847819130731,16.7916690443082));
#5793=CARTESIAN_POINT('Ctrl Pts',(-34.4204522200966,-5.32423909565366,16.8333357109748));
#5794=CARTESIAN_POINT('Ctrl Pts',(-34.8106029601288,-6.00000000000002,16.8750023776415));
#5795=CARTESIAN_POINT('Ctrl Pts',(-34.4204522200966,-6.67576090434637,16.9166690443082));
#5796=CARTESIAN_POINT('Ctrl Pts',(-34.0303014800644,-7.35152180869272,16.9583357109748));
#5797=CARTESIAN_POINT('Ctrl Pts',(-33.25,-7.35152180869272,17.0000023776415));
#5798=CARTESIAN_POINT('Ctrl Pts',(-32.4696985199356,-7.35152180869272,17.0416690443082));
#5799=CARTESIAN_POINT('Ctrl Pts',(-32.0795477799034,-6.67576090434637,17.0833357109748));
#5800=CARTESIAN_POINT('Ctrl Pts',(-31.6893970398712,-6.00000000000002,17.1250023776415));
#5801=CARTESIAN_POINT('Ctrl Pts',(-32.0795477799034,-5.32423909565367,17.1666690443082));
#5802=CARTESIAN_POINT('Ctrl Pts',(-32.4696985199356,-4.64847819130731,17.2083357109748));
#5803=CARTESIAN_POINT('Ctrl Pts',(-33.25,-4.64847819130731,17.2500023776415));
#5804=CARTESIAN_POINT('Ctrl Pts',(-34.0303014800644,-4.64847819130731,17.2916690443082));
#5805=CARTESIAN_POINT('Ctrl Pts',(-34.4204522200966,-5.32423909565366,17.3333357109748));
#5806=CARTESIAN_POINT('Ctrl Pts',(-34.8106029601288,-6.00000000000002,17.3750023776415));
#5807=CARTESIAN_POINT('Ctrl Pts',(-34.4204522200966,-6.67576090434637,17.4166690443082));
#5808=CARTESIAN_POINT('Ctrl Pts',(-34.0303014800644,-7.35152180869272,17.4583357109748));
#5809=CARTESIAN_POINT('Ctrl Pts',(-33.25,-7.35152180869272,17.5000023776415));
#5810=CARTESIAN_POINT('Ctrl Pts',(-32.4696985199356,-7.35152180869272,17.5416690443082));
#5811=CARTESIAN_POINT('Ctrl Pts',(-32.0795477799034,-6.67576090434637,17.5833357109748));
#5812=CARTESIAN_POINT('Ctrl Pts',(-31.6893970398712,-6.00000000000002,17.6250023776415));
#5813=CARTESIAN_POINT('Ctrl Pts',(-32.0795477799034,-5.32423909565367,17.6666690443082));
#5814=CARTESIAN_POINT('Ctrl Pts',(-32.4696985199356,-4.64847819130731,17.7083357109748));
#5815=CARTESIAN_POINT('Ctrl Pts',(-33.25,-4.64847819130731,17.7500023776415));
#5816=CARTESIAN_POINT('Ctrl Pts',(-34.0303014800644,-4.64847819130731,17.7916690443082));
#5817=CARTESIAN_POINT('Ctrl Pts',(-34.4204522200966,-5.32423909565366,17.8333357109748));
#5818=CARTESIAN_POINT('Ctrl Pts',(-34.8106029601288,-6.00000000000002,17.8750023776415));
#5819=CARTESIAN_POINT('Ctrl Pts',(-34.4204522200966,-6.67576090434637,17.9166690443082));
#5820=CARTESIAN_POINT('Ctrl Pts',(-34.0303014800644,-7.35152180869272,17.9583357109748));
#5821=CARTESIAN_POINT('Ctrl Pts',(-33.25,-7.35152180869272,18.0000023776415));
#5822=CARTESIAN_POINT('Ctrl Pts',(-32.4696985199356,-7.35152180869272,18.0416690443082));
#5823=CARTESIAN_POINT('Ctrl Pts',(-32.0795477799034,-6.67576090434637,18.0833357109748));
#5824=CARTESIAN_POINT('Ctrl Pts',(-31.6893970398712,-6.00000000000002,18.1250023776415));
#5825=CARTESIAN_POINT('Ctrl Pts',(-32.0795477799034,-5.32423909565367,18.1666690443082));
#5826=CARTESIAN_POINT('Ctrl Pts',(-32.4696985199356,-4.64847819130731,18.2083357109748));
#5827=CARTESIAN_POINT('Ctrl Pts',(-33.25,-4.64847819130731,18.2500023776415));
#5828=CARTESIAN_POINT('Ctrl Pts',(-34.0303014800644,-4.64847819130731,18.2916690443082));
#5829=CARTESIAN_POINT('Ctrl Pts',(-34.4204522200966,-5.32423909565366,18.3333357109748));
#5830=CARTESIAN_POINT('Ctrl Pts',(-34.8106029601288,-6.00000000000002,18.3750023776415));
#5831=CARTESIAN_POINT('Ctrl Pts',(-34.4204522200966,-6.67576090434637,18.4166690443082));
#5832=CARTESIAN_POINT('Ctrl Pts',(-34.0303014800644,-7.35152180869272,18.4583357109748));
#5833=CARTESIAN_POINT('Ctrl Pts',(-33.25,-7.35152180869272,18.5000023776415));
#5834=CARTESIAN_POINT('Ctrl Pts',(-32.4696985199356,-7.35152180869272,18.5416690443082));
#5835=CARTESIAN_POINT('Ctrl Pts',(-32.0795477799034,-6.67576090434637,18.5833357109748));
#5836=CARTESIAN_POINT('Ctrl Pts',(-31.6893970398712,-6.00000000000002,18.6250023776415));
#5837=CARTESIAN_POINT('Ctrl Pts',(-32.0795477799034,-5.32423909565367,18.6666690443082));
#5838=CARTESIAN_POINT('Ctrl Pts',(-32.4696985199356,-4.64847819130731,18.7083357109748));
#5839=CARTESIAN_POINT('Ctrl Pts',(-33.25,-4.64847819130731,18.7500023776415));
#5840=CARTESIAN_POINT('Ctrl Pts',(-34.0303014800644,-4.64847819130731,18.7916690443082));
#5841=CARTESIAN_POINT('Ctrl Pts',(-34.4204522200966,-5.32423909565366,18.8333357109748));
#5842=CARTESIAN_POINT('Ctrl Pts',(-34.8106029601288,-6.00000000000002,18.8750023776415));
#5843=CARTESIAN_POINT('Ctrl Pts',(-34.4204522200966,-6.67576090434637,18.9166690443082));
#5844=CARTESIAN_POINT('Ctrl Pts',(-34.0303014800644,-7.35152180869272,18.9583357109748));
#5845=CARTESIAN_POINT('Ctrl Pts',(-33.25,-7.35152180869272,19.0000023776415));
#5846=CARTESIAN_POINT('Ctrl Pts',(-32.4696985199356,-7.35152180869272,19.0416690443082));
#5847=CARTESIAN_POINT('Ctrl Pts',(-32.0795477799034,-6.67576090434637,19.0833357109748));
#5848=CARTESIAN_POINT('Ctrl Pts',(-31.6893970398712,-6.00000000000002,19.1250023776415));
#5849=CARTESIAN_POINT('Ctrl Pts',(-32.0795477799034,-5.32423909565367,19.1666690443082));
#5850=CARTESIAN_POINT('Ctrl Pts',(-32.4696985199356,-4.64847819130731,19.2083357109748));
#5851=CARTESIAN_POINT('Ctrl Pts',(-33.25,-4.64847819130731,19.2500023776415));
#5852=CARTESIAN_POINT('Ctrl Pts',(-34.0303014800644,-4.64847819130731,19.2916690443082));
#5853=CARTESIAN_POINT('Ctrl Pts',(-34.4204522200966,-5.32423909565366,19.3333357109748));
#5854=CARTESIAN_POINT('Ctrl Pts',(-34.8106029601288,-6.00000000000002,19.3750023776415));
#5855=CARTESIAN_POINT('Ctrl Pts',(-34.4204522200966,-6.67576090434637,19.4166690443082));
#5856=CARTESIAN_POINT('Ctrl Pts',(-34.0303014800644,-7.35152180869272,19.4583357109748));
#5857=CARTESIAN_POINT('Ctrl Pts',(-33.25,-7.35152180869272,19.5000023776415));
#5858=CARTESIAN_POINT('Ctrl Pts',(-32.4696985199356,-7.35152180869272,19.5416690443082));
#5859=CARTESIAN_POINT('Ctrl Pts',(-32.0795477799034,-6.67576090434637,19.5833357109748));
#5860=CARTESIAN_POINT('Ctrl Pts',(-31.6893970398712,-6.00000000000002,19.6250023776415));
#5861=CARTESIAN_POINT('Ctrl Pts',(-32.0795477799034,-5.32423909565367,19.6666690443082));
#5862=CARTESIAN_POINT('Ctrl Pts',(-32.4696985199356,-4.64847819130731,19.7083357109748));
#5863=CARTESIAN_POINT('Ctrl Pts',(-33.25,-4.64847819130731,19.7500023776415));
#5864=CARTESIAN_POINT('Ctrl Pts',(-34.0303014800644,-4.64847819130731,19.7916690443082));
#5865=CARTESIAN_POINT('Ctrl Pts',(-34.4204522200966,-5.32423909565366,19.8333357109748));
#5866=CARTESIAN_POINT('Ctrl Pts',(-34.8106029601288,-6.00000000000002,19.8750023776415));
#5867=CARTESIAN_POINT('Ctrl Pts',(-34.4204522200966,-6.67576090434637,19.9166690443082));
#5868=CARTESIAN_POINT('Ctrl Pts',(-34.0303014800644,-7.35152180869272,19.9583357109748));
#5869=CARTESIAN_POINT('Ctrl Pts',(-33.25,-7.35152180869272,20.0000023776415));
#5870=CARTESIAN_POINT('Ctrl Pts',(-32.4696985199356,-7.35152180869272,20.0416690443082));
#5871=CARTESIAN_POINT('Ctrl Pts',(-32.0795477799034,-6.67576090434637,20.0833357109748));
#5872=CARTESIAN_POINT('Ctrl Pts',(-31.6893970398712,-6.00000000000002,20.1250023776415));
#5873=CARTESIAN_POINT('Ctrl Pts',(-32.0795477799034,-5.32423909565367,20.1666690443082));
#5874=CARTESIAN_POINT('Ctrl Pts',(-32.4696985199356,-4.64847819130731,20.2083357109748));
#5875=CARTESIAN_POINT('Ctrl Pts',(-33.25,-4.64847819130731,20.2500023776415));
#5876=CARTESIAN_POINT('Ctrl Pts',(-34.0303014800644,-4.64847819130731,20.2916690443082));
#5877=CARTESIAN_POINT('Ctrl Pts',(-34.4204522200966,-5.32423909565366,20.3333357109748));
#5878=CARTESIAN_POINT('Ctrl Pts',(-34.8106029601288,-6.00000000000002,20.3750023776415));
#5879=CARTESIAN_POINT('Ctrl Pts',(-34.4204522200966,-6.67576090434637,20.4166690443082));
#5880=CARTESIAN_POINT('Ctrl Pts',(-34.0303014800644,-7.35152180869272,20.4583357109748));
#5881=CARTESIAN_POINT('Ctrl Pts',(-33.25,-7.35152180869272,20.5000023776415));
#5882=CARTESIAN_POINT('Ctrl Pts',(-32.4696985199356,-7.35152180869272,20.5416690443082));
#5883=CARTESIAN_POINT('Ctrl Pts',(-32.0795477799034,-6.67576090434637,20.5833357109748));
#5884=CARTESIAN_POINT('Ctrl Pts',(-31.6893970398712,-6.00000000000002,20.6250023776415));
#5885=CARTESIAN_POINT('Ctrl Pts',(-32.0795477799034,-5.32423909565367,20.6666690443082));
#5886=CARTESIAN_POINT('Ctrl Pts',(-32.4696985199356,-4.64847819130731,20.7083357109748));
#5887=CARTESIAN_POINT('Ctrl Pts',(-33.25,-4.64847819130731,20.7500023776415));
#5888=CARTESIAN_POINT('Ctrl Pts',(-34.0303014800644,-4.64847819130731,20.7916690443082));
#5889=CARTESIAN_POINT('Ctrl Pts',(-34.4204522200966,-5.32423909565366,20.8333357109748));
#5890=CARTESIAN_POINT('Ctrl Pts',(-34.8106029601288,-6.00000000000002,20.8750023776415));
#5891=CARTESIAN_POINT('Ctrl Pts',(-34.4204522200966,-6.67576090434637,20.9166690443082));
#5892=CARTESIAN_POINT('Ctrl Pts',(-34.0303014800644,-7.35152180869272,20.9583357109748));
#5893=CARTESIAN_POINT('Ctrl Pts',(-33.25,-7.35152180869272,21.0000023776415));
#5894=CARTESIAN_POINT('Ctrl Pts',(-32.4696985199356,-7.35152180869272,21.0416690443082));
#5895=CARTESIAN_POINT('Ctrl Pts',(-32.0795477799034,-6.67576090434637,21.0833357109748));
#5896=CARTESIAN_POINT('Ctrl Pts',(-31.6893970398712,-6.00000000000002,21.1250023776415));
#5897=CARTESIAN_POINT('Ctrl Pts',(-32.0795477799034,-5.32423909565367,21.1666690443082));
#5898=CARTESIAN_POINT('Ctrl Pts',(-32.4696985199356,-4.64847819130731,21.2083357109748));
#5899=CARTESIAN_POINT('Ctrl Pts',(-33.25,-4.64847819130731,21.2500023776415));
#5900=CARTESIAN_POINT('Ctrl Pts',(-34.0303014800644,-4.64847819130731,21.2916690443082));
#5901=CARTESIAN_POINT('Ctrl Pts',(-34.4204522200966,-5.32423909565366,21.3333357109748));
#5902=CARTESIAN_POINT('Ctrl Pts',(-34.8106029601288,-6.00000000000002,21.3750023776415));
#5903=CARTESIAN_POINT('Ctrl Pts',(-34.4204522200966,-6.67576090434637,21.4166690443082));
#5904=CARTESIAN_POINT('Ctrl Pts',(-34.0303014800644,-7.35152180869272,21.4583357109748));
#5905=CARTESIAN_POINT('Ctrl Pts',(-33.25,-7.35152180869272,21.5000023776415));
#5906=CARTESIAN_POINT('Ctrl Pts',(-32.4696985199356,-7.35152180869272,21.5416690443082));
#5907=CARTESIAN_POINT('Ctrl Pts',(-32.0795477799034,-6.67576090434637,21.5833357109748));
#5908=CARTESIAN_POINT('Ctrl Pts',(-31.6893970398712,-6.00000000000002,21.6250023776415));
#5909=CARTESIAN_POINT('Ctrl Pts',(-32.0795477799034,-5.32423909565367,21.6666690443082));
#5910=CARTESIAN_POINT('Ctrl Pts',(-32.4696985199356,-4.64847819130731,21.7083357109748));
#5911=CARTESIAN_POINT('Ctrl Pts',(-33.25,-4.64847819130731,21.7500023776415));
#5912=CARTESIAN_POINT('Ctrl Pts',(-34.0303014800644,-4.64847819130731,21.7916690443082));
#5913=CARTESIAN_POINT('Ctrl Pts',(-34.4204522200966,-5.32423909565366,21.8333357109748));
#5914=CARTESIAN_POINT('Ctrl Pts',(-34.8106029601288,-6.00000000000002,21.8750023776415));
#5915=CARTESIAN_POINT('Ctrl Pts',(-34.4204522200966,-6.67576090434637,21.9166690443082));
#5916=CARTESIAN_POINT('Ctrl Pts',(-34.0303014800644,-7.35152180869272,21.9583357109748));
#5917=CARTESIAN_POINT('Ctrl Pts',(-33.25,-7.35152180869272,22.0000023776415));
#5918=CARTESIAN_POINT('Ctrl Pts',(-32.4696985199356,-7.35152180869272,22.0416690443082));
#5919=CARTESIAN_POINT('Ctrl Pts',(-32.0795477799034,-6.67576090434637,22.0833357109748));
#5920=CARTESIAN_POINT('Ctrl Pts',(-31.6893970398712,-6.00000000000002,22.1250023776415));
#5921=CARTESIAN_POINT('Ctrl Pts',(-32.0795477799034,-5.32423909565367,22.1666690443082));
#5922=CARTESIAN_POINT('Ctrl Pts',(-32.4696985199356,-4.64847819130731,22.2083357109748));
#5923=CARTESIAN_POINT('Ctrl Pts',(-33.25,-4.64847819130731,22.2500023776415));
#5924=CARTESIAN_POINT('Ctrl Pts',(-34.0303014800644,-4.64847819130731,22.2916690443082));
#5925=CARTESIAN_POINT('Ctrl Pts',(-34.4204522200966,-5.32423909565366,22.3333357109748));
#5926=CARTESIAN_POINT('Ctrl Pts',(-34.8106029601288,-6.00000000000002,22.3750023776415));
#5927=CARTESIAN_POINT('Ctrl Pts',(-34.4204522200966,-6.67576090434637,22.4166690443082));
#5928=CARTESIAN_POINT('Ctrl Pts',(-34.0303014800644,-7.35152180869272,22.4583357109748));
#5929=CARTESIAN_POINT('Ctrl Pts',(-33.25,-7.35152180869272,22.5000023776415));
#5930=CARTESIAN_POINT('Ctrl Pts',(-32.4696985199356,-7.35152180869272,22.5416690443082));
#5931=CARTESIAN_POINT('Ctrl Pts',(-32.0795477799034,-6.67576090434637,22.5833357109748));
#5932=CARTESIAN_POINT('Ctrl Pts',(-31.6893970398712,-6.00000000000002,22.6250023776415));
#5933=CARTESIAN_POINT('Ctrl Pts',(-32.0795477799034,-5.32423909565367,22.6666690443082));
#5934=CARTESIAN_POINT('Ctrl Pts',(-32.4696985199356,-4.64847819130731,22.7083357109748));
#5935=CARTESIAN_POINT('Ctrl Pts',(-33.25,-4.64847819130731,22.7500023776415));
#5936=CARTESIAN_POINT('Ctrl Pts',(-34.0303014800644,-4.64847819130731,22.7916690443082));
#5937=CARTESIAN_POINT('Ctrl Pts',(-34.4204522200966,-5.32423909565366,22.8333357109748));
#5938=CARTESIAN_POINT('Ctrl Pts',(-34.8106029601288,-6.00000000000002,22.8750023776415));
#5939=CARTESIAN_POINT('Ctrl Pts',(-34.4204522200966,-6.67576090434637,22.9166690443082));
#5940=CARTESIAN_POINT('Ctrl Pts',(-34.0303014800644,-7.35152180869272,22.9583357109748));
#5941=CARTESIAN_POINT('Ctrl Pts',(-33.25,-7.35152180869272,23.0000023776415));
#5942=CARTESIAN_POINT('Ctrl Pts',(-32.4696985199356,-7.35152180869272,23.0416690443082));
#5943=CARTESIAN_POINT('Ctrl Pts',(-32.0795477799034,-6.67576090434637,23.0833357109748));
#5944=CARTESIAN_POINT('Ctrl Pts',(-31.6893970398712,-6.00000000000002,23.1250023776415));
#5945=CARTESIAN_POINT('Ctrl Pts',(-32.0795477799034,-5.32423909565367,23.1666690443082));
#5946=CARTESIAN_POINT('Ctrl Pts',(-32.4696985199356,-4.64847819130731,23.2083357109748));
#5947=CARTESIAN_POINT('Ctrl Pts',(-33.25,-4.64847819130731,23.2500023776415));
#5948=CARTESIAN_POINT('Ctrl Pts',(-34.0303014800644,-4.64847819130731,23.2916690443082));
#5949=CARTESIAN_POINT('Ctrl Pts',(-34.4204522200966,-5.32423909565366,23.3333357109748));
#5950=CARTESIAN_POINT('Ctrl Pts',(-34.8106029601288,-6.00000000000002,23.3750023776415));
#5951=CARTESIAN_POINT('Ctrl Pts',(-34.4204522200966,-6.67576090434637,23.4166690443082));
#5952=CARTESIAN_POINT('Ctrl Pts',(-34.0303014800644,-7.35152180869272,23.4583357109748));
#5953=CARTESIAN_POINT('Ctrl Pts',(-33.25,-7.35152180869272,23.5000023776415));
#5954=CARTESIAN_POINT('Ctrl Pts',(-32.4696985199356,-7.35152180869272,23.5416690443082));
#5955=CARTESIAN_POINT('Ctrl Pts',(-32.0795477799034,-6.67576090434637,23.5833357109748));
#5956=CARTESIAN_POINT('Ctrl Pts',(-31.6893970398712,-6.00000000000002,23.6250023776415));
#5957=CARTESIAN_POINT('Ctrl Pts',(-32.0795477799034,-5.32423909565367,23.6666690443082));
#5958=CARTESIAN_POINT('Ctrl Pts',(-32.4696985199356,-4.64847819130731,23.7083357109748));
#5959=CARTESIAN_POINT('Ctrl Pts',(-33.25,-4.64847819130731,23.7500023776415));
#5960=CARTESIAN_POINT('Ctrl Pts',(-34.0303014800644,-4.64847819130731,23.7916690443082));
#5961=CARTESIAN_POINT('Ctrl Pts',(-34.4204522200966,-5.32423909565366,23.8333357109748));
#5962=CARTESIAN_POINT('Ctrl Pts',(-34.8106029601288,-6.00000000000002,23.8750023776415));
#5963=CARTESIAN_POINT('Ctrl Pts',(-34.4204522200966,-6.67576090434637,23.9166690443082));
#5964=CARTESIAN_POINT('Ctrl Pts',(-34.0303014800644,-7.35152180869272,23.9583357109748));
#5965=CARTESIAN_POINT('Ctrl Pts',(-33.25,-7.35152180869272,24.0000023776415));
#5966=CARTESIAN_POINT('Ctrl Pts',(-32.4696985199356,-7.35152180869272,24.0416690443082));
#5967=CARTESIAN_POINT('Ctrl Pts',(-32.0795477799034,-6.67576090434637,24.0833357109748));
#5968=CARTESIAN_POINT('Ctrl Pts',(-31.6893970398712,-6.00000000000002,24.1250023776415));
#5969=CARTESIAN_POINT('Ctrl Pts',(-32.0795477799034,-5.32423909565367,24.1666690443082));
#5970=CARTESIAN_POINT('Ctrl Pts',(-32.4696985199356,-4.64847819130731,24.2083357109748));
#5971=CARTESIAN_POINT('Ctrl Pts',(-33.25,-4.64847819130731,24.2500023776415));
#5972=CARTESIAN_POINT('Ctrl Pts',(-33.25,-4.24387721205152,-6.453125));
#5973=CARTESIAN_POINT('Ctrl Pts',(-34.2638979643521,-4.24387721205152,-6.41145833333333));
#5974=CARTESIAN_POINT('Ctrl Pts',(-34.7708469465281,-5.12193860602577,-6.36979166666666));
#5975=CARTESIAN_POINT('Ctrl Pts',(-35.2777959287042,-6.00000000000002,-6.328125));
#5976=CARTESIAN_POINT('Ctrl Pts',(-34.7708469465281,-6.87806139397427,-6.28645833333333));
#5977=CARTESIAN_POINT('Ctrl Pts',(-34.2638979643521,-7.75612278794852,-6.24479166666666));
#5978=CARTESIAN_POINT('Ctrl Pts',(-33.25,-7.75612278794852,-6.203125));
#5979=CARTESIAN_POINT('Ctrl Pts',(-32.2361020356479,-7.75612278794852,-6.16145833333333));
#5980=CARTESIAN_POINT('Ctrl Pts',(-31.7291530534718,-6.87806139397427,-6.11979166666666));
#5981=CARTESIAN_POINT('Ctrl Pts',(-31.2222040712958,-6.00000000000002,-6.078125));
#5982=CARTESIAN_POINT('Ctrl Pts',(-31.7291530534718,-5.12193860602577,-6.03645833333333));
#5983=CARTESIAN_POINT('Ctrl Pts',(-32.2361020356479,-4.24387721205152,-5.99479166666666));
#5984=CARTESIAN_POINT('Ctrl Pts',(-33.25,-4.24387721205152,-5.953125));
#5985=CARTESIAN_POINT('Ctrl Pts',(-34.2638979643521,-4.24387721205152,-5.91145833333333));
#5986=CARTESIAN_POINT('Ctrl Pts',(-34.7708469465281,-5.12193860602577,-5.86979166666666));
#5987=CARTESIAN_POINT('Ctrl Pts',(-35.2777959287042,-6.00000000000002,-5.828125));
#5988=CARTESIAN_POINT('Ctrl Pts',(-34.7708469465281,-6.87806139397427,-5.78645833333333));
#5989=CARTESIAN_POINT('Ctrl Pts',(-34.2638979643521,-7.75612278794852,-5.74479166666667));
#5990=CARTESIAN_POINT('Ctrl Pts',(-33.25,-7.75612278794852,-5.703125));
#5991=CARTESIAN_POINT('Ctrl Pts',(-32.2361020356479,-7.75612278794852,-5.66145833333333));
#5992=CARTESIAN_POINT('Ctrl Pts',(-31.7291530534718,-6.87806139397427,-5.61979166666667));
#5993=CARTESIAN_POINT('Ctrl Pts',(-31.2222040712958,-6.00000000000002,-5.578125));
#5994=CARTESIAN_POINT('Ctrl Pts',(-31.7291530534718,-5.12193860602577,-5.53645833333333));
#5995=CARTESIAN_POINT('Ctrl Pts',(-32.2361020356479,-4.24387721205152,-5.49479166666667));
#5996=CARTESIAN_POINT('Ctrl Pts',(-33.25,-4.24387721205152,-5.453125));
#5997=CARTESIAN_POINT('Ctrl Pts',(-34.2638979643521,-4.24387721205152,-5.41145833333333));
#5998=CARTESIAN_POINT('Ctrl Pts',(-34.7708469465281,-5.12193860602577,-5.36979166666667));
#5999=CARTESIAN_POINT('Ctrl Pts',(-35.2777959287042,-6.00000000000002,-5.328125));
#6000=CARTESIAN_POINT('Ctrl Pts',(-34.7708469465281,-6.87806139397427,-5.28645833333333));
#6001=CARTESIAN_POINT('Ctrl Pts',(-34.2638979643521,-7.75612278794852,-5.24479166666667));
#6002=CARTESIAN_POINT('Ctrl Pts',(-33.25,-7.75612278794852,-5.203125));
#6003=CARTESIAN_POINT('Ctrl Pts',(-32.2361020356479,-7.75612278794852,-5.16145833333333));
#6004=CARTESIAN_POINT('Ctrl Pts',(-31.7291530534718,-6.87806139397427,-5.11979166666666));
#6005=CARTESIAN_POINT('Ctrl Pts',(-31.2222040712958,-6.00000000000002,-5.078125));
#6006=CARTESIAN_POINT('Ctrl Pts',(-31.7291530534718,-5.12193860602577,-5.03645833333333));
#6007=CARTESIAN_POINT('Ctrl Pts',(-32.2361020356479,-4.24387721205152,-4.99479166666667));
#6008=CARTESIAN_POINT('Ctrl Pts',(-33.25,-4.24387721205152,-4.953125));
#6009=CARTESIAN_POINT('Ctrl Pts',(-34.2638979643521,-4.24387721205152,-4.91145833333333));
#6010=CARTESIAN_POINT('Ctrl Pts',(-34.7708469465281,-5.12193860602577,-4.86979166666667));
#6011=CARTESIAN_POINT('Ctrl Pts',(-35.2777959287042,-6.00000000000002,-4.828125));
#6012=CARTESIAN_POINT('Ctrl Pts',(-34.7708469465281,-6.87806139397427,-4.78645833333333));
#6013=CARTESIAN_POINT('Ctrl Pts',(-34.2638979643521,-7.75612278794852,-4.74479166666667));
#6014=CARTESIAN_POINT('Ctrl Pts',(-33.25,-7.75612278794852,-4.703125));
#6015=CARTESIAN_POINT('Ctrl Pts',(-32.2361020356479,-7.75612278794852,-4.66145833333333));
#6016=CARTESIAN_POINT('Ctrl Pts',(-31.7291530534718,-6.87806139397427,-4.61979166666667));
#6017=CARTESIAN_POINT('Ctrl Pts',(-31.2222040712958,-6.00000000000002,-4.578125));
#6018=CARTESIAN_POINT('Ctrl Pts',(-31.7291530534718,-5.12193860602577,-4.53645833333333));
#6019=CARTESIAN_POINT('Ctrl Pts',(-32.2361020356479,-4.24387721205152,-4.49479166666666));
#6020=CARTESIAN_POINT('Ctrl Pts',(-33.25,-4.24387721205152,-4.453125));
#6021=CARTESIAN_POINT('Ctrl Pts',(-34.2638979643521,-4.24387721205152,-4.41145833333333));
#6022=CARTESIAN_POINT('Ctrl Pts',(-34.7708469465281,-5.12193860602577,-4.36979166666666));
#6023=CARTESIAN_POINT('Ctrl Pts',(-35.2777959287042,-6.00000000000002,-4.328125));
#6024=CARTESIAN_POINT('Ctrl Pts',(-34.7708469465281,-6.87806139397427,-4.28645833333333));
#6025=CARTESIAN_POINT('Ctrl Pts',(-34.2638979643521,-7.75612278794852,-4.24479166666667));
#6026=CARTESIAN_POINT('Ctrl Pts',(-33.25,-7.75612278794852,-4.203125));
#6027=CARTESIAN_POINT('Ctrl Pts',(-32.2361020356479,-7.75612278794852,-4.16145833333333));
#6028=CARTESIAN_POINT('Ctrl Pts',(-31.7291530534718,-6.87806139397427,-4.11979166666667));
#6029=CARTESIAN_POINT('Ctrl Pts',(-31.2222040712958,-6.00000000000002,-4.078125));
#6030=CARTESIAN_POINT('Ctrl Pts',(-31.7291530534718,-5.12193860602577,-4.03645833333333));
#6031=CARTESIAN_POINT('Ctrl Pts',(-32.2361020356479,-4.24387721205152,-3.99479166666667));
#6032=CARTESIAN_POINT('Ctrl Pts',(-33.25,-4.24387721205152,-3.953125));
#6033=CARTESIAN_POINT('Ctrl Pts',(-34.2638979643521,-4.24387721205152,-3.91145833333333));
#6034=CARTESIAN_POINT('Ctrl Pts',(-34.7708469465281,-5.12193860602577,-3.86979166666666));
#6035=CARTESIAN_POINT('Ctrl Pts',(-35.2777959287042,-6.00000000000002,-3.828125));
#6036=CARTESIAN_POINT('Ctrl Pts',(-34.7708469465281,-6.87806139397427,-3.78645833333333));
#6037=CARTESIAN_POINT('Ctrl Pts',(-34.2638979643521,-7.75612278794852,-3.74479166666666));
#6038=CARTESIAN_POINT('Ctrl Pts',(-33.25,-7.75612278794852,-3.703125));
#6039=CARTESIAN_POINT('Ctrl Pts',(-32.2361020356479,-7.75612278794852,-3.66145833333333));
#6040=CARTESIAN_POINT('Ctrl Pts',(-31.7291530534718,-6.87806139397427,-3.61979166666667));
#6041=CARTESIAN_POINT('Ctrl Pts',(-31.2222040712958,-6.00000000000002,-3.578125));
#6042=CARTESIAN_POINT('Ctrl Pts',(-31.7291530534718,-5.12193860602577,-3.53645833333333));
#6043=CARTESIAN_POINT('Ctrl Pts',(-32.2361020356479,-4.24387721205152,-3.49479166666666));
#6044=CARTESIAN_POINT('Ctrl Pts',(-33.25,-4.24387721205152,-3.453125));
#6045=CARTESIAN_POINT('Ctrl Pts',(-34.2638979643521,-4.24387721205152,-3.41145833333333));
#6046=CARTESIAN_POINT('Ctrl Pts',(-34.7708469465281,-5.12193860602577,-3.36979166666667));
#6047=CARTESIAN_POINT('Ctrl Pts',(-35.2777959287042,-6.00000000000002,-3.328125));
#6048=CARTESIAN_POINT('Ctrl Pts',(-34.7708469465281,-6.87806139397427,-3.28645833333333));
#6049=CARTESIAN_POINT('Ctrl Pts',(-34.2638979643521,-7.75612278794852,-3.24479166666667));
#6050=CARTESIAN_POINT('Ctrl Pts',(-33.25,-7.75612278794852,-3.203125));
#6051=CARTESIAN_POINT('Ctrl Pts',(-32.2361020356479,-7.75612278794852,-3.16145833333333));
#6052=CARTESIAN_POINT('Ctrl Pts',(-31.7291530534718,-6.87806139397427,-3.11979166666666));
#6053=CARTESIAN_POINT('Ctrl Pts',(-31.2222040712958,-6.00000000000002,-3.078125));
#6054=CARTESIAN_POINT('Ctrl Pts',(-31.7291530534718,-5.12193860602577,-3.03645833333333));
#6055=CARTESIAN_POINT('Ctrl Pts',(-32.2361020356479,-4.24387721205152,-2.99479166666667));
#6056=CARTESIAN_POINT('Ctrl Pts',(-33.25,-4.24387721205152,-2.953125));
#6057=CARTESIAN_POINT('Ctrl Pts',(-34.2638979643521,-4.24387721205152,-2.91145833333333));
#6058=CARTESIAN_POINT('Ctrl Pts',(-34.7708469465281,-5.12193860602577,-2.86979166666667));
#6059=CARTESIAN_POINT('Ctrl Pts',(-35.2777959287042,-6.00000000000002,-2.828125));
#6060=CARTESIAN_POINT('Ctrl Pts',(-34.7708469465281,-6.87806139397427,-2.78645833333333));
#6061=CARTESIAN_POINT('Ctrl Pts',(-34.2638979643521,-7.75612278794852,-2.74479166666667));
#6062=CARTESIAN_POINT('Ctrl Pts',(-33.25,-7.75612278794852,-2.703125));
#6063=CARTESIAN_POINT('Ctrl Pts',(-32.2361020356479,-7.75612278794852,-2.66145833333333));
#6064=CARTESIAN_POINT('Ctrl Pts',(-31.7291530534718,-6.87806139397427,-2.61979166666666));
#6065=CARTESIAN_POINT('Ctrl Pts',(-31.2222040712958,-6.00000000000002,-2.578125));
#6066=CARTESIAN_POINT('Ctrl Pts',(-31.7291530534718,-5.12193860602577,-2.53645833333333));
#6067=CARTESIAN_POINT('Ctrl Pts',(-32.2361020356479,-4.24387721205152,-2.49479166666667));
#6068=CARTESIAN_POINT('Ctrl Pts',(-33.25,-4.24387721205152,-2.453125));
#6069=CARTESIAN_POINT('Ctrl Pts',(-34.2638979643521,-4.24387721205152,-2.41145833333333));
#6070=CARTESIAN_POINT('Ctrl Pts',(-34.7708469465281,-5.12193860602577,-2.36979166666667));
#6071=CARTESIAN_POINT('Ctrl Pts',(-35.2777959287042,-6.00000000000002,-2.328125));
#6072=CARTESIAN_POINT('Ctrl Pts',(-34.7708469465281,-6.87806139397427,-2.28645833333333));
#6073=CARTESIAN_POINT('Ctrl Pts',(-34.2638979643521,-7.75612278794852,-2.24479166666667));
#6074=CARTESIAN_POINT('Ctrl Pts',(-33.25,-7.75612278794852,-2.203125));
#6075=CARTESIAN_POINT('Ctrl Pts',(-32.2361020356479,-7.75612278794852,-2.16145833333333));
#6076=CARTESIAN_POINT('Ctrl Pts',(-31.7291530534718,-6.87806139397427,-2.11979166666667));
#6077=CARTESIAN_POINT('Ctrl Pts',(-31.2222040712958,-6.00000000000002,-2.078125));
#6078=CARTESIAN_POINT('Ctrl Pts',(-31.7291530534718,-5.12193860602577,-2.03645833333333));
#6079=CARTESIAN_POINT('Ctrl Pts',(-32.2361020356479,-4.24387721205152,-1.99479166666667));
#6080=CARTESIAN_POINT('Ctrl Pts',(-33.25,-4.24387721205152,-1.953125));
#6081=CARTESIAN_POINT('Ctrl Pts',(-34.2638979643521,-4.24387721205152,-1.91145833333334));
#6082=CARTESIAN_POINT('Ctrl Pts',(-34.7708469465281,-5.12193860602577,-1.86979166666666));
#6083=CARTESIAN_POINT('Ctrl Pts',(-35.2777959287042,-6.00000000000002,-1.828125));
#6084=CARTESIAN_POINT('Ctrl Pts',(-34.7708469465281,-6.87806139397427,-1.78645833333333));
#6085=CARTESIAN_POINT('Ctrl Pts',(-34.2638979643521,-7.75612278794852,-1.74479166666666));
#6086=CARTESIAN_POINT('Ctrl Pts',(-33.25,-7.75612278794852,-1.703125));
#6087=CARTESIAN_POINT('Ctrl Pts',(-32.2361020356479,-7.75612278794852,-1.66145833333333));
#6088=CARTESIAN_POINT('Ctrl Pts',(-31.7291530534718,-6.87806139397427,-1.61979166666667));
#6089=CARTESIAN_POINT('Ctrl Pts',(-31.2222040712958,-6.00000000000002,-1.578125));
#6090=CARTESIAN_POINT('Ctrl Pts',(-31.7291530534718,-5.12193860602577,-1.53645833333333));
#6091=CARTESIAN_POINT('Ctrl Pts',(-32.2361020356479,-4.24387721205152,-1.49479166666667));
#6092=CARTESIAN_POINT('Ctrl Pts',(-33.25,-4.24387721205152,-1.453125));
#6093=CARTESIAN_POINT('Ctrl Pts',(-34.2638979643521,-4.24387721205152,-1.41145833333333));
#6094=CARTESIAN_POINT('Ctrl Pts',(-34.7708469465281,-5.12193860602577,-1.36979166666667));
#6095=CARTESIAN_POINT('Ctrl Pts',(-35.2777959287042,-6.00000000000002,-1.328125));
#6096=CARTESIAN_POINT('Ctrl Pts',(-34.7708469465281,-6.87806139397427,-1.28645833333333));
#6097=CARTESIAN_POINT('Ctrl Pts',(-34.2638979643521,-7.75612278794852,-1.24479166666667));
#6098=CARTESIAN_POINT('Ctrl Pts',(-33.25,-7.75612278794852,-1.203125));
#6099=CARTESIAN_POINT('Ctrl Pts',(-32.2361020356479,-7.75612278794852,-1.16145833333333));
#6100=CARTESIAN_POINT('Ctrl Pts',(-31.7291530534718,-6.87806139397427,-1.11979166666667));
#6101=CARTESIAN_POINT('Ctrl Pts',(-31.2222040712958,-6.00000000000002,-1.078125));
#6102=CARTESIAN_POINT('Ctrl Pts',(-31.7291530534718,-5.12193860602577,-1.03645833333333));
#6103=CARTESIAN_POINT('Ctrl Pts',(-32.2361020356479,-4.24387721205152,-0.994791666666666));
#6104=CARTESIAN_POINT('Ctrl Pts',(-33.25,-4.24387721205152,-0.953124999999999));
#6105=CARTESIAN_POINT('Ctrl Pts',(-34.2638979643521,-4.24387721205152,-0.91145833333333));
#6106=CARTESIAN_POINT('Ctrl Pts',(-34.7708469465281,-5.12193860602577,-0.869791666666666));
#6107=CARTESIAN_POINT('Ctrl Pts',(-35.2777959287042,-6.00000000000002,-0.828125));
#6108=CARTESIAN_POINT('Ctrl Pts',(-34.7708469465281,-6.87806139397427,-0.786458333333331));
#6109=CARTESIAN_POINT('Ctrl Pts',(-34.2638979643521,-7.75612278794852,-0.744791666666664));
#6110=CARTESIAN_POINT('Ctrl Pts',(-33.25,-7.75612278794852,-0.703124999999998));
#6111=CARTESIAN_POINT('Ctrl Pts',(-32.2361020356479,-7.75612278794852,-0.661458333333331));
#6112=CARTESIAN_POINT('Ctrl Pts',(-31.7291530534718,-6.87806139397427,-0.619791666666665));
#6113=CARTESIAN_POINT('Ctrl Pts',(-31.2222040712958,-6.00000000000002,-0.578124999999998));
#6114=CARTESIAN_POINT('Ctrl Pts',(-31.7291530534718,-5.12193860602577,-0.536458333333332));
#6115=CARTESIAN_POINT('Ctrl Pts',(-32.2361020356479,-4.24387721205152,-0.494791666666667));
#6116=CARTESIAN_POINT('Ctrl Pts',(-33.25,-4.24387721205152,-0.453124999999999));
#6117=CARTESIAN_POINT('Ctrl Pts',(-34.2638979643521,-4.24387721205152,-0.41145833333333));
#6118=CARTESIAN_POINT('Ctrl Pts',(-34.7708469465281,-5.12193860602577,-0.369791666666666));
#6119=CARTESIAN_POINT('Ctrl Pts',(-35.2777959287042,-6.00000000000002,-0.328124999999999));
#6120=CARTESIAN_POINT('Ctrl Pts',(-34.7708469465281,-6.87806139397427,-0.28645833333333));
#6121=CARTESIAN_POINT('Ctrl Pts',(-34.2638979643521,-7.75612278794852,-0.244791666666666));
#6122=CARTESIAN_POINT('Ctrl Pts',(-33.25,-7.75612278794852,-0.203125));
#6123=CARTESIAN_POINT('Ctrl Pts',(-32.2361020356479,-7.75612278794852,-0.161458333333331));
#6124=CARTESIAN_POINT('Ctrl Pts',(-31.7291530534718,-6.87806139397427,-0.119791666666664));
#6125=CARTESIAN_POINT('Ctrl Pts',(-31.2222040712958,-6.00000000000002,-0.078125));
#6126=CARTESIAN_POINT('Ctrl Pts',(-31.7291530534718,-5.12193860602577,-0.0364583333333313));
#6127=CARTESIAN_POINT('Ctrl Pts',(-32.2361020356479,-4.24387721205152,0.00520833333333748));
#6128=CARTESIAN_POINT('Ctrl Pts',(-33.25,-4.24387721205152,0.0468750000000018));
#6129=CARTESIAN_POINT('Ctrl Pts',(-34.2638979643521,-4.24387721205152,0.0885416666666683));
#6130=CARTESIAN_POINT('Ctrl Pts',(-34.7708469465281,-5.12193860602577,0.130208333333335));
#6131=CARTESIAN_POINT('Ctrl Pts',(-35.2777959287042,-6.00000000000002,0.171875000000001));
#6132=CARTESIAN_POINT('Ctrl Pts',(-34.7708469465281,-6.87806139397427,0.213541666666668));
#6133=CARTESIAN_POINT('Ctrl Pts',(-34.2638979643521,-7.75612278794852,0.255208333333334));
#6134=CARTESIAN_POINT('Ctrl Pts',(-33.25,-7.75612278794852,0.296875000000001));
#6135=CARTESIAN_POINT('Ctrl Pts',(-32.2361020356479,-7.75612278794852,0.33854166666667));
#6136=CARTESIAN_POINT('Ctrl Pts',(-31.7291530534718,-6.87806139397427,0.380208333333336));
#6137=CARTESIAN_POINT('Ctrl Pts',(-31.2222040712958,-6.00000000000002,0.421875));
#6138=CARTESIAN_POINT('Ctrl Pts',(-31.7291530534718,-5.12193860602577,0.463541666666667));
#6139=CARTESIAN_POINT('Ctrl Pts',(-32.2361020356479,-4.24387721205152,0.505208333333337));
#6140=CARTESIAN_POINT('Ctrl Pts',(-33.25,-4.24387721205152,0.546875000000001));
#6141=CARTESIAN_POINT('Ctrl Pts',(-34.2638979643521,-4.24387721205152,0.588541666666669));
#6142=CARTESIAN_POINT('Ctrl Pts',(-34.7708469465281,-5.12193860602577,0.630208333333335));
#6143=CARTESIAN_POINT('Ctrl Pts',(-35.2777959287042,-6.00000000000002,0.671875000000003));
#6144=CARTESIAN_POINT('Ctrl Pts',(-34.7708469465281,-6.87806139397427,0.713541666666669));
#6145=CARTESIAN_POINT('Ctrl Pts',(-34.2638979643521,-7.75612278794852,0.755208333333335));
#6146=CARTESIAN_POINT('Ctrl Pts',(-33.25,-7.75612278794852,0.796875000000001));
#6147=CARTESIAN_POINT('Ctrl Pts',(-32.2361020356479,-7.75612278794852,0.838541666666668));
#6148=CARTESIAN_POINT('Ctrl Pts',(-31.7291530534718,-6.87806139397427,0.880208333333335));
#6149=CARTESIAN_POINT('Ctrl Pts',(-31.2222040712958,-6.00000000000002,0.921875000000001));
#6150=CARTESIAN_POINT('Ctrl Pts',(-31.7291530534718,-5.12193860602577,0.963541666666667));
#6151=CARTESIAN_POINT('Ctrl Pts',(-32.2361020356479,-4.24387721205152,1.00520833333334));
#6152=CARTESIAN_POINT('Ctrl Pts',(-33.25,-4.24387721205152,1.046875));
#6153=CARTESIAN_POINT('Ctrl Pts',(-34.2638979643521,-4.24387721205152,1.08854166666667));
#6154=CARTESIAN_POINT('Ctrl Pts',(-34.7708469465281,-5.12193860602577,1.13020833333334));
#6155=CARTESIAN_POINT('Ctrl Pts',(-35.2777959287042,-6.00000000000002,1.171875));
#6156=CARTESIAN_POINT('Ctrl Pts',(-34.7708469465281,-6.87806139397427,1.21354166666667));
#6157=CARTESIAN_POINT('Ctrl Pts',(-34.2638979643521,-7.75612278794852,1.25520833333333));
#6158=CARTESIAN_POINT('Ctrl Pts',(-33.25,-7.75612278794852,1.296875));
#6159=CARTESIAN_POINT('Ctrl Pts',(-32.2361020356479,-7.75612278794852,1.33854166666667));
#6160=CARTESIAN_POINT('Ctrl Pts',(-31.7291530534718,-6.87806139397427,1.38020833333333));
#6161=CARTESIAN_POINT('Ctrl Pts',(-31.2222040712958,-6.00000000000002,1.421875));
#6162=CARTESIAN_POINT('Ctrl Pts',(-31.7291530534718,-5.12193860602577,1.46354166666667));
#6163=CARTESIAN_POINT('Ctrl Pts',(-32.2361020356479,-4.24387721205152,1.50520833333334));
#6164=CARTESIAN_POINT('Ctrl Pts',(-33.25,-4.24387721205152,1.546875));
#6165=CARTESIAN_POINT('Ctrl Pts',(-34.2638979643521,-4.24387721205152,1.58854166666667));
#6166=CARTESIAN_POINT('Ctrl Pts',(-34.7708469465281,-5.12193860602577,1.63020833333334));
#6167=CARTESIAN_POINT('Ctrl Pts',(-35.2777959287042,-6.00000000000002,1.671875));
#6168=CARTESIAN_POINT('Ctrl Pts',(-34.7708469465281,-6.87806139397427,1.71354166666667));
#6169=CARTESIAN_POINT('Ctrl Pts',(-34.2638979643521,-7.75612278794852,1.75520833333334));
#6170=CARTESIAN_POINT('Ctrl Pts',(-33.25,-7.75612278794852,1.796875));
#6171=CARTESIAN_POINT('Ctrl Pts',(-32.2361020356479,-7.75612278794852,1.83854166666667));
#6172=CARTESIAN_POINT('Ctrl Pts',(-31.7291530534718,-6.87806139397427,1.88020833333334));
#6173=CARTESIAN_POINT('Ctrl Pts',(-31.2222040712958,-6.00000000000002,1.921875));
#6174=CARTESIAN_POINT('Ctrl Pts',(-31.7291530534718,-5.12193860602577,1.96354166666667));
#6175=CARTESIAN_POINT('Ctrl Pts',(-32.2361020356479,-4.24387721205152,2.00520833333333));
#6176=CARTESIAN_POINT('Ctrl Pts',(-33.25,-4.24387721205152,2.046875));
#6177=CARTESIAN_POINT('Ctrl Pts',(-34.2638979643521,-4.24387721205152,2.08854166666667));
#6178=CARTESIAN_POINT('Ctrl Pts',(-34.7708469465281,-5.12193860602577,2.13020833333334));
#6179=CARTESIAN_POINT('Ctrl Pts',(-35.2777959287042,-6.00000000000002,2.171875));
#6180=CARTESIAN_POINT('Ctrl Pts',(-34.7708469465281,-6.87806139397427,2.21354166666667));
#6181=CARTESIAN_POINT('Ctrl Pts',(-34.2638979643521,-7.75612278794852,2.25520833333333));
#6182=CARTESIAN_POINT('Ctrl Pts',(-33.25,-7.75612278794852,2.296875));
#6183=CARTESIAN_POINT('Ctrl Pts',(-32.2361020356479,-7.75612278794852,2.33854166666667));
#6184=CARTESIAN_POINT('Ctrl Pts',(-31.7291530534718,-6.87806139397427,2.38020833333334));
#6185=CARTESIAN_POINT('Ctrl Pts',(-31.2222040712958,-6.00000000000002,2.421875));
#6186=CARTESIAN_POINT('Ctrl Pts',(-31.7291530534718,-5.12193860602577,2.46354166666667));
#6187=CARTESIAN_POINT('Ctrl Pts',(-32.2361020356479,-4.24387721205152,2.50520833333334));
#6188=CARTESIAN_POINT('Ctrl Pts',(-33.25,-4.24387721205152,2.546875));
#6189=CARTESIAN_POINT('Ctrl Pts',(-34.2638979643521,-4.24387721205152,2.58854166666667));
#6190=CARTESIAN_POINT('Ctrl Pts',(-34.7708469465281,-5.12193860602577,2.63020833333333));
#6191=CARTESIAN_POINT('Ctrl Pts',(-35.2777959287042,-6.00000000000002,2.671875));
#6192=CARTESIAN_POINT('Ctrl Pts',(-34.7708469465281,-6.87806139397427,2.71354166666667));
#6193=CARTESIAN_POINT('Ctrl Pts',(-34.2638979643521,-7.75612278794852,2.75520833333333));
#6194=CARTESIAN_POINT('Ctrl Pts',(-33.25,-7.75612278794852,2.796875));
#6195=CARTESIAN_POINT('Ctrl Pts',(-32.2361020356479,-7.75612278794852,2.83854166666667));
#6196=CARTESIAN_POINT('Ctrl Pts',(-31.7291530534718,-6.87806139397427,2.88020833333333));
#6197=CARTESIAN_POINT('Ctrl Pts',(-31.2222040712958,-6.00000000000002,2.921875));
#6198=CARTESIAN_POINT('Ctrl Pts',(-31.7291530534718,-5.12193860602577,2.96354166666667));
#6199=CARTESIAN_POINT('Ctrl Pts',(-32.2361020356479,-4.24387721205152,3.00520833333333));
#6200=CARTESIAN_POINT('Ctrl Pts',(-33.25,-4.24387721205152,3.046875));
#6201=CARTESIAN_POINT('Ctrl Pts',(-34.2638979643521,-4.24387721205152,3.08854166666667));
#6202=CARTESIAN_POINT('Ctrl Pts',(-34.7708469465281,-5.12193860602577,3.13020833333333));
#6203=CARTESIAN_POINT('Ctrl Pts',(-35.2777959287042,-6.00000000000002,3.171875));
#6204=CARTESIAN_POINT('Ctrl Pts',(-34.7708469465281,-6.87806139397427,3.21354166666667));
#6205=CARTESIAN_POINT('Ctrl Pts',(-34.2638979643521,-7.75612278794852,3.25520833333333));
#6206=CARTESIAN_POINT('Ctrl Pts',(-33.25,-7.75612278794852,3.296875));
#6207=CARTESIAN_POINT('Ctrl Pts',(-32.2361020356479,-7.75612278794852,3.33854166666667));
#6208=CARTESIAN_POINT('Ctrl Pts',(-31.7291530534718,-6.87806139397427,3.38020833333333));
#6209=CARTESIAN_POINT('Ctrl Pts',(-31.2222040712958,-6.00000000000002,3.421875));
#6210=CARTESIAN_POINT('Ctrl Pts',(-31.7291530534718,-5.12193860602577,3.46354166666667));
#6211=CARTESIAN_POINT('Ctrl Pts',(-32.2361020356479,-4.24387721205152,3.50520833333333));
#6212=CARTESIAN_POINT('Ctrl Pts',(-33.25,-4.24387721205152,3.546875));
#6213=CARTESIAN_POINT('Ctrl Pts',(-34.2638979643521,-4.24387721205152,3.58854166666667));
#6214=CARTESIAN_POINT('Ctrl Pts',(-34.7708469465281,-5.12193860602577,3.63020833333334));
#6215=CARTESIAN_POINT('Ctrl Pts',(-35.2777959287042,-6.00000000000002,3.671875));
#6216=CARTESIAN_POINT('Ctrl Pts',(-34.7708469465281,-6.87806139397427,3.71354166666667));
#6217=CARTESIAN_POINT('Ctrl Pts',(-34.2638979643521,-7.75612278794852,3.75520833333333));
#6218=CARTESIAN_POINT('Ctrl Pts',(-33.25,-7.75612278794852,3.796875));
#6219=CARTESIAN_POINT('Ctrl Pts',(-32.2361020356479,-7.75612278794852,3.83854166666667));
#6220=CARTESIAN_POINT('Ctrl Pts',(-31.7291530534718,-6.87806139397427,3.88020833333333));
#6221=CARTESIAN_POINT('Ctrl Pts',(-31.2222040712958,-6.00000000000002,3.921875));
#6222=CARTESIAN_POINT('Ctrl Pts',(-31.7291530534718,-5.12193860602577,3.96354166666667));
#6223=CARTESIAN_POINT('Ctrl Pts',(-32.2361020356479,-4.24387721205152,4.00520833333334));
#6224=CARTESIAN_POINT('Ctrl Pts',(-33.25,-4.24387721205152,4.046875));
#6225=CARTESIAN_POINT('Ctrl Pts',(-34.2638979643521,-4.24387721205152,4.08854166666667));
#6226=CARTESIAN_POINT('Ctrl Pts',(-34.7708469465281,-5.12193860602577,4.13020833333333));
#6227=CARTESIAN_POINT('Ctrl Pts',(-35.2777959287042,-6.00000000000002,4.171875));
#6228=CARTESIAN_POINT('Ctrl Pts',(-34.7708469465281,-6.87806139397427,4.21354166666667));
#6229=CARTESIAN_POINT('Ctrl Pts',(-34.2638979643521,-7.75612278794852,4.25520833333334));
#6230=CARTESIAN_POINT('Ctrl Pts',(-33.25,-7.75612278794852,4.296875));
#6231=CARTESIAN_POINT('Ctrl Pts',(-32.2361020356479,-7.75612278794852,4.33854166666667));
#6232=CARTESIAN_POINT('Ctrl Pts',(-31.7291530534718,-6.87806139397427,4.38020833333334));
#6233=CARTESIAN_POINT('Ctrl Pts',(-31.2222040712958,-6.00000000000002,4.421875));
#6234=CARTESIAN_POINT('Ctrl Pts',(-31.7291530534718,-5.12193860602577,4.46354166666667));
#6235=CARTESIAN_POINT('Ctrl Pts',(-32.2361020356479,-4.24387721205152,4.50520833333334));
#6236=CARTESIAN_POINT('Ctrl Pts',(-33.25,-4.24387721205152,4.546875));
#6237=CARTESIAN_POINT('Ctrl Pts',(-34.2638979643521,-4.24387721205152,4.58854166666667));
#6238=CARTESIAN_POINT('Ctrl Pts',(-34.7708469465281,-5.12193860602577,4.63020833333333));
#6239=CARTESIAN_POINT('Ctrl Pts',(-35.2777959287042,-6.00000000000002,4.671875));
#6240=CARTESIAN_POINT('Ctrl Pts',(-34.7708469465281,-6.87806139397427,4.71354166666667));
#6241=CARTESIAN_POINT('Ctrl Pts',(-34.2638979643521,-7.75612278794852,4.75520833333333));
#6242=CARTESIAN_POINT('Ctrl Pts',(-33.25,-7.75612278794852,4.796875));
#6243=CARTESIAN_POINT('Ctrl Pts',(-32.2361020356479,-7.75612278794852,4.83854166666667));
#6244=CARTESIAN_POINT('Ctrl Pts',(-31.7291530534718,-6.87806139397427,4.88020833333333));
#6245=CARTESIAN_POINT('Ctrl Pts',(-31.2222040712958,-6.00000000000002,4.921875));
#6246=CARTESIAN_POINT('Ctrl Pts',(-31.7291530534718,-5.12193860602577,4.96354166666667));
#6247=CARTESIAN_POINT('Ctrl Pts',(-32.2361020356479,-4.24387721205152,5.00520833333334));
#6248=CARTESIAN_POINT('Ctrl Pts',(-33.25,-4.24387721205152,5.046875));
#6249=CARTESIAN_POINT('Ctrl Pts',(-34.2638979643521,-4.24387721205152,5.08854166666667));
#6250=CARTESIAN_POINT('Ctrl Pts',(-34.7708469465281,-5.12193860602577,5.13020833333333));
#6251=CARTESIAN_POINT('Ctrl Pts',(-35.2777959287042,-6.00000000000002,5.171875));
#6252=CARTESIAN_POINT('Ctrl Pts',(-34.7708469465281,-6.87806139397427,5.21354166666667));
#6253=CARTESIAN_POINT('Ctrl Pts',(-34.2638979643521,-7.75612278794852,5.25520833333333));
#6254=CARTESIAN_POINT('Ctrl Pts',(-33.25,-7.75612278794852,5.296875));
#6255=CARTESIAN_POINT('Ctrl Pts',(-32.2361020356479,-7.75612278794852,5.33854166666667));
#6256=CARTESIAN_POINT('Ctrl Pts',(-31.7291530534718,-6.87806139397427,5.38020833333333));
#6257=CARTESIAN_POINT('Ctrl Pts',(-31.2222040712958,-6.00000000000002,5.421875));
#6258=CARTESIAN_POINT('Ctrl Pts',(-31.7291530534718,-5.12193860602577,5.46354166666667));
#6259=CARTESIAN_POINT('Ctrl Pts',(-32.2361020356479,-4.24387721205152,5.50520833333334));
#6260=CARTESIAN_POINT('Ctrl Pts',(-33.25,-4.24387721205152,5.546875));
#6261=CARTESIAN_POINT('Ctrl Pts',(-34.2638979643521,-4.24387721205152,5.58854166666667));
#6262=CARTESIAN_POINT('Ctrl Pts',(-34.7708469465281,-5.12193860602577,5.63020833333334));
#6263=CARTESIAN_POINT('Ctrl Pts',(-35.2777959287042,-6.00000000000002,5.671875));
#6264=CARTESIAN_POINT('Ctrl Pts',(-34.7708469465281,-6.87806139397427,5.71354166666667));
#6265=CARTESIAN_POINT('Ctrl Pts',(-34.2638979643521,-7.75612278794852,5.75520833333333));
#6266=CARTESIAN_POINT('Ctrl Pts',(-33.25,-7.75612278794852,5.796875));
#6267=CARTESIAN_POINT('Ctrl Pts',(-32.2361020356479,-7.75612278794852,5.83854166666667));
#6268=CARTESIAN_POINT('Ctrl Pts',(-31.7291530534718,-6.87806139397427,5.88020833333334));
#6269=CARTESIAN_POINT('Ctrl Pts',(-31.2222040712958,-6.00000000000002,5.921875));
#6270=CARTESIAN_POINT('Ctrl Pts',(-31.7291530534718,-5.12193860602577,5.96354166666667));
#6271=CARTESIAN_POINT('Ctrl Pts',(-32.2361020356479,-4.24387721205152,6.00520833333334));
#6272=CARTESIAN_POINT('Ctrl Pts',(-33.25,-4.24387721205152,6.046875));
#6273=CARTESIAN_POINT('Ctrl Pts',(-34.2638979643521,-4.24387721205152,6.08854166666667));
#6274=CARTESIAN_POINT('Ctrl Pts',(-34.7708469465281,-5.12193860602577,6.13020833333334));
#6275=CARTESIAN_POINT('Ctrl Pts',(-35.2777959287042,-6.00000000000002,6.171875));
#6276=CARTESIAN_POINT('Ctrl Pts',(-34.7708469465281,-6.87806139397427,6.21354166666667));
#6277=CARTESIAN_POINT('Ctrl Pts',(-34.2638979643521,-7.75612278794852,6.25520833333334));
#6278=CARTESIAN_POINT('Ctrl Pts',(-33.25,-7.75612278794852,6.296875));
#6279=CARTESIAN_POINT('Ctrl Pts',(-32.2361020356479,-7.75612278794852,6.33854166666667));
#6280=CARTESIAN_POINT('Ctrl Pts',(-31.7291530534718,-6.87806139397427,6.38020833333334));
#6281=CARTESIAN_POINT('Ctrl Pts',(-31.2222040712958,-6.00000000000002,6.421875));
#6282=CARTESIAN_POINT('Ctrl Pts',(-31.7291530534718,-5.12193860602577,6.46354166666667));
#6283=CARTESIAN_POINT('Ctrl Pts',(-32.2361020356479,-4.24387721205152,6.50520833333333));
#6284=CARTESIAN_POINT('Ctrl Pts',(-33.25,-4.24387721205152,6.546875));
#6285=CARTESIAN_POINT('Ctrl Pts',(-34.2638979643521,-4.24387721205152,6.58854166666667));
#6286=CARTESIAN_POINT('Ctrl Pts',(-34.7708469465281,-5.12193860602577,6.63020833333333));
#6287=CARTESIAN_POINT('Ctrl Pts',(-35.2777959287042,-6.00000000000002,6.671875));
#6288=CARTESIAN_POINT('Ctrl Pts',(-34.7708469465281,-6.87806139397427,6.71354166666667));
#6289=CARTESIAN_POINT('Ctrl Pts',(-34.2638979643521,-7.75612278794852,6.75520833333333));
#6290=CARTESIAN_POINT('Ctrl Pts',(-33.25,-7.75612278794852,6.796875));
#6291=CARTESIAN_POINT('Ctrl Pts',(-32.2361020356479,-7.75612278794852,6.83854166666667));
#6292=CARTESIAN_POINT('Ctrl Pts',(-31.7291530534718,-6.87806139397427,6.88020833333334));
#6293=CARTESIAN_POINT('Ctrl Pts',(-31.2222040712958,-6.00000000000002,6.921875));
#6294=CARTESIAN_POINT('Ctrl Pts',(-31.7291530534718,-5.12193860602577,6.96354166666667));
#6295=CARTESIAN_POINT('Ctrl Pts',(-32.2361020356479,-4.24387721205152,7.00520833333333));
#6296=CARTESIAN_POINT('Ctrl Pts',(-33.25,-4.24387721205152,7.046875));
#6297=CARTESIAN_POINT('Ctrl Pts',(-34.2638979643521,-4.24387721205152,7.08854166666667));
#6298=CARTESIAN_POINT('Ctrl Pts',(-34.7708469465281,-5.12193860602577,7.13020833333333));
#6299=CARTESIAN_POINT('Ctrl Pts',(-35.2777959287042,-6.00000000000002,7.171875));
#6300=CARTESIAN_POINT('Ctrl Pts',(-34.7708469465281,-6.87806139397427,7.21354166666667));
#6301=CARTESIAN_POINT('Ctrl Pts',(-34.2638979643521,-7.75612278794852,7.25520833333333));
#6302=CARTESIAN_POINT('Ctrl Pts',(-33.25,-7.75612278794852,7.296875));
#6303=CARTESIAN_POINT('Ctrl Pts',(-32.2361020356479,-7.75612278794852,7.33854166666667));
#6304=CARTESIAN_POINT('Ctrl Pts',(-31.7291530534718,-6.87806139397427,7.38020833333334));
#6305=CARTESIAN_POINT('Ctrl Pts',(-31.2222040712958,-6.00000000000002,7.421875));
#6306=CARTESIAN_POINT('Ctrl Pts',(-31.7291530534718,-5.12193860602577,7.46354166666667));
#6307=CARTESIAN_POINT('Ctrl Pts',(-32.2361020356479,-4.24387721205152,7.50520833333334));
#6308=CARTESIAN_POINT('Ctrl Pts',(-33.25,-4.24387721205152,7.546875));
#6309=CARTESIAN_POINT('Ctrl Pts',(-34.2638979643521,-4.24387721205152,7.58854166666667));
#6310=CARTESIAN_POINT('Ctrl Pts',(-34.7708469465281,-5.12193860602577,7.63020833333333));
#6311=CARTESIAN_POINT('Ctrl Pts',(-35.2777959287042,-6.00000000000002,7.671875));
#6312=CARTESIAN_POINT('Ctrl Pts',(-34.7708469465281,-6.87806139397427,7.71354166666667));
#6313=CARTESIAN_POINT('Ctrl Pts',(-34.2638979643521,-7.75612278794852,7.75520833333333));
#6314=CARTESIAN_POINT('Ctrl Pts',(-33.25,-7.75612278794852,7.796875));
#6315=CARTESIAN_POINT('Ctrl Pts',(-32.2361020356479,-7.75612278794852,7.83854166666667));
#6316=CARTESIAN_POINT('Ctrl Pts',(-31.7291530534718,-6.87806139397427,7.88020833333334));
#6317=CARTESIAN_POINT('Ctrl Pts',(-31.2222040712958,-6.00000000000002,7.921875));
#6318=CARTESIAN_POINT('Ctrl Pts',(-31.7291530534718,-5.12193860602577,7.96354166666667));
#6319=CARTESIAN_POINT('Ctrl Pts',(-32.2361020356479,-4.24387721205152,8.00520833333334));
#6320=CARTESIAN_POINT('Ctrl Pts',(-33.25,-4.24387721205152,8.046875));
#6321=CARTESIAN_POINT('Ctrl Pts',(-34.2638979643521,-4.24387721205152,8.08854166666667));
#6322=CARTESIAN_POINT('Ctrl Pts',(-34.7708469465281,-5.12193860602577,8.13020833333334));
#6323=CARTESIAN_POINT('Ctrl Pts',(-35.2777959287042,-6.00000000000002,8.171875));
#6324=CARTESIAN_POINT('Ctrl Pts',(-34.7708469465281,-6.87806139397427,8.21354166666667));
#6325=CARTESIAN_POINT('Ctrl Pts',(-34.2638979643521,-7.75612278794852,8.25520833333334));
#6326=CARTESIAN_POINT('Ctrl Pts',(-33.25,-7.75612278794852,8.296875));
#6327=CARTESIAN_POINT('Ctrl Pts',(-32.2361020356479,-7.75612278794852,8.33854166666667));
#6328=CARTESIAN_POINT('Ctrl Pts',(-31.7291530534718,-6.87806139397427,8.38020833333333));
#6329=CARTESIAN_POINT('Ctrl Pts',(-31.2222040712958,-6.00000000000002,8.421875));
#6330=CARTESIAN_POINT('Ctrl Pts',(-31.7291530534718,-5.12193860602577,8.46354166666667));
#6331=CARTESIAN_POINT('Ctrl Pts',(-32.2361020356479,-4.24387721205152,8.50520833333333));
#6332=CARTESIAN_POINT('Ctrl Pts',(-33.25,-4.24387721205152,8.546875));
#6333=CARTESIAN_POINT('Ctrl Pts',(-34.2638979643521,-4.24387721205152,8.58854166666667));
#6334=CARTESIAN_POINT('Ctrl Pts',(-34.7708469465281,-5.12193860602577,8.63020833333333));
#6335=CARTESIAN_POINT('Ctrl Pts',(-35.2777959287042,-6.00000000000002,8.671875));
#6336=CARTESIAN_POINT('Ctrl Pts',(-34.7708469465281,-6.87806139397427,8.71354166666667));
#6337=CARTESIAN_POINT('Ctrl Pts',(-34.2638979643521,-7.75612278794852,8.75520833333334));
#6338=CARTESIAN_POINT('Ctrl Pts',(-33.25,-7.75612278794852,8.796875));
#6339=CARTESIAN_POINT('Ctrl Pts',(-32.2361020356479,-7.75612278794852,8.83854166666667));
#6340=CARTESIAN_POINT('Ctrl Pts',(-31.7291530534718,-6.87806139397427,8.88020833333334));
#6341=CARTESIAN_POINT('Ctrl Pts',(-31.2222040712958,-6.00000000000002,8.921875));
#6342=CARTESIAN_POINT('Ctrl Pts',(-31.7291530534718,-5.12193860602577,8.96354166666667));
#6343=CARTESIAN_POINT('Ctrl Pts',(-32.2361020356479,-4.24387721205152,9.00520833333333));
#6344=CARTESIAN_POINT('Ctrl Pts',(-33.25,-4.24387721205152,9.046875));
#6345=CARTESIAN_POINT('Ctrl Pts',(-34.2638979643521,-4.24387721205152,9.08854166666667));
#6346=CARTESIAN_POINT('Ctrl Pts',(-34.7708469465281,-5.12193860602577,9.13020833333334));
#6347=CARTESIAN_POINT('Ctrl Pts',(-35.2777959287042,-6.00000000000002,9.171875));
#6348=CARTESIAN_POINT('Ctrl Pts',(-34.7708469465281,-6.87806139397427,9.21354166666667));
#6349=CARTESIAN_POINT('Ctrl Pts',(-34.2638979643521,-7.75612278794852,9.25520833333333));
#6350=CARTESIAN_POINT('Ctrl Pts',(-33.25,-7.75612278794852,9.296875));
#6351=CARTESIAN_POINT('Ctrl Pts',(-32.2361020356479,-7.75612278794852,9.33854166666667));
#6352=CARTESIAN_POINT('Ctrl Pts',(-31.7291530534718,-6.87806139397427,9.38020833333333));
#6353=CARTESIAN_POINT('Ctrl Pts',(-31.2222040712958,-6.00000000000002,9.421875));
#6354=CARTESIAN_POINT('Ctrl Pts',(-31.7291530534718,-5.12193860602577,9.46354166666667));
#6355=CARTESIAN_POINT('Ctrl Pts',(-32.2361020356479,-4.24387721205152,9.50520833333333));
#6356=CARTESIAN_POINT('Ctrl Pts',(-33.25,-4.24387721205152,9.546875));
#6357=CARTESIAN_POINT('Ctrl Pts',(-34.2638979643521,-4.24387721205152,9.58854166666667));
#6358=CARTESIAN_POINT('Ctrl Pts',(-34.7708469465281,-5.12193860602577,9.63020833333333));
#6359=CARTESIAN_POINT('Ctrl Pts',(-35.2777959287042,-6.00000000000002,9.671875));
#6360=CARTESIAN_POINT('Ctrl Pts',(-34.7708469465281,-6.87806139397427,9.71354166666667));
#6361=CARTESIAN_POINT('Ctrl Pts',(-34.2638979643521,-7.75612278794852,9.75520833333333));
#6362=CARTESIAN_POINT('Ctrl Pts',(-33.25,-7.75612278794852,9.796875));
#6363=CARTESIAN_POINT('Ctrl Pts',(-32.2361020356479,-7.75612278794852,9.83854166666667));
#6364=CARTESIAN_POINT('Ctrl Pts',(-31.7291530534718,-6.87806139397427,9.88020833333333));
#6365=CARTESIAN_POINT('Ctrl Pts',(-31.2222040712958,-6.00000000000002,9.921875));
#6366=CARTESIAN_POINT('Ctrl Pts',(-31.7291530534718,-5.12193860602577,9.96354166666667));
#6367=CARTESIAN_POINT('Ctrl Pts',(-32.2361020356479,-4.24387721205152,10.0052083333333));
#6368=CARTESIAN_POINT('Ctrl Pts',(-33.25,-4.24387721205152,10.046875));
#6369=CARTESIAN_POINT('Ctrl Pts',(-34.2638979643521,-4.24387721205152,10.0885416666667));
#6370=CARTESIAN_POINT('Ctrl Pts',(-34.7708469465281,-5.12193860602577,10.1302083333333));
#6371=CARTESIAN_POINT('Ctrl Pts',(-35.2777959287042,-6.00000000000002,10.171875));
#6372=CARTESIAN_POINT('Ctrl Pts',(-34.7708469465281,-6.87806139397427,10.2135416666667));
#6373=CARTESIAN_POINT('Ctrl Pts',(-34.2638979643521,-7.75612278794852,10.2552083333333));
#6374=CARTESIAN_POINT('Ctrl Pts',(-33.25,-7.75612278794852,10.296875));
#6375=CARTESIAN_POINT('Ctrl Pts',(-32.2361020356479,-7.75612278794852,10.3385416666667));
#6376=CARTESIAN_POINT('Ctrl Pts',(-31.7291530534718,-6.87806139397427,10.3802083333333));
#6377=CARTESIAN_POINT('Ctrl Pts',(-31.2222040712958,-6.00000000000002,10.421875));
#6378=CARTESIAN_POINT('Ctrl Pts',(-31.7291530534718,-5.12193860602577,10.4635416666667));
#6379=CARTESIAN_POINT('Ctrl Pts',(-32.2361020356479,-4.24387721205152,10.5052083333333));
#6380=CARTESIAN_POINT('Ctrl Pts',(-33.25,-4.24387721205152,10.546875));
#6381=CARTESIAN_POINT('Ctrl Pts',(-34.2638979643521,-4.24387721205152,10.5885416666667));
#6382=CARTESIAN_POINT('Ctrl Pts',(-34.7708469465281,-5.12193860602577,10.6302083333333));
#6383=CARTESIAN_POINT('Ctrl Pts',(-35.2777959287042,-6.00000000000002,10.671875));
#6384=CARTESIAN_POINT('Ctrl Pts',(-34.7708469465281,-6.87806139397427,10.7135416666667));
#6385=CARTESIAN_POINT('Ctrl Pts',(-34.2638979643521,-7.75612278794852,10.7552083333333));
#6386=CARTESIAN_POINT('Ctrl Pts',(-33.25,-7.75612278794852,10.796875));
#6387=CARTESIAN_POINT('Ctrl Pts',(-32.2361020356479,-7.75612278794852,10.8385416666667));
#6388=CARTESIAN_POINT('Ctrl Pts',(-31.7291530534718,-6.87806139397427,10.8802083333333));
#6389=CARTESIAN_POINT('Ctrl Pts',(-31.2222040712958,-6.00000000000002,10.921875));
#6390=CARTESIAN_POINT('Ctrl Pts',(-31.7291530534718,-5.12193860602577,10.9635416666667));
#6391=CARTESIAN_POINT('Ctrl Pts',(-32.2361020356479,-4.24387721205152,11.0052083333333));
#6392=CARTESIAN_POINT('Ctrl Pts',(-33.25,-4.24387721205152,11.046875));
#6393=CARTESIAN_POINT('Ctrl Pts',(-34.2638979643521,-4.24387721205152,11.0885416666667));
#6394=CARTESIAN_POINT('Ctrl Pts',(-34.7708469465281,-5.12193860602577,11.1302083333333));
#6395=CARTESIAN_POINT('Ctrl Pts',(-35.2777959287042,-6.00000000000002,11.171875));
#6396=CARTESIAN_POINT('Ctrl Pts',(-34.7708469465281,-6.87806139397427,11.2135416666667));
#6397=CARTESIAN_POINT('Ctrl Pts',(-34.2638979643521,-7.75612278794852,11.2552083333333));
#6398=CARTESIAN_POINT('Ctrl Pts',(-33.25,-7.75612278794852,11.296875));
#6399=CARTESIAN_POINT('Ctrl Pts',(-32.2361020356479,-7.75612278794852,11.3385416666667));
#6400=CARTESIAN_POINT('Ctrl Pts',(-31.7291530534718,-6.87806139397427,11.3802083333333));
#6401=CARTESIAN_POINT('Ctrl Pts',(-31.2222040712958,-6.00000000000002,11.421875));
#6402=CARTESIAN_POINT('Ctrl Pts',(-31.7291530534718,-5.12193860602577,11.4635416666667));
#6403=CARTESIAN_POINT('Ctrl Pts',(-32.2361020356479,-4.24387721205152,11.5052083333333));
#6404=CARTESIAN_POINT('Ctrl Pts',(-33.25,-4.24387721205152,11.546875));
#6405=CARTESIAN_POINT('Ctrl Pts',(-34.2638979643521,-4.24387721205152,11.5885416666667));
#6406=CARTESIAN_POINT('Ctrl Pts',(-34.7708469465281,-5.12193860602577,11.6302083333333));
#6407=CARTESIAN_POINT('Ctrl Pts',(-35.2777959287042,-6.00000000000002,11.671875));
#6408=CARTESIAN_POINT('Ctrl Pts',(-34.7708469465281,-6.87806139397427,11.7135416666667));
#6409=CARTESIAN_POINT('Ctrl Pts',(-34.2638979643521,-7.75612278794852,11.7552083333333));
#6410=CARTESIAN_POINT('Ctrl Pts',(-33.25,-7.75612278794852,11.796875));
#6411=CARTESIAN_POINT('Ctrl Pts',(-32.2361020356479,-7.75612278794852,11.8385416666667));
#6412=CARTESIAN_POINT('Ctrl Pts',(-31.7291530534718,-6.87806139397427,11.8802083333333));
#6413=CARTESIAN_POINT('Ctrl Pts',(-31.2222040712958,-6.00000000000002,11.921875));
#6414=CARTESIAN_POINT('Ctrl Pts',(-31.7291530534718,-5.12193860602577,11.9635416666667));
#6415=CARTESIAN_POINT('Ctrl Pts',(-32.2361020356479,-4.24387721205152,12.0052083333333));
#6416=CARTESIAN_POINT('Ctrl Pts',(-33.25,-4.24387721205152,12.046875));
#6417=CARTESIAN_POINT('Ctrl Pts',(-34.2638979643521,-4.24387721205152,12.0885416666667));
#6418=CARTESIAN_POINT('Ctrl Pts',(-34.7708469465281,-5.12193860602577,12.1302083333333));
#6419=CARTESIAN_POINT('Ctrl Pts',(-35.2777959287042,-6.00000000000002,12.171875));
#6420=CARTESIAN_POINT('Ctrl Pts',(-34.7708469465281,-6.87806139397427,12.2135416666667));
#6421=CARTESIAN_POINT('Ctrl Pts',(-34.2638979643521,-7.75612278794852,12.2552083333333));
#6422=CARTESIAN_POINT('Ctrl Pts',(-33.25,-7.75612278794852,12.296875));
#6423=CARTESIAN_POINT('Ctrl Pts',(-32.2361020356479,-7.75612278794852,12.3385416666667));
#6424=CARTESIAN_POINT('Ctrl Pts',(-31.7291530534718,-6.87806139397427,12.3802083333333));
#6425=CARTESIAN_POINT('Ctrl Pts',(-31.2222040712958,-6.00000000000002,12.421875));
#6426=CARTESIAN_POINT('Ctrl Pts',(-31.7291530534718,-5.12193860602577,12.4635416666667));
#6427=CARTESIAN_POINT('Ctrl Pts',(-32.2361020356479,-4.24387721205152,12.5052083333333));
#6428=CARTESIAN_POINT('Ctrl Pts',(-33.25,-4.24387721205152,12.546875));
#6429=CARTESIAN_POINT('Ctrl Pts',(-34.2638979643521,-4.24387721205152,12.5885416666667));
#6430=CARTESIAN_POINT('Ctrl Pts',(-34.7708469465281,-5.12193860602577,12.6302083333333));
#6431=CARTESIAN_POINT('Ctrl Pts',(-35.2777959287042,-6.00000000000002,12.671875));
#6432=CARTESIAN_POINT('Ctrl Pts',(-34.7708469465281,-6.87806139397427,12.7135416666667));
#6433=CARTESIAN_POINT('Ctrl Pts',(-34.2638979643521,-7.75612278794852,12.7552083333333));
#6434=CARTESIAN_POINT('Ctrl Pts',(-33.25,-7.75612278794852,12.796875));
#6435=CARTESIAN_POINT('Ctrl Pts',(-32.2361020356479,-7.75612278794852,12.8385416666667));
#6436=CARTESIAN_POINT('Ctrl Pts',(-31.7291530534718,-6.87806139397427,12.8802083333333));
#6437=CARTESIAN_POINT('Ctrl Pts',(-31.2222040712958,-6.00000000000002,12.921875));
#6438=CARTESIAN_POINT('Ctrl Pts',(-31.7291530534718,-5.12193860602577,12.9635416666667));
#6439=CARTESIAN_POINT('Ctrl Pts',(-32.2361020356479,-4.24387721205152,13.0052083333333));
#6440=CARTESIAN_POINT('Ctrl Pts',(-33.25,-4.24387721205152,13.046875));
#6441=CARTESIAN_POINT('Ctrl Pts',(-34.2638979643521,-4.24387721205152,13.0885416666667));
#6442=CARTESIAN_POINT('Ctrl Pts',(-34.7708469465281,-5.12193860602577,13.1302083333333));
#6443=CARTESIAN_POINT('Ctrl Pts',(-35.2777959287042,-6.00000000000002,13.171875));
#6444=CARTESIAN_POINT('Ctrl Pts',(-34.7708469465281,-6.87806139397427,13.2135416666667));
#6445=CARTESIAN_POINT('Ctrl Pts',(-34.2638979643521,-7.75612278794852,13.2552083333333));
#6446=CARTESIAN_POINT('Ctrl Pts',(-33.25,-7.75612278794852,13.296875));
#6447=CARTESIAN_POINT('Ctrl Pts',(-32.2361020356479,-7.75612278794852,13.3385416666667));
#6448=CARTESIAN_POINT('Ctrl Pts',(-31.7291530534718,-6.87806139397427,13.3802083333333));
#6449=CARTESIAN_POINT('Ctrl Pts',(-31.2222040712958,-6.00000000000002,13.421875));
#6450=CARTESIAN_POINT('Ctrl Pts',(-31.7291530534718,-5.12193860602577,13.4635416666667));
#6451=CARTESIAN_POINT('Ctrl Pts',(-32.2361020356479,-4.24387721205152,13.5052083333333));
#6452=CARTESIAN_POINT('Ctrl Pts',(-33.25,-4.24387721205152,13.546875));
#6453=CARTESIAN_POINT('Ctrl Pts',(-34.2638979643521,-4.24387721205152,13.5885416666667));
#6454=CARTESIAN_POINT('Ctrl Pts',(-34.7708469465281,-5.12193860602577,13.6302083333333));
#6455=CARTESIAN_POINT('Ctrl Pts',(-35.2777959287042,-6.00000000000002,13.671875));
#6456=CARTESIAN_POINT('Ctrl Pts',(-34.7708469465281,-6.87806139397427,13.7135416666667));
#6457=CARTESIAN_POINT('Ctrl Pts',(-34.2638979643521,-7.75612278794852,13.7552083333333));
#6458=CARTESIAN_POINT('Ctrl Pts',(-33.25,-7.75612278794852,13.796875));
#6459=CARTESIAN_POINT('Ctrl Pts',(-32.2361020356479,-7.75612278794852,13.8385416666667));
#6460=CARTESIAN_POINT('Ctrl Pts',(-31.7291530534718,-6.87806139397427,13.8802083333333));
#6461=CARTESIAN_POINT('Ctrl Pts',(-31.2222040712958,-6.00000000000002,13.921875));
#6462=CARTESIAN_POINT('Ctrl Pts',(-31.7291530534718,-5.12193860602577,13.9635416666667));
#6463=CARTESIAN_POINT('Ctrl Pts',(-32.2361020356479,-4.24387721205152,14.0052083333333));
#6464=CARTESIAN_POINT('Ctrl Pts',(-33.25,-4.24387721205152,14.046875));
#6465=CARTESIAN_POINT('Ctrl Pts',(-34.2638979643521,-4.24387721205152,14.0885416666667));
#6466=CARTESIAN_POINT('Ctrl Pts',(-34.7708469465281,-5.12193860602577,14.1302083333333));
#6467=CARTESIAN_POINT('Ctrl Pts',(-35.2777959287042,-6.00000000000002,14.171875));
#6468=CARTESIAN_POINT('Ctrl Pts',(-34.7708469465281,-6.87806139397427,14.2135416666667));
#6469=CARTESIAN_POINT('Ctrl Pts',(-34.2638979643521,-7.75612278794852,14.2552083333333));
#6470=CARTESIAN_POINT('Ctrl Pts',(-33.25,-7.75612278794852,14.296875));
#6471=CARTESIAN_POINT('Ctrl Pts',(-32.2361020356479,-7.75612278794852,14.3385416666667));
#6472=CARTESIAN_POINT('Ctrl Pts',(-31.7291530534718,-6.87806139397427,14.3802083333333));
#6473=CARTESIAN_POINT('Ctrl Pts',(-31.2222040712958,-6.00000000000002,14.421875));
#6474=CARTESIAN_POINT('Ctrl Pts',(-31.7291530534718,-5.12193860602577,14.4635416666667));
#6475=CARTESIAN_POINT('Ctrl Pts',(-32.2361020356479,-4.24387721205152,14.5052083333333));
#6476=CARTESIAN_POINT('Ctrl Pts',(-33.25,-4.24387721205152,14.546875));
#6477=CARTESIAN_POINT('Ctrl Pts',(-34.2638979643521,-4.24387721205152,14.5885416666667));
#6478=CARTESIAN_POINT('Ctrl Pts',(-34.7708469465281,-5.12193860602577,14.6302083333333));
#6479=CARTESIAN_POINT('Ctrl Pts',(-35.2777959287042,-6.00000000000002,14.671875));
#6480=CARTESIAN_POINT('Ctrl Pts',(-34.7708469465281,-6.87806139397427,14.7135416666667));
#6481=CARTESIAN_POINT('Ctrl Pts',(-34.2638979643521,-7.75612278794852,14.7552083333333));
#6482=CARTESIAN_POINT('Ctrl Pts',(-33.25,-7.75612278794852,14.796875));
#6483=CARTESIAN_POINT('Ctrl Pts',(-32.2361020356479,-7.75612278794852,14.8385416666667));
#6484=CARTESIAN_POINT('Ctrl Pts',(-31.7291530534718,-6.87806139397427,14.8802083333333));
#6485=CARTESIAN_POINT('Ctrl Pts',(-31.2222040712958,-6.00000000000002,14.921875));
#6486=CARTESIAN_POINT('Ctrl Pts',(-31.7291530534718,-5.12193860602577,14.9635416666667));
#6487=CARTESIAN_POINT('Ctrl Pts',(-32.2361020356479,-4.24387721205152,15.0052083333333));
#6488=CARTESIAN_POINT('Ctrl Pts',(-33.25,-4.24387721205152,15.046875));
#6489=CARTESIAN_POINT('Ctrl Pts',(-34.2638979643521,-4.24387721205152,15.0885416666667));
#6490=CARTESIAN_POINT('Ctrl Pts',(-34.7708469465281,-5.12193860602577,15.1302083333333));
#6491=CARTESIAN_POINT('Ctrl Pts',(-35.2777959287042,-6.00000000000002,15.171875));
#6492=CARTESIAN_POINT('Ctrl Pts',(-34.7708469465281,-6.87806139397427,15.2135416666667));
#6493=CARTESIAN_POINT('Ctrl Pts',(-34.2638979643521,-7.75612278794852,15.2552083333333));
#6494=CARTESIAN_POINT('Ctrl Pts',(-33.25,-7.75612278794852,15.296875));
#6495=CARTESIAN_POINT('Ctrl Pts',(-32.2361020356479,-7.75612278794852,15.3385416666667));
#6496=CARTESIAN_POINT('Ctrl Pts',(-31.7291530534718,-6.87806139397427,15.3802083333333));
#6497=CARTESIAN_POINT('Ctrl Pts',(-31.2222040712958,-6.00000000000002,15.421875));
#6498=CARTESIAN_POINT('Ctrl Pts',(-31.7291530534718,-5.12193860602577,15.4635416666667));
#6499=CARTESIAN_POINT('Ctrl Pts',(-32.2361020356479,-4.24387721205152,15.5052083333333));
#6500=CARTESIAN_POINT('Ctrl Pts',(-33.25,-4.24387721205152,15.546875));
#6501=CARTESIAN_POINT('Ctrl Pts',(-34.2638979643521,-4.24387721205152,15.5885416666667));
#6502=CARTESIAN_POINT('Ctrl Pts',(-34.7708469465281,-5.12193860602577,15.6302083333333));
#6503=CARTESIAN_POINT('Ctrl Pts',(-35.2777959287042,-6.00000000000002,15.671875));
#6504=CARTESIAN_POINT('Ctrl Pts',(-34.7708469465281,-6.87806139397427,15.7135416666667));
#6505=CARTESIAN_POINT('Ctrl Pts',(-34.2638979643521,-7.75612278794852,15.7552083333333));
#6506=CARTESIAN_POINT('Ctrl Pts',(-33.25,-7.75612278794852,15.796875));
#6507=CARTESIAN_POINT('Ctrl Pts',(-32.2361020356479,-7.75612278794852,15.8385416666667));
#6508=CARTESIAN_POINT('Ctrl Pts',(-31.7291530534718,-6.87806139397427,15.8802083333333));
#6509=CARTESIAN_POINT('Ctrl Pts',(-31.2222040712958,-6.00000000000002,15.921875));
#6510=CARTESIAN_POINT('Ctrl Pts',(-31.7291530534718,-5.12193860602577,15.9635416666667));
#6511=CARTESIAN_POINT('Ctrl Pts',(-32.2361020356479,-4.24387721205152,16.0052083333333));
#6512=CARTESIAN_POINT('Ctrl Pts',(-33.25,-4.24387721205152,16.046875));
#6513=CARTESIAN_POINT('Ctrl Pts',(-34.2638979643521,-4.24387721205152,16.0885416666667));
#6514=CARTESIAN_POINT('Ctrl Pts',(-34.7708469465281,-5.12193860602577,16.1302083333333));
#6515=CARTESIAN_POINT('Ctrl Pts',(-35.2777959287042,-6.00000000000002,16.171875));
#6516=CARTESIAN_POINT('Ctrl Pts',(-34.7708469465281,-6.87806139397427,16.2135416666667));
#6517=CARTESIAN_POINT('Ctrl Pts',(-34.2638979643521,-7.75612278794852,16.2552083333333));
#6518=CARTESIAN_POINT('Ctrl Pts',(-33.25,-7.75612278794852,16.296875));
#6519=CARTESIAN_POINT('Ctrl Pts',(-32.2361020356479,-7.75612278794852,16.3385416666667));
#6520=CARTESIAN_POINT('Ctrl Pts',(-31.7291530534718,-6.87806139397427,16.3802083333333));
#6521=CARTESIAN_POINT('Ctrl Pts',(-31.2222040712958,-6.00000000000002,16.421875));
#6522=CARTESIAN_POINT('Ctrl Pts',(-31.7291530534718,-5.12193860602577,16.4635416666667));
#6523=CARTESIAN_POINT('Ctrl Pts',(-32.2361020356479,-4.24387721205152,16.5052083333333));
#6524=CARTESIAN_POINT('Ctrl Pts',(-33.25,-4.24387721205152,16.546875));
#6525=CARTESIAN_POINT('Ctrl Pts',(-34.2638979643521,-4.24387721205152,16.5885416666667));
#6526=CARTESIAN_POINT('Ctrl Pts',(-34.7708469465281,-5.12193860602577,16.6302083333333));
#6527=CARTESIAN_POINT('Ctrl Pts',(-35.2777959287042,-6.00000000000002,16.671875));
#6528=CARTESIAN_POINT('Ctrl Pts',(-34.7708469465281,-6.87806139397427,16.7135416666667));
#6529=CARTESIAN_POINT('Ctrl Pts',(-34.2638979643521,-7.75612278794852,16.7552083333333));
#6530=CARTESIAN_POINT('Ctrl Pts',(-33.25,-7.75612278794852,16.796875));
#6531=CARTESIAN_POINT('Ctrl Pts',(-32.2361020356479,-7.75612278794852,16.8385416666667));
#6532=CARTESIAN_POINT('Ctrl Pts',(-31.7291530534718,-6.87806139397427,16.8802083333333));
#6533=CARTESIAN_POINT('Ctrl Pts',(-31.2222040712958,-6.00000000000002,16.921875));
#6534=CARTESIAN_POINT('Ctrl Pts',(-31.7291530534718,-5.12193860602577,16.9635416666667));
#6535=CARTESIAN_POINT('Ctrl Pts',(-32.2361020356479,-4.24387721205152,17.0052083333333));
#6536=CARTESIAN_POINT('Ctrl Pts',(-33.25,-4.24387721205152,17.046875));
#6537=CARTESIAN_POINT('Ctrl Pts',(-34.2638979643521,-4.24387721205152,17.0885416666667));
#6538=CARTESIAN_POINT('Ctrl Pts',(-34.7708469465281,-5.12193860602577,17.1302083333333));
#6539=CARTESIAN_POINT('Ctrl Pts',(-35.2777959287042,-6.00000000000002,17.171875));
#6540=CARTESIAN_POINT('Ctrl Pts',(-34.7708469465281,-6.87806139397427,17.2135416666667));
#6541=CARTESIAN_POINT('Ctrl Pts',(-34.2638979643521,-7.75612278794852,17.2552083333333));
#6542=CARTESIAN_POINT('Ctrl Pts',(-33.25,-7.75612278794852,17.296875));
#6543=CARTESIAN_POINT('Ctrl Pts',(-32.2361020356479,-7.75612278794852,17.3385416666667));
#6544=CARTESIAN_POINT('Ctrl Pts',(-31.7291530534718,-6.87806139397427,17.3802083333333));
#6545=CARTESIAN_POINT('Ctrl Pts',(-31.2222040712958,-6.00000000000002,17.421875));
#6546=CARTESIAN_POINT('Ctrl Pts',(-31.7291530534718,-5.12193860602577,17.4635416666667));
#6547=CARTESIAN_POINT('Ctrl Pts',(-32.2361020356479,-4.24387721205152,17.5052083333333));
#6548=CARTESIAN_POINT('Ctrl Pts',(-33.25,-4.24387721205152,17.546875));
#6549=CARTESIAN_POINT('Ctrl Pts',(-34.2638979643521,-4.24387721205152,17.5885416666667));
#6550=CARTESIAN_POINT('Ctrl Pts',(-34.7708469465281,-5.12193860602577,17.6302083333333));
#6551=CARTESIAN_POINT('Ctrl Pts',(-35.2777959287042,-6.00000000000002,17.671875));
#6552=CARTESIAN_POINT('Ctrl Pts',(-34.7708469465281,-6.87806139397427,17.7135416666667));
#6553=CARTESIAN_POINT('Ctrl Pts',(-34.2638979643521,-7.75612278794852,17.7552083333333));
#6554=CARTESIAN_POINT('Ctrl Pts',(-33.25,-7.75612278794852,17.796875));
#6555=CARTESIAN_POINT('Ctrl Pts',(-32.2361020356479,-7.75612278794852,17.8385416666667));
#6556=CARTESIAN_POINT('Ctrl Pts',(-31.7291530534718,-6.87806139397427,17.8802083333333));
#6557=CARTESIAN_POINT('Ctrl Pts',(-31.2222040712958,-6.00000000000002,17.921875));
#6558=CARTESIAN_POINT('Ctrl Pts',(-31.7291530534718,-5.12193860602577,17.9635416666667));
#6559=CARTESIAN_POINT('Ctrl Pts',(-32.2361020356479,-4.24387721205152,18.0052083333333));
#6560=CARTESIAN_POINT('Ctrl Pts',(-33.25,-4.24387721205152,18.046875));
#6561=CARTESIAN_POINT('Ctrl Pts',(-34.2638979643521,-4.24387721205152,18.0885416666667));
#6562=CARTESIAN_POINT('Ctrl Pts',(-34.7708469465281,-5.12193860602577,18.1302083333333));
#6563=CARTESIAN_POINT('Ctrl Pts',(-35.2777959287042,-6.00000000000002,18.171875));
#6564=CARTESIAN_POINT('Ctrl Pts',(-34.7708469465281,-6.87806139397427,18.2135416666667));
#6565=CARTESIAN_POINT('Ctrl Pts',(-34.2638979643521,-7.75612278794852,18.2552083333333));
#6566=CARTESIAN_POINT('Ctrl Pts',(-33.25,-7.75612278794852,18.296875));
#6567=CARTESIAN_POINT('Ctrl Pts',(-32.2361020356479,-7.75612278794852,18.3385416666667));
#6568=CARTESIAN_POINT('Ctrl Pts',(-31.7291530534718,-6.87806139397427,18.3802083333333));
#6569=CARTESIAN_POINT('Ctrl Pts',(-31.2222040712958,-6.00000000000002,18.421875));
#6570=CARTESIAN_POINT('Ctrl Pts',(-31.7291530534718,-5.12193860602577,18.4635416666667));
#6571=CARTESIAN_POINT('Ctrl Pts',(-32.2361020356479,-4.24387721205152,18.5052083333333));
#6572=CARTESIAN_POINT('Ctrl Pts',(-33.25,-4.24387721205152,18.546875));
#6573=CARTESIAN_POINT('Ctrl Pts',(-34.2638979643521,-4.24387721205152,18.5885416666667));
#6574=CARTESIAN_POINT('Ctrl Pts',(-34.7708469465281,-5.12193860602577,18.6302083333333));
#6575=CARTESIAN_POINT('Ctrl Pts',(-35.2777959287042,-6.00000000000002,18.671875));
#6576=CARTESIAN_POINT('Ctrl Pts',(-34.7708469465281,-6.87806139397427,18.7135416666667));
#6577=CARTESIAN_POINT('Ctrl Pts',(-34.2638979643521,-7.75612278794852,18.7552083333333));
#6578=CARTESIAN_POINT('Ctrl Pts',(-33.25,-7.75612278794852,18.796875));
#6579=CARTESIAN_POINT('Ctrl Pts',(-32.2361020356479,-7.75612278794852,18.8385416666667));
#6580=CARTESIAN_POINT('Ctrl Pts',(-31.7291530534718,-6.87806139397427,18.8802083333333));
#6581=CARTESIAN_POINT('Ctrl Pts',(-31.2222040712958,-6.00000000000002,18.921875));
#6582=CARTESIAN_POINT('Ctrl Pts',(-31.7291530534718,-5.12193860602577,18.9635416666667));
#6583=CARTESIAN_POINT('Ctrl Pts',(-32.2361020356479,-4.24387721205152,19.0052083333333));
#6584=CARTESIAN_POINT('Ctrl Pts',(-33.25,-4.24387721205152,19.046875));
#6585=CARTESIAN_POINT('Ctrl Pts',(-34.2638979643521,-4.24387721205152,19.0885416666667));
#6586=CARTESIAN_POINT('Ctrl Pts',(-34.7708469465281,-5.12193860602577,19.1302083333333));
#6587=CARTESIAN_POINT('Ctrl Pts',(-35.2777959287042,-6.00000000000002,19.171875));
#6588=CARTESIAN_POINT('Ctrl Pts',(-34.7708469465281,-6.87806139397427,19.2135416666667));
#6589=CARTESIAN_POINT('Ctrl Pts',(-34.2638979643521,-7.75612278794852,19.2552083333333));
#6590=CARTESIAN_POINT('Ctrl Pts',(-33.25,-7.75612278794852,19.296875));
#6591=CARTESIAN_POINT('Ctrl Pts',(-32.2361020356479,-7.75612278794852,19.3385416666667));
#6592=CARTESIAN_POINT('Ctrl Pts',(-31.7291530534718,-6.87806139397427,19.3802083333333));
#6593=CARTESIAN_POINT('Ctrl Pts',(-31.2222040712958,-6.00000000000002,19.421875));
#6594=CARTESIAN_POINT('Ctrl Pts',(-31.7291530534718,-5.12193860602577,19.4635416666667));
#6595=CARTESIAN_POINT('Ctrl Pts',(-32.2361020356479,-4.24387721205152,19.5052083333333));
#6596=CARTESIAN_POINT('Ctrl Pts',(-33.25,-4.24387721205152,19.546875));
#6597=CARTESIAN_POINT('Ctrl Pts',(-34.2638979643521,-4.24387721205152,19.5885416666667));
#6598=CARTESIAN_POINT('Ctrl Pts',(-34.7708469465281,-5.12193860602577,19.6302083333333));
#6599=CARTESIAN_POINT('Ctrl Pts',(-35.2777959287042,-6.00000000000002,19.671875));
#6600=CARTESIAN_POINT('Ctrl Pts',(-34.7708469465281,-6.87806139397427,19.7135416666667));
#6601=CARTESIAN_POINT('Ctrl Pts',(-34.2638979643521,-7.75612278794852,19.7552083333333));
#6602=CARTESIAN_POINT('Ctrl Pts',(-33.25,-7.75612278794852,19.796875));
#6603=CARTESIAN_POINT('Ctrl Pts',(-32.2361020356479,-7.75612278794852,19.8385416666667));
#6604=CARTESIAN_POINT('Ctrl Pts',(-31.7291530534718,-6.87806139397427,19.8802083333333));
#6605=CARTESIAN_POINT('Ctrl Pts',(-31.2222040712958,-6.00000000000002,19.921875));
#6606=CARTESIAN_POINT('Ctrl Pts',(-31.7291530534718,-5.12193860602577,19.9635416666667));
#6607=CARTESIAN_POINT('Ctrl Pts',(-32.2361020356479,-4.24387721205152,20.0052083333333));
#6608=CARTESIAN_POINT('Ctrl Pts',(-33.25,-4.24387721205152,20.046875));
#6609=CARTESIAN_POINT('Ctrl Pts',(-34.2638979643521,-4.24387721205152,20.0885416666667));
#6610=CARTESIAN_POINT('Ctrl Pts',(-34.7708469465281,-5.12193860602577,20.1302083333333));
#6611=CARTESIAN_POINT('Ctrl Pts',(-35.2777959287042,-6.00000000000002,20.171875));
#6612=CARTESIAN_POINT('Ctrl Pts',(-34.7708469465281,-6.87806139397427,20.2135416666667));
#6613=CARTESIAN_POINT('Ctrl Pts',(-34.2638979643521,-7.75612278794852,20.2552083333333));
#6614=CARTESIAN_POINT('Ctrl Pts',(-33.25,-7.75612278794852,20.296875));
#6615=CARTESIAN_POINT('Ctrl Pts',(-32.2361020356479,-7.75612278794852,20.3385416666667));
#6616=CARTESIAN_POINT('Ctrl Pts',(-31.7291530534718,-6.87806139397427,20.3802083333333));
#6617=CARTESIAN_POINT('Ctrl Pts',(-31.2222040712958,-6.00000000000002,20.421875));
#6618=CARTESIAN_POINT('Ctrl Pts',(-31.7291530534718,-5.12193860602577,20.4635416666667));
#6619=CARTESIAN_POINT('Ctrl Pts',(-32.2361020356479,-4.24387721205152,20.5052083333333));
#6620=CARTESIAN_POINT('Ctrl Pts',(-33.25,-4.24387721205152,20.546875));
#6621=CARTESIAN_POINT('Ctrl Pts',(-34.2638979643521,-4.24387721205152,20.5885416666667));
#6622=CARTESIAN_POINT('Ctrl Pts',(-34.7708469465281,-5.12193860602577,20.6302083333333));
#6623=CARTESIAN_POINT('Ctrl Pts',(-35.2777959287042,-6.00000000000002,20.671875));
#6624=CARTESIAN_POINT('Ctrl Pts',(-34.7708469465281,-6.87806139397427,20.7135416666667));
#6625=CARTESIAN_POINT('Ctrl Pts',(-34.2638979643521,-7.75612278794852,20.7552083333333));
#6626=CARTESIAN_POINT('Ctrl Pts',(-33.25,-7.75612278794852,20.796875));
#6627=CARTESIAN_POINT('Ctrl Pts',(-32.2361020356479,-7.75612278794852,20.8385416666667));
#6628=CARTESIAN_POINT('Ctrl Pts',(-31.7291530534718,-6.87806139397427,20.8802083333333));
#6629=CARTESIAN_POINT('Ctrl Pts',(-31.2222040712958,-6.00000000000002,20.921875));
#6630=CARTESIAN_POINT('Ctrl Pts',(-31.7291530534718,-5.12193860602577,20.9635416666667));
#6631=CARTESIAN_POINT('Ctrl Pts',(-32.2361020356479,-4.24387721205152,21.0052083333333));
#6632=CARTESIAN_POINT('Ctrl Pts',(-33.25,-4.24387721205152,21.046875));
#6633=CARTESIAN_POINT('Ctrl Pts',(-34.2638979643521,-4.24387721205152,21.0885416666667));
#6634=CARTESIAN_POINT('Ctrl Pts',(-34.7708469465281,-5.12193860602577,21.1302083333333));
#6635=CARTESIAN_POINT('Ctrl Pts',(-35.2777959287042,-6.00000000000002,21.171875));
#6636=CARTESIAN_POINT('Ctrl Pts',(-34.7708469465281,-6.87806139397427,21.2135416666667));
#6637=CARTESIAN_POINT('Ctrl Pts',(-34.2638979643521,-7.75612278794852,21.2552083333333));
#6638=CARTESIAN_POINT('Ctrl Pts',(-33.25,-7.75612278794852,21.296875));
#6639=CARTESIAN_POINT('Ctrl Pts',(-32.2361020356479,-7.75612278794852,21.3385416666667));
#6640=CARTESIAN_POINT('Ctrl Pts',(-31.7291530534718,-6.87806139397427,21.3802083333333));
#6641=CARTESIAN_POINT('Ctrl Pts',(-31.2222040712958,-6.00000000000002,21.421875));
#6642=CARTESIAN_POINT('Ctrl Pts',(-31.7291530534718,-5.12193860602577,21.4635416666667));
#6643=CARTESIAN_POINT('Ctrl Pts',(-32.2361020356479,-4.24387721205152,21.5052083333333));
#6644=CARTESIAN_POINT('Ctrl Pts',(-33.25,-4.24387721205152,21.546875));
#6645=CARTESIAN_POINT('Ctrl Pts',(-34.2638979643521,-4.24387721205152,21.5885416666667));
#6646=CARTESIAN_POINT('Ctrl Pts',(-34.7708469465281,-5.12193860602577,21.6302083333333));
#6647=CARTESIAN_POINT('Ctrl Pts',(-35.2777959287042,-6.00000000000002,21.671875));
#6648=CARTESIAN_POINT('Ctrl Pts',(-34.7708469465281,-6.87806139397427,21.7135416666667));
#6649=CARTESIAN_POINT('Ctrl Pts',(-34.2638979643521,-7.75612278794852,21.7552083333333));
#6650=CARTESIAN_POINT('Ctrl Pts',(-33.25,-7.75612278794852,21.796875));
#6651=CARTESIAN_POINT('Ctrl Pts',(-32.2361020356479,-7.75612278794852,21.8385416666667));
#6652=CARTESIAN_POINT('Ctrl Pts',(-31.7291530534718,-6.87806139397427,21.8802083333333));
#6653=CARTESIAN_POINT('Ctrl Pts',(-31.2222040712958,-6.00000000000002,21.921875));
#6654=CARTESIAN_POINT('Ctrl Pts',(-31.7291530534718,-5.12193860602577,21.9635416666667));
#6655=CARTESIAN_POINT('Ctrl Pts',(-32.2361020356479,-4.24387721205152,22.0052083333333));
#6656=CARTESIAN_POINT('Ctrl Pts',(-33.25,-4.24387721205152,22.046875));
#6657=CARTESIAN_POINT('Ctrl Pts',(-34.2638979643521,-4.24387721205152,22.0885416666667));
#6658=CARTESIAN_POINT('Ctrl Pts',(-34.7708469465281,-5.12193860602576,22.1302083333333));
#6659=CARTESIAN_POINT('Ctrl Pts',(-35.2777959287042,-6.00000000000002,22.171875));
#6660=CARTESIAN_POINT('Ctrl Pts',(-34.7708469465281,-6.87806139397427,22.2135416666667));
#6661=CARTESIAN_POINT('Ctrl Pts',(-34.2638979643521,-7.75612278794852,22.2552083333333));
#6662=CARTESIAN_POINT('Ctrl Pts',(-33.25,-7.75612278794852,22.296875));
#6663=CARTESIAN_POINT('Ctrl Pts',(-32.2361020356479,-7.75612278794852,22.3385416666667));
#6664=CARTESIAN_POINT('Ctrl Pts',(-31.7291530534718,-6.87806139397427,22.3802083333333));
#6665=CARTESIAN_POINT('Ctrl Pts',(-31.2222040712958,-6.00000000000002,22.421875));
#6666=CARTESIAN_POINT('Ctrl Pts',(-31.7291530534718,-5.12193860602577,22.4635416666667));
#6667=CARTESIAN_POINT('Ctrl Pts',(-32.2361020356479,-4.24387721205152,22.5052083333333));
#6668=CARTESIAN_POINT('Ctrl Pts',(-33.25,-4.24387721205152,22.546875));
#6669=CARTESIAN_POINT('Ctrl Pts',(-34.2638979643521,-4.24387721205152,22.5885416666667));
#6670=CARTESIAN_POINT('Ctrl Pts',(-34.7708469465281,-5.12193860602576,22.6302083333333));
#6671=CARTESIAN_POINT('Ctrl Pts',(-35.2777959287042,-6.00000000000002,22.671875));
#6672=CARTESIAN_POINT('Ctrl Pts',(-34.7708469465281,-6.87806139397427,22.7135416666667));
#6673=CARTESIAN_POINT('Ctrl Pts',(-34.2638979643521,-7.75612278794852,22.7552083333333));
#6674=CARTESIAN_POINT('Ctrl Pts',(-33.25,-7.75612278794852,22.796875));
#6675=CARTESIAN_POINT('Ctrl Pts',(-32.2361020356479,-7.75612278794852,22.8385416666667));
#6676=CARTESIAN_POINT('Ctrl Pts',(-31.7291530534718,-6.87806139397427,22.8802083333333));
#6677=CARTESIAN_POINT('Ctrl Pts',(-31.2222040712958,-6.00000000000002,22.921875));
#6678=CARTESIAN_POINT('Ctrl Pts',(-31.7291530534718,-5.12193860602577,22.9635416666667));
#6679=CARTESIAN_POINT('Ctrl Pts',(-32.2361020356479,-4.24387721205152,23.0052083333333));
#6680=CARTESIAN_POINT('Ctrl Pts',(-33.25,-4.24387721205152,23.046875));
#6681=CARTESIAN_POINT('Ctrl Pts',(-34.2638979643521,-4.24387721205152,23.0885416666667));
#6682=CARTESIAN_POINT('Ctrl Pts',(-34.7708469465281,-5.12193860602576,23.1302083333333));
#6683=CARTESIAN_POINT('Ctrl Pts',(-35.2777959287042,-6.00000000000002,23.171875));
#6684=CARTESIAN_POINT('Ctrl Pts',(-34.7708469465281,-6.87806139397427,23.2135416666667));
#6685=CARTESIAN_POINT('Ctrl Pts',(-34.2638979643521,-7.75612278794852,23.2552083333333));
#6686=CARTESIAN_POINT('Ctrl Pts',(-33.25,-7.75612278794852,23.296875));
#6687=CARTESIAN_POINT('Ctrl Pts',(-32.2361020356479,-7.75612278794852,23.3385416666667));
#6688=CARTESIAN_POINT('Ctrl Pts',(-31.7291530534718,-6.87806139397427,23.3802083333333));
#6689=CARTESIAN_POINT('Ctrl Pts',(-31.2222040712958,-6.00000000000002,23.421875));
#6690=CARTESIAN_POINT('Ctrl Pts',(-31.7291530534718,-5.12193860602577,23.4635416666667));
#6691=CARTESIAN_POINT('Ctrl Pts',(-32.2361020356479,-4.24387721205152,23.5052083333333));
#6692=CARTESIAN_POINT('Ctrl Pts',(-33.25,-4.24387721205152,23.546875));
#6693=CARTESIAN_POINT('Ctrl Pts',(-34.2638979643521,-4.24387721205152,23.5885416666667));
#6694=CARTESIAN_POINT('Ctrl Pts',(-34.7708469465281,-5.12193860602576,23.6302083333333));
#6695=CARTESIAN_POINT('Ctrl Pts',(-35.2777959287042,-6.00000000000002,23.671875));
#6696=CARTESIAN_POINT('Ctrl Pts',(-34.7708469465281,-6.87806139397427,23.7135416666667));
#6697=CARTESIAN_POINT('Ctrl Pts',(-34.2638979643521,-7.75612278794852,23.7552083333333));
#6698=CARTESIAN_POINT('Ctrl Pts',(-33.25,-7.75612278794852,23.796875));
#6699=CARTESIAN_POINT('Ctrl Pts',(-32.2361020356479,-7.75612278794852,23.8385416666667));
#6700=CARTESIAN_POINT('Ctrl Pts',(-31.7291530534718,-6.87806139397427,23.8802083333333));
#6701=CARTESIAN_POINT('Ctrl Pts',(-31.2222040712958,-6.00000000000002,23.921875));
#6702=CARTESIAN_POINT('Ctrl Pts',(-31.7291530534718,-5.12193860602577,23.9635416666667));
#6703=CARTESIAN_POINT('Ctrl Pts',(-32.2361020356479,-4.24387721205152,24.0052083333333));
#6704=CARTESIAN_POINT('Ctrl Pts',(-33.25,-4.24387721205152,24.046875));
#6705=CARTESIAN_POINT('Ctrl Pts',(-32.0414145389534,-4.76916849349317,15.));
#6706=CARTESIAN_POINT('Ctrl Pts',(-31.9625347604233,-4.86251130767543,15.));
#6707=CARTESIAN_POINT('Ctrl Pts',(-31.8933999927504,-4.96405101783087,15.));
#6708=CARTESIAN_POINT('Ctrl Pts',(-31.7072416194287,-5.31052979708342,15.));
#6709=CARTESIAN_POINT('Ctrl Pts',(-31.6640530702001,-5.52086726828252,15.0000000000029));
#6710=CARTESIAN_POINT('Ctrl Pts',(-31.6290398003972,-5.88197455945346,15.0000000000029));
#6711=CARTESIAN_POINT('Ctrl Pts',(-31.6476520066842,-6.08383132199435,15.));
#6712=CARTESIAN_POINT('Ctrl Pts',(-31.7695624414867,-6.50653516539693,15.));
#6713=CARTESIAN_POINT('Ctrl Pts',(-31.878846356051,-6.69134035084917,14.999999999993));
#6714=CARTESIAN_POINT('Ctrl Pts',(-32.0923740041012,-6.95808863425023,14.999999999993));
#6715=CARTESIAN_POINT('Ctrl Pts',(-32.2230003253654,-7.07180597243906,15.));
#6716=CARTESIAN_POINT('Ctrl Pts',(-32.5004156982137,-7.23662714261394,15.));
#6717=CARTESIAN_POINT('Ctrl Pts',(-32.6414955487697,-7.29260760268862,15.));
#6718=CARTESIAN_POINT('Ctrl Pts',(-32.9864250064414,-7.36946377766093,15.));
#6719=CARTESIAN_POINT('Ctrl Pts',(-33.1493585867606,-7.36223088720805,15.));
#6720=CARTESIAN_POINT('Ctrl Pts',(-33.25,-7.35152654461798,15.));
#6721=CARTESIAN_POINT('Ctrl Pts',(-33.25,-7.35152654461798,10.));
#6722=CARTESIAN_POINT('Ctrl Pts',(-33.1487575605976,-7.36229481307859,10.));
#6723=CARTESIAN_POINT('Ctrl Pts',(-32.9846504168968,-7.3695261913208,10.0000000000003));
#6724=CARTESIAN_POINT('Ctrl Pts',(-32.6025691529573,-7.28350597307666,10.0000000000003));
#6725=CARTESIAN_POINT('Ctrl Pts',(-32.4294582758286,-7.20652189080391,10.));
#6726=CARTESIAN_POINT('Ctrl Pts',(-32.1544720208702,-7.01223340601495,10.));
#6727=CARTESIAN_POINT('Ctrl Pts',(-32.011086076248,-6.88437648403096,10.0000000000029));
#6728=CARTESIAN_POINT('Ctrl Pts',(-31.7784170203526,-6.51241261224671,10.0000000000029));
#6729=CARTESIAN_POINT('Ctrl Pts',(-31.7055970985071,-6.32643107106779,10.));
#6730=CARTESIAN_POINT('Ctrl Pts',(-31.6295512785545,-5.92461349587348,10.));
#6731=CARTESIAN_POINT('Ctrl Pts',(-31.6319063793553,-5.71172557161515,10.0000000000002));
#6732=CARTESIAN_POINT('Ctrl Pts',(-31.7217629820747,-5.28746112238833,10.0000000000002));
#6733=CARTESIAN_POINT('Ctrl Pts',(-31.8082753871281,-5.10597873625897,10.0000000000001));
#6734=CARTESIAN_POINT('Ctrl Pts',(-31.9429519867934,-4.89402063648688,10.0000000000001));
#6735=CARTESIAN_POINT('Ctrl Pts',(-31.9901404295062,-4.82984398933172,10.));
#6736=CARTESIAN_POINT('Ctrl Pts',(-32.0414145385489,-4.76916849397191,10.));
#6737=CARTESIAN_POINT('Origin',(73.9898103250006,-6.16011350167948,-6.21874999999999));
#6738=CARTESIAN_POINT('Ctrl Pts',(73.9898103250006,-7.51164004629744,10.0625));
#6739=CARTESIAN_POINT('Ctrl Pts',(74.7701145393527,-7.51164004629744,10.1041666666667));
#6740=CARTESIAN_POINT('Ctrl Pts',(75.1602666465288,-6.83587677398846,10.1458333333333));
#6741=CARTESIAN_POINT('Ctrl Pts',(75.5504187537049,-6.16011350167948,10.1875));
#6742=CARTESIAN_POINT('Ctrl Pts',(75.1602666465288,-5.4843502293705,10.2291666666667));
#6743=CARTESIAN_POINT('Ctrl Pts',(74.7701145393527,-4.80858695706151,10.2708333333333));
#6744=CARTESIAN_POINT('Ctrl Pts',(73.9898103250006,-4.80858695706151,10.3125));
#6745=CARTESIAN_POINT('Ctrl Pts',(73.2095061106485,-4.80858695706151,10.3541666666667));
#6746=CARTESIAN_POINT('Ctrl Pts',(72.8193540034725,-5.48435022937049,10.3958333333333));
#6747=CARTESIAN_POINT('Ctrl Pts',(72.4292018962964,-6.16011350167948,10.4375));
#6748=CARTESIAN_POINT('Ctrl Pts',(72.8193540034725,-6.83587677398846,10.4791666666667));
#6749=CARTESIAN_POINT('Ctrl Pts',(73.2095061106485,-7.51164004629744,10.5208333333333));
#6750=CARTESIAN_POINT('Ctrl Pts',(73.9898103250006,-7.51164004629744,10.5625));
#6751=CARTESIAN_POINT('Ctrl Pts',(73.9898103250006,-7.51164004629744,10.));
#6752=CARTESIAN_POINT('Ctrl Pts',(74.7701145393527,-7.51164004629744,10.0416666666667));
#6753=CARTESIAN_POINT('Ctrl Pts',(75.1602666465288,-6.83587677398846,10.0833333333333));
#6754=CARTESIAN_POINT('Ctrl Pts',(75.5504187537049,-6.16011350167948,10.125));
#6755=CARTESIAN_POINT('Ctrl Pts',(75.1602666465288,-5.4843502293705,10.1666666666667));
#6756=CARTESIAN_POINT('Ctrl Pts',(74.7701145393527,-4.80858695706151,10.2083333333333));
#6757=CARTESIAN_POINT('Ctrl Pts',(73.9898103250006,-4.80858695706151,10.25));
#6758=CARTESIAN_POINT('Ctrl Pts',(73.2095061106485,-4.80858695706151,10.2916666666667));
#6759=CARTESIAN_POINT('Ctrl Pts',(72.8193540034725,-5.48435022937049,10.3333333333333));
#6760=CARTESIAN_POINT('Ctrl Pts',(72.4292018962964,-6.16011350167948,10.375));
#6761=CARTESIAN_POINT('Ctrl Pts',(72.8193540034725,-6.83587677398846,10.4166666666667));
#6762=CARTESIAN_POINT('Ctrl Pts',(73.2095061106485,-7.51164004629744,10.4583333333333));
#6763=CARTESIAN_POINT('Ctrl Pts',(73.9898103250006,-7.51164004629744,10.5));
#6764=CARTESIAN_POINT('Ctrl Pts',(73.9898103250006,-4.40399071373098,-5.98437499999999));
#6765=CARTESIAN_POINT('Ctrl Pts',(72.9759123606486,-4.40399071373098,-5.94270833333333));
#6766=CARTESIAN_POINT('Ctrl Pts',(72.4689633784725,-5.28205210770523,-5.90104166666666));
#6767=CARTESIAN_POINT('Ctrl Pts',(71.9620143962964,-6.16011350167948,-5.859375));
#6768=CARTESIAN_POINT('Ctrl Pts',(72.4689633784725,-7.03817489565373,-5.81770833333333));
#6769=CARTESIAN_POINT('Ctrl Pts',(72.9759123606486,-7.91623628962798,-5.77604166666666));
#6770=CARTESIAN_POINT('Ctrl Pts',(73.9898103250006,-7.91623628962798,-5.734375));
#6771=CARTESIAN_POINT('Ctrl Pts',(75.0037082893528,-7.91623628962798,-5.69270833333333));
#6772=CARTESIAN_POINT('Ctrl Pts',(75.5106572715288,-7.03817489565373,-5.65104166666666));
#6773=CARTESIAN_POINT('Ctrl Pts',(76.0176062537049,-6.16011350167948,-5.60937499999999));
#6774=CARTESIAN_POINT('Ctrl Pts',(75.5106572715288,-5.28205210770523,-5.56770833333333));
#6775=CARTESIAN_POINT('Ctrl Pts',(75.0037082893528,-4.40399071373098,-5.52604166666666));
#6776=CARTESIAN_POINT('Ctrl Pts',(73.9898103250006,-4.40399071373098,-5.48437499999999));
#6777=CARTESIAN_POINT('Ctrl Pts',(72.9759123606486,-4.40399071373098,-5.44270833333333));
#6778=CARTESIAN_POINT('Ctrl Pts',(72.4689633784725,-5.28205210770523,-5.40104166666666));
#6779=CARTESIAN_POINT('Ctrl Pts',(71.9620143962964,-6.16011350167948,-5.35937499999999));
#6780=CARTESIAN_POINT('Ctrl Pts',(72.4689633784725,-7.03817489565373,-5.31770833333333));
#6781=CARTESIAN_POINT('Ctrl Pts',(72.9759123606486,-7.91623628962798,-5.27604166666666));
#6782=CARTESIAN_POINT('Ctrl Pts',(73.9898103250006,-7.91623628962798,-5.23437499999999));
#6783=CARTESIAN_POINT('Ctrl Pts',(75.0037082893528,-7.91623628962798,-5.19270833333333));
#6784=CARTESIAN_POINT('Ctrl Pts',(75.5106572715288,-7.03817489565373,-5.15104166666666));
#6785=CARTESIAN_POINT('Ctrl Pts',(76.0176062537049,-6.16011350167948,-5.10937499999999));
#6786=CARTESIAN_POINT('Ctrl Pts',(75.5106572715288,-5.28205210770523,-5.06770833333333));
#6787=CARTESIAN_POINT('Ctrl Pts',(75.0037082893528,-4.40399071373098,-5.02604166666666));
#6788=CARTESIAN_POINT('Ctrl Pts',(73.9898103250006,-4.40399071373098,-4.98437499999999));
#6789=CARTESIAN_POINT('Ctrl Pts',(72.9759123606486,-4.40399071373098,-4.94270833333333));
#6790=CARTESIAN_POINT('Ctrl Pts',(72.4689633784725,-5.28205210770523,-4.90104166666666));
#6791=CARTESIAN_POINT('Ctrl Pts',(71.9620143962964,-6.16011350167948,-4.859375));
#6792=CARTESIAN_POINT('Ctrl Pts',(72.4689633784725,-7.03817489565373,-4.81770833333333));
#6793=CARTESIAN_POINT('Ctrl Pts',(72.9759123606486,-7.91623628962798,-4.77604166666666));
#6794=CARTESIAN_POINT('Ctrl Pts',(73.9898103250006,-7.91623628962798,-4.73437499999999));
#6795=CARTESIAN_POINT('Ctrl Pts',(75.0037082893528,-7.91623628962798,-4.69270833333333));
#6796=CARTESIAN_POINT('Ctrl Pts',(75.5106572715288,-7.03817489565373,-4.65104166666666));
#6797=CARTESIAN_POINT('Ctrl Pts',(76.0176062537049,-6.16011350167948,-4.60937499999999));
#6798=CARTESIAN_POINT('Ctrl Pts',(75.5106572715288,-5.28205210770523,-4.56770833333333));
#6799=CARTESIAN_POINT('Ctrl Pts',(75.0037082893528,-4.40399071373098,-4.52604166666666));
#6800=CARTESIAN_POINT('Ctrl Pts',(73.9898103250006,-4.40399071373098,-4.484375));
#6801=CARTESIAN_POINT('Ctrl Pts',(72.9759123606486,-4.40399071373098,-4.44270833333333));
#6802=CARTESIAN_POINT('Ctrl Pts',(72.4689633784725,-5.28205210770523,-4.40104166666666));
#6803=CARTESIAN_POINT('Ctrl Pts',(71.9620143962964,-6.16011350167948,-4.35937499999999));
#6804=CARTESIAN_POINT('Ctrl Pts',(72.4689633784725,-7.03817489565373,-4.31770833333333));
#6805=CARTESIAN_POINT('Ctrl Pts',(72.9759123606486,-7.91623628962798,-4.27604166666666));
#6806=CARTESIAN_POINT('Ctrl Pts',(73.9898103250006,-7.91623628962798,-4.234375));
#6807=CARTESIAN_POINT('Ctrl Pts',(75.0037082893528,-7.91623628962798,-4.19270833333333));
#6808=CARTESIAN_POINT('Ctrl Pts',(75.5106572715288,-7.03817489565373,-4.15104166666666));
#6809=CARTESIAN_POINT('Ctrl Pts',(76.0176062537049,-6.16011350167948,-4.10937499999999));
#6810=CARTESIAN_POINT('Ctrl Pts',(75.5106572715288,-5.28205210770523,-4.06770833333333));
#6811=CARTESIAN_POINT('Ctrl Pts',(75.0037082893528,-4.40399071373098,-4.02604166666666));
#6812=CARTESIAN_POINT('Ctrl Pts',(73.9898103250006,-4.40399071373098,-3.98437499999999));
#6813=CARTESIAN_POINT('Ctrl Pts',(72.9759123606486,-4.40399071373098,-3.94270833333333));
#6814=CARTESIAN_POINT('Ctrl Pts',(72.4689633784725,-5.28205210770523,-3.90104166666666));
#6815=CARTESIAN_POINT('Ctrl Pts',(71.9620143962964,-6.16011350167948,-3.85937499999999));
#6816=CARTESIAN_POINT('Ctrl Pts',(72.4689633784725,-7.03817489565373,-3.81770833333333));
#6817=CARTESIAN_POINT('Ctrl Pts',(72.9759123606486,-7.91623628962798,-3.77604166666666));
#6818=CARTESIAN_POINT('Ctrl Pts',(73.9898103250006,-7.91623628962798,-3.73437499999999));
#6819=CARTESIAN_POINT('Ctrl Pts',(75.0037082893528,-7.91623628962798,-3.69270833333333));
#6820=CARTESIAN_POINT('Ctrl Pts',(75.5106572715288,-7.03817489565373,-3.65104166666666));
#6821=CARTESIAN_POINT('Ctrl Pts',(76.0176062537049,-6.16011350167948,-3.60937499999999));
#6822=CARTESIAN_POINT('Ctrl Pts',(75.5106572715288,-5.28205210770523,-3.56770833333333));
#6823=CARTESIAN_POINT('Ctrl Pts',(75.0037082893528,-4.40399071373098,-3.52604166666666));
#6824=CARTESIAN_POINT('Ctrl Pts',(73.9898103250006,-4.40399071373098,-3.484375));
#6825=CARTESIAN_POINT('Ctrl Pts',(72.9759123606486,-4.40399071373098,-3.44270833333333));
#6826=CARTESIAN_POINT('Ctrl Pts',(72.4689633784725,-5.28205210770523,-3.40104166666666));
#6827=CARTESIAN_POINT('Ctrl Pts',(71.9620143962964,-6.16011350167948,-3.359375));
#6828=CARTESIAN_POINT('Ctrl Pts',(72.4689633784725,-7.03817489565373,-3.31770833333333));
#6829=CARTESIAN_POINT('Ctrl Pts',(72.9759123606486,-7.91623628962798,-3.27604166666666));
#6830=CARTESIAN_POINT('Ctrl Pts',(73.9898103250006,-7.91623628962798,-3.234375));
#6831=CARTESIAN_POINT('Ctrl Pts',(75.0037082893528,-7.91623628962798,-3.19270833333333));
#6832=CARTESIAN_POINT('Ctrl Pts',(75.5106572715288,-7.03817489565373,-3.15104166666666));
#6833=CARTESIAN_POINT('Ctrl Pts',(76.0176062537049,-6.16011350167948,-3.109375));
#6834=CARTESIAN_POINT('Ctrl Pts',(75.5106572715288,-5.28205210770523,-3.06770833333333));
#6835=CARTESIAN_POINT('Ctrl Pts',(75.0037082893528,-4.40399071373098,-3.02604166666666));
#6836=CARTESIAN_POINT('Ctrl Pts',(73.9898103250006,-4.40399071373098,-2.984375));
#6837=CARTESIAN_POINT('Ctrl Pts',(72.9759123606486,-4.40399071373098,-2.94270833333333));
#6838=CARTESIAN_POINT('Ctrl Pts',(72.4689633784725,-5.28205210770523,-2.90104166666666));
#6839=CARTESIAN_POINT('Ctrl Pts',(71.9620143962964,-6.16011350167948,-2.859375));
#6840=CARTESIAN_POINT('Ctrl Pts',(72.4689633784725,-7.03817489565373,-2.81770833333333));
#6841=CARTESIAN_POINT('Ctrl Pts',(72.9759123606486,-7.91623628962798,-2.77604166666666));
#6842=CARTESIAN_POINT('Ctrl Pts',(73.9898103250006,-7.91623628962798,-2.734375));
#6843=CARTESIAN_POINT('Ctrl Pts',(75.0037082893528,-7.91623628962798,-2.69270833333333));
#6844=CARTESIAN_POINT('Ctrl Pts',(75.5106572715288,-7.03817489565373,-2.65104166666666));
#6845=CARTESIAN_POINT('Ctrl Pts',(76.0176062537049,-6.16011350167948,-2.609375));
#6846=CARTESIAN_POINT('Ctrl Pts',(75.5106572715288,-5.28205210770523,-2.56770833333333));
#6847=CARTESIAN_POINT('Ctrl Pts',(75.0037082893528,-4.40399071373098,-2.52604166666666));
#6848=CARTESIAN_POINT('Ctrl Pts',(73.9898103250006,-4.40399071373098,-2.484375));
#6849=CARTESIAN_POINT('Ctrl Pts',(72.9759123606486,-4.40399071373098,-2.44270833333333));
#6850=CARTESIAN_POINT('Ctrl Pts',(72.4689633784725,-5.28205210770523,-2.40104166666666));
#6851=CARTESIAN_POINT('Ctrl Pts',(71.9620143962964,-6.16011350167948,-2.35937499999999));
#6852=CARTESIAN_POINT('Ctrl Pts',(72.4689633784725,-7.03817489565373,-2.31770833333333));
#6853=CARTESIAN_POINT('Ctrl Pts',(72.9759123606486,-7.91623628962798,-2.27604166666666));
#6854=CARTESIAN_POINT('Ctrl Pts',(73.9898103250006,-7.91623628962798,-2.234375));
#6855=CARTESIAN_POINT('Ctrl Pts',(75.0037082893528,-7.91623628962798,-2.19270833333333));
#6856=CARTESIAN_POINT('Ctrl Pts',(75.5106572715288,-7.03817489565373,-2.15104166666666));
#6857=CARTESIAN_POINT('Ctrl Pts',(76.0176062537049,-6.16011350167948,-2.109375));
#6858=CARTESIAN_POINT('Ctrl Pts',(75.5106572715288,-5.28205210770523,-2.06770833333333));
#6859=CARTESIAN_POINT('Ctrl Pts',(75.0037082893528,-4.40399071373098,-2.02604166666666));
#6860=CARTESIAN_POINT('Ctrl Pts',(73.9898103250006,-4.40399071373098,-1.98437499999999));
#6861=CARTESIAN_POINT('Ctrl Pts',(72.9759123606486,-4.40399071373098,-1.94270833333333));
#6862=CARTESIAN_POINT('Ctrl Pts',(72.4689633784725,-5.28205210770523,-1.90104166666666));
#6863=CARTESIAN_POINT('Ctrl Pts',(71.9620143962964,-6.16011350167948,-1.85937499999999));
#6864=CARTESIAN_POINT('Ctrl Pts',(72.4689633784725,-7.03817489565373,-1.81770833333333));
#6865=CARTESIAN_POINT('Ctrl Pts',(72.9759123606486,-7.91623628962798,-1.77604166666666));
#6866=CARTESIAN_POINT('Ctrl Pts',(73.9898103250006,-7.91623628962798,-1.73437499999999));
#6867=CARTESIAN_POINT('Ctrl Pts',(75.0037082893528,-7.91623628962798,-1.69270833333333));
#6868=CARTESIAN_POINT('Ctrl Pts',(75.5106572715288,-7.03817489565373,-1.65104166666666));
#6869=CARTESIAN_POINT('Ctrl Pts',(76.0176062537049,-6.16011350167948,-1.609375));
#6870=CARTESIAN_POINT('Ctrl Pts',(75.5106572715288,-5.28205210770523,-1.56770833333333));
#6871=CARTESIAN_POINT('Ctrl Pts',(75.0037082893528,-4.40399071373098,-1.52604166666666));
#6872=CARTESIAN_POINT('Ctrl Pts',(73.9898103250006,-4.40399071373098,-1.48437499999999));
#6873=CARTESIAN_POINT('Ctrl Pts',(72.9759123606486,-4.40399071373098,-1.44270833333333));
#6874=CARTESIAN_POINT('Ctrl Pts',(72.4689633784725,-5.28205210770523,-1.40104166666666));
#6875=CARTESIAN_POINT('Ctrl Pts',(71.9620143962964,-6.16011350167948,-1.35937499999999));
#6876=CARTESIAN_POINT('Ctrl Pts',(72.4689633784725,-7.03817489565373,-1.31770833333333));
#6877=CARTESIAN_POINT('Ctrl Pts',(72.9759123606486,-7.91623628962798,-1.27604166666666));
#6878=CARTESIAN_POINT('Ctrl Pts',(73.9898103250006,-7.91623628962798,-1.23437499999999));
#6879=CARTESIAN_POINT('Ctrl Pts',(75.0037082893528,-7.91623628962798,-1.19270833333333));
#6880=CARTESIAN_POINT('Ctrl Pts',(75.5106572715288,-7.03817489565373,-1.15104166666666));
#6881=CARTESIAN_POINT('Ctrl Pts',(76.0176062537049,-6.16011350167948,-1.10937499999999));
#6882=CARTESIAN_POINT('Ctrl Pts',(75.5106572715288,-5.28205210770523,-1.06770833333333));
#6883=CARTESIAN_POINT('Ctrl Pts',(75.0037082893528,-4.40399071373098,-1.02604166666666));
#6884=CARTESIAN_POINT('Ctrl Pts',(73.9898103250006,-4.40399071373098,-0.984374999999993));
#6885=CARTESIAN_POINT('Ctrl Pts',(72.9759123606486,-4.40399071373098,-0.942708333333329));
#6886=CARTESIAN_POINT('Ctrl Pts',(72.4689633784725,-5.28205210770523,-0.901041666666664));
#6887=CARTESIAN_POINT('Ctrl Pts',(71.9620143962964,-6.16011350167948,-0.859374999999991));
#6888=CARTESIAN_POINT('Ctrl Pts',(72.4689633784725,-7.03817489565373,-0.817708333333327));
#6889=CARTESIAN_POINT('Ctrl Pts',(72.9759123606486,-7.91623628962798,-0.776041666666663));
#6890=CARTESIAN_POINT('Ctrl Pts',(73.9898103250006,-7.91623628962798,-0.734374999999996));
#6891=CARTESIAN_POINT('Ctrl Pts',(75.0037082893528,-7.91623628962798,-0.692708333333329));
#6892=CARTESIAN_POINT('Ctrl Pts',(75.5106572715288,-7.03817489565373,-0.651041666666661));
#6893=CARTESIAN_POINT('Ctrl Pts',(76.0176062537049,-6.16011350167948,-0.609374999999994));
#6894=CARTESIAN_POINT('Ctrl Pts',(75.5106572715288,-5.28205210770523,-0.567708333333328));
#6895=CARTESIAN_POINT('Ctrl Pts',(75.0037082893528,-4.40399071373098,-0.526041666666661));
#6896=CARTESIAN_POINT('Ctrl Pts',(73.9898103250006,-4.40399071373098,-0.484374999999995));
#6897=CARTESIAN_POINT('Ctrl Pts',(72.9759123606486,-4.40399071373098,-0.442708333333328));
#6898=CARTESIAN_POINT('Ctrl Pts',(72.4689633784725,-5.28205210770523,-0.401041666666662));
#6899=CARTESIAN_POINT('Ctrl Pts',(71.9620143962964,-6.16011350167948,-0.359374999999995));
#6900=CARTESIAN_POINT('Ctrl Pts',(72.4689633784725,-7.03817489565373,-0.317708333333329));
#6901=CARTESIAN_POINT('Ctrl Pts',(72.9759123606486,-7.91623628962798,-0.276041666666664));
#6902=CARTESIAN_POINT('Ctrl Pts',(73.9898103250006,-7.91623628962798,-0.234374999999996));
#6903=CARTESIAN_POINT('Ctrl Pts',(75.0037082893528,-7.91623628962798,-0.192708333333327));
#6904=CARTESIAN_POINT('Ctrl Pts',(75.5106572715288,-7.03817489565373,-0.151041666666663));
#6905=CARTESIAN_POINT('Ctrl Pts',(76.0176062537049,-6.16011350167948,-0.109374999999996));
#6906=CARTESIAN_POINT('Ctrl Pts',(75.5106572715288,-5.28205210770523,-0.0677083333333273));
#6907=CARTESIAN_POINT('Ctrl Pts',(75.0037082893528,-4.40399071373098,-0.0260416666666607));
#6908=CARTESIAN_POINT('Ctrl Pts',(73.9898103250006,-4.40399071373098,0.0156250000000058));
#6909=CARTESIAN_POINT('Ctrl Pts',(72.9759123606486,-4.40399071373098,0.0572916666666723));
#6910=CARTESIAN_POINT('Ctrl Pts',(72.4689633784725,-5.28205210770523,0.0989583333333388));
#6911=CARTESIAN_POINT('Ctrl Pts',(71.9620143962964,-6.16011350167948,0.140625000000005));
#6912=CARTESIAN_POINT('Ctrl Pts',(72.4689633784725,-7.03817489565373,0.182291666666672));
#6913=CARTESIAN_POINT('Ctrl Pts',(72.9759123606486,-7.91623628962798,0.223958333333338));
#6914=CARTESIAN_POINT('Ctrl Pts',(73.9898103250006,-7.91623628962798,0.265625000000005));
#6915=CARTESIAN_POINT('Ctrl Pts',(75.0037082893528,-7.91623628962798,0.307291666666671));
#6916=CARTESIAN_POINT('Ctrl Pts',(75.5106572715288,-7.03817489565373,0.348958333333338));
#6917=CARTESIAN_POINT('Ctrl Pts',(76.0176062537049,-6.16011350167948,0.390625000000004));
#6918=CARTESIAN_POINT('Ctrl Pts',(75.5106572715288,-5.28205210770523,0.432291666666673));
#6919=CARTESIAN_POINT('Ctrl Pts',(75.0037082893528,-4.40399071373098,0.47395833333334));
#6920=CARTESIAN_POINT('Ctrl Pts',(73.9898103250006,-4.40399071373098,0.515625000000004));
#6921=CARTESIAN_POINT('Ctrl Pts',(72.9759123606486,-4.40399071373098,0.557291666666673));
#6922=CARTESIAN_POINT('Ctrl Pts',(72.4689633784725,-5.28205210770523,0.598958333333338));
#6923=CARTESIAN_POINT('Ctrl Pts',(71.9620143962964,-6.16011350167948,0.640625000000002));
#6924=CARTESIAN_POINT('Ctrl Pts',(72.4689633784725,-7.03817489565373,0.682291666666672));
#6925=CARTESIAN_POINT('Ctrl Pts',(72.9759123606486,-7.91623628962798,0.723958333333339));
#6926=CARTESIAN_POINT('Ctrl Pts',(73.9898103250006,-7.91623628962798,0.765625000000004));
#6927=CARTESIAN_POINT('Ctrl Pts',(75.0037082893528,-7.91623628962798,0.807291666666672));
#6928=CARTESIAN_POINT('Ctrl Pts',(75.5106572715288,-7.03817489565373,0.848958333333338));
#6929=CARTESIAN_POINT('Ctrl Pts',(76.0176062537049,-6.16011350167948,0.890625000000006));
#6930=CARTESIAN_POINT('Ctrl Pts',(75.5106572715288,-5.28205210770523,0.932291666666673));
#6931=CARTESIAN_POINT('Ctrl Pts',(75.0037082893528,-4.40399071373098,0.973958333333338));
#6932=CARTESIAN_POINT('Ctrl Pts',(73.9898103250006,-4.40399071373098,1.015625));
#6933=CARTESIAN_POINT('Ctrl Pts',(72.9759123606486,-4.40399071373098,1.05729166666667));
#6934=CARTESIAN_POINT('Ctrl Pts',(72.4689633784725,-5.28205210770523,1.09895833333334));
#6935=CARTESIAN_POINT('Ctrl Pts',(71.9620143962964,-6.16011350167948,1.140625));
#6936=CARTESIAN_POINT('Ctrl Pts',(72.4689633784725,-7.03817489565373,1.18229166666667));
#6937=CARTESIAN_POINT('Ctrl Pts',(72.9759123606486,-7.91623628962798,1.22395833333334));
#6938=CARTESIAN_POINT('Ctrl Pts',(73.9898103250006,-7.91623628962798,1.265625));
#6939=CARTESIAN_POINT('Ctrl Pts',(75.0037082893528,-7.91623628962798,1.30729166666667));
#6940=CARTESIAN_POINT('Ctrl Pts',(75.5106572715288,-7.03817489565373,1.34895833333334));
#6941=CARTESIAN_POINT('Ctrl Pts',(76.0176062537049,-6.16011350167948,1.390625));
#6942=CARTESIAN_POINT('Ctrl Pts',(75.5106572715288,-5.28205210770523,1.43229166666667));
#6943=CARTESIAN_POINT('Ctrl Pts',(75.0037082893528,-4.40399071373098,1.47395833333334));
#6944=CARTESIAN_POINT('Ctrl Pts',(73.9898103250006,-4.40399071373098,1.515625));
#6945=CARTESIAN_POINT('Ctrl Pts',(72.9759123606486,-4.40399071373098,1.55729166666667));
#6946=CARTESIAN_POINT('Ctrl Pts',(72.4689633784725,-5.28205210770523,1.59895833333334));
#6947=CARTESIAN_POINT('Ctrl Pts',(71.9620143962964,-6.16011350167948,1.64062500000001));
#6948=CARTESIAN_POINT('Ctrl Pts',(72.4689633784725,-7.03817489565373,1.68229166666667));
#6949=CARTESIAN_POINT('Ctrl Pts',(72.9759123606486,-7.91623628962798,1.72395833333334));
#6950=CARTESIAN_POINT('Ctrl Pts',(73.9898103250006,-7.91623628962798,1.76562500000001));
#6951=CARTESIAN_POINT('Ctrl Pts',(75.0037082893528,-7.91623628962798,1.80729166666667));
#6952=CARTESIAN_POINT('Ctrl Pts',(75.5106572715288,-7.03817489565373,1.84895833333334));
#6953=CARTESIAN_POINT('Ctrl Pts',(76.0176062537049,-6.16011350167948,1.89062500000001));
#6954=CARTESIAN_POINT('Ctrl Pts',(75.5106572715288,-5.28205210770523,1.93229166666667));
#6955=CARTESIAN_POINT('Ctrl Pts',(75.0037082893528,-4.40399071373098,1.97395833333334));
#6956=CARTESIAN_POINT('Ctrl Pts',(73.9898103250006,-4.40399071373098,2.01562500000001));
#6957=CARTESIAN_POINT('Ctrl Pts',(72.9759123606486,-4.40399071373098,2.05729166666667));
#6958=CARTESIAN_POINT('Ctrl Pts',(72.4689633784725,-5.28205210770523,2.09895833333334));
#6959=CARTESIAN_POINT('Ctrl Pts',(71.9620143962964,-6.16011350167948,2.14062500000001));
#6960=CARTESIAN_POINT('Ctrl Pts',(72.4689633784725,-7.03817489565373,2.18229166666667));
#6961=CARTESIAN_POINT('Ctrl Pts',(72.9759123606486,-7.91623628962798,2.22395833333334));
#6962=CARTESIAN_POINT('Ctrl Pts',(73.9898103250006,-7.91623628962798,2.26562500000001));
#6963=CARTESIAN_POINT('Ctrl Pts',(75.0037082893528,-7.91623628962798,2.30729166666667));
#6964=CARTESIAN_POINT('Ctrl Pts',(75.5106572715288,-7.03817489565373,2.34895833333334));
#6965=CARTESIAN_POINT('Ctrl Pts',(76.0176062537049,-6.16011350167948,2.39062500000001));
#6966=CARTESIAN_POINT('Ctrl Pts',(75.5106572715288,-5.28205210770523,2.43229166666667));
#6967=CARTESIAN_POINT('Ctrl Pts',(75.0037082893528,-4.40399071373098,2.47395833333334));
#6968=CARTESIAN_POINT('Ctrl Pts',(73.9898103250006,-4.40399071373098,2.515625));
#6969=CARTESIAN_POINT('Ctrl Pts',(72.9759123606486,-4.40399071373098,2.55729166666667));
#6970=CARTESIAN_POINT('Ctrl Pts',(72.4689633784725,-5.28205210770523,2.59895833333334));
#6971=CARTESIAN_POINT('Ctrl Pts',(71.9620143962964,-6.16011350167948,2.640625));
#6972=CARTESIAN_POINT('Ctrl Pts',(72.4689633784725,-7.03817489565373,2.68229166666667));
#6973=CARTESIAN_POINT('Ctrl Pts',(72.9759123606486,-7.91623628962798,2.72395833333334));
#6974=CARTESIAN_POINT('Ctrl Pts',(73.9898103250006,-7.91623628962798,2.765625));
#6975=CARTESIAN_POINT('Ctrl Pts',(75.0037082893528,-7.91623628962798,2.80729166666667));
#6976=CARTESIAN_POINT('Ctrl Pts',(75.5106572715288,-7.03817489565373,2.84895833333334));
#6977=CARTESIAN_POINT('Ctrl Pts',(76.0176062537049,-6.16011350167948,2.890625));
#6978=CARTESIAN_POINT('Ctrl Pts',(75.5106572715288,-5.28205210770523,2.93229166666667));
#6979=CARTESIAN_POINT('Ctrl Pts',(75.0037082893528,-4.40399071373098,2.97395833333334));
#6980=CARTESIAN_POINT('Ctrl Pts',(73.9898103250006,-4.40399071373098,3.015625));
#6981=CARTESIAN_POINT('Ctrl Pts',(72.9759123606486,-4.40399071373098,3.05729166666667));
#6982=CARTESIAN_POINT('Ctrl Pts',(72.4689633784725,-5.28205210770523,3.09895833333334));
#6983=CARTESIAN_POINT('Ctrl Pts',(71.9620143962964,-6.16011350167948,3.140625));
#6984=CARTESIAN_POINT('Ctrl Pts',(72.4689633784725,-7.03817489565373,3.18229166666667));
#6985=CARTESIAN_POINT('Ctrl Pts',(72.9759123606486,-7.91623628962798,3.22395833333334));
#6986=CARTESIAN_POINT('Ctrl Pts',(73.9898103250006,-7.91623628962798,3.26562500000001));
#6987=CARTESIAN_POINT('Ctrl Pts',(75.0037082893528,-7.91623628962798,3.30729166666667));
#6988=CARTESIAN_POINT('Ctrl Pts',(75.5106572715288,-7.03817489565373,3.34895833333334));
#6989=CARTESIAN_POINT('Ctrl Pts',(76.0176062537049,-6.16011350167948,3.390625));
#6990=CARTESIAN_POINT('Ctrl Pts',(75.5106572715288,-5.28205210770523,3.43229166666667));
#6991=CARTESIAN_POINT('Ctrl Pts',(75.0037082893528,-4.40399071373098,3.47395833333334));
#6992=CARTESIAN_POINT('Ctrl Pts',(73.9898103250006,-4.40399071373098,3.51562500000001));
#6993=CARTESIAN_POINT('Ctrl Pts',(72.9759123606486,-4.40399071373098,3.55729166666667));
#6994=CARTESIAN_POINT('Ctrl Pts',(72.4689633784725,-5.28205210770523,3.59895833333334));
#6995=CARTESIAN_POINT('Ctrl Pts',(71.9620143962964,-6.16011350167948,3.64062500000001));
#6996=CARTESIAN_POINT('Ctrl Pts',(72.4689633784725,-7.03817489565373,3.68229166666667));
#6997=CARTESIAN_POINT('Ctrl Pts',(72.9759123606486,-7.91623628962798,3.72395833333334));
#6998=CARTESIAN_POINT('Ctrl Pts',(73.9898103250006,-7.91623628962798,3.76562500000001));
#6999=CARTESIAN_POINT('Ctrl Pts',(75.0037082893528,-7.91623628962798,3.80729166666667));
#7000=CARTESIAN_POINT('Ctrl Pts',(75.5106572715288,-7.03817489565373,3.84895833333334));
#7001=CARTESIAN_POINT('Ctrl Pts',(76.0176062537049,-6.16011350167948,3.890625));
#7002=CARTESIAN_POINT('Ctrl Pts',(75.5106572715288,-5.28205210770523,3.93229166666667));
#7003=CARTESIAN_POINT('Ctrl Pts',(75.0037082893528,-4.40399071373098,3.97395833333334));
#7004=CARTESIAN_POINT('Ctrl Pts',(73.9898103250006,-4.40399071373098,4.01562500000001));
#7005=CARTESIAN_POINT('Ctrl Pts',(72.9759123606486,-4.40399071373098,4.05729166666667));
#7006=CARTESIAN_POINT('Ctrl Pts',(72.4689633784725,-5.28205210770523,4.09895833333334));
#7007=CARTESIAN_POINT('Ctrl Pts',(71.9620143962964,-6.16011350167948,4.14062500000001));
#7008=CARTESIAN_POINT('Ctrl Pts',(72.4689633784725,-7.03817489565373,4.18229166666667));
#7009=CARTESIAN_POINT('Ctrl Pts',(72.9759123606486,-7.91623628962798,4.22395833333334));
#7010=CARTESIAN_POINT('Ctrl Pts',(73.9898103250006,-7.91623628962798,4.26562500000001));
#7011=CARTESIAN_POINT('Ctrl Pts',(75.0037082893528,-7.91623628962798,4.30729166666667));
#7012=CARTESIAN_POINT('Ctrl Pts',(75.5106572715288,-7.03817489565373,4.34895833333334));
#7013=CARTESIAN_POINT('Ctrl Pts',(76.0176062537049,-6.16011350167948,4.390625));
#7014=CARTESIAN_POINT('Ctrl Pts',(75.5106572715288,-5.28205210770523,4.43229166666667));
#7015=CARTESIAN_POINT('Ctrl Pts',(75.0037082893528,-4.40399071373098,4.47395833333334));
#7016=CARTESIAN_POINT('Ctrl Pts',(73.9898103250006,-4.40399071373098,4.515625));
#7017=CARTESIAN_POINT('Ctrl Pts',(72.9759123606486,-4.40399071373098,4.55729166666667));
#7018=CARTESIAN_POINT('Ctrl Pts',(72.4689633784725,-5.28205210770523,4.59895833333334));
#7019=CARTESIAN_POINT('Ctrl Pts',(71.9620143962964,-6.16011350167948,4.64062500000001));
#7020=CARTESIAN_POINT('Ctrl Pts',(72.4689633784725,-7.03817489565373,4.68229166666667));
#7021=CARTESIAN_POINT('Ctrl Pts',(72.9759123606486,-7.91623628962798,4.72395833333334));
#7022=CARTESIAN_POINT('Ctrl Pts',(73.9898103250006,-7.91623628962798,4.765625));
#7023=CARTESIAN_POINT('Ctrl Pts',(75.0037082893528,-7.91623628962798,4.80729166666667));
#7024=CARTESIAN_POINT('Ctrl Pts',(75.5106572715288,-7.03817489565373,4.84895833333334));
#7025=CARTESIAN_POINT('Ctrl Pts',(76.0176062537049,-6.16011350167948,4.89062500000001));
#7026=CARTESIAN_POINT('Ctrl Pts',(75.5106572715288,-5.28205210770523,4.93229166666667));
#7027=CARTESIAN_POINT('Ctrl Pts',(75.0037082893528,-4.40399071373098,4.97395833333334));
#7028=CARTESIAN_POINT('Ctrl Pts',(73.9898103250006,-4.40399071373098,5.015625));
#7029=CARTESIAN_POINT('Ctrl Pts',(72.9759123606486,-4.40399071373098,5.05729166666667));
#7030=CARTESIAN_POINT('Ctrl Pts',(72.4689633784725,-5.28205210770523,5.09895833333334));
#7031=CARTESIAN_POINT('Ctrl Pts',(71.9620143962964,-6.16011350167948,5.14062500000001));
#7032=CARTESIAN_POINT('Ctrl Pts',(72.4689633784725,-7.03817489565373,5.18229166666667));
#7033=CARTESIAN_POINT('Ctrl Pts',(72.9759123606486,-7.91623628962798,5.22395833333334));
#7034=CARTESIAN_POINT('Ctrl Pts',(73.9898103250006,-7.91623628962798,5.26562500000001));
#7035=CARTESIAN_POINT('Ctrl Pts',(75.0037082893528,-7.91623628962798,5.30729166666667));
#7036=CARTESIAN_POINT('Ctrl Pts',(75.5106572715288,-7.03817489565373,5.34895833333334));
#7037=CARTESIAN_POINT('Ctrl Pts',(76.0176062537049,-6.16011350167948,5.39062500000001));
#7038=CARTESIAN_POINT('Ctrl Pts',(75.5106572715288,-5.28205210770523,5.43229166666667));
#7039=CARTESIAN_POINT('Ctrl Pts',(75.0037082893528,-4.40399071373098,5.47395833333334));
#7040=CARTESIAN_POINT('Ctrl Pts',(73.9898103250006,-4.40399071373098,5.51562500000001));
#7041=CARTESIAN_POINT('Ctrl Pts',(72.9759123606486,-4.40399071373098,5.55729166666667));
#7042=CARTESIAN_POINT('Ctrl Pts',(72.4689633784725,-5.28205210770523,5.59895833333334));
#7043=CARTESIAN_POINT('Ctrl Pts',(71.9620143962964,-6.16011350167948,5.64062500000001));
#7044=CARTESIAN_POINT('Ctrl Pts',(72.4689633784725,-7.03817489565373,5.68229166666667));
#7045=CARTESIAN_POINT('Ctrl Pts',(72.9759123606486,-7.91623628962798,5.72395833333334));
#7046=CARTESIAN_POINT('Ctrl Pts',(73.9898103250006,-7.91623628962798,5.76562500000001));
#7047=CARTESIAN_POINT('Ctrl Pts',(75.0037082893528,-7.91623628962798,5.80729166666667));
#7048=CARTESIAN_POINT('Ctrl Pts',(75.5106572715288,-7.03817489565373,5.84895833333334));
#7049=CARTESIAN_POINT('Ctrl Pts',(76.0176062537049,-6.16011350167948,5.89062500000001));
#7050=CARTESIAN_POINT('Ctrl Pts',(75.5106572715288,-5.28205210770523,5.93229166666667));
#7051=CARTESIAN_POINT('Ctrl Pts',(75.0037082893528,-4.40399071373098,5.97395833333334));
#7052=CARTESIAN_POINT('Ctrl Pts',(73.9898103250006,-4.40399071373098,6.01562500000001));
#7053=CARTESIAN_POINT('Ctrl Pts',(72.9759123606486,-4.40399071373098,6.05729166666667));
#7054=CARTESIAN_POINT('Ctrl Pts',(72.4689633784725,-5.28205210770523,6.09895833333334));
#7055=CARTESIAN_POINT('Ctrl Pts',(71.9620143962964,-6.16011350167948,6.14062500000001));
#7056=CARTESIAN_POINT('Ctrl Pts',(72.4689633784725,-7.03817489565373,6.18229166666667));
#7057=CARTESIAN_POINT('Ctrl Pts',(72.9759123606486,-7.91623628962798,6.22395833333334));
#7058=CARTESIAN_POINT('Ctrl Pts',(73.9898103250006,-7.91623628962798,6.265625));
#7059=CARTESIAN_POINT('Ctrl Pts',(75.0037082893528,-7.91623628962798,6.30729166666667));
#7060=CARTESIAN_POINT('Ctrl Pts',(75.5106572715288,-7.03817489565373,6.34895833333334));
#7061=CARTESIAN_POINT('Ctrl Pts',(76.0176062537049,-6.16011350167948,6.39062500000001));
#7062=CARTESIAN_POINT('Ctrl Pts',(75.5106572715288,-5.28205210770523,6.43229166666667));
#7063=CARTESIAN_POINT('Ctrl Pts',(75.0037082893528,-4.40399071373098,6.47395833333334));
#7064=CARTESIAN_POINT('Ctrl Pts',(73.9898103250006,-4.40399071373098,6.51562500000001));
#7065=CARTESIAN_POINT('Ctrl Pts',(72.9759123606486,-4.40399071373098,6.55729166666667));
#7066=CARTESIAN_POINT('Ctrl Pts',(72.4689633784725,-5.28205210770523,6.59895833333334));
#7067=CARTESIAN_POINT('Ctrl Pts',(71.9620143962964,-6.16011350167948,6.640625));
#7068=CARTESIAN_POINT('Ctrl Pts',(72.4689633784725,-7.03817489565373,6.68229166666667));
#7069=CARTESIAN_POINT('Ctrl Pts',(72.9759123606486,-7.91623628962798,6.72395833333334));
#7070=CARTESIAN_POINT('Ctrl Pts',(73.9898103250006,-7.91623628962798,6.765625));
#7071=CARTESIAN_POINT('Ctrl Pts',(75.0037082893528,-7.91623628962798,6.80729166666667));
#7072=CARTESIAN_POINT('Ctrl Pts',(75.5106572715288,-7.03817489565373,6.84895833333334));
#7073=CARTESIAN_POINT('Ctrl Pts',(76.0176062537049,-6.16011350167948,6.890625));
#7074=CARTESIAN_POINT('Ctrl Pts',(75.5106572715288,-5.28205210770523,6.93229166666667));
#7075=CARTESIAN_POINT('Ctrl Pts',(75.0037082893528,-4.40399071373098,6.97395833333334));
#7076=CARTESIAN_POINT('Ctrl Pts',(73.9898103250006,-4.40399071373098,7.01562500000001));
#7077=CARTESIAN_POINT('Ctrl Pts',(72.9759123606486,-4.40399071373098,7.05729166666667));
#7078=CARTESIAN_POINT('Ctrl Pts',(72.4689633784725,-5.28205210770523,7.09895833333334));
#7079=CARTESIAN_POINT('Ctrl Pts',(71.9620143962964,-6.16011350167948,7.14062500000001));
#7080=CARTESIAN_POINT('Ctrl Pts',(72.4689633784725,-7.03817489565373,7.18229166666667));
#7081=CARTESIAN_POINT('Ctrl Pts',(72.9759123606486,-7.91623628962798,7.22395833333334));
#7082=CARTESIAN_POINT('Ctrl Pts',(73.9898103250006,-7.91623628962798,7.265625));
#7083=CARTESIAN_POINT('Ctrl Pts',(75.0037082893528,-7.91623628962798,7.30729166666667));
#7084=CARTESIAN_POINT('Ctrl Pts',(75.5106572715288,-7.03817489565373,7.34895833333334));
#7085=CARTESIAN_POINT('Ctrl Pts',(76.0176062537049,-6.16011350167948,7.39062500000001));
#7086=CARTESIAN_POINT('Ctrl Pts',(75.5106572715288,-5.28205210770523,7.43229166666667));
#7087=CARTESIAN_POINT('Ctrl Pts',(75.0037082893528,-4.40399071373098,7.47395833333334));
#7088=CARTESIAN_POINT('Ctrl Pts',(73.9898103250006,-4.40399071373098,7.51562500000001));
#7089=CARTESIAN_POINT('Ctrl Pts',(72.9759123606486,-4.40399071373098,7.55729166666667));
#7090=CARTESIAN_POINT('Ctrl Pts',(72.4689633784725,-5.28205210770523,7.59895833333334));
#7091=CARTESIAN_POINT('Ctrl Pts',(71.9620143962964,-6.16011350167948,7.64062500000001));
#7092=CARTESIAN_POINT('Ctrl Pts',(72.4689633784725,-7.03817489565373,7.68229166666667));
#7093=CARTESIAN_POINT('Ctrl Pts',(72.9759123606486,-7.91623628962798,7.72395833333334));
#7094=CARTESIAN_POINT('Ctrl Pts',(73.9898103250006,-7.91623628962798,7.76562500000001));
#7095=CARTESIAN_POINT('Ctrl Pts',(75.0037082893528,-7.91623628962798,7.80729166666667));
#7096=CARTESIAN_POINT('Ctrl Pts',(75.5106572715288,-7.03817489565373,7.84895833333334));
#7097=CARTESIAN_POINT('Ctrl Pts',(76.0176062537049,-6.16011350167948,7.89062500000001));
#7098=CARTESIAN_POINT('Ctrl Pts',(75.5106572715288,-5.28205210770523,7.93229166666667));
#7099=CARTESIAN_POINT('Ctrl Pts',(75.0037082893528,-4.40399071373098,7.97395833333334));
#7100=CARTESIAN_POINT('Ctrl Pts',(73.9898103250006,-4.40399071373098,8.01562500000001));
#7101=CARTESIAN_POINT('Ctrl Pts',(72.9759123606486,-4.40399071373098,8.05729166666667));
#7102=CARTESIAN_POINT('Ctrl Pts',(72.4689633784725,-5.28205210770523,8.09895833333334));
#7103=CARTESIAN_POINT('Ctrl Pts',(71.9620143962964,-6.16011350167948,8.14062500000001));
#7104=CARTESIAN_POINT('Ctrl Pts',(72.4689633784725,-7.03817489565373,8.18229166666667));
#7105=CARTESIAN_POINT('Ctrl Pts',(72.9759123606486,-7.91623628962798,8.22395833333334));
#7106=CARTESIAN_POINT('Ctrl Pts',(73.9898103250006,-7.91623628962798,8.265625));
#7107=CARTESIAN_POINT('Ctrl Pts',(75.0037082893528,-7.91623628962798,8.30729166666667));
#7108=CARTESIAN_POINT('Ctrl Pts',(75.5106572715288,-7.03817489565373,8.34895833333334));
#7109=CARTESIAN_POINT('Ctrl Pts',(76.0176062537049,-6.16011350167948,8.39062500000001));
#7110=CARTESIAN_POINT('Ctrl Pts',(75.5106572715288,-5.28205210770523,8.43229166666667));
#7111=CARTESIAN_POINT('Ctrl Pts',(75.0037082893528,-4.40399071373098,8.47395833333334));
#7112=CARTESIAN_POINT('Ctrl Pts',(73.9898103250006,-4.40399071373098,8.515625));
#7113=CARTESIAN_POINT('Ctrl Pts',(72.9759123606486,-4.40399071373098,8.55729166666667));
#7114=CARTESIAN_POINT('Ctrl Pts',(72.4689633784725,-5.28205210770523,8.59895833333334));
#7115=CARTESIAN_POINT('Ctrl Pts',(71.9620143962964,-6.16011350167948,8.64062500000001));
#7116=CARTESIAN_POINT('Ctrl Pts',(72.4689633784725,-7.03817489565373,8.68229166666667));
#7117=CARTESIAN_POINT('Ctrl Pts',(72.9759123606486,-7.91623628962798,8.72395833333334));
#7118=CARTESIAN_POINT('Ctrl Pts',(73.9898103250006,-7.91623628962798,8.76562500000001));
#7119=CARTESIAN_POINT('Ctrl Pts',(75.0037082893528,-7.91623628962798,8.80729166666667));
#7120=CARTESIAN_POINT('Ctrl Pts',(75.5106572715288,-7.03817489565373,8.84895833333334));
#7121=CARTESIAN_POINT('Ctrl Pts',(76.0176062537049,-6.16011350167948,8.89062500000001));
#7122=CARTESIAN_POINT('Ctrl Pts',(75.5106572715288,-5.28205210770523,8.93229166666667));
#7123=CARTESIAN_POINT('Ctrl Pts',(75.0037082893528,-4.40399071373098,8.97395833333334));
#7124=CARTESIAN_POINT('Ctrl Pts',(73.9898103250006,-4.40399071373098,9.01562500000001));
#7125=CARTESIAN_POINT('Ctrl Pts',(72.9759123606486,-4.40399071373098,9.05729166666667));
#7126=CARTESIAN_POINT('Ctrl Pts',(72.4689633784725,-5.28205210770523,9.09895833333334));
#7127=CARTESIAN_POINT('Ctrl Pts',(71.9620143962964,-6.16011350167948,9.14062500000001));
#7128=CARTESIAN_POINT('Ctrl Pts',(72.4689633784725,-7.03817489565373,9.18229166666667));
#7129=CARTESIAN_POINT('Ctrl Pts',(72.9759123606486,-7.91623628962798,9.22395833333334));
#7130=CARTESIAN_POINT('Ctrl Pts',(73.9898103250006,-7.91623628962798,9.26562500000001));
#7131=CARTESIAN_POINT('Ctrl Pts',(75.0037082893528,-7.91623628962798,9.30729166666667));
#7132=CARTESIAN_POINT('Ctrl Pts',(75.5106572715288,-7.03817489565373,9.34895833333334));
#7133=CARTESIAN_POINT('Ctrl Pts',(76.0176062537049,-6.16011350167948,9.39062500000001));
#7134=CARTESIAN_POINT('Ctrl Pts',(75.5106572715288,-5.28205210770523,9.43229166666667));
#7135=CARTESIAN_POINT('Ctrl Pts',(75.0037082893528,-4.40399071373098,9.47395833333334));
#7136=CARTESIAN_POINT('Ctrl Pts',(73.9898103250006,-4.40399071373098,9.51562500000001));
#7137=CARTESIAN_POINT('Ctrl Pts',(72.9759123606486,-4.40399071373098,9.55729166666667));
#7138=CARTESIAN_POINT('Ctrl Pts',(72.4689633784725,-5.28205210770523,9.59895833333334));
#7139=CARTESIAN_POINT('Ctrl Pts',(71.9620143962964,-6.16011350167948,9.64062500000001));
#7140=CARTESIAN_POINT('Ctrl Pts',(72.4689633784725,-7.03817489565373,9.68229166666667));
#7141=CARTESIAN_POINT('Ctrl Pts',(72.9759123606486,-7.91623628962798,9.72395833333334));
#7142=CARTESIAN_POINT('Ctrl Pts',(73.9898103250006,-7.91623628962798,9.76562500000001));
#7143=CARTESIAN_POINT('Ctrl Pts',(75.0037082893528,-7.91623628962798,9.80729166666667));
#7144=CARTESIAN_POINT('Ctrl Pts',(75.5106572715288,-7.03817489565373,9.84895833333334));
#7145=CARTESIAN_POINT('Ctrl Pts',(76.0176062537049,-6.16011350167948,9.89062500000001));
#7146=CARTESIAN_POINT('Ctrl Pts',(75.5106572715288,-5.28205210770523,9.93229166666667));
#7147=CARTESIAN_POINT('Ctrl Pts',(75.0037082893528,-4.40399071373098,9.97395833333334));
#7148=CARTESIAN_POINT('Ctrl Pts',(73.9898103250006,-4.40399071373098,10.015625));
#7149=CARTESIAN_POINT('Ctrl Pts',(72.9759123606486,-4.40399071373098,10.0572916666667));
#7150=CARTESIAN_POINT('Ctrl Pts',(72.4689633784725,-5.28205210770523,10.0989583333333));
#7151=CARTESIAN_POINT('Ctrl Pts',(71.9620143962964,-6.16011350167948,10.140625));
#7152=CARTESIAN_POINT('Ctrl Pts',(72.4689633784725,-7.03817489565373,10.1822916666667));
#7153=CARTESIAN_POINT('Ctrl Pts',(72.9759123606486,-7.91623628962798,10.2239583333333));
#7154=CARTESIAN_POINT('Ctrl Pts',(73.9898103250006,-7.91623628962798,10.265625));
#7155=CARTESIAN_POINT('Ctrl Pts',(75.0037082893528,-7.91623628962798,10.3072916666667));
#7156=CARTESIAN_POINT('Ctrl Pts',(75.5106572715288,-7.03817489565373,10.3489583333333));
#7157=CARTESIAN_POINT('Ctrl Pts',(76.0176062537049,-6.16011350167948,10.390625));
#7158=CARTESIAN_POINT('Ctrl Pts',(75.5106572715288,-5.28205210770523,10.4322916666667));
#7159=CARTESIAN_POINT('Ctrl Pts',(75.0037082893528,-4.40399071373098,10.4739583333333));
#7160=CARTESIAN_POINT('Ctrl Pts',(73.9898103250006,-4.40399071373098,10.515625));
#7161=CARTESIAN_POINT('Ctrl Pts',(72.9759123606486,-4.40399071373098,10.5572916666667));
#7162=CARTESIAN_POINT('Ctrl Pts',(72.4689633784725,-5.28205210770523,10.5989583333333));
#7163=CARTESIAN_POINT('Ctrl Pts',(71.9620143962964,-6.16011350167948,10.640625));
#7164=CARTESIAN_POINT('Ctrl Pts',(72.4689633784725,-7.03817489565373,10.6822916666667));
#7165=CARTESIAN_POINT('Ctrl Pts',(72.9759123606486,-7.91623628962798,10.7239583333333));
#7166=CARTESIAN_POINT('Ctrl Pts',(73.9898103250006,-7.91623628962798,10.765625));
#7167=CARTESIAN_POINT('Ctrl Pts',(75.0037082893528,-7.91623628962798,10.8072916666667));
#7168=CARTESIAN_POINT('Ctrl Pts',(75.5106572715288,-7.03817489565373,10.8489583333333));
#7169=CARTESIAN_POINT('Ctrl Pts',(76.0176062537049,-6.16011350167948,10.890625));
#7170=CARTESIAN_POINT('Ctrl Pts',(75.5106572715288,-5.28205210770523,10.9322916666667));
#7171=CARTESIAN_POINT('Ctrl Pts',(75.0037082893528,-4.40399071373098,10.9739583333333));
#7172=CARTESIAN_POINT('Ctrl Pts',(73.9898103250006,-4.40399071373098,11.015625));
#7173=CARTESIAN_POINT('Ctrl Pts',(72.9759123606486,-4.40399071373098,11.0572916666667));
#7174=CARTESIAN_POINT('Ctrl Pts',(72.4689633784725,-5.28205210770523,11.0989583333333));
#7175=CARTESIAN_POINT('Ctrl Pts',(71.9620143962964,-6.16011350167948,11.140625));
#7176=CARTESIAN_POINT('Ctrl Pts',(72.4689633784725,-7.03817489565373,11.1822916666667));
#7177=CARTESIAN_POINT('Ctrl Pts',(72.9759123606486,-7.91623628962798,11.2239583333333));
#7178=CARTESIAN_POINT('Ctrl Pts',(73.9898103250006,-7.91623628962798,11.265625));
#7179=CARTESIAN_POINT('Ctrl Pts',(75.0037082893528,-7.91623628962798,11.3072916666667));
#7180=CARTESIAN_POINT('Ctrl Pts',(75.5106572715288,-7.03817489565373,11.3489583333333));
#7181=CARTESIAN_POINT('Ctrl Pts',(76.0176062537049,-6.16011350167948,11.390625));
#7182=CARTESIAN_POINT('Ctrl Pts',(75.5106572715288,-5.28205210770523,11.4322916666667));
#7183=CARTESIAN_POINT('Ctrl Pts',(75.0037082893528,-4.40399071373098,11.4739583333333));
#7184=CARTESIAN_POINT('Ctrl Pts',(73.9898103250006,-4.40399071373098,11.515625));
#7185=CARTESIAN_POINT('Ctrl Pts',(72.9759123606486,-4.40399071373098,11.5572916666667));
#7186=CARTESIAN_POINT('Ctrl Pts',(72.4689633784725,-5.28205210770523,11.5989583333333));
#7187=CARTESIAN_POINT('Ctrl Pts',(71.9620143962964,-6.16011350167948,11.640625));
#7188=CARTESIAN_POINT('Ctrl Pts',(72.4689633784725,-7.03817489565373,11.6822916666667));
#7189=CARTESIAN_POINT('Ctrl Pts',(72.9759123606486,-7.91623628962798,11.7239583333333));
#7190=CARTESIAN_POINT('Ctrl Pts',(73.9898103250006,-7.91623628962798,11.765625));
#7191=CARTESIAN_POINT('Ctrl Pts',(75.0037082893528,-7.91623628962798,11.8072916666667));
#7192=CARTESIAN_POINT('Ctrl Pts',(75.5106572715288,-7.03817489565373,11.8489583333333));
#7193=CARTESIAN_POINT('Ctrl Pts',(76.0176062537049,-6.16011350167948,11.890625));
#7194=CARTESIAN_POINT('Ctrl Pts',(75.5106572715288,-5.28205210770523,11.9322916666667));
#7195=CARTESIAN_POINT('Ctrl Pts',(75.0037082893528,-4.40399071373098,11.9739583333333));
#7196=CARTESIAN_POINT('Ctrl Pts',(73.9898103250006,-4.40399071373098,12.015625));
#7197=CARTESIAN_POINT('Ctrl Pts',(72.9759123606486,-4.40399071373098,12.0572916666667));
#7198=CARTESIAN_POINT('Ctrl Pts',(72.4689633784725,-5.28205210770523,12.0989583333333));
#7199=CARTESIAN_POINT('Ctrl Pts',(71.9620143962964,-6.16011350167948,12.140625));
#7200=CARTESIAN_POINT('Ctrl Pts',(72.4689633784725,-7.03817489565373,12.1822916666667));
#7201=CARTESIAN_POINT('Ctrl Pts',(72.9759123606486,-7.91623628962798,12.2239583333333));
#7202=CARTESIAN_POINT('Ctrl Pts',(73.9898103250006,-7.91623628962798,12.265625));
#7203=CARTESIAN_POINT('Ctrl Pts',(75.0037082893528,-7.91623628962798,12.3072916666667));
#7204=CARTESIAN_POINT('Ctrl Pts',(75.5106572715288,-7.03817489565373,12.3489583333333));
#7205=CARTESIAN_POINT('Ctrl Pts',(76.0176062537049,-6.16011350167948,12.390625));
#7206=CARTESIAN_POINT('Ctrl Pts',(75.5106572715288,-5.28205210770523,12.4322916666667));
#7207=CARTESIAN_POINT('Ctrl Pts',(75.0037082893528,-4.40399071373098,12.4739583333333));
#7208=CARTESIAN_POINT('Ctrl Pts',(73.9898103250006,-4.40399071373098,12.515625));
#7209=CARTESIAN_POINT('Ctrl Pts',(72.9759123606486,-4.40399071373098,12.5572916666667));
#7210=CARTESIAN_POINT('Ctrl Pts',(72.4689633784725,-5.28205210770523,12.5989583333333));
#7211=CARTESIAN_POINT('Ctrl Pts',(71.9620143962964,-6.16011350167948,12.640625));
#7212=CARTESIAN_POINT('Ctrl Pts',(72.4689633784725,-7.03817489565373,12.6822916666667));
#7213=CARTESIAN_POINT('Ctrl Pts',(72.9759123606486,-7.91623628962798,12.7239583333333));
#7214=CARTESIAN_POINT('Ctrl Pts',(73.9898103250006,-7.91623628962798,12.765625));
#7215=CARTESIAN_POINT('Ctrl Pts',(75.0037082893528,-7.91623628962798,12.8072916666667));
#7216=CARTESIAN_POINT('Ctrl Pts',(75.5106572715288,-7.03817489565373,12.8489583333333));
#7217=CARTESIAN_POINT('Ctrl Pts',(76.0176062537049,-6.16011350167948,12.890625));
#7218=CARTESIAN_POINT('Ctrl Pts',(75.5106572715288,-5.28205210770523,12.9322916666667));
#7219=CARTESIAN_POINT('Ctrl Pts',(75.0037082893528,-4.40399071373098,12.9739583333333));
#7220=CARTESIAN_POINT('Ctrl Pts',(73.9898103250006,-4.40399071373098,13.015625));
#7221=CARTESIAN_POINT('Ctrl Pts',(72.9759123606486,-4.40399071373098,13.0572916666667));
#7222=CARTESIAN_POINT('Ctrl Pts',(72.4689633784725,-5.28205210770523,13.0989583333333));
#7223=CARTESIAN_POINT('Ctrl Pts',(71.9620143962964,-6.16011350167948,13.140625));
#7224=CARTESIAN_POINT('Ctrl Pts',(72.4689633784725,-7.03817489565373,13.1822916666667));
#7225=CARTESIAN_POINT('Ctrl Pts',(72.9759123606486,-7.91623628962798,13.2239583333333));
#7226=CARTESIAN_POINT('Ctrl Pts',(73.9898103250006,-7.91623628962798,13.265625));
#7227=CARTESIAN_POINT('Ctrl Pts',(75.0037082893527,-7.91623628962798,13.3072916666667));
#7228=CARTESIAN_POINT('Ctrl Pts',(75.5106572715288,-7.03817489565373,13.3489583333333));
#7229=CARTESIAN_POINT('Ctrl Pts',(76.0176062537049,-6.16011350167948,13.390625));
#7230=CARTESIAN_POINT('Ctrl Pts',(75.5106572715288,-5.28205210770523,13.4322916666667));
#7231=CARTESIAN_POINT('Ctrl Pts',(75.0037082893528,-4.40399071373098,13.4739583333333));
#7232=CARTESIAN_POINT('Ctrl Pts',(73.9898103250006,-4.40399071373098,13.515625));
#7233=CARTESIAN_POINT('Ctrl Pts',(72.9759123606486,-4.40399071373098,13.5572916666667));
#7234=CARTESIAN_POINT('Ctrl Pts',(72.4689633784725,-5.28205210770523,13.5989583333333));
#7235=CARTESIAN_POINT('Ctrl Pts',(71.9620143962964,-6.16011350167948,13.640625));
#7236=CARTESIAN_POINT('Ctrl Pts',(72.4689633784725,-7.03817489565373,13.6822916666667));
#7237=CARTESIAN_POINT('Ctrl Pts',(72.9759123606486,-7.91623628962798,13.7239583333333));
#7238=CARTESIAN_POINT('Ctrl Pts',(73.9898103250006,-7.91623628962798,13.765625));
#7239=CARTESIAN_POINT('Ctrl Pts',(75.0037082893527,-7.91623628962798,13.8072916666667));
#7240=CARTESIAN_POINT('Ctrl Pts',(75.5106572715288,-7.03817489565373,13.8489583333333));
#7241=CARTESIAN_POINT('Ctrl Pts',(76.0176062537049,-6.16011350167948,13.890625));
#7242=CARTESIAN_POINT('Ctrl Pts',(75.5106572715288,-5.28205210770523,13.9322916666667));
#7243=CARTESIAN_POINT('Ctrl Pts',(75.0037082893528,-4.40399071373098,13.9739583333333));
#7244=CARTESIAN_POINT('Ctrl Pts',(73.9898103250006,-4.40399071373098,14.015625));
#7245=CARTESIAN_POINT('Ctrl Pts',(72.9759123606486,-4.40399071373098,14.0572916666667));
#7246=CARTESIAN_POINT('Ctrl Pts',(72.4689633784725,-5.28205210770523,14.0989583333333));
#7247=CARTESIAN_POINT('Ctrl Pts',(71.9620143962964,-6.16011350167948,14.140625));
#7248=CARTESIAN_POINT('Ctrl Pts',(72.4689633784725,-7.03817489565373,14.1822916666667));
#7249=CARTESIAN_POINT('Ctrl Pts',(72.9759123606486,-7.91623628962798,14.2239583333333));
#7250=CARTESIAN_POINT('Ctrl Pts',(73.9898103250006,-7.91623628962798,14.265625));
#7251=CARTESIAN_POINT('Ctrl Pts',(75.0037082893527,-7.91623628962798,14.3072916666667));
#7252=CARTESIAN_POINT('Ctrl Pts',(75.5106572715288,-7.03817489565373,14.3489583333333));
#7253=CARTESIAN_POINT('Ctrl Pts',(76.0176062537049,-6.16011350167948,14.390625));
#7254=CARTESIAN_POINT('Ctrl Pts',(75.5106572715288,-5.28205210770523,14.4322916666667));
#7255=CARTESIAN_POINT('Ctrl Pts',(75.0037082893528,-4.40399071373098,14.4739583333333));
#7256=CARTESIAN_POINT('Ctrl Pts',(73.9898103250006,-4.40399071373098,14.515625));
#7257=CARTESIAN_POINT('Ctrl Pts',(72.9759123606486,-4.40399071373098,14.5572916666667));
#7258=CARTESIAN_POINT('Ctrl Pts',(72.4689633784725,-5.28205210770523,14.5989583333333));
#7259=CARTESIAN_POINT('Ctrl Pts',(71.9620143962964,-6.16011350167947,14.640625));
#7260=CARTESIAN_POINT('Ctrl Pts',(72.4689633784725,-7.03817489565373,14.6822916666667));
#7261=CARTESIAN_POINT('Ctrl Pts',(72.9759123606486,-7.91623628962798,14.7239583333333));
#7262=CARTESIAN_POINT('Ctrl Pts',(73.9898103250006,-7.91623628962798,14.765625));
#7263=CARTESIAN_POINT('Ctrl Pts',(75.0037082893527,-7.91623628962798,14.8072916666667));
#7264=CARTESIAN_POINT('Ctrl Pts',(75.5106572715288,-7.03817489565373,14.8489583333333));
#7265=CARTESIAN_POINT('Ctrl Pts',(76.0176062537049,-6.16011350167948,14.890625));
#7266=CARTESIAN_POINT('Ctrl Pts',(75.5106572715288,-5.28205210770523,14.9322916666667));
#7267=CARTESIAN_POINT('Ctrl Pts',(75.0037082893528,-4.40399071373098,14.9739583333333));
#7268=CARTESIAN_POINT('Ctrl Pts',(73.9898103250006,-4.40399071373098,15.015625));
#7269=CARTESIAN_POINT('Ctrl Pts',(72.9759123606486,-4.40399071373098,15.0572916666667));
#7270=CARTESIAN_POINT('Ctrl Pts',(72.4689633784725,-5.28205210770523,15.0989583333333));
#7271=CARTESIAN_POINT('Ctrl Pts',(71.9620143962964,-6.16011350167947,15.140625));
#7272=CARTESIAN_POINT('Ctrl Pts',(72.4689633784725,-7.03817489565373,15.1822916666667));
#7273=CARTESIAN_POINT('Ctrl Pts',(72.9759123606486,-7.91623628962798,15.2239583333333));
#7274=CARTESIAN_POINT('Ctrl Pts',(73.9898103250006,-7.91623628962798,15.265625));
#7275=CARTESIAN_POINT('Ctrl Pts',(75.0037082893527,-7.91623628962798,15.3072916666667));
#7276=CARTESIAN_POINT('Ctrl Pts',(75.5106572715288,-7.03817489565373,15.3489583333333));
#7277=CARTESIAN_POINT('Ctrl Pts',(76.0176062537049,-6.16011350167948,15.390625));
#7278=CARTESIAN_POINT('Ctrl Pts',(75.5106572715288,-5.28205210770523,15.4322916666667));
#7279=CARTESIAN_POINT('Ctrl Pts',(75.0037082893528,-4.40399071373098,15.4739583333333));
#7280=CARTESIAN_POINT('Ctrl Pts',(73.9898103250006,-4.40399071373098,15.515625));
#7281=CARTESIAN_POINT('Ctrl Pts',(72.9759123606486,-4.40399071373098,15.5572916666667));
#7282=CARTESIAN_POINT('Ctrl Pts',(72.4689633784725,-5.28205210770523,15.5989583333333));
#7283=CARTESIAN_POINT('Ctrl Pts',(71.9620143962964,-6.16011350167947,15.640625));
#7284=CARTESIAN_POINT('Ctrl Pts',(72.4689633784725,-7.03817489565373,15.6822916666667));
#7285=CARTESIAN_POINT('Ctrl Pts',(72.9759123606486,-7.91623628962798,15.7239583333333));
#7286=CARTESIAN_POINT('Ctrl Pts',(73.9898103250006,-7.91623628962798,15.765625));
#7287=CARTESIAN_POINT('Ctrl Pts',(75.0037082893527,-7.91623628962798,15.8072916666667));
#7288=CARTESIAN_POINT('Ctrl Pts',(75.5106572715288,-7.03817489565373,15.8489583333333));
#7289=CARTESIAN_POINT('Ctrl Pts',(76.0176062537049,-6.16011350167948,15.890625));
#7290=CARTESIAN_POINT('Ctrl Pts',(75.5106572715288,-5.28205210770523,15.9322916666667));
#7291=CARTESIAN_POINT('Ctrl Pts',(75.0037082893528,-4.40399071373098,15.9739583333333));
#7292=CARTESIAN_POINT('Ctrl Pts',(73.9898103250006,-4.40399071373098,16.015625));
#7293=CARTESIAN_POINT('Ctrl Pts',(72.9759123606486,-4.40399071373098,16.0572916666667));
#7294=CARTESIAN_POINT('Ctrl Pts',(72.4689633784725,-5.28205210770523,16.0989583333333));
#7295=CARTESIAN_POINT('Ctrl Pts',(71.9620143962964,-6.16011350167947,16.140625));
#7296=CARTESIAN_POINT('Ctrl Pts',(72.4689633784725,-7.03817489565373,16.1822916666667));
#7297=CARTESIAN_POINT('Ctrl Pts',(72.9759123606486,-7.91623628962798,16.2239583333333));
#7298=CARTESIAN_POINT('Ctrl Pts',(73.9898103250006,-7.91623628962798,16.265625));
#7299=CARTESIAN_POINT('Ctrl Pts',(75.0037082893527,-7.91623628962798,16.3072916666667));
#7300=CARTESIAN_POINT('Ctrl Pts',(75.5106572715288,-7.03817489565373,16.3489583333333));
#7301=CARTESIAN_POINT('Ctrl Pts',(76.0176062537049,-6.16011350167948,16.390625));
#7302=CARTESIAN_POINT('Ctrl Pts',(75.5106572715288,-5.28205210770523,16.4322916666667));
#7303=CARTESIAN_POINT('Ctrl Pts',(75.0037082893528,-4.40399071373098,16.4739583333333));
#7304=CARTESIAN_POINT('Ctrl Pts',(73.9898103250006,-4.40399071373098,16.515625));
#7305=CARTESIAN_POINT('Ctrl Pts',(72.9759123606486,-4.40399071373098,16.5572916666667));
#7306=CARTESIAN_POINT('Ctrl Pts',(72.4689633784725,-5.28205210770522,16.5989583333333));
#7307=CARTESIAN_POINT('Ctrl Pts',(71.9620143962964,-6.16011350167947,16.640625));
#7308=CARTESIAN_POINT('Ctrl Pts',(72.4689633784725,-7.03817489565373,16.6822916666667));
#7309=CARTESIAN_POINT('Ctrl Pts',(72.9759123606486,-7.91623628962798,16.7239583333333));
#7310=CARTESIAN_POINT('Ctrl Pts',(73.9898103250006,-7.91623628962798,16.765625));
#7311=CARTESIAN_POINT('Ctrl Pts',(75.0037082893527,-7.91623628962798,16.8072916666667));
#7312=CARTESIAN_POINT('Ctrl Pts',(75.5106572715288,-7.03817489565373,16.8489583333333));
#7313=CARTESIAN_POINT('Ctrl Pts',(76.0176062537049,-6.16011350167948,16.890625));
#7314=CARTESIAN_POINT('Ctrl Pts',(75.5106572715288,-5.28205210770523,16.9322916666667));
#7315=CARTESIAN_POINT('Ctrl Pts',(75.0037082893528,-4.40399071373098,16.9739583333333));
#7316=CARTESIAN_POINT('Ctrl Pts',(73.9898103250006,-4.40399071373097,17.015625));
#7317=CARTESIAN_POINT('Ctrl Pts',(72.9759123606486,-4.40399071373098,17.0572916666667));
#7318=CARTESIAN_POINT('Ctrl Pts',(72.4689633784725,-5.28205210770522,17.0989583333333));
#7319=CARTESIAN_POINT('Ctrl Pts',(71.9620143962964,-6.16011350167947,17.140625));
#7320=CARTESIAN_POINT('Ctrl Pts',(72.4689633784725,-7.03817489565373,17.1822916666667));
#7321=CARTESIAN_POINT('Ctrl Pts',(72.9759123606486,-7.91623628962798,17.2239583333333));
#7322=CARTESIAN_POINT('Ctrl Pts',(73.9898103250006,-7.91623628962798,17.265625));
#7323=CARTESIAN_POINT('Ctrl Pts',(75.0037082893527,-7.91623628962798,17.3072916666667));
#7324=CARTESIAN_POINT('Ctrl Pts',(75.5106572715288,-7.03817489565373,17.3489583333333));
#7325=CARTESIAN_POINT('Ctrl Pts',(76.0176062537049,-6.16011350167948,17.390625));
#7326=CARTESIAN_POINT('Ctrl Pts',(75.5106572715288,-5.28205210770523,17.4322916666667));
#7327=CARTESIAN_POINT('Ctrl Pts',(75.0037082893528,-4.40399071373098,17.4739583333333));
#7328=CARTESIAN_POINT('Ctrl Pts',(73.9898103250006,-4.40399071373097,17.515625));
#7329=CARTESIAN_POINT('Ctrl Pts',(72.9759123606486,-4.40399071373098,17.5572916666667));
#7330=CARTESIAN_POINT('Ctrl Pts',(72.4689633784725,-5.28205210770522,17.5989583333333));
#7331=CARTESIAN_POINT('Ctrl Pts',(71.9620143962964,-6.16011350167947,17.640625));
#7332=CARTESIAN_POINT('Ctrl Pts',(72.4689633784725,-7.03817489565373,17.6822916666667));
#7333=CARTESIAN_POINT('Ctrl Pts',(72.9759123606486,-7.91623628962798,17.7239583333333));
#7334=CARTESIAN_POINT('Ctrl Pts',(73.9898103250006,-7.91623628962798,17.765625));
#7335=CARTESIAN_POINT('Ctrl Pts',(75.0037082893527,-7.91623628962798,17.8072916666667));
#7336=CARTESIAN_POINT('Ctrl Pts',(75.5106572715288,-7.03817489565373,17.8489583333333));
#7337=CARTESIAN_POINT('Ctrl Pts',(76.0176062537049,-6.16011350167948,17.890625));
#7338=CARTESIAN_POINT('Ctrl Pts',(75.5106572715288,-5.28205210770523,17.9322916666667));
#7339=CARTESIAN_POINT('Ctrl Pts',(75.0037082893528,-4.40399071373098,17.9739583333333));
#7340=CARTESIAN_POINT('Ctrl Pts',(73.9898103250006,-4.40399071373097,18.015625));
#7341=CARTESIAN_POINT('Ctrl Pts',(72.9759123606486,-4.40399071373098,18.0572916666667));
#7342=CARTESIAN_POINT('Ctrl Pts',(72.4689633784725,-5.28205210770522,18.0989583333333));
#7343=CARTESIAN_POINT('Ctrl Pts',(71.9620143962964,-6.16011350167947,18.140625));
#7344=CARTESIAN_POINT('Ctrl Pts',(72.4689633784725,-7.03817489565373,18.1822916666667));
#7345=CARTESIAN_POINT('Ctrl Pts',(72.9759123606486,-7.91623628962798,18.2239583333333));
#7346=CARTESIAN_POINT('Ctrl Pts',(73.9898103250006,-7.91623628962798,18.265625));
#7347=CARTESIAN_POINT('Ctrl Pts',(75.0037082893527,-7.91623628962798,18.3072916666667));
#7348=CARTESIAN_POINT('Ctrl Pts',(75.5106572715288,-7.03817489565373,18.3489583333333));
#7349=CARTESIAN_POINT('Ctrl Pts',(76.0176062537049,-6.16011350167948,18.390625));
#7350=CARTESIAN_POINT('Ctrl Pts',(75.5106572715288,-5.28205210770523,18.4322916666667));
#7351=CARTESIAN_POINT('Ctrl Pts',(75.0037082893528,-4.40399071373098,18.4739583333333));
#7352=CARTESIAN_POINT('Ctrl Pts',(73.9898103250006,-4.40399071373097,18.515625));
#7353=CARTESIAN_POINT('Ctrl Pts',(72.9759123606486,-4.40399071373098,18.5572916666667));
#7354=CARTESIAN_POINT('Ctrl Pts',(72.4689633784725,-5.28205210770522,18.5989583333333));
#7355=CARTESIAN_POINT('Ctrl Pts',(71.9620143962964,-6.16011350167947,18.640625));
#7356=CARTESIAN_POINT('Ctrl Pts',(72.4689633784725,-7.03817489565373,18.6822916666667));
#7357=CARTESIAN_POINT('Ctrl Pts',(72.9759123606486,-7.91623628962798,18.7239583333333));
#7358=CARTESIAN_POINT('Ctrl Pts',(73.9898103250006,-7.91623628962798,18.765625));
#7359=CARTESIAN_POINT('Ctrl Pts',(75.0037082893527,-7.91623628962798,18.8072916666667));
#7360=CARTESIAN_POINT('Ctrl Pts',(75.5106572715288,-7.03817489565373,18.8489583333333));
#7361=CARTESIAN_POINT('Ctrl Pts',(76.0176062537049,-6.16011350167948,18.890625));
#7362=CARTESIAN_POINT('Ctrl Pts',(75.5106572715288,-5.28205210770523,18.9322916666667));
#7363=CARTESIAN_POINT('Ctrl Pts',(75.0037082893528,-4.40399071373098,18.9739583333333));
#7364=CARTESIAN_POINT('Ctrl Pts',(73.9898103250006,-4.40399071373097,19.015625));
#7365=CARTESIAN_POINT('Ctrl Pts',(72.9759123606486,-4.40399071373098,19.0572916666667));
#7366=CARTESIAN_POINT('Ctrl Pts',(72.4689633784725,-5.28205210770522,19.0989583333333));
#7367=CARTESIAN_POINT('Ctrl Pts',(71.9620143962964,-6.16011350167947,19.140625));
#7368=CARTESIAN_POINT('Ctrl Pts',(72.4689633784725,-7.03817489565373,19.1822916666667));
#7369=CARTESIAN_POINT('Ctrl Pts',(72.9759123606486,-7.91623628962798,19.2239583333333));
#7370=CARTESIAN_POINT('Ctrl Pts',(73.9898103250006,-7.91623628962798,19.265625));
#7371=CARTESIAN_POINT('Ctrl Pts',(75.0037082893527,-7.91623628962798,19.3072916666667));
#7372=CARTESIAN_POINT('Ctrl Pts',(75.5106572715288,-7.03817489565373,19.3489583333333));
#7373=CARTESIAN_POINT('Ctrl Pts',(76.0176062537049,-6.16011350167947,19.390625));
#7374=CARTESIAN_POINT('Ctrl Pts',(75.5106572715288,-5.28205210770523,19.4322916666667));
#7375=CARTESIAN_POINT('Ctrl Pts',(75.0037082893528,-4.40399071373097,19.4739583333333));
#7376=CARTESIAN_POINT('Ctrl Pts',(73.9898103250006,-4.40399071373097,19.515625));
#7377=CARTESIAN_POINT('Ctrl Pts',(72.9759123606486,-4.40399071373097,19.5572916666667));
#7378=CARTESIAN_POINT('Ctrl Pts',(72.4689633784725,-5.28205210770522,19.5989583333333));
#7379=CARTESIAN_POINT('Ctrl Pts',(71.9620143962964,-6.16011350167947,19.640625));
#7380=CARTESIAN_POINT('Ctrl Pts',(72.4689633784725,-7.03817489565373,19.6822916666667));
#7381=CARTESIAN_POINT('Ctrl Pts',(72.9759123606486,-7.91623628962798,19.7239583333333));
#7382=CARTESIAN_POINT('Ctrl Pts',(73.9898103250006,-7.91623628962798,19.765625));
#7383=CARTESIAN_POINT('Ctrl Pts',(75.0037082893527,-7.91623628962798,19.8072916666667));
#7384=CARTESIAN_POINT('Ctrl Pts',(75.5106572715288,-7.03817489565373,19.8489583333333));
#7385=CARTESIAN_POINT('Ctrl Pts',(76.0176062537049,-6.16011350167947,19.890625));
#7386=CARTESIAN_POINT('Ctrl Pts',(75.5106572715288,-5.28205210770523,19.9322916666667));
#7387=CARTESIAN_POINT('Ctrl Pts',(75.0037082893528,-4.40399071373097,19.9739583333333));
#7388=CARTESIAN_POINT('Ctrl Pts',(73.9898103250006,-4.40399071373097,20.015625));
#7389=CARTESIAN_POINT('Ctrl Pts',(72.9759123606486,-4.40399071373097,20.0572916666667));
#7390=CARTESIAN_POINT('Ctrl Pts',(72.4689633784725,-5.28205210770522,20.0989583333333));
#7391=CARTESIAN_POINT('Ctrl Pts',(71.9620143962964,-6.16011350167947,20.140625));
#7392=CARTESIAN_POINT('Ctrl Pts',(72.4689633784725,-7.03817489565373,20.1822916666667));
#7393=CARTESIAN_POINT('Ctrl Pts',(72.9759123606486,-7.91623628962798,20.2239583333333));
#7394=CARTESIAN_POINT('Ctrl Pts',(73.9898103250006,-7.91623628962798,20.265625));
#7395=CARTESIAN_POINT('Ctrl Pts',(75.0037082893527,-7.91623628962798,20.3072916666667));
#7396=CARTESIAN_POINT('Ctrl Pts',(75.5106572715288,-7.03817489565373,20.3489583333333));
#7397=CARTESIAN_POINT('Ctrl Pts',(76.0176062537049,-6.16011350167947,20.390625));
#7398=CARTESIAN_POINT('Ctrl Pts',(75.5106572715288,-5.28205210770523,20.4322916666667));
#7399=CARTESIAN_POINT('Ctrl Pts',(75.0037082893528,-4.40399071373097,20.4739583333333));
#7400=CARTESIAN_POINT('Ctrl Pts',(73.9898103250006,-4.40399071373097,20.515625));
#7401=CARTESIAN_POINT('Ctrl Pts',(72.9759123606486,-4.40399071373097,20.5572916666667));
#7402=CARTESIAN_POINT('Ctrl Pts',(72.4689633784725,-5.28205210770522,20.5989583333333));
#7403=CARTESIAN_POINT('Ctrl Pts',(71.9620143962964,-6.16011350167947,20.640625));
#7404=CARTESIAN_POINT('Ctrl Pts',(72.4689633784725,-7.03817489565373,20.6822916666667));
#7405=CARTESIAN_POINT('Ctrl Pts',(72.9759123606486,-7.91623628962798,20.7239583333333));
#7406=CARTESIAN_POINT('Ctrl Pts',(73.9898103250006,-7.91623628962798,20.765625));
#7407=CARTESIAN_POINT('Ctrl Pts',(75.0037082893527,-7.91623628962798,20.8072916666667));
#7408=CARTESIAN_POINT('Ctrl Pts',(75.5106572715288,-7.03817489565373,20.8489583333333));
#7409=CARTESIAN_POINT('Ctrl Pts',(76.0176062537049,-6.16011350167947,20.890625));
#7410=CARTESIAN_POINT('Ctrl Pts',(75.5106572715288,-5.28205210770523,20.9322916666667));
#7411=CARTESIAN_POINT('Ctrl Pts',(75.0037082893528,-4.40399071373097,20.9739583333333));
#7412=CARTESIAN_POINT('Ctrl Pts',(73.9898103250006,-4.40399071373097,21.015625));
#7413=CARTESIAN_POINT('Ctrl Pts',(72.9759123606486,-4.40399071373097,21.0572916666667));
#7414=CARTESIAN_POINT('Ctrl Pts',(72.4689633784725,-5.28205210770522,21.0989583333333));
#7415=CARTESIAN_POINT('Ctrl Pts',(71.9620143962964,-6.16011350167947,21.140625));
#7416=CARTESIAN_POINT('Ctrl Pts',(72.4689633784725,-7.03817489565373,21.1822916666667));
#7417=CARTESIAN_POINT('Ctrl Pts',(72.9759123606486,-7.91623628962798,21.2239583333333));
#7418=CARTESIAN_POINT('Ctrl Pts',(73.9898103250006,-7.91623628962798,21.265625));
#7419=CARTESIAN_POINT('Ctrl Pts',(75.0037082893527,-7.91623628962798,21.3072916666667));
#7420=CARTESIAN_POINT('Ctrl Pts',(75.5106572715288,-7.03817489565373,21.3489583333333));
#7421=CARTESIAN_POINT('Ctrl Pts',(76.0176062537049,-6.16011350167947,21.390625));
#7422=CARTESIAN_POINT('Ctrl Pts',(75.5106572715288,-5.28205210770523,21.4322916666667));
#7423=CARTESIAN_POINT('Ctrl Pts',(75.0037082893528,-4.40399071373097,21.4739583333333));
#7424=CARTESIAN_POINT('Ctrl Pts',(73.9898103250006,-4.40399071373097,21.515625));
#7425=CARTESIAN_POINT('Ctrl Pts',(72.9759123606486,-4.40399071373097,21.5572916666667));
#7426=CARTESIAN_POINT('Ctrl Pts',(72.4689633784725,-5.28205210770522,21.5989583333333));
#7427=CARTESIAN_POINT('Ctrl Pts',(71.9620143962964,-6.16011350167947,21.640625));
#7428=CARTESIAN_POINT('Ctrl Pts',(72.4689633784725,-7.03817489565373,21.6822916666667));
#7429=CARTESIAN_POINT('Ctrl Pts',(72.9759123606486,-7.91623628962798,21.7239583333333));
#7430=CARTESIAN_POINT('Ctrl Pts',(73.9898103250006,-7.91623628962798,21.765625));
#7431=CARTESIAN_POINT('Ctrl Pts',(75.0037082893527,-7.91623628962798,21.8072916666667));
#7432=CARTESIAN_POINT('Ctrl Pts',(75.5106572715288,-7.03817489565373,21.8489583333333));
#7433=CARTESIAN_POINT('Ctrl Pts',(76.0176062537049,-6.16011350167947,21.890625));
#7434=CARTESIAN_POINT('Ctrl Pts',(75.5106572715288,-5.28205210770523,21.9322916666667));
#7435=CARTESIAN_POINT('Ctrl Pts',(75.0037082893528,-4.40399071373097,21.9739583333333));
#7436=CARTESIAN_POINT('Ctrl Pts',(73.9898103250006,-4.40399071373097,22.015625));
#7437=CARTESIAN_POINT('Ctrl Pts',(72.9759123606486,-4.40399071373097,22.0572916666667));
#7438=CARTESIAN_POINT('Ctrl Pts',(72.4689633784725,-5.28205210770522,22.0989583333333));
#7439=CARTESIAN_POINT('Ctrl Pts',(71.9620143962964,-6.16011350167947,22.140625));
#7440=CARTESIAN_POINT('Ctrl Pts',(72.4689633784725,-7.03817489565373,22.1822916666667));
#7441=CARTESIAN_POINT('Ctrl Pts',(72.9759123606486,-7.91623628962798,22.2239583333333));
#7442=CARTESIAN_POINT('Ctrl Pts',(73.9898103250006,-7.91623628962798,22.265625));
#7443=CARTESIAN_POINT('Ctrl Pts',(75.0037082893527,-7.91623628962798,22.3072916666667));
#7444=CARTESIAN_POINT('Ctrl Pts',(75.5106572715288,-7.03817489565373,22.3489583333333));
#7445=CARTESIAN_POINT('Ctrl Pts',(76.0176062537049,-6.16011350167947,22.390625));
#7446=CARTESIAN_POINT('Ctrl Pts',(75.5106572715288,-5.28205210770523,22.4322916666667));
#7447=CARTESIAN_POINT('Ctrl Pts',(75.0037082893528,-4.40399071373097,22.4739583333333));
#7448=CARTESIAN_POINT('Ctrl Pts',(73.9898103250006,-4.40399071373097,22.515625));
#7449=CARTESIAN_POINT('Ctrl Pts',(72.9759123606486,-4.40399071373097,22.5572916666667));
#7450=CARTESIAN_POINT('Ctrl Pts',(72.4689633784725,-5.28205210770522,22.5989583333333));
#7451=CARTESIAN_POINT('Ctrl Pts',(71.9620143962964,-6.16011350167947,22.640625));
#7452=CARTESIAN_POINT('Ctrl Pts',(72.4689633784725,-7.03817489565373,22.6822916666667));
#7453=CARTESIAN_POINT('Ctrl Pts',(72.9759123606486,-7.91623628962798,22.7239583333333));
#7454=CARTESIAN_POINT('Ctrl Pts',(73.9898103250006,-7.91623628962798,22.765625));
#7455=CARTESIAN_POINT('Ctrl Pts',(75.0037082893527,-7.91623628962798,22.8072916666667));
#7456=CARTESIAN_POINT('Ctrl Pts',(75.5106572715288,-7.03817489565373,22.8489583333333));
#7457=CARTESIAN_POINT('Ctrl Pts',(76.0176062537049,-6.16011350167947,22.890625));
#7458=CARTESIAN_POINT('Ctrl Pts',(75.5106572715288,-5.28205210770523,22.9322916666667));
#7459=CARTESIAN_POINT('Ctrl Pts',(75.0037082893528,-4.40399071373097,22.9739583333333));
#7460=CARTESIAN_POINT('Ctrl Pts',(73.9898103250006,-4.40399071373097,23.015625));
#7461=CARTESIAN_POINT('Ctrl Pts',(72.9759123606486,-4.40399071373097,23.0572916666667));
#7462=CARTESIAN_POINT('Ctrl Pts',(72.4689633784725,-5.28205210770522,23.0989583333333));
#7463=CARTESIAN_POINT('Ctrl Pts',(71.9620143962964,-6.16011350167947,23.140625));
#7464=CARTESIAN_POINT('Ctrl Pts',(72.4689633784725,-7.03817489565373,23.1822916666667));
#7465=CARTESIAN_POINT('Ctrl Pts',(72.9759123606486,-7.91623628962798,23.2239583333333));
#7466=CARTESIAN_POINT('Ctrl Pts',(73.9898103250006,-7.91623628962798,23.265625));
#7467=CARTESIAN_POINT('Ctrl Pts',(75.0037082893527,-7.91623628962798,23.3072916666667));
#7468=CARTESIAN_POINT('Ctrl Pts',(75.5106572715288,-7.03817489565373,23.3489583333333));
#7469=CARTESIAN_POINT('Ctrl Pts',(76.0176062537049,-6.16011350167947,23.390625));
#7470=CARTESIAN_POINT('Ctrl Pts',(75.5106572715288,-5.28205210770523,23.4322916666667));
#7471=CARTESIAN_POINT('Ctrl Pts',(75.0037082893528,-4.40399071373097,23.4739583333333));
#7472=CARTESIAN_POINT('Ctrl Pts',(73.9898103250006,-4.40399071373097,23.515625));
#7473=CARTESIAN_POINT('Ctrl Pts',(72.9759123606486,-4.40399071373097,23.5572916666667));
#7474=CARTESIAN_POINT('Ctrl Pts',(72.4689633784725,-5.28205210770522,23.5989583333333));
#7475=CARTESIAN_POINT('Ctrl Pts',(71.9620143962964,-6.16011350167947,23.640625));
#7476=CARTESIAN_POINT('Ctrl Pts',(72.4689633784725,-7.03817489565373,23.6822916666667));
#7477=CARTESIAN_POINT('Ctrl Pts',(72.9759123606486,-7.91623628962798,23.7239583333333));
#7478=CARTESIAN_POINT('Ctrl Pts',(73.9898103250006,-7.91623628962798,23.765625));
#7479=CARTESIAN_POINT('Ctrl Pts',(75.0037082893527,-7.91623628962798,23.8072916666667));
#7480=CARTESIAN_POINT('Ctrl Pts',(75.5106572715288,-7.03817489565373,23.8489583333333));
#7481=CARTESIAN_POINT('Ctrl Pts',(76.0176062537049,-6.16011350167947,23.890625));
#7482=CARTESIAN_POINT('Ctrl Pts',(75.5106572715288,-5.28205210770523,23.9322916666667));
#7483=CARTESIAN_POINT('Ctrl Pts',(75.0037082893528,-4.40399071373097,23.9739583333333));
#7484=CARTESIAN_POINT('Ctrl Pts',(73.9898103250006,-4.40399071373097,24.015625));
#7485=CARTESIAN_POINT('Ctrl Pts',(72.9759123606486,-4.40399071373097,24.0572916666667));
#7486=CARTESIAN_POINT('Ctrl Pts',(72.4689633784725,-5.28205210770522,24.0989583333333));
#7487=CARTESIAN_POINT('Ctrl Pts',(71.9620143962964,-6.16011350167947,24.140625));
#7488=CARTESIAN_POINT('Ctrl Pts',(72.4689633784725,-7.03817489565373,24.1822916666667));
#7489=CARTESIAN_POINT('Ctrl Pts',(72.9759123606486,-7.91623628962798,24.2239583333333));
#7490=CARTESIAN_POINT('Ctrl Pts',(73.9898103250006,-7.91623628962798,24.265625));
#7491=CARTESIAN_POINT('Ctrl Pts',(75.0037082893527,-7.91623628962798,24.3072916666667));
#7492=CARTESIAN_POINT('Ctrl Pts',(75.5106572715288,-7.03817489565373,24.3489583333333));
#7493=CARTESIAN_POINT('Ctrl Pts',(76.0176062537049,-6.16011350167947,24.390625));
#7494=CARTESIAN_POINT('Ctrl Pts',(75.5106572715288,-5.28205210770523,24.4322916666667));
#7495=CARTESIAN_POINT('Ctrl Pts',(75.0037082893528,-4.40399071373097,24.4739583333333));
#7496=CARTESIAN_POINT('Ctrl Pts',(73.9898103250006,-4.40399071373097,24.515625));
#7497=CARTESIAN_POINT('Ctrl Pts',(73.9898103250006,-4.80858695706151,-6.1875));
#7498=CARTESIAN_POINT('Ctrl Pts',(73.2095061106485,-4.80858695706151,-6.14583333333333));
#7499=CARTESIAN_POINT('Ctrl Pts',(72.8193540034725,-5.4843502293705,-6.10416666666666));
#7500=CARTESIAN_POINT('Ctrl Pts',(72.4292018962964,-6.16011350167948,-6.06249999999999));
#7501=CARTESIAN_POINT('Ctrl Pts',(72.8193540034725,-6.83587677398846,-6.02083333333333));
#7502=CARTESIAN_POINT('Ctrl Pts',(73.2095061106485,-7.51164004629744,-5.97916666666666));
#7503=CARTESIAN_POINT('Ctrl Pts',(73.9898103250006,-7.51164004629744,-5.9375));
#7504=CARTESIAN_POINT('Ctrl Pts',(74.7701145393527,-7.51164004629744,-5.89583333333333));
#7505=CARTESIAN_POINT('Ctrl Pts',(75.1602666465288,-6.83587677398846,-5.85416666666666));
#7506=CARTESIAN_POINT('Ctrl Pts',(75.5504187537049,-6.16011350167948,-5.8125));
#7507=CARTESIAN_POINT('Ctrl Pts',(75.1602666465288,-5.4843502293705,-5.77083333333333));
#7508=CARTESIAN_POINT('Ctrl Pts',(74.7701145393527,-4.80858695706152,-5.72916666666666));
#7509=CARTESIAN_POINT('Ctrl Pts',(73.9898103250006,-4.80858695706151,-5.6875));
#7510=CARTESIAN_POINT('Ctrl Pts',(73.2095061106485,-4.80858695706151,-5.64583333333333));
#7511=CARTESIAN_POINT('Ctrl Pts',(72.8193540034725,-5.4843502293705,-5.60416666666666));
#7512=CARTESIAN_POINT('Ctrl Pts',(72.4292018962964,-6.16011350167948,-5.5625));
#7513=CARTESIAN_POINT('Ctrl Pts',(72.8193540034725,-6.83587677398846,-5.52083333333333));
#7514=CARTESIAN_POINT('Ctrl Pts',(73.2095061106485,-7.51164004629744,-5.47916666666667));
#7515=CARTESIAN_POINT('Ctrl Pts',(73.9898103250006,-7.51164004629744,-5.43749999999999));
#7516=CARTESIAN_POINT('Ctrl Pts',(74.7701145393527,-7.51164004629744,-5.39583333333333));
#7517=CARTESIAN_POINT('Ctrl Pts',(75.1602666465288,-6.83587677398846,-5.35416666666667));
#7518=CARTESIAN_POINT('Ctrl Pts',(75.5504187537049,-6.16011350167948,-5.3125));
#7519=CARTESIAN_POINT('Ctrl Pts',(75.1602666465288,-5.4843502293705,-5.27083333333333));
#7520=CARTESIAN_POINT('Ctrl Pts',(74.7701145393527,-4.80858695706152,-5.22916666666666));
#7521=CARTESIAN_POINT('Ctrl Pts',(73.9898103250006,-4.80858695706151,-5.1875));
#7522=CARTESIAN_POINT('Ctrl Pts',(73.2095061106485,-4.80858695706151,-5.14583333333333));
#7523=CARTESIAN_POINT('Ctrl Pts',(72.8193540034725,-5.4843502293705,-5.10416666666666));
#7524=CARTESIAN_POINT('Ctrl Pts',(72.4292018962964,-6.16011350167948,-5.0625));
#7525=CARTESIAN_POINT('Ctrl Pts',(72.8193540034725,-6.83587677398846,-5.02083333333333));
#7526=CARTESIAN_POINT('Ctrl Pts',(73.2095061106485,-7.51164004629744,-4.97916666666666));
#7527=CARTESIAN_POINT('Ctrl Pts',(73.9898103250006,-7.51164004629744,-4.9375));
#7528=CARTESIAN_POINT('Ctrl Pts',(74.7701145393527,-7.51164004629744,-4.89583333333333));
#7529=CARTESIAN_POINT('Ctrl Pts',(75.1602666465288,-6.83587677398846,-4.85416666666666));
#7530=CARTESIAN_POINT('Ctrl Pts',(75.5504187537049,-6.16011350167948,-4.81249999999999));
#7531=CARTESIAN_POINT('Ctrl Pts',(75.1602666465288,-5.4843502293705,-4.77083333333333));
#7532=CARTESIAN_POINT('Ctrl Pts',(74.7701145393527,-4.80858695706151,-4.72916666666666));
#7533=CARTESIAN_POINT('Ctrl Pts',(73.9898103250006,-4.80858695706151,-4.6875));
#7534=CARTESIAN_POINT('Ctrl Pts',(73.2095061106485,-4.80858695706151,-4.64583333333333));
#7535=CARTESIAN_POINT('Ctrl Pts',(72.8193540034725,-5.4843502293705,-4.60416666666666));
#7536=CARTESIAN_POINT('Ctrl Pts',(72.4292018962964,-6.16011350167948,-4.5625));
#7537=CARTESIAN_POINT('Ctrl Pts',(72.8193540034725,-6.83587677398846,-4.52083333333333));
#7538=CARTESIAN_POINT('Ctrl Pts',(73.2095061106485,-7.51164004629744,-4.47916666666667));
#7539=CARTESIAN_POINT('Ctrl Pts',(73.9898103250006,-7.51164004629744,-4.4375));
#7540=CARTESIAN_POINT('Ctrl Pts',(74.7701145393527,-7.51164004629744,-4.39583333333333));
#7541=CARTESIAN_POINT('Ctrl Pts',(75.1602666465288,-6.83587677398846,-4.35416666666666));
#7542=CARTESIAN_POINT('Ctrl Pts',(75.5504187537049,-6.16011350167948,-4.3125));
#7543=CARTESIAN_POINT('Ctrl Pts',(75.1602666465288,-5.4843502293705,-4.27083333333333));
#7544=CARTESIAN_POINT('Ctrl Pts',(74.7701145393527,-4.80858695706151,-4.22916666666666));
#7545=CARTESIAN_POINT('Ctrl Pts',(73.9898103250006,-4.80858695706151,-4.1875));
#7546=CARTESIAN_POINT('Ctrl Pts',(73.2095061106485,-4.80858695706151,-4.14583333333333));
#7547=CARTESIAN_POINT('Ctrl Pts',(72.8193540034725,-5.4843502293705,-4.10416666666666));
#7548=CARTESIAN_POINT('Ctrl Pts',(72.4292018962964,-6.16011350167948,-4.0625));
#7549=CARTESIAN_POINT('Ctrl Pts',(72.8193540034725,-6.83587677398846,-4.02083333333333));
#7550=CARTESIAN_POINT('Ctrl Pts',(73.2095061106485,-7.51164004629744,-3.97916666666666));
#7551=CARTESIAN_POINT('Ctrl Pts',(73.9898103250006,-7.51164004629744,-3.9375));
#7552=CARTESIAN_POINT('Ctrl Pts',(74.7701145393527,-7.51164004629744,-3.89583333333333));
#7553=CARTESIAN_POINT('Ctrl Pts',(75.1602666465288,-6.83587677398846,-3.85416666666666));
#7554=CARTESIAN_POINT('Ctrl Pts',(75.5504187537049,-6.16011350167948,-3.8125));
#7555=CARTESIAN_POINT('Ctrl Pts',(75.1602666465288,-5.4843502293705,-3.77083333333333));
#7556=CARTESIAN_POINT('Ctrl Pts',(74.7701145393527,-4.80858695706151,-3.72916666666666));
#7557=CARTESIAN_POINT('Ctrl Pts',(73.9898103250006,-4.80858695706151,-3.6875));
#7558=CARTESIAN_POINT('Ctrl Pts',(73.2095061106485,-4.80858695706151,-3.64583333333333));
#7559=CARTESIAN_POINT('Ctrl Pts',(72.8193540034725,-5.4843502293705,-3.60416666666666));
#7560=CARTESIAN_POINT('Ctrl Pts',(72.4292018962964,-6.16011350167948,-3.5625));
#7561=CARTESIAN_POINT('Ctrl Pts',(72.8193540034725,-6.83587677398846,-3.52083333333333));
#7562=CARTESIAN_POINT('Ctrl Pts',(73.2095061106485,-7.51164004629744,-3.47916666666666));
#7563=CARTESIAN_POINT('Ctrl Pts',(73.9898103250006,-7.51164004629744,-3.4375));
#7564=CARTESIAN_POINT('Ctrl Pts',(74.7701145393527,-7.51164004629744,-3.39583333333333));
#7565=CARTESIAN_POINT('Ctrl Pts',(75.1602666465288,-6.83587677398846,-3.35416666666666));
#7566=CARTESIAN_POINT('Ctrl Pts',(75.5504187537049,-6.16011350167948,-3.3125));
#7567=CARTESIAN_POINT('Ctrl Pts',(75.1602666465288,-5.4843502293705,-3.27083333333333));
#7568=CARTESIAN_POINT('Ctrl Pts',(74.7701145393527,-4.80858695706151,-3.22916666666666));
#7569=CARTESIAN_POINT('Ctrl Pts',(73.9898103250006,-4.80858695706151,-3.1875));
#7570=CARTESIAN_POINT('Ctrl Pts',(73.2095061106485,-4.80858695706151,-3.14583333333333));
#7571=CARTESIAN_POINT('Ctrl Pts',(72.8193540034725,-5.4843502293705,-3.10416666666666));
#7572=CARTESIAN_POINT('Ctrl Pts',(72.4292018962964,-6.16011350167948,-3.0625));
#7573=CARTESIAN_POINT('Ctrl Pts',(72.8193540034725,-6.83587677398846,-3.02083333333333));
#7574=CARTESIAN_POINT('Ctrl Pts',(73.2095061106485,-7.51164004629744,-2.97916666666666));
#7575=CARTESIAN_POINT('Ctrl Pts',(73.9898103250006,-7.51164004629744,-2.9375));
#7576=CARTESIAN_POINT('Ctrl Pts',(74.7701145393527,-7.51164004629744,-2.89583333333333));
#7577=CARTESIAN_POINT('Ctrl Pts',(75.1602666465288,-6.83587677398846,-2.85416666666666));
#7578=CARTESIAN_POINT('Ctrl Pts',(75.5504187537049,-6.16011350167948,-2.8125));
#7579=CARTESIAN_POINT('Ctrl Pts',(75.1602666465288,-5.4843502293705,-2.77083333333333));
#7580=CARTESIAN_POINT('Ctrl Pts',(74.7701145393527,-4.80858695706151,-2.72916666666666));
#7581=CARTESIAN_POINT('Ctrl Pts',(73.9898103250006,-4.80858695706151,-2.6875));
#7582=CARTESIAN_POINT('Ctrl Pts',(73.2095061106485,-4.80858695706151,-2.64583333333333));
#7583=CARTESIAN_POINT('Ctrl Pts',(72.8193540034725,-5.4843502293705,-2.60416666666666));
#7584=CARTESIAN_POINT('Ctrl Pts',(72.4292018962964,-6.16011350167948,-2.5625));
#7585=CARTESIAN_POINT('Ctrl Pts',(72.8193540034725,-6.83587677398846,-2.52083333333333));
#7586=CARTESIAN_POINT('Ctrl Pts',(73.2095061106485,-7.51164004629744,-2.47916666666666));
#7587=CARTESIAN_POINT('Ctrl Pts',(73.9898103250006,-7.51164004629744,-2.4375));
#7588=CARTESIAN_POINT('Ctrl Pts',(74.7701145393527,-7.51164004629744,-2.39583333333333));
#7589=CARTESIAN_POINT('Ctrl Pts',(75.1602666465288,-6.83587677398846,-2.35416666666666));
#7590=CARTESIAN_POINT('Ctrl Pts',(75.5504187537049,-6.16011350167948,-2.3125));
#7591=CARTESIAN_POINT('Ctrl Pts',(75.1602666465288,-5.4843502293705,-2.27083333333333));
#7592=CARTESIAN_POINT('Ctrl Pts',(74.7701145393527,-4.80858695706151,-2.22916666666667));
#7593=CARTESIAN_POINT('Ctrl Pts',(73.9898103250006,-4.80858695706151,-2.1875));
#7594=CARTESIAN_POINT('Ctrl Pts',(73.2095061106485,-4.80858695706151,-2.14583333333333));
#7595=CARTESIAN_POINT('Ctrl Pts',(72.8193540034725,-5.4843502293705,-2.10416666666666));
#7596=CARTESIAN_POINT('Ctrl Pts',(72.4292018962964,-6.16011350167948,-2.0625));
#7597=CARTESIAN_POINT('Ctrl Pts',(72.8193540034725,-6.83587677398846,-2.02083333333333));
#7598=CARTESIAN_POINT('Ctrl Pts',(73.2095061106485,-7.51164004629744,-1.97916666666666));
#7599=CARTESIAN_POINT('Ctrl Pts',(73.9898103250006,-7.51164004629744,-1.9375));
#7600=CARTESIAN_POINT('Ctrl Pts',(74.7701145393527,-7.51164004629744,-1.89583333333333));
#7601=CARTESIAN_POINT('Ctrl Pts',(75.1602666465288,-6.83587677398846,-1.85416666666666));
#7602=CARTESIAN_POINT('Ctrl Pts',(75.5504187537049,-6.16011350167948,-1.8125));
#7603=CARTESIAN_POINT('Ctrl Pts',(75.1602666465288,-5.4843502293705,-1.77083333333333));
#7604=CARTESIAN_POINT('Ctrl Pts',(74.7701145393527,-4.80858695706151,-1.72916666666666));
#7605=CARTESIAN_POINT('Ctrl Pts',(73.9898103250006,-4.80858695706151,-1.6875));
#7606=CARTESIAN_POINT('Ctrl Pts',(73.2095061106485,-4.80858695706151,-1.64583333333333));
#7607=CARTESIAN_POINT('Ctrl Pts',(72.8193540034725,-5.4843502293705,-1.60416666666666));
#7608=CARTESIAN_POINT('Ctrl Pts',(72.4292018962964,-6.16011350167948,-1.5625));
#7609=CARTESIAN_POINT('Ctrl Pts',(72.8193540034725,-6.83587677398846,-1.52083333333333));
#7610=CARTESIAN_POINT('Ctrl Pts',(73.2095061106485,-7.51164004629744,-1.47916666666666));
#7611=CARTESIAN_POINT('Ctrl Pts',(73.9898103250006,-7.51164004629744,-1.4375));
#7612=CARTESIAN_POINT('Ctrl Pts',(74.7701145393527,-7.51164004629744,-1.39583333333333));
#7613=CARTESIAN_POINT('Ctrl Pts',(75.1602666465288,-6.83587677398846,-1.35416666666666));
#7614=CARTESIAN_POINT('Ctrl Pts',(75.5504187537049,-6.16011350167948,-1.3125));
#7615=CARTESIAN_POINT('Ctrl Pts',(75.1602666465288,-5.4843502293705,-1.27083333333333));
#7616=CARTESIAN_POINT('Ctrl Pts',(74.7701145393527,-4.80858695706151,-1.22916666666666));
#7617=CARTESIAN_POINT('Ctrl Pts',(73.9898103250006,-4.80858695706151,-1.18749999999999));
#7618=CARTESIAN_POINT('Ctrl Pts',(73.2095061106485,-4.80858695706151,-1.14583333333333));
#7619=CARTESIAN_POINT('Ctrl Pts',(72.8193540034725,-5.4843502293705,-1.10416666666667));
#7620=CARTESIAN_POINT('Ctrl Pts',(72.4292018962964,-6.16011350167948,-1.0625));
#7621=CARTESIAN_POINT('Ctrl Pts',(72.8193540034725,-6.83587677398846,-1.02083333333333));
#7622=CARTESIAN_POINT('Ctrl Pts',(73.2095061106485,-7.51164004629744,-0.979166666666664));
#7623=CARTESIAN_POINT('Ctrl Pts',(73.9898103250006,-7.51164004629744,-0.937499999999998));
#7624=CARTESIAN_POINT('Ctrl Pts',(74.7701145393527,-7.51164004629744,-0.895833333333329));
#7625=CARTESIAN_POINT('Ctrl Pts',(75.1602666465288,-6.83587677398846,-0.854166666666663));
#7626=CARTESIAN_POINT('Ctrl Pts',(75.5504187537049,-6.16011350167948,-0.812499999999998));
#7627=CARTESIAN_POINT('Ctrl Pts',(75.1602666465288,-5.4843502293705,-0.770833333333329));
#7628=CARTESIAN_POINT('Ctrl Pts',(74.7701145393527,-4.80858695706151,-0.729166666666665));
#7629=CARTESIAN_POINT('Ctrl Pts',(73.9898103250006,-4.80858695706151,-0.687499999999996));
#7630=CARTESIAN_POINT('Ctrl Pts',(73.2095061106485,-4.80858695706151,-0.64583333333333));
#7631=CARTESIAN_POINT('Ctrl Pts',(72.8193540034725,-5.4843502293705,-0.604166666666663));
#7632=CARTESIAN_POINT('Ctrl Pts',(72.4292018962964,-6.16011350167948,-0.562499999999995));
#7633=CARTESIAN_POINT('Ctrl Pts',(72.8193540034725,-6.83587677398846,-0.52083333333333));
#7634=CARTESIAN_POINT('Ctrl Pts',(73.2095061106485,-7.51164004629744,-0.479166666666664));
#7635=CARTESIAN_POINT('Ctrl Pts',(73.9898103250006,-7.51164004629744,-0.437499999999997));
#7636=CARTESIAN_POINT('Ctrl Pts',(74.7701145393527,-7.51164004629744,-0.395833333333329));
#7637=CARTESIAN_POINT('Ctrl Pts',(75.1602666465288,-6.83587677398846,-0.354166666666664));
#7638=CARTESIAN_POINT('Ctrl Pts',(75.5504187537049,-6.16011350167948,-0.312499999999998));
#7639=CARTESIAN_POINT('Ctrl Pts',(75.1602666465288,-5.4843502293705,-0.270833333333329));
#7640=CARTESIAN_POINT('Ctrl Pts',(74.7701145393527,-4.80858695706151,-0.229166666666663));
#7641=CARTESIAN_POINT('Ctrl Pts',(73.9898103250006,-4.80858695706151,-0.187499999999996));
#7642=CARTESIAN_POINT('Ctrl Pts',(73.2095061106485,-4.80858695706151,-0.145833333333332));
#7643=CARTESIAN_POINT('Ctrl Pts',(72.8193540034725,-5.4843502293705,-0.104166666666663));
#7644=CARTESIAN_POINT('Ctrl Pts',(72.4292018962964,-6.16011350167948,-0.0624999999999964));
#7645=CARTESIAN_POINT('Ctrl Pts',(72.8193540034725,-6.83587677398846,-0.0208333333333299));
#7646=CARTESIAN_POINT('Ctrl Pts',(73.2095061106485,-7.51164004629744,0.0208333333333366));
#7647=CARTESIAN_POINT('Ctrl Pts',(73.9898103250006,-7.51164004629744,0.0625000000000031));
#7648=CARTESIAN_POINT('Ctrl Pts',(74.7701145393527,-7.51164004629744,0.104166666666672));
#7649=CARTESIAN_POINT('Ctrl Pts',(75.1602666465288,-6.83587677398846,0.145833333333336));
#7650=CARTESIAN_POINT('Ctrl Pts',(75.5504187537049,-6.16011350167948,0.1875));
#7651=CARTESIAN_POINT('Ctrl Pts',(75.1602666465288,-5.4843502293705,0.229166666666671));
#7652=CARTESIAN_POINT('Ctrl Pts',(74.7701145393527,-4.80858695706151,0.270833333333336));
#7653=CARTESIAN_POINT('Ctrl Pts',(73.9898103250006,-4.80858695706151,0.312500000000002));
#7654=CARTESIAN_POINT('Ctrl Pts',(73.2095061106485,-4.80858695706151,0.354166666666671));
#7655=CARTESIAN_POINT('Ctrl Pts',(72.8193540034725,-5.4843502293705,0.395833333333337));
#7656=CARTESIAN_POINT('Ctrl Pts',(72.4292018962964,-6.16011350167948,0.437500000000002));
#7657=CARTESIAN_POINT('Ctrl Pts',(72.8193540034725,-6.83587677398846,0.479166666666671));
#7658=CARTESIAN_POINT('Ctrl Pts',(73.2095061106485,-7.51164004629744,0.520833333333337));
#7659=CARTESIAN_POINT('Ctrl Pts',(73.9898103250006,-7.51164004629744,0.562500000000002));
#7660=CARTESIAN_POINT('Ctrl Pts',(74.7701145393527,-7.51164004629744,0.604166666666669));
#7661=CARTESIAN_POINT('Ctrl Pts',(75.1602666465288,-6.83587677398846,0.645833333333337));
#7662=CARTESIAN_POINT('Ctrl Pts',(75.5504187537049,-6.16011350167948,0.687500000000003));
#7663=CARTESIAN_POINT('Ctrl Pts',(75.1602666465288,-5.4843502293705,0.729166666666671));
#7664=CARTESIAN_POINT('Ctrl Pts',(74.7701145393527,-4.80858695706151,0.770833333333336));
#7665=CARTESIAN_POINT('Ctrl Pts',(73.9898103250006,-4.80858695706151,0.812500000000003));
#7666=CARTESIAN_POINT('Ctrl Pts',(73.2095061106485,-4.80858695706151,0.85416666666667));
#7667=CARTESIAN_POINT('Ctrl Pts',(72.8193540034725,-5.4843502293705,0.895833333333337));
#7668=CARTESIAN_POINT('Ctrl Pts',(72.4292018962964,-6.16011350167948,0.937500000000002));
#7669=CARTESIAN_POINT('Ctrl Pts',(72.8193540034725,-6.83587677398846,0.979166666666671));
#7670=CARTESIAN_POINT('Ctrl Pts',(73.2095061106485,-7.51164004629744,1.02083333333334));
#7671=CARTESIAN_POINT('Ctrl Pts',(73.9898103250006,-7.51164004629744,1.0625));
#7672=CARTESIAN_POINT('Ctrl Pts',(74.7701145393527,-7.51164004629744,1.10416666666667));
#7673=CARTESIAN_POINT('Ctrl Pts',(75.1602666465288,-6.83587677398846,1.14583333333334));
#7674=CARTESIAN_POINT('Ctrl Pts',(75.5504187537049,-6.16011350167948,1.1875));
#7675=CARTESIAN_POINT('Ctrl Pts',(75.1602666465288,-5.4843502293705,1.22916666666667));
#7676=CARTESIAN_POINT('Ctrl Pts',(74.7701145393527,-4.80858695706151,1.27083333333334));
#7677=CARTESIAN_POINT('Ctrl Pts',(73.9898103250006,-4.80858695706151,1.3125));
#7678=CARTESIAN_POINT('Ctrl Pts',(73.2095061106485,-4.80858695706151,1.35416666666667));
#7679=CARTESIAN_POINT('Ctrl Pts',(72.8193540034725,-5.4843502293705,1.39583333333334));
#7680=CARTESIAN_POINT('Ctrl Pts',(72.4292018962964,-6.16011350167948,1.4375));
#7681=CARTESIAN_POINT('Ctrl Pts',(72.8193540034725,-6.83587677398846,1.47916666666667));
#7682=CARTESIAN_POINT('Ctrl Pts',(73.2095061106485,-7.51164004629744,1.52083333333334));
#7683=CARTESIAN_POINT('Ctrl Pts',(73.9898103250006,-7.51164004629744,1.5625));
#7684=CARTESIAN_POINT('Ctrl Pts',(74.7701145393527,-7.51164004629744,1.60416666666667));
#7685=CARTESIAN_POINT('Ctrl Pts',(75.1602666465288,-6.83587677398846,1.64583333333334));
#7686=CARTESIAN_POINT('Ctrl Pts',(75.5504187537049,-6.16011350167948,1.6875));
#7687=CARTESIAN_POINT('Ctrl Pts',(75.1602666465288,-5.4843502293705,1.72916666666667));
#7688=CARTESIAN_POINT('Ctrl Pts',(74.7701145393527,-4.80858695706151,1.77083333333333));
#7689=CARTESIAN_POINT('Ctrl Pts',(73.9898103250006,-4.80858695706151,1.8125));
#7690=CARTESIAN_POINT('Ctrl Pts',(73.2095061106485,-4.80858695706151,1.85416666666667));
#7691=CARTESIAN_POINT('Ctrl Pts',(72.8193540034725,-5.4843502293705,1.89583333333334));
#7692=CARTESIAN_POINT('Ctrl Pts',(72.4292018962964,-6.16011350167948,1.9375));
#7693=CARTESIAN_POINT('Ctrl Pts',(72.8193540034725,-6.83587677398846,1.97916666666667));
#7694=CARTESIAN_POINT('Ctrl Pts',(73.2095061106485,-7.51164004629744,2.02083333333334));
#7695=CARTESIAN_POINT('Ctrl Pts',(73.9898103250006,-7.51164004629744,2.0625));
#7696=CARTESIAN_POINT('Ctrl Pts',(74.7701145393527,-7.51164004629744,2.10416666666667));
#7697=CARTESIAN_POINT('Ctrl Pts',(75.1602666465288,-6.83587677398846,2.14583333333334));
#7698=CARTESIAN_POINT('Ctrl Pts',(75.5504187537049,-6.16011350167948,2.1875));
#7699=CARTESIAN_POINT('Ctrl Pts',(75.1602666465288,-5.4843502293705,2.22916666666667));
#7700=CARTESIAN_POINT('Ctrl Pts',(74.7701145393527,-4.80858695706151,2.27083333333334));
#7701=CARTESIAN_POINT('Ctrl Pts',(73.9898103250006,-4.80858695706151,2.3125));
#7702=CARTESIAN_POINT('Ctrl Pts',(73.2095061106485,-4.80858695706151,2.35416666666667));
#7703=CARTESIAN_POINT('Ctrl Pts',(72.8193540034725,-5.4843502293705,2.39583333333334));
#7704=CARTESIAN_POINT('Ctrl Pts',(72.4292018962964,-6.16011350167948,2.4375));
#7705=CARTESIAN_POINT('Ctrl Pts',(72.8193540034725,-6.83587677398846,2.47916666666667));
#7706=CARTESIAN_POINT('Ctrl Pts',(73.2095061106485,-7.51164004629744,2.52083333333334));
#7707=CARTESIAN_POINT('Ctrl Pts',(73.9898103250006,-7.51164004629744,2.5625));
#7708=CARTESIAN_POINT('Ctrl Pts',(74.7701145393527,-7.51164004629744,2.60416666666667));
#7709=CARTESIAN_POINT('Ctrl Pts',(75.1602666465288,-6.83587677398846,2.64583333333334));
#7710=CARTESIAN_POINT('Ctrl Pts',(75.5504187537049,-6.16011350167948,2.6875));
#7711=CARTESIAN_POINT('Ctrl Pts',(75.1602666465288,-5.4843502293705,2.72916666666667));
#7712=CARTESIAN_POINT('Ctrl Pts',(74.7701145393527,-4.80858695706151,2.77083333333334));
#7713=CARTESIAN_POINT('Ctrl Pts',(73.9898103250006,-4.80858695706151,2.8125));
#7714=CARTESIAN_POINT('Ctrl Pts',(73.2095061106485,-4.80858695706151,2.85416666666667));
#7715=CARTESIAN_POINT('Ctrl Pts',(72.8193540034725,-5.4843502293705,2.89583333333334));
#7716=CARTESIAN_POINT('Ctrl Pts',(72.4292018962964,-6.16011350167948,2.9375));
#7717=CARTESIAN_POINT('Ctrl Pts',(72.8193540034725,-6.83587677398846,2.97916666666667));
#7718=CARTESIAN_POINT('Ctrl Pts',(73.2095061106485,-7.51164004629744,3.02083333333334));
#7719=CARTESIAN_POINT('Ctrl Pts',(73.9898103250006,-7.51164004629744,3.0625));
#7720=CARTESIAN_POINT('Ctrl Pts',(74.7701145393527,-7.51164004629744,3.10416666666667));
#7721=CARTESIAN_POINT('Ctrl Pts',(75.1602666465288,-6.83587677398846,3.14583333333334));
#7722=CARTESIAN_POINT('Ctrl Pts',(75.5504187537049,-6.16011350167948,3.1875));
#7723=CARTESIAN_POINT('Ctrl Pts',(75.1602666465288,-5.4843502293705,3.22916666666667));
#7724=CARTESIAN_POINT('Ctrl Pts',(74.7701145393527,-4.80858695706151,3.27083333333334));
#7725=CARTESIAN_POINT('Ctrl Pts',(73.9898103250006,-4.80858695706151,3.3125));
#7726=CARTESIAN_POINT('Ctrl Pts',(73.2095061106485,-4.80858695706151,3.35416666666667));
#7727=CARTESIAN_POINT('Ctrl Pts',(72.8193540034725,-5.4843502293705,3.39583333333334));
#7728=CARTESIAN_POINT('Ctrl Pts',(72.4292018962964,-6.16011350167948,3.4375));
#7729=CARTESIAN_POINT('Ctrl Pts',(72.8193540034725,-6.83587677398846,3.47916666666667));
#7730=CARTESIAN_POINT('Ctrl Pts',(73.2095061106485,-7.51164004629744,3.52083333333334));
#7731=CARTESIAN_POINT('Ctrl Pts',(73.9898103250006,-7.51164004629744,3.5625));
#7732=CARTESIAN_POINT('Ctrl Pts',(74.7701145393527,-7.51164004629744,3.60416666666667));
#7733=CARTESIAN_POINT('Ctrl Pts',(75.1602666465288,-6.83587677398846,3.64583333333334));
#7734=CARTESIAN_POINT('Ctrl Pts',(75.5504187537049,-6.16011350167948,3.6875));
#7735=CARTESIAN_POINT('Ctrl Pts',(75.1602666465288,-5.4843502293705,3.72916666666667));
#7736=CARTESIAN_POINT('Ctrl Pts',(74.7701145393527,-4.80858695706151,3.77083333333334));
#7737=CARTESIAN_POINT('Ctrl Pts',(73.9898103250006,-4.80858695706151,3.8125));
#7738=CARTESIAN_POINT('Ctrl Pts',(73.2095061106485,-4.80858695706151,3.85416666666667));
#7739=CARTESIAN_POINT('Ctrl Pts',(72.8193540034725,-5.4843502293705,3.89583333333334));
#7740=CARTESIAN_POINT('Ctrl Pts',(72.4292018962964,-6.16011350167948,3.9375));
#7741=CARTESIAN_POINT('Ctrl Pts',(72.8193540034725,-6.83587677398846,3.97916666666667));
#7742=CARTESIAN_POINT('Ctrl Pts',(73.2095061106485,-7.51164004629744,4.02083333333334));
#7743=CARTESIAN_POINT('Ctrl Pts',(73.9898103250006,-7.51164004629744,4.0625));
#7744=CARTESIAN_POINT('Ctrl Pts',(74.7701145393527,-7.51164004629744,4.10416666666667));
#7745=CARTESIAN_POINT('Ctrl Pts',(75.1602666465288,-6.83587677398846,4.14583333333334));
#7746=CARTESIAN_POINT('Ctrl Pts',(75.5504187537049,-6.16011350167948,4.1875));
#7747=CARTESIAN_POINT('Ctrl Pts',(75.1602666465288,-5.4843502293705,4.22916666666667));
#7748=CARTESIAN_POINT('Ctrl Pts',(74.7701145393527,-4.80858695706151,4.27083333333334));
#7749=CARTESIAN_POINT('Ctrl Pts',(73.9898103250006,-4.80858695706151,4.3125));
#7750=CARTESIAN_POINT('Ctrl Pts',(73.2095061106485,-4.80858695706151,4.35416666666667));
#7751=CARTESIAN_POINT('Ctrl Pts',(72.8193540034725,-5.4843502293705,4.39583333333334));
#7752=CARTESIAN_POINT('Ctrl Pts',(72.4292018962964,-6.16011350167948,4.4375));
#7753=CARTESIAN_POINT('Ctrl Pts',(72.8193540034725,-6.83587677398846,4.47916666666667));
#7754=CARTESIAN_POINT('Ctrl Pts',(73.2095061106485,-7.51164004629744,4.52083333333334));
#7755=CARTESIAN_POINT('Ctrl Pts',(73.9898103250006,-7.51164004629744,4.5625));
#7756=CARTESIAN_POINT('Ctrl Pts',(74.7701145393527,-7.51164004629744,4.60416666666667));
#7757=CARTESIAN_POINT('Ctrl Pts',(75.1602666465288,-6.83587677398846,4.64583333333334));
#7758=CARTESIAN_POINT('Ctrl Pts',(75.5504187537049,-6.16011350167948,4.6875));
#7759=CARTESIAN_POINT('Ctrl Pts',(75.1602666465288,-5.4843502293705,4.72916666666667));
#7760=CARTESIAN_POINT('Ctrl Pts',(74.7701145393527,-4.80858695706151,4.77083333333334));
#7761=CARTESIAN_POINT('Ctrl Pts',(73.9898103250006,-4.80858695706151,4.8125));
#7762=CARTESIAN_POINT('Ctrl Pts',(73.2095061106485,-4.80858695706151,4.85416666666667));
#7763=CARTESIAN_POINT('Ctrl Pts',(72.8193540034725,-5.4843502293705,4.89583333333334));
#7764=CARTESIAN_POINT('Ctrl Pts',(72.4292018962964,-6.16011350167948,4.9375));
#7765=CARTESIAN_POINT('Ctrl Pts',(72.8193540034725,-6.83587677398846,4.97916666666667));
#7766=CARTESIAN_POINT('Ctrl Pts',(73.2095061106485,-7.51164004629744,5.02083333333334));
#7767=CARTESIAN_POINT('Ctrl Pts',(73.9898103250006,-7.51164004629744,5.0625));
#7768=CARTESIAN_POINT('Ctrl Pts',(74.7701145393527,-7.51164004629744,5.10416666666667));
#7769=CARTESIAN_POINT('Ctrl Pts',(75.1602666465288,-6.83587677398846,5.14583333333334));
#7770=CARTESIAN_POINT('Ctrl Pts',(75.5504187537049,-6.16011350167948,5.1875));
#7771=CARTESIAN_POINT('Ctrl Pts',(75.1602666465288,-5.4843502293705,5.22916666666667));
#7772=CARTESIAN_POINT('Ctrl Pts',(74.7701145393527,-4.80858695706151,5.27083333333334));
#7773=CARTESIAN_POINT('Ctrl Pts',(73.9898103250006,-4.80858695706151,5.3125));
#7774=CARTESIAN_POINT('Ctrl Pts',(73.2095061106485,-4.80858695706151,5.35416666666667));
#7775=CARTESIAN_POINT('Ctrl Pts',(72.8193540034725,-5.4843502293705,5.39583333333334));
#7776=CARTESIAN_POINT('Ctrl Pts',(72.4292018962964,-6.16011350167948,5.4375));
#7777=CARTESIAN_POINT('Ctrl Pts',(72.8193540034725,-6.83587677398846,5.47916666666667));
#7778=CARTESIAN_POINT('Ctrl Pts',(73.2095061106485,-7.51164004629744,5.52083333333334));
#7779=CARTESIAN_POINT('Ctrl Pts',(73.9898103250006,-7.51164004629744,5.5625));
#7780=CARTESIAN_POINT('Ctrl Pts',(74.7701145393527,-7.51164004629744,5.60416666666667));
#7781=CARTESIAN_POINT('Ctrl Pts',(75.1602666465288,-6.83587677398846,5.64583333333334));
#7782=CARTESIAN_POINT('Ctrl Pts',(75.5504187537049,-6.16011350167948,5.6875));
#7783=CARTESIAN_POINT('Ctrl Pts',(75.1602666465288,-5.4843502293705,5.72916666666667));
#7784=CARTESIAN_POINT('Ctrl Pts',(74.7701145393527,-4.80858695706151,5.77083333333334));
#7785=CARTESIAN_POINT('Ctrl Pts',(73.9898103250006,-4.80858695706151,5.8125));
#7786=CARTESIAN_POINT('Ctrl Pts',(73.2095061106485,-4.80858695706151,5.85416666666667));
#7787=CARTESIAN_POINT('Ctrl Pts',(72.8193540034725,-5.4843502293705,5.89583333333334));
#7788=CARTESIAN_POINT('Ctrl Pts',(72.4292018962964,-6.16011350167948,5.9375));
#7789=CARTESIAN_POINT('Ctrl Pts',(72.8193540034725,-6.83587677398846,5.97916666666667));
#7790=CARTESIAN_POINT('Ctrl Pts',(73.2095061106485,-7.51164004629744,6.02083333333334));
#7791=CARTESIAN_POINT('Ctrl Pts',(73.9898103250006,-7.51164004629744,6.0625));
#7792=CARTESIAN_POINT('Ctrl Pts',(74.7701145393527,-7.51164004629744,6.10416666666667));
#7793=CARTESIAN_POINT('Ctrl Pts',(75.1602666465288,-6.83587677398846,6.14583333333334));
#7794=CARTESIAN_POINT('Ctrl Pts',(75.5504187537049,-6.16011350167948,6.1875));
#7795=CARTESIAN_POINT('Ctrl Pts',(75.1602666465288,-5.4843502293705,6.22916666666667));
#7796=CARTESIAN_POINT('Ctrl Pts',(74.7701145393527,-4.80858695706151,6.27083333333334));
#7797=CARTESIAN_POINT('Ctrl Pts',(73.9898103250006,-4.80858695706151,6.3125));
#7798=CARTESIAN_POINT('Ctrl Pts',(73.2095061106485,-4.80858695706151,6.35416666666667));
#7799=CARTESIAN_POINT('Ctrl Pts',(72.8193540034725,-5.4843502293705,6.39583333333334));
#7800=CARTESIAN_POINT('Ctrl Pts',(72.4292018962964,-6.16011350167948,6.4375));
#7801=CARTESIAN_POINT('Ctrl Pts',(72.8193540034725,-6.83587677398846,6.47916666666667));
#7802=CARTESIAN_POINT('Ctrl Pts',(73.2095061106485,-7.51164004629744,6.52083333333334));
#7803=CARTESIAN_POINT('Ctrl Pts',(73.9898103250006,-7.51164004629744,6.5625));
#7804=CARTESIAN_POINT('Ctrl Pts',(74.7701145393527,-7.51164004629744,6.60416666666667));
#7805=CARTESIAN_POINT('Ctrl Pts',(75.1602666465288,-6.83587677398846,6.64583333333334));
#7806=CARTESIAN_POINT('Ctrl Pts',(75.5504187537049,-6.16011350167948,6.6875));
#7807=CARTESIAN_POINT('Ctrl Pts',(75.1602666465288,-5.4843502293705,6.72916666666667));
#7808=CARTESIAN_POINT('Ctrl Pts',(74.7701145393527,-4.80858695706151,6.77083333333334));
#7809=CARTESIAN_POINT('Ctrl Pts',(73.9898103250006,-4.80858695706151,6.8125));
#7810=CARTESIAN_POINT('Ctrl Pts',(73.2095061106485,-4.80858695706151,6.85416666666667));
#7811=CARTESIAN_POINT('Ctrl Pts',(72.8193540034725,-5.4843502293705,6.89583333333334));
#7812=CARTESIAN_POINT('Ctrl Pts',(72.4292018962964,-6.16011350167948,6.9375));
#7813=CARTESIAN_POINT('Ctrl Pts',(72.8193540034725,-6.83587677398846,6.97916666666667));
#7814=CARTESIAN_POINT('Ctrl Pts',(73.2095061106485,-7.51164004629744,7.02083333333334));
#7815=CARTESIAN_POINT('Ctrl Pts',(73.9898103250006,-7.51164004629744,7.0625));
#7816=CARTESIAN_POINT('Ctrl Pts',(74.7701145393527,-7.51164004629744,7.10416666666667));
#7817=CARTESIAN_POINT('Ctrl Pts',(75.1602666465288,-6.83587677398846,7.14583333333334));
#7818=CARTESIAN_POINT('Ctrl Pts',(75.5504187537049,-6.16011350167948,7.1875));
#7819=CARTESIAN_POINT('Ctrl Pts',(75.1602666465288,-5.4843502293705,7.22916666666667));
#7820=CARTESIAN_POINT('Ctrl Pts',(74.7701145393527,-4.80858695706151,7.27083333333334));
#7821=CARTESIAN_POINT('Ctrl Pts',(73.9898103250006,-4.80858695706151,7.3125));
#7822=CARTESIAN_POINT('Ctrl Pts',(73.2095061106485,-4.80858695706151,7.35416666666667));
#7823=CARTESIAN_POINT('Ctrl Pts',(72.8193540034725,-5.4843502293705,7.39583333333334));
#7824=CARTESIAN_POINT('Ctrl Pts',(72.4292018962964,-6.16011350167948,7.4375));
#7825=CARTESIAN_POINT('Ctrl Pts',(72.8193540034725,-6.83587677398846,7.47916666666667));
#7826=CARTESIAN_POINT('Ctrl Pts',(73.2095061106485,-7.51164004629744,7.52083333333334));
#7827=CARTESIAN_POINT('Ctrl Pts',(73.9898103250006,-7.51164004629744,7.5625));
#7828=CARTESIAN_POINT('Ctrl Pts',(74.7701145393527,-7.51164004629744,7.60416666666667));
#7829=CARTESIAN_POINT('Ctrl Pts',(75.1602666465288,-6.83587677398846,7.64583333333334));
#7830=CARTESIAN_POINT('Ctrl Pts',(75.5504187537049,-6.16011350167948,7.6875));
#7831=CARTESIAN_POINT('Ctrl Pts',(75.1602666465288,-5.4843502293705,7.72916666666667));
#7832=CARTESIAN_POINT('Ctrl Pts',(74.7701145393527,-4.80858695706151,7.77083333333334));
#7833=CARTESIAN_POINT('Ctrl Pts',(73.9898103250006,-4.80858695706151,7.8125));
#7834=CARTESIAN_POINT('Ctrl Pts',(73.2095061106485,-4.80858695706151,7.85416666666667));
#7835=CARTESIAN_POINT('Ctrl Pts',(72.8193540034725,-5.4843502293705,7.89583333333334));
#7836=CARTESIAN_POINT('Ctrl Pts',(72.4292018962964,-6.16011350167948,7.9375));
#7837=CARTESIAN_POINT('Ctrl Pts',(72.8193540034725,-6.83587677398846,7.97916666666667));
#7838=CARTESIAN_POINT('Ctrl Pts',(73.2095061106485,-7.51164004629744,8.02083333333334));
#7839=CARTESIAN_POINT('Ctrl Pts',(73.9898103250006,-7.51164004629744,8.0625));
#7840=CARTESIAN_POINT('Ctrl Pts',(74.7701145393527,-7.51164004629744,8.10416666666667));
#7841=CARTESIAN_POINT('Ctrl Pts',(75.1602666465288,-6.83587677398846,8.14583333333334));
#7842=CARTESIAN_POINT('Ctrl Pts',(75.5504187537049,-6.16011350167948,8.1875));
#7843=CARTESIAN_POINT('Ctrl Pts',(75.1602666465288,-5.4843502293705,8.22916666666667));
#7844=CARTESIAN_POINT('Ctrl Pts',(74.7701145393527,-4.80858695706151,8.27083333333334));
#7845=CARTESIAN_POINT('Ctrl Pts',(73.9898103250006,-4.80858695706151,8.3125));
#7846=CARTESIAN_POINT('Ctrl Pts',(73.2095061106485,-4.80858695706151,8.35416666666667));
#7847=CARTESIAN_POINT('Ctrl Pts',(72.8193540034725,-5.4843502293705,8.39583333333334));
#7848=CARTESIAN_POINT('Ctrl Pts',(72.4292018962964,-6.16011350167948,8.4375));
#7849=CARTESIAN_POINT('Ctrl Pts',(72.8193540034725,-6.83587677398846,8.47916666666667));
#7850=CARTESIAN_POINT('Ctrl Pts',(73.2095061106485,-7.51164004629744,8.52083333333334));
#7851=CARTESIAN_POINT('Ctrl Pts',(73.9898103250006,-7.51164004629744,8.5625));
#7852=CARTESIAN_POINT('Ctrl Pts',(74.7701145393527,-7.51164004629744,8.60416666666667));
#7853=CARTESIAN_POINT('Ctrl Pts',(75.1602666465288,-6.83587677398846,8.64583333333334));
#7854=CARTESIAN_POINT('Ctrl Pts',(75.5504187537049,-6.16011350167948,8.6875));
#7855=CARTESIAN_POINT('Ctrl Pts',(75.1602666465288,-5.4843502293705,8.72916666666667));
#7856=CARTESIAN_POINT('Ctrl Pts',(74.7701145393527,-4.80858695706151,8.77083333333334));
#7857=CARTESIAN_POINT('Ctrl Pts',(73.9898103250006,-4.80858695706151,8.8125));
#7858=CARTESIAN_POINT('Ctrl Pts',(73.2095061106485,-4.80858695706151,8.85416666666667));
#7859=CARTESIAN_POINT('Ctrl Pts',(72.8193540034725,-5.4843502293705,8.89583333333334));
#7860=CARTESIAN_POINT('Ctrl Pts',(72.4292018962964,-6.16011350167948,8.9375));
#7861=CARTESIAN_POINT('Ctrl Pts',(72.8193540034725,-6.83587677398846,8.97916666666667));
#7862=CARTESIAN_POINT('Ctrl Pts',(73.2095061106485,-7.51164004629744,9.02083333333334));
#7863=CARTESIAN_POINT('Ctrl Pts',(73.9898103250006,-7.51164004629744,9.0625));
#7864=CARTESIAN_POINT('Ctrl Pts',(74.7701145393527,-7.51164004629744,9.10416666666667));
#7865=CARTESIAN_POINT('Ctrl Pts',(75.1602666465288,-6.83587677398846,9.14583333333334));
#7866=CARTESIAN_POINT('Ctrl Pts',(75.5504187537049,-6.16011350167948,9.1875));
#7867=CARTESIAN_POINT('Ctrl Pts',(75.1602666465288,-5.4843502293705,9.22916666666667));
#7868=CARTESIAN_POINT('Ctrl Pts',(74.7701145393527,-4.80858695706151,9.27083333333334));
#7869=CARTESIAN_POINT('Ctrl Pts',(73.9898103250006,-4.80858695706151,9.3125));
#7870=CARTESIAN_POINT('Ctrl Pts',(73.2095061106485,-4.80858695706151,9.35416666666667));
#7871=CARTESIAN_POINT('Ctrl Pts',(72.8193540034725,-5.48435022937049,9.39583333333334));
#7872=CARTESIAN_POINT('Ctrl Pts',(72.4292018962964,-6.16011350167948,9.4375));
#7873=CARTESIAN_POINT('Ctrl Pts',(72.8193540034725,-6.83587677398846,9.47916666666667));
#7874=CARTESIAN_POINT('Ctrl Pts',(73.2095061106485,-7.51164004629744,9.52083333333334));
#7875=CARTESIAN_POINT('Ctrl Pts',(73.9898103250006,-7.51164004629744,9.5625));
#7876=CARTESIAN_POINT('Ctrl Pts',(74.7701145393527,-7.51164004629744,9.60416666666667));
#7877=CARTESIAN_POINT('Ctrl Pts',(75.1602666465288,-6.83587677398846,9.64583333333334));
#7878=CARTESIAN_POINT('Ctrl Pts',(75.5504187537049,-6.16011350167948,9.6875));
#7879=CARTESIAN_POINT('Ctrl Pts',(75.1602666465288,-5.4843502293705,9.72916666666667));
#7880=CARTESIAN_POINT('Ctrl Pts',(74.7701145393527,-4.80858695706151,9.77083333333334));
#7881=CARTESIAN_POINT('Ctrl Pts',(73.9898103250006,-4.80858695706151,9.8125));
#7882=CARTESIAN_POINT('Ctrl Pts',(73.2095061106485,-4.80858695706151,9.85416666666667));
#7883=CARTESIAN_POINT('Ctrl Pts',(72.8193540034725,-5.48435022937049,9.89583333333334));
#7884=CARTESIAN_POINT('Ctrl Pts',(72.4292018962964,-6.16011350167948,9.93750000000001));
#7885=CARTESIAN_POINT('Ctrl Pts',(72.8193540034725,-6.83587677398846,9.97916666666667));
#7886=CARTESIAN_POINT('Ctrl Pts',(73.2095061106485,-7.51164004629744,10.0208333333333));
#7887=CARTESIAN_POINT('Ctrl Pts',(73.9898103250006,-7.51164004629744,10.0625));
#7888=CARTESIAN_POINT('Ctrl Pts',(74.7701145393527,-7.51164004629744,10.1041666666667));
#7889=CARTESIAN_POINT('Ctrl Pts',(75.1602666465288,-6.83587677398846,10.1458333333333));
#7890=CARTESIAN_POINT('Ctrl Pts',(75.5504187537049,-6.16011350167948,10.1875));
#7891=CARTESIAN_POINT('Ctrl Pts',(75.1602666465288,-5.4843502293705,10.2291666666667));
#7892=CARTESIAN_POINT('Ctrl Pts',(74.7701145393527,-4.80858695706151,10.2708333333333));
#7893=CARTESIAN_POINT('Ctrl Pts',(73.9898103250006,-4.80858695706151,10.3125));
#7894=CARTESIAN_POINT('Ctrl Pts',(73.2095061106485,-4.80858695706151,10.3541666666667));
#7895=CARTESIAN_POINT('Ctrl Pts',(72.8193540034725,-5.48435022937049,10.3958333333333));
#7896=CARTESIAN_POINT('Ctrl Pts',(72.4292018962964,-6.16011350167948,10.4375));
#7897=CARTESIAN_POINT('Ctrl Pts',(72.8193540034725,-6.83587677398846,10.4791666666667));
#7898=CARTESIAN_POINT('Ctrl Pts',(73.2095061106485,-7.51164004629744,10.5208333333333));
#7899=CARTESIAN_POINT('Ctrl Pts',(73.9898103250006,-7.51164004629744,10.5625));
#7900=CARTESIAN_POINT('Ctrl Pts',(74.7701145393527,-7.51164004629744,10.6041666666667));
#7901=CARTESIAN_POINT('Ctrl Pts',(75.1602666465288,-6.83587677398846,10.6458333333333));
#7902=CARTESIAN_POINT('Ctrl Pts',(75.5504187537049,-6.16011350167948,10.6875));
#7903=CARTESIAN_POINT('Ctrl Pts',(75.1602666465288,-5.4843502293705,10.7291666666667));
#7904=CARTESIAN_POINT('Ctrl Pts',(74.7701145393527,-4.80858695706151,10.7708333333333));
#7905=CARTESIAN_POINT('Ctrl Pts',(73.9898103250006,-4.80858695706151,10.8125));
#7906=CARTESIAN_POINT('Ctrl Pts',(73.2095061106485,-4.80858695706151,10.8541666666667));
#7907=CARTESIAN_POINT('Ctrl Pts',(72.8193540034725,-5.48435022937049,10.8958333333333));
#7908=CARTESIAN_POINT('Ctrl Pts',(72.4292018962964,-6.16011350167948,10.9375));
#7909=CARTESIAN_POINT('Ctrl Pts',(72.8193540034725,-6.83587677398846,10.9791666666667));
#7910=CARTESIAN_POINT('Ctrl Pts',(73.2095061106485,-7.51164004629744,11.0208333333333));
#7911=CARTESIAN_POINT('Ctrl Pts',(73.9898103250006,-7.51164004629744,11.0625));
#7912=CARTESIAN_POINT('Ctrl Pts',(74.7701145393527,-7.51164004629744,11.1041666666667));
#7913=CARTESIAN_POINT('Ctrl Pts',(75.1602666465288,-6.83587677398846,11.1458333333333));
#7914=CARTESIAN_POINT('Ctrl Pts',(75.5504187537049,-6.16011350167948,11.1875));
#7915=CARTESIAN_POINT('Ctrl Pts',(75.1602666465288,-5.4843502293705,11.2291666666667));
#7916=CARTESIAN_POINT('Ctrl Pts',(74.7701145393527,-4.80858695706151,11.2708333333333));
#7917=CARTESIAN_POINT('Ctrl Pts',(73.9898103250006,-4.80858695706151,11.3125));
#7918=CARTESIAN_POINT('Ctrl Pts',(73.2095061106485,-4.80858695706151,11.3541666666667));
#7919=CARTESIAN_POINT('Ctrl Pts',(72.8193540034725,-5.48435022937049,11.3958333333333));
#7920=CARTESIAN_POINT('Ctrl Pts',(72.4292018962964,-6.16011350167948,11.4375));
#7921=CARTESIAN_POINT('Ctrl Pts',(72.8193540034725,-6.83587677398846,11.4791666666667));
#7922=CARTESIAN_POINT('Ctrl Pts',(73.2095061106485,-7.51164004629744,11.5208333333333));
#7923=CARTESIAN_POINT('Ctrl Pts',(73.9898103250006,-7.51164004629744,11.5625));
#7924=CARTESIAN_POINT('Ctrl Pts',(74.7701145393527,-7.51164004629744,11.6041666666667));
#7925=CARTESIAN_POINT('Ctrl Pts',(75.1602666465288,-6.83587677398846,11.6458333333333));
#7926=CARTESIAN_POINT('Ctrl Pts',(75.5504187537049,-6.16011350167948,11.6875));
#7927=CARTESIAN_POINT('Ctrl Pts',(75.1602666465288,-5.4843502293705,11.7291666666667));
#7928=CARTESIAN_POINT('Ctrl Pts',(74.7701145393527,-4.80858695706151,11.7708333333333));
#7929=CARTESIAN_POINT('Ctrl Pts',(73.9898103250006,-4.80858695706151,11.8125));
#7930=CARTESIAN_POINT('Ctrl Pts',(73.2095061106485,-4.80858695706151,11.8541666666667));
#7931=CARTESIAN_POINT('Ctrl Pts',(72.8193540034725,-5.48435022937049,11.8958333333333));
#7932=CARTESIAN_POINT('Ctrl Pts',(72.4292018962964,-6.16011350167948,11.9375));
#7933=CARTESIAN_POINT('Ctrl Pts',(72.8193540034725,-6.83587677398846,11.9791666666667));
#7934=CARTESIAN_POINT('Ctrl Pts',(73.2095061106485,-7.51164004629744,12.0208333333333));
#7935=CARTESIAN_POINT('Ctrl Pts',(73.9898103250006,-7.51164004629744,12.0625));
#7936=CARTESIAN_POINT('Ctrl Pts',(74.7701145393527,-7.51164004629744,12.1041666666667));
#7937=CARTESIAN_POINT('Ctrl Pts',(75.1602666465288,-6.83587677398846,12.1458333333333));
#7938=CARTESIAN_POINT('Ctrl Pts',(75.5504187537049,-6.16011350167948,12.1875));
#7939=CARTESIAN_POINT('Ctrl Pts',(75.1602666465288,-5.4843502293705,12.2291666666667));
#7940=CARTESIAN_POINT('Ctrl Pts',(74.7701145393527,-4.80858695706151,12.2708333333333));
#7941=CARTESIAN_POINT('Ctrl Pts',(73.9898103250006,-4.80858695706151,12.3125));
#7942=CARTESIAN_POINT('Ctrl Pts',(73.2095061106485,-4.80858695706151,12.3541666666667));
#7943=CARTESIAN_POINT('Ctrl Pts',(72.8193540034725,-5.48435022937049,12.3958333333333));
#7944=CARTESIAN_POINT('Ctrl Pts',(72.4292018962964,-6.16011350167948,12.4375));
#7945=CARTESIAN_POINT('Ctrl Pts',(72.8193540034725,-6.83587677398846,12.4791666666667));
#7946=CARTESIAN_POINT('Ctrl Pts',(73.2095061106485,-7.51164004629744,12.5208333333333));
#7947=CARTESIAN_POINT('Ctrl Pts',(73.9898103250006,-7.51164004629744,12.5625));
#7948=CARTESIAN_POINT('Ctrl Pts',(74.7701145393527,-7.51164004629744,12.6041666666667));
#7949=CARTESIAN_POINT('Ctrl Pts',(75.1602666465288,-6.83587677398846,12.6458333333333));
#7950=CARTESIAN_POINT('Ctrl Pts',(75.5504187537049,-6.16011350167948,12.6875));
#7951=CARTESIAN_POINT('Ctrl Pts',(75.1602666465288,-5.4843502293705,12.7291666666667));
#7952=CARTESIAN_POINT('Ctrl Pts',(74.7701145393527,-4.80858695706151,12.7708333333333));
#7953=CARTESIAN_POINT('Ctrl Pts',(73.9898103250006,-4.80858695706151,12.8125));
#7954=CARTESIAN_POINT('Ctrl Pts',(73.2095061106485,-4.80858695706151,12.8541666666667));
#7955=CARTESIAN_POINT('Ctrl Pts',(72.8193540034725,-5.48435022937049,12.8958333333333));
#7956=CARTESIAN_POINT('Ctrl Pts',(72.4292018962964,-6.16011350167948,12.9375));
#7957=CARTESIAN_POINT('Ctrl Pts',(72.8193540034725,-6.83587677398846,12.9791666666667));
#7958=CARTESIAN_POINT('Ctrl Pts',(73.2095061106485,-7.51164004629744,13.0208333333333));
#7959=CARTESIAN_POINT('Ctrl Pts',(73.9898103250006,-7.51164004629744,13.0625));
#7960=CARTESIAN_POINT('Ctrl Pts',(74.7701145393527,-7.51164004629744,13.1041666666667));
#7961=CARTESIAN_POINT('Ctrl Pts',(75.1602666465288,-6.83587677398846,13.1458333333333));
#7962=CARTESIAN_POINT('Ctrl Pts',(75.5504187537049,-6.16011350167948,13.1875));
#7963=CARTESIAN_POINT('Ctrl Pts',(75.1602666465288,-5.4843502293705,13.2291666666667));
#7964=CARTESIAN_POINT('Ctrl Pts',(74.7701145393527,-4.80858695706151,13.2708333333333));
#7965=CARTESIAN_POINT('Ctrl Pts',(73.9898103250006,-4.80858695706151,13.3125));
#7966=CARTESIAN_POINT('Ctrl Pts',(73.2095061106485,-4.80858695706151,13.3541666666667));
#7967=CARTESIAN_POINT('Ctrl Pts',(72.8193540034725,-5.48435022937049,13.3958333333333));
#7968=CARTESIAN_POINT('Ctrl Pts',(72.4292018962964,-6.16011350167948,13.4375));
#7969=CARTESIAN_POINT('Ctrl Pts',(72.8193540034725,-6.83587677398846,13.4791666666667));
#7970=CARTESIAN_POINT('Ctrl Pts',(73.2095061106485,-7.51164004629744,13.5208333333333));
#7971=CARTESIAN_POINT('Ctrl Pts',(73.9898103250006,-7.51164004629744,13.5625));
#7972=CARTESIAN_POINT('Ctrl Pts',(74.7701145393527,-7.51164004629744,13.6041666666667));
#7973=CARTESIAN_POINT('Ctrl Pts',(75.1602666465288,-6.83587677398846,13.6458333333333));
#7974=CARTESIAN_POINT('Ctrl Pts',(75.5504187537049,-6.16011350167948,13.6875));
#7975=CARTESIAN_POINT('Ctrl Pts',(75.1602666465288,-5.4843502293705,13.7291666666667));
#7976=CARTESIAN_POINT('Ctrl Pts',(74.7701145393527,-4.80858695706151,13.7708333333333));
#7977=CARTESIAN_POINT('Ctrl Pts',(73.9898103250006,-4.80858695706151,13.8125));
#7978=CARTESIAN_POINT('Ctrl Pts',(73.2095061106485,-4.80858695706151,13.8541666666667));
#7979=CARTESIAN_POINT('Ctrl Pts',(72.8193540034725,-5.48435022937049,13.8958333333333));
#7980=CARTESIAN_POINT('Ctrl Pts',(72.4292018962964,-6.16011350167948,13.9375));
#7981=CARTESIAN_POINT('Ctrl Pts',(72.8193540034725,-6.83587677398846,13.9791666666667));
#7982=CARTESIAN_POINT('Ctrl Pts',(73.2095061106485,-7.51164004629744,14.0208333333333));
#7983=CARTESIAN_POINT('Ctrl Pts',(73.9898103250006,-7.51164004629744,14.0625));
#7984=CARTESIAN_POINT('Ctrl Pts',(74.7701145393527,-7.51164004629744,14.1041666666667));
#7985=CARTESIAN_POINT('Ctrl Pts',(75.1602666465288,-6.83587677398846,14.1458333333333));
#7986=CARTESIAN_POINT('Ctrl Pts',(75.5504187537049,-6.16011350167948,14.1875));
#7987=CARTESIAN_POINT('Ctrl Pts',(75.1602666465288,-5.4843502293705,14.2291666666667));
#7988=CARTESIAN_POINT('Ctrl Pts',(74.7701145393527,-4.80858695706151,14.2708333333333));
#7989=CARTESIAN_POINT('Ctrl Pts',(73.9898103250006,-4.80858695706151,14.3125));
#7990=CARTESIAN_POINT('Ctrl Pts',(73.2095061106485,-4.80858695706151,14.3541666666667));
#7991=CARTESIAN_POINT('Ctrl Pts',(72.8193540034725,-5.48435022937049,14.3958333333333));
#7992=CARTESIAN_POINT('Ctrl Pts',(72.4292018962964,-6.16011350167948,14.4375));
#7993=CARTESIAN_POINT('Ctrl Pts',(72.8193540034725,-6.83587677398846,14.4791666666667));
#7994=CARTESIAN_POINT('Ctrl Pts',(73.2095061106485,-7.51164004629744,14.5208333333333));
#7995=CARTESIAN_POINT('Ctrl Pts',(73.9898103250006,-7.51164004629744,14.5625));
#7996=CARTESIAN_POINT('Ctrl Pts',(74.7701145393527,-7.51164004629744,14.6041666666667));
#7997=CARTESIAN_POINT('Ctrl Pts',(75.1602666465288,-6.83587677398846,14.6458333333333));
#7998=CARTESIAN_POINT('Ctrl Pts',(75.5504187537049,-6.16011350167948,14.6875));
#7999=CARTESIAN_POINT('Ctrl Pts',(75.1602666465288,-5.4843502293705,14.7291666666667));
#8000=CARTESIAN_POINT('Ctrl Pts',(74.7701145393527,-4.80858695706151,14.7708333333333));
#8001=CARTESIAN_POINT('Ctrl Pts',(73.9898103250006,-4.80858695706151,14.8125));
#8002=CARTESIAN_POINT('Ctrl Pts',(73.2095061106485,-4.80858695706151,14.8541666666667));
#8003=CARTESIAN_POINT('Ctrl Pts',(72.8193540034725,-5.48435022937049,14.8958333333333));
#8004=CARTESIAN_POINT('Ctrl Pts',(72.4292018962964,-6.16011350167948,14.9375));
#8005=CARTESIAN_POINT('Ctrl Pts',(72.8193540034725,-6.83587677398846,14.9791666666667));
#8006=CARTESIAN_POINT('Ctrl Pts',(73.2095061106485,-7.51164004629744,15.0208333333333));
#8007=CARTESIAN_POINT('Ctrl Pts',(73.9898103250006,-7.51164004629744,15.0625));
#8008=CARTESIAN_POINT('Ctrl Pts',(74.7701145393527,-7.51164004629744,15.1041666666667));
#8009=CARTESIAN_POINT('Ctrl Pts',(75.1602666465288,-6.83587677398846,15.1458333333333));
#8010=CARTESIAN_POINT('Ctrl Pts',(75.5504187537049,-6.16011350167948,15.1875));
#8011=CARTESIAN_POINT('Ctrl Pts',(75.1602666465288,-5.4843502293705,15.2291666666667));
#8012=CARTESIAN_POINT('Ctrl Pts',(74.7701145393527,-4.80858695706151,15.2708333333333));
#8013=CARTESIAN_POINT('Ctrl Pts',(73.9898103250006,-4.80858695706151,15.3125));
#8014=CARTESIAN_POINT('Ctrl Pts',(73.2095061106485,-4.80858695706151,15.3541666666667));
#8015=CARTESIAN_POINT('Ctrl Pts',(72.8193540034725,-5.48435022937049,15.3958333333333));
#8016=CARTESIAN_POINT('Ctrl Pts',(72.4292018962964,-6.16011350167947,15.4375));
#8017=CARTESIAN_POINT('Ctrl Pts',(72.8193540034725,-6.83587677398846,15.4791666666667));
#8018=CARTESIAN_POINT('Ctrl Pts',(73.2095061106485,-7.51164004629744,15.5208333333333));
#8019=CARTESIAN_POINT('Ctrl Pts',(73.9898103250006,-7.51164004629744,15.5625));
#8020=CARTESIAN_POINT('Ctrl Pts',(74.7701145393527,-7.51164004629744,15.6041666666667));
#8021=CARTESIAN_POINT('Ctrl Pts',(75.1602666465288,-6.83587677398846,15.6458333333333));
#8022=CARTESIAN_POINT('Ctrl Pts',(75.5504187537049,-6.16011350167948,15.6875));
#8023=CARTESIAN_POINT('Ctrl Pts',(75.1602666465288,-5.4843502293705,15.7291666666667));
#8024=CARTESIAN_POINT('Ctrl Pts',(74.7701145393527,-4.80858695706151,15.7708333333333));
#8025=CARTESIAN_POINT('Ctrl Pts',(73.9898103250006,-4.80858695706151,15.8125));
#8026=CARTESIAN_POINT('Ctrl Pts',(73.2095061106485,-4.80858695706151,15.8541666666667));
#8027=CARTESIAN_POINT('Ctrl Pts',(72.8193540034725,-5.48435022937049,15.8958333333333));
#8028=CARTESIAN_POINT('Ctrl Pts',(72.4292018962964,-6.16011350167947,15.9375));
#8029=CARTESIAN_POINT('Ctrl Pts',(72.8193540034725,-6.83587677398846,15.9791666666667));
#8030=CARTESIAN_POINT('Ctrl Pts',(73.2095061106485,-7.51164004629744,16.0208333333333));
#8031=CARTESIAN_POINT('Ctrl Pts',(73.9898103250006,-7.51164004629744,16.0625));
#8032=CARTESIAN_POINT('Ctrl Pts',(74.7701145393527,-7.51164004629744,16.1041666666667));
#8033=CARTESIAN_POINT('Ctrl Pts',(75.1602666465288,-6.83587677398846,16.1458333333333));
#8034=CARTESIAN_POINT('Ctrl Pts',(75.5504187537049,-6.16011350167948,16.1875));
#8035=CARTESIAN_POINT('Ctrl Pts',(75.1602666465288,-5.4843502293705,16.2291666666667));
#8036=CARTESIAN_POINT('Ctrl Pts',(74.7701145393527,-4.80858695706151,16.2708333333333));
#8037=CARTESIAN_POINT('Ctrl Pts',(73.9898103250006,-4.80858695706151,16.3125));
#8038=CARTESIAN_POINT('Ctrl Pts',(73.2095061106485,-4.80858695706151,16.3541666666667));
#8039=CARTESIAN_POINT('Ctrl Pts',(72.8193540034725,-5.48435022937049,16.3958333333333));
#8040=CARTESIAN_POINT('Ctrl Pts',(72.4292018962964,-6.16011350167947,16.4375));
#8041=CARTESIAN_POINT('Ctrl Pts',(72.8193540034725,-6.83587677398846,16.4791666666667));
#8042=CARTESIAN_POINT('Ctrl Pts',(73.2095061106485,-7.51164004629744,16.5208333333333));
#8043=CARTESIAN_POINT('Ctrl Pts',(73.9898103250006,-7.51164004629744,16.5625));
#8044=CARTESIAN_POINT('Ctrl Pts',(74.7701145393527,-7.51164004629744,16.6041666666667));
#8045=CARTESIAN_POINT('Ctrl Pts',(75.1602666465288,-6.83587677398846,16.6458333333333));
#8046=CARTESIAN_POINT('Ctrl Pts',(75.5504187537049,-6.16011350167948,16.6875));
#8047=CARTESIAN_POINT('Ctrl Pts',(75.1602666465288,-5.4843502293705,16.7291666666667));
#8048=CARTESIAN_POINT('Ctrl Pts',(74.7701145393527,-4.80858695706151,16.7708333333333));
#8049=CARTESIAN_POINT('Ctrl Pts',(73.9898103250006,-4.80858695706151,16.8125));
#8050=CARTESIAN_POINT('Ctrl Pts',(73.2095061106485,-4.80858695706151,16.8541666666667));
#8051=CARTESIAN_POINT('Ctrl Pts',(72.8193540034725,-5.48435022937049,16.8958333333333));
#8052=CARTESIAN_POINT('Ctrl Pts',(72.4292018962964,-6.16011350167947,16.9375));
#8053=CARTESIAN_POINT('Ctrl Pts',(72.8193540034725,-6.83587677398846,16.9791666666667));
#8054=CARTESIAN_POINT('Ctrl Pts',(73.2095061106485,-7.51164004629744,17.0208333333333));
#8055=CARTESIAN_POINT('Ctrl Pts',(73.9898103250006,-7.51164004629744,17.0625));
#8056=CARTESIAN_POINT('Ctrl Pts',(74.7701145393527,-7.51164004629744,17.1041666666667));
#8057=CARTESIAN_POINT('Ctrl Pts',(75.1602666465288,-6.83587677398846,17.1458333333333));
#8058=CARTESIAN_POINT('Ctrl Pts',(75.5504187537049,-6.16011350167948,17.1875));
#8059=CARTESIAN_POINT('Ctrl Pts',(75.1602666465288,-5.4843502293705,17.2291666666667));
#8060=CARTESIAN_POINT('Ctrl Pts',(74.7701145393527,-4.80858695706151,17.2708333333333));
#8061=CARTESIAN_POINT('Ctrl Pts',(73.9898103250006,-4.80858695706151,17.3125));
#8062=CARTESIAN_POINT('Ctrl Pts',(73.2095061106485,-4.80858695706151,17.3541666666667));
#8063=CARTESIAN_POINT('Ctrl Pts',(72.8193540034725,-5.48435022937049,17.3958333333333));
#8064=CARTESIAN_POINT('Ctrl Pts',(72.4292018962964,-6.16011350167947,17.4375));
#8065=CARTESIAN_POINT('Ctrl Pts',(72.8193540034725,-6.83587677398846,17.4791666666667));
#8066=CARTESIAN_POINT('Ctrl Pts',(73.2095061106485,-7.51164004629744,17.5208333333333));
#8067=CARTESIAN_POINT('Ctrl Pts',(73.9898103250006,-7.51164004629744,17.5625));
#8068=CARTESIAN_POINT('Ctrl Pts',(74.7701145393527,-7.51164004629744,17.6041666666667));
#8069=CARTESIAN_POINT('Ctrl Pts',(75.1602666465288,-6.83587677398846,17.6458333333333));
#8070=CARTESIAN_POINT('Ctrl Pts',(75.5504187537049,-6.16011350167948,17.6875));
#8071=CARTESIAN_POINT('Ctrl Pts',(75.1602666465288,-5.4843502293705,17.7291666666667));
#8072=CARTESIAN_POINT('Ctrl Pts',(74.7701145393527,-4.80858695706151,17.7708333333333));
#8073=CARTESIAN_POINT('Ctrl Pts',(73.9898103250006,-4.80858695706151,17.8125));
#8074=CARTESIAN_POINT('Ctrl Pts',(73.2095061106485,-4.80858695706151,17.8541666666667));
#8075=CARTESIAN_POINT('Ctrl Pts',(72.8193540034725,-5.48435022937049,17.8958333333333));
#8076=CARTESIAN_POINT('Ctrl Pts',(72.4292018962964,-6.16011350167947,17.9375));
#8077=CARTESIAN_POINT('Ctrl Pts',(72.8193540034725,-6.83587677398846,17.9791666666667));
#8078=CARTESIAN_POINT('Ctrl Pts',(73.2095061106485,-7.51164004629744,18.0208333333333));
#8079=CARTESIAN_POINT('Ctrl Pts',(73.9898103250006,-7.51164004629744,18.0625));
#8080=CARTESIAN_POINT('Ctrl Pts',(74.7701145393527,-7.51164004629744,18.1041666666667));
#8081=CARTESIAN_POINT('Ctrl Pts',(75.1602666465288,-6.83587677398846,18.1458333333333));
#8082=CARTESIAN_POINT('Ctrl Pts',(75.5504187537049,-6.16011350167948,18.1875));
#8083=CARTESIAN_POINT('Ctrl Pts',(75.1602666465288,-5.4843502293705,18.2291666666667));
#8084=CARTESIAN_POINT('Ctrl Pts',(74.7701145393527,-4.80858695706151,18.2708333333333));
#8085=CARTESIAN_POINT('Ctrl Pts',(73.9898103250006,-4.80858695706151,18.3125));
#8086=CARTESIAN_POINT('Ctrl Pts',(73.2095061106485,-4.80858695706151,18.3541666666667));
#8087=CARTESIAN_POINT('Ctrl Pts',(72.8193540034725,-5.48435022937049,18.3958333333333));
#8088=CARTESIAN_POINT('Ctrl Pts',(72.4292018962964,-6.16011350167947,18.4375));
#8089=CARTESIAN_POINT('Ctrl Pts',(72.8193540034725,-6.83587677398846,18.4791666666667));
#8090=CARTESIAN_POINT('Ctrl Pts',(73.2095061106485,-7.51164004629744,18.5208333333333));
#8091=CARTESIAN_POINT('Ctrl Pts',(73.9898103250006,-7.51164004629744,18.5625));
#8092=CARTESIAN_POINT('Ctrl Pts',(74.7701145393527,-7.51164004629744,18.6041666666667));
#8093=CARTESIAN_POINT('Ctrl Pts',(75.1602666465288,-6.83587677398846,18.6458333333333));
#8094=CARTESIAN_POINT('Ctrl Pts',(75.5504187537049,-6.16011350167947,18.6875));
#8095=CARTESIAN_POINT('Ctrl Pts',(75.1602666465288,-5.4843502293705,18.7291666666667));
#8096=CARTESIAN_POINT('Ctrl Pts',(74.7701145393527,-4.80858695706151,18.7708333333333));
#8097=CARTESIAN_POINT('Ctrl Pts',(73.9898103250006,-4.80858695706151,18.8125));
#8098=CARTESIAN_POINT('Ctrl Pts',(73.2095061106485,-4.80858695706151,18.8541666666667));
#8099=CARTESIAN_POINT('Ctrl Pts',(72.8193540034725,-5.48435022937049,18.8958333333333));
#8100=CARTESIAN_POINT('Ctrl Pts',(72.4292018962964,-6.16011350167947,18.9375));
#8101=CARTESIAN_POINT('Ctrl Pts',(72.8193540034725,-6.83587677398846,18.9791666666667));
#8102=CARTESIAN_POINT('Ctrl Pts',(73.2095061106485,-7.51164004629744,19.0208333333333));
#8103=CARTESIAN_POINT('Ctrl Pts',(73.9898103250006,-7.51164004629744,19.0625));
#8104=CARTESIAN_POINT('Ctrl Pts',(74.7701145393527,-7.51164004629744,19.1041666666667));
#8105=CARTESIAN_POINT('Ctrl Pts',(75.1602666465288,-6.83587677398846,19.1458333333333));
#8106=CARTESIAN_POINT('Ctrl Pts',(75.5504187537049,-6.16011350167947,19.1875));
#8107=CARTESIAN_POINT('Ctrl Pts',(75.1602666465288,-5.48435022937049,19.2291666666667));
#8108=CARTESIAN_POINT('Ctrl Pts',(74.7701145393527,-4.80858695706151,19.2708333333333));
#8109=CARTESIAN_POINT('Ctrl Pts',(73.9898103250006,-4.80858695706151,19.3125));
#8110=CARTESIAN_POINT('Ctrl Pts',(73.2095061106485,-4.80858695706151,19.3541666666667));
#8111=CARTESIAN_POINT('Ctrl Pts',(72.8193540034725,-5.48435022937049,19.3958333333333));
#8112=CARTESIAN_POINT('Ctrl Pts',(72.4292018962964,-6.16011350167947,19.4375));
#8113=CARTESIAN_POINT('Ctrl Pts',(72.8193540034725,-6.83587677398846,19.4791666666667));
#8114=CARTESIAN_POINT('Ctrl Pts',(73.2095061106485,-7.51164004629744,19.5208333333333));
#8115=CARTESIAN_POINT('Ctrl Pts',(73.9898103250006,-7.51164004629744,19.5625));
#8116=CARTESIAN_POINT('Ctrl Pts',(74.7701145393527,-7.51164004629744,19.6041666666667));
#8117=CARTESIAN_POINT('Ctrl Pts',(75.1602666465288,-6.83587677398846,19.6458333333333));
#8118=CARTESIAN_POINT('Ctrl Pts',(75.5504187537049,-6.16011350167947,19.6875));
#8119=CARTESIAN_POINT('Ctrl Pts',(75.1602666465288,-5.48435022937049,19.7291666666667));
#8120=CARTESIAN_POINT('Ctrl Pts',(74.7701145393527,-4.80858695706151,19.7708333333333));
#8121=CARTESIAN_POINT('Ctrl Pts',(73.9898103250006,-4.80858695706151,19.8125));
#8122=CARTESIAN_POINT('Ctrl Pts',(73.2095061106485,-4.80858695706151,19.8541666666667));
#8123=CARTESIAN_POINT('Ctrl Pts',(72.8193540034725,-5.48435022937049,19.8958333333333));
#8124=CARTESIAN_POINT('Ctrl Pts',(72.4292018962964,-6.16011350167947,19.9375));
#8125=CARTESIAN_POINT('Ctrl Pts',(72.8193540034725,-6.83587677398846,19.9791666666667));
#8126=CARTESIAN_POINT('Ctrl Pts',(73.2095061106485,-7.51164004629744,20.0208333333333));
#8127=CARTESIAN_POINT('Ctrl Pts',(73.9898103250006,-7.51164004629744,20.0625));
#8128=CARTESIAN_POINT('Ctrl Pts',(74.7701145393527,-7.51164004629744,20.1041666666667));
#8129=CARTESIAN_POINT('Ctrl Pts',(75.1602666465288,-6.83587677398846,20.1458333333333));
#8130=CARTESIAN_POINT('Ctrl Pts',(75.5504187537049,-6.16011350167947,20.1875));
#8131=CARTESIAN_POINT('Ctrl Pts',(75.1602666465288,-5.48435022937049,20.2291666666667));
#8132=CARTESIAN_POINT('Ctrl Pts',(74.7701145393527,-4.80858695706151,20.2708333333333));
#8133=CARTESIAN_POINT('Ctrl Pts',(73.9898103250006,-4.80858695706151,20.3125));
#8134=CARTESIAN_POINT('Ctrl Pts',(73.2095061106485,-4.80858695706151,20.3541666666667));
#8135=CARTESIAN_POINT('Ctrl Pts',(72.8193540034725,-5.48435022937049,20.3958333333333));
#8136=CARTESIAN_POINT('Ctrl Pts',(72.4292018962964,-6.16011350167947,20.4375));
#8137=CARTESIAN_POINT('Ctrl Pts',(72.8193540034725,-6.83587677398846,20.4791666666667));
#8138=CARTESIAN_POINT('Ctrl Pts',(73.2095061106485,-7.51164004629744,20.5208333333333));
#8139=CARTESIAN_POINT('Ctrl Pts',(73.9898103250006,-7.51164004629744,20.5625));
#8140=CARTESIAN_POINT('Ctrl Pts',(74.7701145393527,-7.51164004629744,20.6041666666667));
#8141=CARTESIAN_POINT('Ctrl Pts',(75.1602666465288,-6.83587677398846,20.6458333333333));
#8142=CARTESIAN_POINT('Ctrl Pts',(75.5504187537049,-6.16011350167947,20.6875));
#8143=CARTESIAN_POINT('Ctrl Pts',(75.1602666465288,-5.48435022937049,20.7291666666667));
#8144=CARTESIAN_POINT('Ctrl Pts',(74.7701145393527,-4.80858695706151,20.7708333333333));
#8145=CARTESIAN_POINT('Ctrl Pts',(73.9898103250006,-4.80858695706151,20.8125));
#8146=CARTESIAN_POINT('Ctrl Pts',(73.2095061106485,-4.80858695706151,20.8541666666667));
#8147=CARTESIAN_POINT('Ctrl Pts',(72.8193540034725,-5.48435022937049,20.8958333333333));
#8148=CARTESIAN_POINT('Ctrl Pts',(72.4292018962964,-6.16011350167947,20.9375));
#8149=CARTESIAN_POINT('Ctrl Pts',(72.8193540034725,-6.83587677398846,20.9791666666667));
#8150=CARTESIAN_POINT('Ctrl Pts',(73.2095061106485,-7.51164004629744,21.0208333333333));
#8151=CARTESIAN_POINT('Ctrl Pts',(73.9898103250006,-7.51164004629744,21.0625));
#8152=CARTESIAN_POINT('Ctrl Pts',(74.7701145393527,-7.51164004629744,21.1041666666667));
#8153=CARTESIAN_POINT('Ctrl Pts',(75.1602666465288,-6.83587677398846,21.1458333333333));
#8154=CARTESIAN_POINT('Ctrl Pts',(75.5504187537049,-6.16011350167947,21.1875));
#8155=CARTESIAN_POINT('Ctrl Pts',(75.1602666465288,-5.48435022937049,21.2291666666667));
#8156=CARTESIAN_POINT('Ctrl Pts',(74.7701145393527,-4.80858695706151,21.2708333333333));
#8157=CARTESIAN_POINT('Ctrl Pts',(73.9898103250006,-4.80858695706151,21.3125));
#8158=CARTESIAN_POINT('Ctrl Pts',(73.2095061106485,-4.80858695706151,21.3541666666667));
#8159=CARTESIAN_POINT('Ctrl Pts',(72.8193540034725,-5.48435022937049,21.3958333333333));
#8160=CARTESIAN_POINT('Ctrl Pts',(72.4292018962964,-6.16011350167947,21.4375));
#8161=CARTESIAN_POINT('Ctrl Pts',(72.8193540034725,-6.83587677398846,21.4791666666667));
#8162=CARTESIAN_POINT('Ctrl Pts',(73.2095061106485,-7.51164004629744,21.5208333333333));
#8163=CARTESIAN_POINT('Ctrl Pts',(73.9898103250006,-7.51164004629744,21.5625));
#8164=CARTESIAN_POINT('Ctrl Pts',(74.7701145393527,-7.51164004629744,21.6041666666667));
#8165=CARTESIAN_POINT('Ctrl Pts',(75.1602666465288,-6.83587677398846,21.6458333333333));
#8166=CARTESIAN_POINT('Ctrl Pts',(75.5504187537049,-6.16011350167947,21.6875));
#8167=CARTESIAN_POINT('Ctrl Pts',(75.1602666465288,-5.48435022937049,21.7291666666667));
#8168=CARTESIAN_POINT('Ctrl Pts',(74.7701145393527,-4.80858695706151,21.7708333333333));
#8169=CARTESIAN_POINT('Ctrl Pts',(73.9898103250006,-4.80858695706151,21.8125));
#8170=CARTESIAN_POINT('Ctrl Pts',(73.2095061106485,-4.80858695706151,21.8541666666667));
#8171=CARTESIAN_POINT('Ctrl Pts',(72.8193540034725,-5.48435022937049,21.8958333333333));
#8172=CARTESIAN_POINT('Ctrl Pts',(72.4292018962964,-6.16011350167947,21.9375));
#8173=CARTESIAN_POINT('Ctrl Pts',(72.8193540034725,-6.83587677398846,21.9791666666667));
#8174=CARTESIAN_POINT('Ctrl Pts',(73.2095061106485,-7.51164004629744,22.0208333333333));
#8175=CARTESIAN_POINT('Ctrl Pts',(73.9898103250006,-7.51164004629744,22.0625));
#8176=CARTESIAN_POINT('Ctrl Pts',(74.7701145393527,-7.51164004629744,22.1041666666667));
#8177=CARTESIAN_POINT('Ctrl Pts',(75.1602666465288,-6.83587677398846,22.1458333333333));
#8178=CARTESIAN_POINT('Ctrl Pts',(75.5504187537049,-6.16011350167947,22.1875));
#8179=CARTESIAN_POINT('Ctrl Pts',(75.1602666465288,-5.48435022937049,22.2291666666667));
#8180=CARTESIAN_POINT('Ctrl Pts',(74.7701145393527,-4.80858695706151,22.2708333333333));
#8181=CARTESIAN_POINT('Ctrl Pts',(73.9898103250006,-4.80858695706151,22.3125));
#8182=CARTESIAN_POINT('Ctrl Pts',(73.2095061106485,-4.80858695706151,22.3541666666667));
#8183=CARTESIAN_POINT('Ctrl Pts',(72.8193540034725,-5.48435022937049,22.3958333333333));
#8184=CARTESIAN_POINT('Ctrl Pts',(72.4292018962964,-6.16011350167947,22.4375));
#8185=CARTESIAN_POINT('Ctrl Pts',(72.8193540034725,-6.83587677398846,22.4791666666667));
#8186=CARTESIAN_POINT('Ctrl Pts',(73.2095061106485,-7.51164004629744,22.5208333333333));
#8187=CARTESIAN_POINT('Ctrl Pts',(73.9898103250006,-7.51164004629744,22.5625));
#8188=CARTESIAN_POINT('Ctrl Pts',(74.7701145393527,-7.51164004629744,22.6041666666667));
#8189=CARTESIAN_POINT('Ctrl Pts',(75.1602666465288,-6.83587677398846,22.6458333333333));
#8190=CARTESIAN_POINT('Ctrl Pts',(75.5504187537049,-6.16011350167947,22.6875));
#8191=CARTESIAN_POINT('Ctrl Pts',(75.1602666465288,-5.48435022937049,22.7291666666667));
#8192=CARTESIAN_POINT('Ctrl Pts',(74.7701145393527,-4.80858695706151,22.7708333333333));
#8193=CARTESIAN_POINT('Ctrl Pts',(73.9898103250006,-4.80858695706151,22.8125));
#8194=CARTESIAN_POINT('Ctrl Pts',(73.2095061106485,-4.80858695706151,22.8541666666667));
#8195=CARTESIAN_POINT('Ctrl Pts',(72.8193540034725,-5.48435022937049,22.8958333333333));
#8196=CARTESIAN_POINT('Ctrl Pts',(72.4292018962964,-6.16011350167947,22.9375));
#8197=CARTESIAN_POINT('Ctrl Pts',(72.8193540034725,-6.83587677398846,22.9791666666667));
#8198=CARTESIAN_POINT('Ctrl Pts',(73.2095061106485,-7.51164004629744,23.0208333333333));
#8199=CARTESIAN_POINT('Ctrl Pts',(73.9898103250006,-7.51164004629744,23.0625));
#8200=CARTESIAN_POINT('Ctrl Pts',(74.7701145393527,-7.51164004629744,23.1041666666667));
#8201=CARTESIAN_POINT('Ctrl Pts',(75.1602666465288,-6.83587677398846,23.1458333333333));
#8202=CARTESIAN_POINT('Ctrl Pts',(75.5504187537049,-6.16011350167947,23.1875));
#8203=CARTESIAN_POINT('Ctrl Pts',(75.1602666465288,-5.48435022937049,23.2291666666667));
#8204=CARTESIAN_POINT('Ctrl Pts',(74.7701145393527,-4.80858695706151,23.2708333333333));
#8205=CARTESIAN_POINT('Ctrl Pts',(73.9898103250006,-4.80858695706151,23.3125));
#8206=CARTESIAN_POINT('Ctrl Pts',(73.2095061106485,-4.80858695706151,23.3541666666667));
#8207=CARTESIAN_POINT('Ctrl Pts',(72.8193540034725,-5.48435022937049,23.3958333333333));
#8208=CARTESIAN_POINT('Ctrl Pts',(72.4292018962964,-6.16011350167947,23.4375));
#8209=CARTESIAN_POINT('Ctrl Pts',(72.8193540034725,-6.83587677398846,23.4791666666667));
#8210=CARTESIAN_POINT('Ctrl Pts',(73.2095061106485,-7.51164004629744,23.5208333333333));
#8211=CARTESIAN_POINT('Ctrl Pts',(73.9898103250006,-7.51164004629744,23.5625));
#8212=CARTESIAN_POINT('Ctrl Pts',(74.7701145393527,-7.51164004629744,23.6041666666667));
#8213=CARTESIAN_POINT('Ctrl Pts',(75.1602666465288,-6.83587677398846,23.6458333333333));
#8214=CARTESIAN_POINT('Ctrl Pts',(75.5504187537049,-6.16011350167947,23.6875));
#8215=CARTESIAN_POINT('Ctrl Pts',(75.1602666465288,-5.48435022937049,23.7291666666667));
#8216=CARTESIAN_POINT('Ctrl Pts',(74.7701145393527,-4.80858695706151,23.7708333333333));
#8217=CARTESIAN_POINT('Ctrl Pts',(73.9898103250006,-4.80858695706151,23.8125));
#8218=CARTESIAN_POINT('Ctrl Pts',(73.2095061106485,-4.80858695706151,23.8541666666667));
#8219=CARTESIAN_POINT('Ctrl Pts',(72.8193540034725,-5.48435022937049,23.8958333333333));
#8220=CARTESIAN_POINT('Ctrl Pts',(72.4292018962964,-6.16011350167947,23.9375));
#8221=CARTESIAN_POINT('Ctrl Pts',(72.8193540034725,-6.83587677398846,23.9791666666667));
#8222=CARTESIAN_POINT('Ctrl Pts',(73.2095061106485,-7.51164004629744,24.0208333333333));
#8223=CARTESIAN_POINT('Ctrl Pts',(73.9898103250006,-7.51164004629744,24.0625));
#8224=CARTESIAN_POINT('Ctrl Pts',(74.7701145393527,-7.51164004629744,24.1041666666667));
#8225=CARTESIAN_POINT('Ctrl Pts',(75.1602666465288,-6.83587677398846,24.1458333333333));
#8226=CARTESIAN_POINT('Ctrl Pts',(75.5504187537049,-6.16011350167947,24.1875));
#8227=CARTESIAN_POINT('Ctrl Pts',(75.1602666465288,-5.48435022937049,24.2291666666667));
#8228=CARTESIAN_POINT('Ctrl Pts',(74.7701145393527,-4.80858695706151,24.2708333333333));
#8229=CARTESIAN_POINT('Ctrl Pts',(73.9898103250006,-4.80858695706151,24.3125));
#8230=CARTESIAN_POINT('Ctrl Pts',(73.0428912697107,-7.12446214378757,15.));
#8231=CARTESIAN_POINT('Ctrl Pts',(72.8843512294766,-7.0019461341197,15.));
#8232=CARTESIAN_POINT('Ctrl Pts',(72.7740898143646,-6.85825571280392,15.));
#8233=CARTESIAN_POINT('Ctrl Pts',(72.6046057029737,-6.55966326530261,15.));
#8234=CARTESIAN_POINT('Ctrl Pts',(72.544544712046,-6.38316652879272,15.));
#8235=CARTESIAN_POINT('Ctrl Pts',(72.4918465497222,-6.00775940927859,15.));
#8236=CARTESIAN_POINT('Ctrl Pts',(72.5033214737119,-5.81200591804325,14.9999999999958));
#8237=CARTESIAN_POINT('Ctrl Pts',(72.6124505080205,-5.39492717630774,14.9999999999958));
#8238=CARTESIAN_POINT('Ctrl Pts',(72.7191604083556,-5.2142884830316,15.));
#8239=CARTESIAN_POINT('Ctrl Pts',(72.9397469946584,-4.91865731612118,15.));
#8240=CARTESIAN_POINT('Ctrl Pts',(73.0961896899773,-4.77639195027258,15.));
#8241=CARTESIAN_POINT('Ctrl Pts',(73.4271525087241,-4.57522282141002,15.));
#8242=CARTESIAN_POINT('Ctrl Pts',(73.5930474167124,-4.50831016340406,15.));
#8243=CARTESIAN_POINT('Ctrl Pts',(73.843731459881,-4.45197882305341,15.));
#8244=CARTESIAN_POINT('Ctrl Pts',(73.918545426762,-4.44105224319938,15.));
#8245=CARTESIAN_POINT('Ctrl Pts',(73.9898103250006,-4.43511350167949,15.));
#8246=CARTESIAN_POINT('Ctrl Pts',(73.9898103250006,-4.43511350167949,10.));
#8247=CARTESIAN_POINT('Ctrl Pts',(73.8898623786884,-4.44344249720551,10.));
#8248=CARTESIAN_POINT('Ctrl Pts',(73.7833337287996,-4.4615334195121,9.99999999996747));
#8249=CARTESIAN_POINT('Ctrl Pts',(73.4793432393008,-4.54893081927432,9.99999999996747));
#8250=CARTESIAN_POINT('Ctrl Pts',(73.297677022822,-4.63984163111825,10.));
#8251=CARTESIAN_POINT('Ctrl Pts',(72.9655997370331,-4.89148752912546,10.));
#8252=CARTESIAN_POINT('Ctrl Pts',(72.8215033662196,-5.05402457879652,10.));
#8253=CARTESIAN_POINT('Ctrl Pts',(72.6073773265546,-5.4206379596526,10.));
#8254=CARTESIAN_POINT('Ctrl Pts',(72.543194555196,-5.60823282469846,9.99999999996216));
#8255=CARTESIAN_POINT('Ctrl Pts',(72.4932102723007,-5.98501131473086,9.99999999996216));
#8256=CARTESIAN_POINT('Ctrl Pts',(72.5033984480544,-6.16993556596307,10.));
#8257=CARTESIAN_POINT('Ctrl Pts',(72.5849779373276,-6.49992866050257,10.));
#8258=CARTESIAN_POINT('Ctrl Pts',(72.6464844367878,-6.64463923394833,10.));
#8259=CARTESIAN_POINT('Ctrl Pts',(72.8142458326037,-6.91158253059375,10.));
#8260=CARTESIAN_POINT('Ctrl Pts',(72.9176839704456,-7.02770489139512,10.));
#8261=CARTESIAN_POINT('Ctrl Pts',(73.0428912697107,-7.12446214378762,10.));
#8262=CARTESIAN_POINT('Ctrl Pts',(73.9898103250006,-7.88511350167948,10.25));
#8263=CARTESIAN_POINT('Ctrl Pts',(74.593677963936,-7.88511350167948,10.2752639959344));
#8264=CARTESIAN_POINT('Ctrl Pts',(75.1829443534841,-7.54354474410682,10.3081675728296));
#8265=CARTESIAN_POINT('Ctrl Pts',(75.4837041465288,-7.02261350167946,10.3333333333333));
#8266=CARTESIAN_POINT('Ctrl Pts',(75.7844631783509,-6.50168357772838,10.3584990301426));
#8267=CARTESIAN_POINT('Ctrl Pts',(75.7844745164802,-5.8185630638466,10.3915000211514));
#8268=CARTESIAN_POINT('Ctrl Pts',(75.4837041465288,-5.29761350167948,10.4166666666667));
#8269=CARTESIAN_POINT('Ctrl Pts',(75.1829235129898,-4.77664616245715,10.4418341709769));
#8270=CARTESIAN_POINT('Ctrl Pts',(74.5936315515663,-4.43511350167948,10.4747379458188));
#8271=CARTESIAN_POINT('Ctrl Pts',(73.9898103250006,-4.43511350167948,10.5));
#8272=CARTESIAN_POINT('Ctrl Pts',(73.3864054387632,-4.43511350167948,10.5252446357608));
#8273=CARTESIAN_POINT('Ctrl Pts',(72.7968958048035,-4.77630205974747,10.5581492057038));
#8274=CARTESIAN_POINT('Ctrl Pts',(72.4959165034725,-5.29761350167951,10.5833333333333));
#8275=CARTESIAN_POINT('Ctrl Pts',(72.1949848627652,-5.81884239298959,10.6085134730102));
#8276=CARTESIAN_POINT('Ctrl Pts',(72.1952606332168,-6.50186225880273,10.6415096017934));
#8277=CARTESIAN_POINT('Ctrl Pts',(72.4959165034725,-7.02261350167948,10.6666666666667));
#8278=CARTESIAN_POINT('Ctrl Pts',(72.7965812318291,-7.54338008723704,10.6918244727323));
#8279=CARTESIAN_POINT('Ctrl Pts',(73.3867467592319,-7.88511350167948,10.7247696440554));
#8280=CARTESIAN_POINT('Ctrl Pts',(73.9898103250006,-7.88511350167948,10.75));
#8281=CARTESIAN_POINT('Origin',(73.9898103250006,-6.16011350167948,-6.));
#8282=CARTESIAN_POINT('Ctrl Pts',(73.9898103250006,-7.88511350167948,10.8125));
#8283=CARTESIAN_POINT('Ctrl Pts',(73.3884726005528,-7.88511350167948,10.7873418480374));
#8284=CARTESIAN_POINT('Ctrl Pts',(72.7968164472475,-7.54378749229232,10.7543441541359));
#8285=CARTESIAN_POINT('Ctrl Pts',(72.4959165034725,-7.02261350167948,10.7291666666667));
#8286=CARTESIAN_POINT('Ctrl Pts',(72.1949638918033,-6.50134828759796,10.7039847722666));
#8287=CARTESIAN_POINT('Ctrl Pts',(72.1941741009296,-5.82024667368174,10.6710813126571));
#8288=CARTESIAN_POINT('Ctrl Pts',(72.4959165034725,-5.29761350167947,10.6458333333333));
#8289=CARTESIAN_POINT('Ctrl Pts',(72.7978892718662,-4.77458132431928,10.6205660783884));
#8290=CARTESIAN_POINT('Ctrl Pts',(73.3882021951963,-4.43511350167948,10.587669464905));
#8291=CARTESIAN_POINT('Ctrl Pts',(73.9898103250006,-4.43511350167948,10.5625));
#8292=CARTESIAN_POINT('Ctrl Pts',(74.5913986623806,-4.43511350167948,10.5373313631502));
#8293=CARTESIAN_POINT('Ctrl Pts',(75.1829650435314,-4.77671809546525,10.5043306959524));
#8294=CARTESIAN_POINT('Ctrl Pts',(75.4837041465288,-5.29761350167948,10.4791666666667));
#8295=CARTESIAN_POINT('Ctrl Pts',(75.7844435213744,-5.81850937874848,10.4540026146344));
#8296=CARTESIAN_POINT('Ctrl Pts',(75.7855772263775,-6.49975398994426,10.4210922469437));
#8297=CARTESIAN_POINT('Ctrl Pts',(75.4837041465288,-7.02261350167948,10.3958333333333));
#8298=CARTESIAN_POINT('Ctrl Pts',(75.1820220246342,-7.5451422645362,10.3705903979296));
#8299=CARTESIAN_POINT('Ctrl Pts',(74.5918688729027,-7.88511350167948,10.3376883090362));
#8300=CARTESIAN_POINT('Ctrl Pts',(73.9898103250007,-7.88511350167948,10.3125));
#8301=CARTESIAN_POINT('Ctrl Pts',(73.9898103250006,-4.80859169298677,-6.2499976223585));
#8302=CARTESIAN_POINT('Ctrl Pts',(73.2095088449363,-4.80859169298677,-6.20833095569183));
#8303=CARTESIAN_POINT('Ctrl Pts',(72.8193581049041,-5.48435259733313,-6.16666428902517));
#8304=CARTESIAN_POINT('Ctrl Pts',(72.4292073648719,-6.16011350167948,-6.1249976223585));
#8305=CARTESIAN_POINT('Ctrl Pts',(72.8193581049041,-6.83587440602583,-6.08333095569183));
#8306=CARTESIAN_POINT('Ctrl Pts',(73.2095088449363,-7.51163531037218,-6.04166428902516));
#8307=CARTESIAN_POINT('Ctrl Pts',(73.9898103250006,-7.51163531037218,-5.9999976223585));
#8308=CARTESIAN_POINT('Ctrl Pts',(74.770111805065,-7.51163531037218,-5.95833095569183));
#8309=CARTESIAN_POINT('Ctrl Pts',(75.1602625450972,-6.83587440602583,-5.91666428902517));
#8310=CARTESIAN_POINT('Ctrl Pts',(75.5504132851294,-6.16011350167948,-5.8749976223585));
#8311=CARTESIAN_POINT('Ctrl Pts',(75.1602625450972,-5.48435259733313,-5.83333095569184));
#8312=CARTESIAN_POINT('Ctrl Pts',(74.770111805065,-4.80859169298678,-5.79166428902516));
#8313=CARTESIAN_POINT('Ctrl Pts',(73.9898103250006,-4.80859169298677,-5.7499976223585));
#8314=CARTESIAN_POINT('Ctrl Pts',(73.2095088449363,-4.80859169298677,-5.70833095569183));
#8315=CARTESIAN_POINT('Ctrl Pts',(72.8193581049041,-5.48435259733313,-5.66666428902517));
#8316=CARTESIAN_POINT('Ctrl Pts',(72.4292073648719,-6.16011350167948,-5.6249976223585));
#8317=CARTESIAN_POINT('Ctrl Pts',(72.8193581049041,-6.83587440602583,-5.58333095569183));
#8318=CARTESIAN_POINT('Ctrl Pts',(73.2095088449363,-7.51163531037218,-5.54166428902517));
#8319=CARTESIAN_POINT('Ctrl Pts',(73.9898103250006,-7.51163531037218,-5.4999976223585));
#8320=CARTESIAN_POINT('Ctrl Pts',(74.770111805065,-7.51163531037218,-5.45833095569184));
#8321=CARTESIAN_POINT('Ctrl Pts',(75.1602625450972,-6.83587440602583,-5.41666428902517));
#8322=CARTESIAN_POINT('Ctrl Pts',(75.5504132851294,-6.16011350167948,-5.3749976223585));
#8323=CARTESIAN_POINT('Ctrl Pts',(75.1602625450972,-5.48435259733313,-5.33333095569183));
#8324=CARTESIAN_POINT('Ctrl Pts',(74.770111805065,-4.80859169298678,-5.29166428902517));
#8325=CARTESIAN_POINT('Ctrl Pts',(73.9898103250006,-4.80859169298677,-5.2499976223585));
#8326=CARTESIAN_POINT('Ctrl Pts',(73.2095088449363,-4.80859169298677,-5.20833095569184));
#8327=CARTESIAN_POINT('Ctrl Pts',(72.8193581049041,-5.48435259733313,-5.16666428902517));
#8328=CARTESIAN_POINT('Ctrl Pts',(72.4292073648719,-6.16011350167948,-5.1249976223585));
#8329=CARTESIAN_POINT('Ctrl Pts',(72.8193581049041,-6.83587440602583,-5.08333095569183));
#8330=CARTESIAN_POINT('Ctrl Pts',(73.2095088449363,-7.51163531037218,-5.04166428902517));
#8331=CARTESIAN_POINT('Ctrl Pts',(73.9898103250006,-7.51163531037218,-4.9999976223585));
#8332=CARTESIAN_POINT('Ctrl Pts',(74.770111805065,-7.51163531037218,-4.95833095569183));
#8333=CARTESIAN_POINT('Ctrl Pts',(75.1602625450972,-6.83587440602583,-4.91666428902517));
#8334=CARTESIAN_POINT('Ctrl Pts',(75.5504132851294,-6.16011350167948,-4.8749976223585));
#8335=CARTESIAN_POINT('Ctrl Pts',(75.1602625450972,-5.48435259733313,-4.83333095569183));
#8336=CARTESIAN_POINT('Ctrl Pts',(74.770111805065,-4.80859169298677,-4.79166428902516));
#8337=CARTESIAN_POINT('Ctrl Pts',(73.9898103250006,-4.80859169298677,-4.7499976223585));
#8338=CARTESIAN_POINT('Ctrl Pts',(73.2095088449363,-4.80859169298677,-4.70833095569183));
#8339=CARTESIAN_POINT('Ctrl Pts',(72.8193581049041,-5.48435259733313,-4.66666428902516));
#8340=CARTESIAN_POINT('Ctrl Pts',(72.4292073648719,-6.16011350167948,-4.6249976223585));
#8341=CARTESIAN_POINT('Ctrl Pts',(72.8193581049041,-6.83587440602583,-4.58333095569183));
#8342=CARTESIAN_POINT('Ctrl Pts',(73.2095088449363,-7.51163531037218,-4.54166428902517));
#8343=CARTESIAN_POINT('Ctrl Pts',(73.9898103250006,-7.51163531037218,-4.4999976223585));
#8344=CARTESIAN_POINT('Ctrl Pts',(74.770111805065,-7.51163531037218,-4.45833095569183));
#8345=CARTESIAN_POINT('Ctrl Pts',(75.1602625450972,-6.83587440602583,-4.41666428902517));
#8346=CARTESIAN_POINT('Ctrl Pts',(75.5504132851294,-6.16011350167948,-4.3749976223585));
#8347=CARTESIAN_POINT('Ctrl Pts',(75.1602625450972,-5.48435259733313,-4.33333095569183));
#8348=CARTESIAN_POINT('Ctrl Pts',(74.770111805065,-4.80859169298677,-4.29166428902517));
#8349=CARTESIAN_POINT('Ctrl Pts',(73.9898103250006,-4.80859169298677,-4.2499976223585));
#8350=CARTESIAN_POINT('Ctrl Pts',(73.2095088449363,-4.80859169298677,-4.20833095569183));
#8351=CARTESIAN_POINT('Ctrl Pts',(72.8193581049041,-5.48435259733313,-4.16666428902516));
#8352=CARTESIAN_POINT('Ctrl Pts',(72.4292073648719,-6.16011350167948,-4.1249976223585));
#8353=CARTESIAN_POINT('Ctrl Pts',(72.8193581049041,-6.83587440602583,-4.08333095569183));
#8354=CARTESIAN_POINT('Ctrl Pts',(73.2095088449363,-7.51163531037218,-4.04166428902517));
#8355=CARTESIAN_POINT('Ctrl Pts',(73.9898103250006,-7.51163531037218,-3.9999976223585));
#8356=CARTESIAN_POINT('Ctrl Pts',(74.770111805065,-7.51163531037218,-3.95833095569183));
#8357=CARTESIAN_POINT('Ctrl Pts',(75.1602625450972,-6.83587440602583,-3.91666428902516));
#8358=CARTESIAN_POINT('Ctrl Pts',(75.5504132851294,-6.16011350167948,-3.8749976223585));
#8359=CARTESIAN_POINT('Ctrl Pts',(75.1602625450972,-5.48435259733313,-3.83333095569183));
#8360=CARTESIAN_POINT('Ctrl Pts',(74.770111805065,-4.80859169298677,-3.79166428902517));
#8361=CARTESIAN_POINT('Ctrl Pts',(73.9898103250006,-4.80859169298677,-3.7499976223585));
#8362=CARTESIAN_POINT('Ctrl Pts',(73.2095088449363,-4.80859169298677,-3.70833095569183));
#8363=CARTESIAN_POINT('Ctrl Pts',(72.8193581049041,-5.48435259733313,-3.66666428902517));
#8364=CARTESIAN_POINT('Ctrl Pts',(72.4292073648719,-6.16011350167948,-3.6249976223585));
#8365=CARTESIAN_POINT('Ctrl Pts',(72.8193581049041,-6.83587440602583,-3.58333095569183));
#8366=CARTESIAN_POINT('Ctrl Pts',(73.2095088449363,-7.51163531037218,-3.54166428902517));
#8367=CARTESIAN_POINT('Ctrl Pts',(73.9898103250006,-7.51163531037218,-3.4999976223585));
#8368=CARTESIAN_POINT('Ctrl Pts',(74.770111805065,-7.51163531037218,-3.45833095569184));
#8369=CARTESIAN_POINT('Ctrl Pts',(75.1602625450972,-6.83587440602583,-3.41666428902516));
#8370=CARTESIAN_POINT('Ctrl Pts',(75.5504132851294,-6.16011350167948,-3.3749976223585));
#8371=CARTESIAN_POINT('Ctrl Pts',(75.1602625450972,-5.48435259733313,-3.33333095569183));
#8372=CARTESIAN_POINT('Ctrl Pts',(74.770111805065,-4.80859169298677,-3.29166428902516));
#8373=CARTESIAN_POINT('Ctrl Pts',(73.9898103250006,-4.80859169298677,-3.2499976223585));
#8374=CARTESIAN_POINT('Ctrl Pts',(73.2095088449363,-4.80859169298677,-3.20833095569183));
#8375=CARTESIAN_POINT('Ctrl Pts',(72.8193581049041,-5.48435259733313,-3.16666428902517));
#8376=CARTESIAN_POINT('Ctrl Pts',(72.4292073648719,-6.16011350167948,-3.1249976223585));
#8377=CARTESIAN_POINT('Ctrl Pts',(72.8193581049041,-6.83587440602583,-3.08333095569183));
#8378=CARTESIAN_POINT('Ctrl Pts',(73.2095088449363,-7.51163531037218,-3.04166428902517));
#8379=CARTESIAN_POINT('Ctrl Pts',(73.9898103250006,-7.51163531037218,-2.9999976223585));
#8380=CARTESIAN_POINT('Ctrl Pts',(74.770111805065,-7.51163531037218,-2.95833095569183));
#8381=CARTESIAN_POINT('Ctrl Pts',(75.1602625450972,-6.83587440602583,-2.91666428902517));
#8382=CARTESIAN_POINT('Ctrl Pts',(75.5504132851294,-6.16011350167948,-2.8749976223585));
#8383=CARTESIAN_POINT('Ctrl Pts',(75.1602625450972,-5.48435259733313,-2.83333095569183));
#8384=CARTESIAN_POINT('Ctrl Pts',(74.770111805065,-4.80859169298677,-2.79166428902517));
#8385=CARTESIAN_POINT('Ctrl Pts',(73.9898103250006,-4.80859169298677,-2.7499976223585));
#8386=CARTESIAN_POINT('Ctrl Pts',(73.2095088449363,-4.80859169298677,-2.70833095569183));
#8387=CARTESIAN_POINT('Ctrl Pts',(72.8193581049041,-5.48435259733313,-2.66666428902516));
#8388=CARTESIAN_POINT('Ctrl Pts',(72.4292073648719,-6.16011350167948,-2.6249976223585));
#8389=CARTESIAN_POINT('Ctrl Pts',(72.8193581049041,-6.83587440602583,-2.58333095569183));
#8390=CARTESIAN_POINT('Ctrl Pts',(73.2095088449363,-7.51163531037218,-2.54166428902517));
#8391=CARTESIAN_POINT('Ctrl Pts',(73.9898103250006,-7.51163531037218,-2.4999976223585));
#8392=CARTESIAN_POINT('Ctrl Pts',(74.770111805065,-7.51163531037218,-2.45833095569183));
#8393=CARTESIAN_POINT('Ctrl Pts',(75.1602625450972,-6.83587440602583,-2.41666428902517));
#8394=CARTESIAN_POINT('Ctrl Pts',(75.5504132851294,-6.16011350167948,-2.3749976223585));
#8395=CARTESIAN_POINT('Ctrl Pts',(75.1602625450972,-5.48435259733313,-2.33333095569183));
#8396=CARTESIAN_POINT('Ctrl Pts',(74.770111805065,-4.80859169298677,-2.29166428902516));
#8397=CARTESIAN_POINT('Ctrl Pts',(73.9898103250006,-4.80859169298677,-2.2499976223585));
#8398=CARTESIAN_POINT('Ctrl Pts',(73.2095088449363,-4.80859169298677,-2.20833095569184));
#8399=CARTESIAN_POINT('Ctrl Pts',(72.8193581049041,-5.48435259733313,-2.16666428902517));
#8400=CARTESIAN_POINT('Ctrl Pts',(72.4292073648719,-6.16011350167948,-2.1249976223585));
#8401=CARTESIAN_POINT('Ctrl Pts',(72.8193581049041,-6.83587440602583,-2.08333095569184));
#8402=CARTESIAN_POINT('Ctrl Pts',(73.2095088449363,-7.51163531037218,-2.04166428902517));
#8403=CARTESIAN_POINT('Ctrl Pts',(73.9898103250006,-7.51163531037218,-1.9999976223585));
#8404=CARTESIAN_POINT('Ctrl Pts',(74.770111805065,-7.51163531037218,-1.95833095569183));
#8405=CARTESIAN_POINT('Ctrl Pts',(75.1602625450972,-6.83587440602583,-1.91666428902517));
#8406=CARTESIAN_POINT('Ctrl Pts',(75.5504132851294,-6.16011350167948,-1.8749976223585));
#8407=CARTESIAN_POINT('Ctrl Pts',(75.1602625450972,-5.48435259733313,-1.83333095569183));
#8408=CARTESIAN_POINT('Ctrl Pts',(74.770111805065,-4.80859169298677,-1.79166428902517));
#8409=CARTESIAN_POINT('Ctrl Pts',(73.9898103250006,-4.80859169298677,-1.7499976223585));
#8410=CARTESIAN_POINT('Ctrl Pts',(73.2095088449363,-4.80859169298677,-1.70833095569183));
#8411=CARTESIAN_POINT('Ctrl Pts',(72.8193581049041,-5.48435259733313,-1.66666428902516));
#8412=CARTESIAN_POINT('Ctrl Pts',(72.4292073648719,-6.16011350167948,-1.6249976223585));
#8413=CARTESIAN_POINT('Ctrl Pts',(72.8193581049041,-6.83587440602583,-1.58333095569183));
#8414=CARTESIAN_POINT('Ctrl Pts',(73.2095088449363,-7.51163531037218,-1.54166428902516));
#8415=CARTESIAN_POINT('Ctrl Pts',(73.9898103250006,-7.51163531037218,-1.4999976223585));
#8416=CARTESIAN_POINT('Ctrl Pts',(74.770111805065,-7.51163531037218,-1.45833095569183));
#8417=CARTESIAN_POINT('Ctrl Pts',(75.1602625450972,-6.83587440602583,-1.41666428902517));
#8418=CARTESIAN_POINT('Ctrl Pts',(75.5504132851294,-6.16011350167948,-1.3749976223585));
#8419=CARTESIAN_POINT('Ctrl Pts',(75.1602625450972,-5.48435259733313,-1.33333095569183));
#8420=CARTESIAN_POINT('Ctrl Pts',(74.770111805065,-4.80859169298677,-1.29166428902516));
#8421=CARTESIAN_POINT('Ctrl Pts',(73.9898103250006,-4.80859169298677,-1.2499976223585));
#8422=CARTESIAN_POINT('Ctrl Pts',(73.2095088449363,-4.80859169298677,-1.20833095569183));
#8423=CARTESIAN_POINT('Ctrl Pts',(72.8193581049041,-5.48435259733313,-1.16666428902517));
#8424=CARTESIAN_POINT('Ctrl Pts',(72.4292073648719,-6.16011350167948,-1.12499762235849));
#8425=CARTESIAN_POINT('Ctrl Pts',(72.8193581049041,-6.83587440602583,-1.08333095569183));
#8426=CARTESIAN_POINT('Ctrl Pts',(73.2095088449363,-7.51163531037218,-1.04166428902517));
#8427=CARTESIAN_POINT('Ctrl Pts',(73.9898103250006,-7.51163531037218,-0.999997622358499));
#8428=CARTESIAN_POINT('Ctrl Pts',(74.770111805065,-7.51163531037218,-0.958330955691831));
#8429=CARTESIAN_POINT('Ctrl Pts',(75.1602625450972,-6.83587440602583,-0.916664289025164));
#8430=CARTESIAN_POINT('Ctrl Pts',(75.5504132851294,-6.16011350167948,-0.874997622358498));
#8431=CARTESIAN_POINT('Ctrl Pts',(75.1602625450972,-5.48435259733313,-0.833330955691831));
#8432=CARTESIAN_POINT('Ctrl Pts',(74.770111805065,-4.80859169298677,-0.791664289025167));
#8433=CARTESIAN_POINT('Ctrl Pts',(73.9898103250006,-4.80859169298677,-0.7499976223585));
#8434=CARTESIAN_POINT('Ctrl Pts',(73.2095088449363,-4.80859169298677,-0.708330955691829));
#8435=CARTESIAN_POINT('Ctrl Pts',(72.8193581049041,-5.48435259733313,-0.666664289025167));
#8436=CARTESIAN_POINT('Ctrl Pts',(72.4292073648719,-6.16011350167948,-0.624997622358496));
#8437=CARTESIAN_POINT('Ctrl Pts',(72.8193581049041,-6.83587440602583,-0.583330955691832));
#8438=CARTESIAN_POINT('Ctrl Pts',(73.2095088449363,-7.51163531037218,-0.541664289025163));
#8439=CARTESIAN_POINT('Ctrl Pts',(73.9898103250006,-7.51163531037218,-0.499997622358499));
#8440=CARTESIAN_POINT('Ctrl Pts',(74.770111805065,-7.51163531037218,-0.45833095569183));
#8441=CARTESIAN_POINT('Ctrl Pts',(75.1602625450972,-6.83587440602583,-0.416664289025166));
#8442=CARTESIAN_POINT('Ctrl Pts',(75.5504132851294,-6.16011350167948,-0.374997622358497));
#8443=CARTESIAN_POINT('Ctrl Pts',(75.1602625450972,-5.48435259733313,-0.333330955691833));
#8444=CARTESIAN_POINT('Ctrl Pts',(74.770111805065,-4.80859169298677,-0.291664289025166));
#8445=CARTESIAN_POINT('Ctrl Pts',(73.9898103250006,-4.80859169298677,-0.249997622358498));
#8446=CARTESIAN_POINT('Ctrl Pts',(73.2095088449363,-4.80859169298677,-0.208330955691829));
#8447=CARTESIAN_POINT('Ctrl Pts',(72.8193581049041,-5.48435259733313,-0.166664289025167));
#8448=CARTESIAN_POINT('Ctrl Pts',(72.4292073648719,-6.16011350167948,-0.1249976223585));
#8449=CARTESIAN_POINT('Ctrl Pts',(72.8193581049041,-6.83587440602583,-0.0833309556918294));
#8450=CARTESIAN_POINT('Ctrl Pts',(73.2095088449363,-7.51163531037218,-0.0416642890251651));
#8451=CARTESIAN_POINT('Ctrl Pts',(73.9898103250006,-7.51163531037218,2.37764149924047E-6));
#8452=CARTESIAN_POINT('Ctrl Pts',(74.770111805065,-7.51163531037218,0.0416690443081702));
#8453=CARTESIAN_POINT('Ctrl Pts',(75.1602625450972,-6.83587440602583,0.0833357109748345));
#8454=CARTESIAN_POINT('Ctrl Pts',(75.5504132851294,-6.16011350167948,0.125002377641501));
#8455=CARTESIAN_POINT('Ctrl Pts',(75.1602625450972,-5.48435259733313,0.166669044308168));
#8456=CARTESIAN_POINT('Ctrl Pts',(74.770111805065,-4.80859169298677,0.208335710974836));
#8457=CARTESIAN_POINT('Ctrl Pts',(73.9898103250006,-4.80859169298677,0.250002377641503));
#8458=CARTESIAN_POINT('Ctrl Pts',(73.2095088449363,-4.80859169298677,0.291669044308169));
#8459=CARTESIAN_POINT('Ctrl Pts',(72.8193581049041,-5.48435259733313,0.333335710974834));
#8460=CARTESIAN_POINT('Ctrl Pts',(72.4292073648719,-6.16011350167948,0.375002377641502));
#8461=CARTESIAN_POINT('Ctrl Pts',(72.8193581049041,-6.83587440602583,0.416669044308167));
#8462=CARTESIAN_POINT('Ctrl Pts',(73.2095088449363,-7.51163531037218,0.458335710974838));
#8463=CARTESIAN_POINT('Ctrl Pts',(73.9898103250006,-7.51163531037218,0.500002377641502));
#8464=CARTESIAN_POINT('Ctrl Pts',(74.770111805065,-7.51163531037218,0.541669044308167));
#8465=CARTESIAN_POINT('Ctrl Pts',(75.1602625450972,-6.83587440602583,0.583335710974836));
#8466=CARTESIAN_POINT('Ctrl Pts',(75.5504132851294,-6.16011350167948,0.6250023776415));
#8467=CARTESIAN_POINT('Ctrl Pts',(75.1602625450972,-5.48435259733313,0.666669044308169));
#8468=CARTESIAN_POINT('Ctrl Pts',(74.770111805065,-4.80859169298677,0.708335710974837));
#8469=CARTESIAN_POINT('Ctrl Pts',(73.9898103250006,-4.80859169298677,0.750002377641502));
#8470=CARTESIAN_POINT('Ctrl Pts',(73.2095088449363,-4.80859169298677,0.791669044308169));
#8471=CARTESIAN_POINT('Ctrl Pts',(72.8193581049041,-5.48435259733313,0.833335710974835));
#8472=CARTESIAN_POINT('Ctrl Pts',(72.4292073648719,-6.16011350167948,0.875002377641502));
#8473=CARTESIAN_POINT('Ctrl Pts',(72.8193581049041,-6.83587440602583,0.916669044308169));
#8474=CARTESIAN_POINT('Ctrl Pts',(73.2095088449363,-7.51163531037218,0.958335710974836));
#8475=CARTESIAN_POINT('Ctrl Pts',(73.9898103250006,-7.51163531037218,1.0000023776415));
#8476=CARTESIAN_POINT('Ctrl Pts',(74.770111805065,-7.51163531037218,1.04166904430817));
#8477=CARTESIAN_POINT('Ctrl Pts',(75.1602625450972,-6.83587440602583,1.08333571097484));
#8478=CARTESIAN_POINT('Ctrl Pts',(75.5504132851294,-6.16011350167948,1.1250023776415));
#8479=CARTESIAN_POINT('Ctrl Pts',(75.1602625450972,-5.48435259733313,1.16666904430817));
#8480=CARTESIAN_POINT('Ctrl Pts',(74.770111805065,-4.80859169298677,1.20833571097484));
#8481=CARTESIAN_POINT('Ctrl Pts',(73.9898103250006,-4.80859169298677,1.2500023776415));
#8482=CARTESIAN_POINT('Ctrl Pts',(73.2095088449363,-4.80859169298677,1.29166904430817));
#8483=CARTESIAN_POINT('Ctrl Pts',(72.8193581049041,-5.48435259733313,1.33333571097484));
#8484=CARTESIAN_POINT('Ctrl Pts',(72.4292073648719,-6.16011350167948,1.3750023776415));
#8485=CARTESIAN_POINT('Ctrl Pts',(72.8193581049041,-6.83587440602583,1.41666904430817));
#8486=CARTESIAN_POINT('Ctrl Pts',(73.2095088449363,-7.51163531037218,1.45833571097483));
#8487=CARTESIAN_POINT('Ctrl Pts',(73.9898103250006,-7.51163531037218,1.5000023776415));
#8488=CARTESIAN_POINT('Ctrl Pts',(74.770111805065,-7.51163531037218,1.54166904430817));
#8489=CARTESIAN_POINT('Ctrl Pts',(75.1602625450972,-6.83587440602583,1.58333571097483));
#8490=CARTESIAN_POINT('Ctrl Pts',(75.5504132851294,-6.16011350167948,1.6250023776415));
#8491=CARTESIAN_POINT('Ctrl Pts',(75.1602625450972,-5.48435259733313,1.66666904430817));
#8492=CARTESIAN_POINT('Ctrl Pts',(74.770111805065,-4.80859169298677,1.70833571097484));
#8493=CARTESIAN_POINT('Ctrl Pts',(73.9898103250006,-4.80859169298677,1.7500023776415));
#8494=CARTESIAN_POINT('Ctrl Pts',(73.2095088449363,-4.80859169298677,1.79166904430817));
#8495=CARTESIAN_POINT('Ctrl Pts',(72.8193581049041,-5.48435259733313,1.83333571097484));
#8496=CARTESIAN_POINT('Ctrl Pts',(72.4292073648719,-6.16011350167948,1.8750023776415));
#8497=CARTESIAN_POINT('Ctrl Pts',(72.8193581049041,-6.83587440602583,1.91666904430817));
#8498=CARTESIAN_POINT('Ctrl Pts',(73.2095088449363,-7.51163531037218,1.95833571097484));
#8499=CARTESIAN_POINT('Ctrl Pts',(73.9898103250006,-7.51163531037218,2.0000023776415));
#8500=CARTESIAN_POINT('Ctrl Pts',(74.770111805065,-7.51163531037218,2.04166904430817));
#8501=CARTESIAN_POINT('Ctrl Pts',(75.1602625450972,-6.83587440602583,2.08333571097484));
#8502=CARTESIAN_POINT('Ctrl Pts',(75.5504132851294,-6.16011350167948,2.1250023776415));
#8503=CARTESIAN_POINT('Ctrl Pts',(75.1602625450972,-5.48435259733313,2.16666904430817));
#8504=CARTESIAN_POINT('Ctrl Pts',(74.770111805065,-4.80859169298677,2.20833571097483));
#8505=CARTESIAN_POINT('Ctrl Pts',(73.9898103250006,-4.80859169298677,2.2500023776415));
#8506=CARTESIAN_POINT('Ctrl Pts',(73.2095088449363,-4.80859169298677,2.29166904430817));
#8507=CARTESIAN_POINT('Ctrl Pts',(72.8193581049041,-5.48435259733313,2.33333571097483));
#8508=CARTESIAN_POINT('Ctrl Pts',(72.4292073648719,-6.16011350167948,2.3750023776415));
#8509=CARTESIAN_POINT('Ctrl Pts',(72.8193581049041,-6.83587440602583,2.41666904430817));
#8510=CARTESIAN_POINT('Ctrl Pts',(73.2095088449363,-7.51163531037218,2.45833571097483));
#8511=CARTESIAN_POINT('Ctrl Pts',(73.9898103250006,-7.51163531037218,2.5000023776415));
#8512=CARTESIAN_POINT('Ctrl Pts',(74.770111805065,-7.51163531037218,2.54166904430817));
#8513=CARTESIAN_POINT('Ctrl Pts',(75.1602625450972,-6.83587440602583,2.58333571097484));
#8514=CARTESIAN_POINT('Ctrl Pts',(75.5504132851294,-6.16011350167948,2.6250023776415));
#8515=CARTESIAN_POINT('Ctrl Pts',(75.1602625450972,-5.48435259733313,2.66666904430817));
#8516=CARTESIAN_POINT('Ctrl Pts',(74.770111805065,-4.80859169298677,2.70833571097484));
#8517=CARTESIAN_POINT('Ctrl Pts',(73.9898103250006,-4.80859169298677,2.7500023776415));
#8518=CARTESIAN_POINT('Ctrl Pts',(73.2095088449363,-4.80859169298677,2.79166904430817));
#8519=CARTESIAN_POINT('Ctrl Pts',(72.8193581049041,-5.48435259733313,2.83333571097484));
#8520=CARTESIAN_POINT('Ctrl Pts',(72.4292073648719,-6.16011350167948,2.8750023776415));
#8521=CARTESIAN_POINT('Ctrl Pts',(72.8193581049041,-6.83587440602583,2.91666904430817));
#8522=CARTESIAN_POINT('Ctrl Pts',(73.2095088449363,-7.51163531037218,2.95833571097483));
#8523=CARTESIAN_POINT('Ctrl Pts',(73.9898103250006,-7.51163531037218,3.0000023776415));
#8524=CARTESIAN_POINT('Ctrl Pts',(74.770111805065,-7.51163531037218,3.04166904430817));
#8525=CARTESIAN_POINT('Ctrl Pts',(75.1602625450972,-6.83587440602583,3.08333571097483));
#8526=CARTESIAN_POINT('Ctrl Pts',(75.5504132851294,-6.16011350167948,3.1250023776415));
#8527=CARTESIAN_POINT('Ctrl Pts',(75.1602625450972,-5.48435259733313,3.16666904430817));
#8528=CARTESIAN_POINT('Ctrl Pts',(74.770111805065,-4.80859169298677,3.20833571097483));
#8529=CARTESIAN_POINT('Ctrl Pts',(73.9898103250006,-4.80859169298677,3.2500023776415));
#8530=CARTESIAN_POINT('Ctrl Pts',(73.2095088449363,-4.80859169298677,3.29166904430817));
#8531=CARTESIAN_POINT('Ctrl Pts',(72.8193581049041,-5.48435259733313,3.33333571097484));
#8532=CARTESIAN_POINT('Ctrl Pts',(72.4292073648719,-6.16011350167948,3.3750023776415));
#8533=CARTESIAN_POINT('Ctrl Pts',(72.8193581049041,-6.83587440602583,3.41666904430817));
#8534=CARTESIAN_POINT('Ctrl Pts',(73.2095088449363,-7.51163531037218,3.45833571097483));
#8535=CARTESIAN_POINT('Ctrl Pts',(73.9898103250006,-7.51163531037218,3.5000023776415));
#8536=CARTESIAN_POINT('Ctrl Pts',(74.770111805065,-7.51163531037218,3.54166904430817));
#8537=CARTESIAN_POINT('Ctrl Pts',(75.1602625450972,-6.83587440602583,3.58333571097483));
#8538=CARTESIAN_POINT('Ctrl Pts',(75.5504132851294,-6.16011350167948,3.6250023776415));
#8539=CARTESIAN_POINT('Ctrl Pts',(75.1602625450972,-5.48435259733313,3.66666904430817));
#8540=CARTESIAN_POINT('Ctrl Pts',(74.770111805065,-4.80859169298677,3.70833571097484));
#8541=CARTESIAN_POINT('Ctrl Pts',(73.9898103250006,-4.80859169298677,3.7500023776415));
#8542=CARTESIAN_POINT('Ctrl Pts',(73.2095088449363,-4.80859169298677,3.79166904430817));
#8543=CARTESIAN_POINT('Ctrl Pts',(72.8193581049041,-5.48435259733313,3.83333571097483));
#8544=CARTESIAN_POINT('Ctrl Pts',(72.4292073648719,-6.16011350167948,3.8750023776415));
#8545=CARTESIAN_POINT('Ctrl Pts',(72.8193581049041,-6.83587440602583,3.91666904430817));
#8546=CARTESIAN_POINT('Ctrl Pts',(73.2095088449363,-7.51163531037218,3.95833571097484));
#8547=CARTESIAN_POINT('Ctrl Pts',(73.9898103250006,-7.51163531037218,4.0000023776415));
#8548=CARTESIAN_POINT('Ctrl Pts',(74.770111805065,-7.51163531037218,4.04166904430817));
#8549=CARTESIAN_POINT('Ctrl Pts',(75.1602625450972,-6.83587440602583,4.08333571097484));
#8550=CARTESIAN_POINT('Ctrl Pts',(75.5504132851294,-6.16011350167948,4.1250023776415));
#8551=CARTESIAN_POINT('Ctrl Pts',(75.1602625450972,-5.48435259733313,4.16666904430817));
#8552=CARTESIAN_POINT('Ctrl Pts',(74.770111805065,-4.80859169298677,4.20833571097483));
#8553=CARTESIAN_POINT('Ctrl Pts',(73.9898103250006,-4.80859169298677,4.2500023776415));
#8554=CARTESIAN_POINT('Ctrl Pts',(73.2095088449363,-4.80859169298677,4.29166904430817));
#8555=CARTESIAN_POINT('Ctrl Pts',(72.8193581049041,-5.48435259733312,4.33333571097483));
#8556=CARTESIAN_POINT('Ctrl Pts',(72.4292073648719,-6.16011350167948,4.3750023776415));
#8557=CARTESIAN_POINT('Ctrl Pts',(72.8193581049041,-6.83587440602583,4.41666904430817));
#8558=CARTESIAN_POINT('Ctrl Pts',(73.2095088449363,-7.51163531037218,4.45833571097484));
#8559=CARTESIAN_POINT('Ctrl Pts',(73.9898103250006,-7.51163531037218,4.5000023776415));
#8560=CARTESIAN_POINT('Ctrl Pts',(74.770111805065,-7.51163531037218,4.54166904430817));
#8561=CARTESIAN_POINT('Ctrl Pts',(75.1602625450972,-6.83587440602583,4.58333571097484));
#8562=CARTESIAN_POINT('Ctrl Pts',(75.5504132851294,-6.16011350167948,4.6250023776415));
#8563=CARTESIAN_POINT('Ctrl Pts',(75.1602625450972,-5.48435259733313,4.66666904430817));
#8564=CARTESIAN_POINT('Ctrl Pts',(74.770111805065,-4.80859169298677,4.70833571097483));
#8565=CARTESIAN_POINT('Ctrl Pts',(73.9898103250006,-4.80859169298677,4.7500023776415));
#8566=CARTESIAN_POINT('Ctrl Pts',(73.2095088449363,-4.80859169298677,4.79166904430817));
#8567=CARTESIAN_POINT('Ctrl Pts',(72.8193581049041,-5.48435259733312,4.83333571097484));
#8568=CARTESIAN_POINT('Ctrl Pts',(72.4292073648719,-6.16011350167948,4.8750023776415));
#8569=CARTESIAN_POINT('Ctrl Pts',(72.8193581049041,-6.83587440602583,4.91666904430817));
#8570=CARTESIAN_POINT('Ctrl Pts',(73.2095088449363,-7.51163531037218,4.95833571097483));
#8571=CARTESIAN_POINT('Ctrl Pts',(73.9898103250006,-7.51163531037218,5.0000023776415));
#8572=CARTESIAN_POINT('Ctrl Pts',(74.770111805065,-7.51163531037218,5.04166904430817));
#8573=CARTESIAN_POINT('Ctrl Pts',(75.1602625450972,-6.83587440602583,5.08333571097483));
#8574=CARTESIAN_POINT('Ctrl Pts',(75.5504132851294,-6.16011350167948,5.1250023776415));
#8575=CARTESIAN_POINT('Ctrl Pts',(75.1602625450972,-5.48435259733313,5.16666904430817));
#8576=CARTESIAN_POINT('Ctrl Pts',(74.770111805065,-4.80859169298677,5.20833571097484));
#8577=CARTESIAN_POINT('Ctrl Pts',(73.9898103250006,-4.80859169298677,5.2500023776415));
#8578=CARTESIAN_POINT('Ctrl Pts',(73.2095088449363,-4.80859169298677,5.29166904430817));
#8579=CARTESIAN_POINT('Ctrl Pts',(72.8193581049041,-5.48435259733312,5.33333571097483));
#8580=CARTESIAN_POINT('Ctrl Pts',(72.4292073648719,-6.16011350167948,5.3750023776415));
#8581=CARTESIAN_POINT('Ctrl Pts',(72.8193581049041,-6.83587440602583,5.41666904430817));
#8582=CARTESIAN_POINT('Ctrl Pts',(73.2095088449363,-7.51163531037218,5.45833571097484));
#8583=CARTESIAN_POINT('Ctrl Pts',(73.9898103250006,-7.51163531037218,5.5000023776415));
#8584=CARTESIAN_POINT('Ctrl Pts',(74.770111805065,-7.51163531037218,5.54166904430817));
#8585=CARTESIAN_POINT('Ctrl Pts',(75.1602625450972,-6.83587440602583,5.58333571097483));
#8586=CARTESIAN_POINT('Ctrl Pts',(75.5504132851294,-6.16011350167948,5.6250023776415));
#8587=CARTESIAN_POINT('Ctrl Pts',(75.1602625450972,-5.48435259733313,5.66666904430817));
#8588=CARTESIAN_POINT('Ctrl Pts',(74.770111805065,-4.80859169298677,5.70833571097484));
#8589=CARTESIAN_POINT('Ctrl Pts',(73.9898103250006,-4.80859169298677,5.7500023776415));
#8590=CARTESIAN_POINT('Ctrl Pts',(73.2095088449363,-4.80859169298677,5.79166904430817));
#8591=CARTESIAN_POINT('Ctrl Pts',(72.8193581049041,-5.48435259733312,5.83333571097484));
#8592=CARTESIAN_POINT('Ctrl Pts',(72.4292073648719,-6.16011350167948,5.8750023776415));
#8593=CARTESIAN_POINT('Ctrl Pts',(72.8193581049041,-6.83587440602583,5.91666904430817));
#8594=CARTESIAN_POINT('Ctrl Pts',(73.2095088449363,-7.51163531037218,5.95833571097484));
#8595=CARTESIAN_POINT('Ctrl Pts',(73.9898103250006,-7.51163531037218,6.0000023776415));
#8596=CARTESIAN_POINT('Ctrl Pts',(74.770111805065,-7.51163531037218,6.04166904430817));
#8597=CARTESIAN_POINT('Ctrl Pts',(75.1602625450972,-6.83587440602583,6.08333571097484));
#8598=CARTESIAN_POINT('Ctrl Pts',(75.5504132851294,-6.16011350167948,6.1250023776415));
#8599=CARTESIAN_POINT('Ctrl Pts',(75.1602625450972,-5.48435259733313,6.16666904430817));
#8600=CARTESIAN_POINT('Ctrl Pts',(74.770111805065,-4.80859169298677,6.20833571097483));
#8601=CARTESIAN_POINT('Ctrl Pts',(73.9898103250006,-4.80859169298677,6.2500023776415));
#8602=CARTESIAN_POINT('Ctrl Pts',(73.2095088449363,-4.80859169298677,6.29166904430817));
#8603=CARTESIAN_POINT('Ctrl Pts',(72.8193581049041,-5.48435259733312,6.33333571097484));
#8604=CARTESIAN_POINT('Ctrl Pts',(72.4292073648719,-6.16011350167948,6.3750023776415));
#8605=CARTESIAN_POINT('Ctrl Pts',(72.8193581049041,-6.83587440602583,6.41666904430817));
#8606=CARTESIAN_POINT('Ctrl Pts',(73.2095088449363,-7.51163531037218,6.45833571097484));
#8607=CARTESIAN_POINT('Ctrl Pts',(73.9898103250006,-7.51163531037218,6.5000023776415));
#8608=CARTESIAN_POINT('Ctrl Pts',(74.770111805065,-7.51163531037218,6.54166904430817));
#8609=CARTESIAN_POINT('Ctrl Pts',(75.1602625450972,-6.83587440602583,6.58333571097484));
#8610=CARTESIAN_POINT('Ctrl Pts',(75.5504132851294,-6.16011350167948,6.6250023776415));
#8611=CARTESIAN_POINT('Ctrl Pts',(75.1602625450972,-5.48435259733313,6.66666904430817));
#8612=CARTESIAN_POINT('Ctrl Pts',(74.770111805065,-4.80859169298677,6.70833571097484));
#8613=CARTESIAN_POINT('Ctrl Pts',(73.9898103250006,-4.80859169298677,6.7500023776415));
#8614=CARTESIAN_POINT('Ctrl Pts',(73.2095088449363,-4.80859169298677,6.79166904430817));
#8615=CARTESIAN_POINT('Ctrl Pts',(72.8193581049041,-5.48435259733312,6.83333571097483));
#8616=CARTESIAN_POINT('Ctrl Pts',(72.4292073648719,-6.16011350167948,6.8750023776415));
#8617=CARTESIAN_POINT('Ctrl Pts',(72.8193581049041,-6.83587440602583,6.91666904430817));
#8618=CARTESIAN_POINT('Ctrl Pts',(73.2095088449363,-7.51163531037218,6.95833571097483));
#8619=CARTESIAN_POINT('Ctrl Pts',(73.9898103250006,-7.51163531037218,7.0000023776415));
#8620=CARTESIAN_POINT('Ctrl Pts',(74.770111805065,-7.51163531037218,7.04166904430817));
#8621=CARTESIAN_POINT('Ctrl Pts',(75.1602625450972,-6.83587440602583,7.08333571097483));
#8622=CARTESIAN_POINT('Ctrl Pts',(75.5504132851294,-6.16011350167948,7.1250023776415));
#8623=CARTESIAN_POINT('Ctrl Pts',(75.1602625450972,-5.48435259733313,7.16666904430817));
#8624=CARTESIAN_POINT('Ctrl Pts',(74.770111805065,-4.80859169298677,7.20833571097483));
#8625=CARTESIAN_POINT('Ctrl Pts',(73.9898103250006,-4.80859169298677,7.2500023776415));
#8626=CARTESIAN_POINT('Ctrl Pts',(73.2095088449363,-4.80859169298677,7.29166904430817));
#8627=CARTESIAN_POINT('Ctrl Pts',(72.8193581049041,-5.48435259733312,7.33333571097484));
#8628=CARTESIAN_POINT('Ctrl Pts',(72.4292073648719,-6.16011350167948,7.3750023776415));
#8629=CARTESIAN_POINT('Ctrl Pts',(72.8193581049041,-6.83587440602583,7.41666904430817));
#8630=CARTESIAN_POINT('Ctrl Pts',(73.2095088449363,-7.51163531037218,7.45833571097483));
#8631=CARTESIAN_POINT('Ctrl Pts',(73.9898103250006,-7.51163531037218,7.5000023776415));
#8632=CARTESIAN_POINT('Ctrl Pts',(74.770111805065,-7.51163531037218,7.54166904430817));
#8633=CARTESIAN_POINT('Ctrl Pts',(75.1602625450972,-6.83587440602583,7.58333571097483));
#8634=CARTESIAN_POINT('Ctrl Pts',(75.5504132851294,-6.16011350167948,7.6250023776415));
#8635=CARTESIAN_POINT('Ctrl Pts',(75.1602625450972,-5.48435259733313,7.66666904430817));
#8636=CARTESIAN_POINT('Ctrl Pts',(74.770111805065,-4.80859169298677,7.70833571097484));
#8637=CARTESIAN_POINT('Ctrl Pts',(73.9898103250006,-4.80859169298677,7.7500023776415));
#8638=CARTESIAN_POINT('Ctrl Pts',(73.2095088449363,-4.80859169298677,7.79166904430817));
#8639=CARTESIAN_POINT('Ctrl Pts',(72.8193581049041,-5.48435259733312,7.83333571097484));
#8640=CARTESIAN_POINT('Ctrl Pts',(72.4292073648719,-6.16011350167948,7.8750023776415));
#8641=CARTESIAN_POINT('Ctrl Pts',(72.8193581049041,-6.83587440602583,7.91666904430817));
#8642=CARTESIAN_POINT('Ctrl Pts',(73.2095088449363,-7.51163531037218,7.95833571097484));
#8643=CARTESIAN_POINT('Ctrl Pts',(73.9898103250006,-7.51163531037218,8.0000023776415));
#8644=CARTESIAN_POINT('Ctrl Pts',(74.770111805065,-7.51163531037218,8.04166904430817));
#8645=CARTESIAN_POINT('Ctrl Pts',(75.1602625450972,-6.83587440602583,8.08333571097484));
#8646=CARTESIAN_POINT('Ctrl Pts',(75.5504132851294,-6.16011350167948,8.1250023776415));
#8647=CARTESIAN_POINT('Ctrl Pts',(75.1602625450972,-5.48435259733313,8.16666904430817));
#8648=CARTESIAN_POINT('Ctrl Pts',(74.770111805065,-4.80859169298677,8.20833571097484));
#8649=CARTESIAN_POINT('Ctrl Pts',(73.9898103250006,-4.80859169298677,8.2500023776415));
#8650=CARTESIAN_POINT('Ctrl Pts',(73.2095088449363,-4.80859169298677,8.29166904430817));
#8651=CARTESIAN_POINT('Ctrl Pts',(72.8193581049041,-5.48435259733312,8.33333571097484));
#8652=CARTESIAN_POINT('Ctrl Pts',(72.4292073648719,-6.16011350167948,8.3750023776415));
#8653=CARTESIAN_POINT('Ctrl Pts',(72.8193581049041,-6.83587440602583,8.41666904430817));
#8654=CARTESIAN_POINT('Ctrl Pts',(73.2095088449363,-7.51163531037218,8.45833571097484));
#8655=CARTESIAN_POINT('Ctrl Pts',(73.9898103250006,-7.51163531037218,8.5000023776415));
#8656=CARTESIAN_POINT('Ctrl Pts',(74.770111805065,-7.51163531037218,8.54166904430817));
#8657=CARTESIAN_POINT('Ctrl Pts',(75.1602625450972,-6.83587440602583,8.58333571097484));
#8658=CARTESIAN_POINT('Ctrl Pts',(75.5504132851294,-6.16011350167948,8.6250023776415));
#8659=CARTESIAN_POINT('Ctrl Pts',(75.1602625450972,-5.48435259733313,8.66666904430817));
#8660=CARTESIAN_POINT('Ctrl Pts',(74.770111805065,-4.80859169298677,8.70833571097483));
#8661=CARTESIAN_POINT('Ctrl Pts',(73.9898103250006,-4.80859169298677,8.7500023776415));
#8662=CARTESIAN_POINT('Ctrl Pts',(73.2095088449363,-4.80859169298677,8.79166904430817));
#8663=CARTESIAN_POINT('Ctrl Pts',(72.8193581049041,-5.48435259733312,8.83333571097483));
#8664=CARTESIAN_POINT('Ctrl Pts',(72.4292073648719,-6.16011350167948,8.8750023776415));
#8665=CARTESIAN_POINT('Ctrl Pts',(72.8193581049041,-6.83587440602583,8.91666904430817));
#8666=CARTESIAN_POINT('Ctrl Pts',(73.2095088449363,-7.51163531037218,8.95833571097483));
#8667=CARTESIAN_POINT('Ctrl Pts',(73.9898103250006,-7.51163531037218,9.0000023776415));
#8668=CARTESIAN_POINT('Ctrl Pts',(74.770111805065,-7.51163531037218,9.04166904430817));
#8669=CARTESIAN_POINT('Ctrl Pts',(75.1602625450972,-6.83587440602583,9.08333571097484));
#8670=CARTESIAN_POINT('Ctrl Pts',(75.5504132851294,-6.16011350167948,9.1250023776415));
#8671=CARTESIAN_POINT('Ctrl Pts',(75.1602625450972,-5.48435259733313,9.16666904430817));
#8672=CARTESIAN_POINT('Ctrl Pts',(74.770111805065,-4.80859169298677,9.20833571097484));
#8673=CARTESIAN_POINT('Ctrl Pts',(73.9898103250006,-4.80859169298677,9.2500023776415));
#8674=CARTESIAN_POINT('Ctrl Pts',(73.2095088449363,-4.80859169298677,9.29166904430817));
#8675=CARTESIAN_POINT('Ctrl Pts',(72.8193581049041,-5.48435259733312,9.33333571097483));
#8676=CARTESIAN_POINT('Ctrl Pts',(72.4292073648719,-6.16011350167948,9.3750023776415));
#8677=CARTESIAN_POINT('Ctrl Pts',(72.8193581049041,-6.83587440602583,9.41666904430817));
#8678=CARTESIAN_POINT('Ctrl Pts',(73.2095088449363,-7.51163531037218,9.45833571097483));
#8679=CARTESIAN_POINT('Ctrl Pts',(73.9898103250006,-7.51163531037218,9.5000023776415));
#8680=CARTESIAN_POINT('Ctrl Pts',(74.770111805065,-7.51163531037218,9.54166904430817));
#8681=CARTESIAN_POINT('Ctrl Pts',(75.1602625450972,-6.83587440602583,9.58333571097483));
#8682=CARTESIAN_POINT('Ctrl Pts',(75.5504132851294,-6.16011350167948,9.6250023776415));
#8683=CARTESIAN_POINT('Ctrl Pts',(75.1602625450972,-5.48435259733313,9.66666904430817));
#8684=CARTESIAN_POINT('Ctrl Pts',(74.770111805065,-4.80859169298677,9.70833571097483));
#8685=CARTESIAN_POINT('Ctrl Pts',(73.9898103250006,-4.80859169298677,9.7500023776415));
#8686=CARTESIAN_POINT('Ctrl Pts',(73.2095088449363,-4.80859169298677,9.79166904430817));
#8687=CARTESIAN_POINT('Ctrl Pts',(72.8193581049041,-5.48435259733312,9.83333571097483));
#8688=CARTESIAN_POINT('Ctrl Pts',(72.4292073648719,-6.16011350167948,9.8750023776415));
#8689=CARTESIAN_POINT('Ctrl Pts',(72.8193581049041,-6.83587440602583,9.91666904430817));
#8690=CARTESIAN_POINT('Ctrl Pts',(73.2095088449363,-7.51163531037218,9.95833571097483));
#8691=CARTESIAN_POINT('Ctrl Pts',(73.9898103250006,-7.51163531037218,10.0000023776415));
#8692=CARTESIAN_POINT('Ctrl Pts',(74.770111805065,-7.51163531037218,10.0416690443082));
#8693=CARTESIAN_POINT('Ctrl Pts',(75.1602625450972,-6.83587440602583,10.0833357109748));
#8694=CARTESIAN_POINT('Ctrl Pts',(75.5504132851294,-6.16011350167948,10.1250023776415));
#8695=CARTESIAN_POINT('Ctrl Pts',(75.1602625450972,-5.48435259733313,10.1666690443082));
#8696=CARTESIAN_POINT('Ctrl Pts',(74.770111805065,-4.80859169298677,10.2083357109748));
#8697=CARTESIAN_POINT('Ctrl Pts',(73.9898103250006,-4.80859169298677,10.2500023776415));
#8698=CARTESIAN_POINT('Ctrl Pts',(73.2095088449363,-4.80859169298677,10.2916690443082));
#8699=CARTESIAN_POINT('Ctrl Pts',(72.8193581049041,-5.48435259733312,10.3333357109748));
#8700=CARTESIAN_POINT('Ctrl Pts',(72.4292073648719,-6.16011350167948,10.3750023776415));
#8701=CARTESIAN_POINT('Ctrl Pts',(72.8193581049041,-6.83587440602583,10.4166690443082));
#8702=CARTESIAN_POINT('Ctrl Pts',(73.2095088449363,-7.51163531037218,10.4583357109748));
#8703=CARTESIAN_POINT('Ctrl Pts',(73.9898103250006,-7.51163531037218,10.5000023776415));
#8704=CARTESIAN_POINT('Ctrl Pts',(74.770111805065,-7.51163531037218,10.5416690443082));
#8705=CARTESIAN_POINT('Ctrl Pts',(75.1602625450972,-6.83587440602583,10.5833357109748));
#8706=CARTESIAN_POINT('Ctrl Pts',(75.5504132851294,-6.16011350167948,10.6250023776415));
#8707=CARTESIAN_POINT('Ctrl Pts',(75.1602625450972,-5.48435259733313,10.6666690443082));
#8708=CARTESIAN_POINT('Ctrl Pts',(74.770111805065,-4.80859169298677,10.7083357109748));
#8709=CARTESIAN_POINT('Ctrl Pts',(73.9898103250006,-4.80859169298677,10.7500023776415));
#8710=CARTESIAN_POINT('Ctrl Pts',(73.2095088449363,-4.80859169298677,10.7916690443082));
#8711=CARTESIAN_POINT('Ctrl Pts',(72.8193581049041,-5.48435259733312,10.8333357109748));
#8712=CARTESIAN_POINT('Ctrl Pts',(72.4292073648719,-6.16011350167948,10.8750023776415));
#8713=CARTESIAN_POINT('Ctrl Pts',(72.8193581049041,-6.83587440602583,10.9166690443082));
#8714=CARTESIAN_POINT('Ctrl Pts',(73.2095088449363,-7.51163531037218,10.9583357109748));
#8715=CARTESIAN_POINT('Ctrl Pts',(73.9898103250006,-7.51163531037218,11.0000023776415));
#8716=CARTESIAN_POINT('Ctrl Pts',(74.770111805065,-7.51163531037218,11.0416690443082));
#8717=CARTESIAN_POINT('Ctrl Pts',(75.1602625450972,-6.83587440602583,11.0833357109748));
#8718=CARTESIAN_POINT('Ctrl Pts',(75.5504132851294,-6.16011350167948,11.1250023776415));
#8719=CARTESIAN_POINT('Ctrl Pts',(75.1602625450972,-5.48435259733313,11.1666690443082));
#8720=CARTESIAN_POINT('Ctrl Pts',(74.770111805065,-4.80859169298677,11.2083357109748));
#8721=CARTESIAN_POINT('Ctrl Pts',(73.9898103250006,-4.80859169298677,11.2500023776415));
#8722=CARTESIAN_POINT('Ctrl Pts',(73.2095088449363,-4.80859169298677,11.2916690443082));
#8723=CARTESIAN_POINT('Ctrl Pts',(72.8193581049041,-5.48435259733312,11.3333357109748));
#8724=CARTESIAN_POINT('Ctrl Pts',(72.4292073648719,-6.16011350167948,11.3750023776415));
#8725=CARTESIAN_POINT('Ctrl Pts',(72.8193581049041,-6.83587440602583,11.4166690443082));
#8726=CARTESIAN_POINT('Ctrl Pts',(73.2095088449363,-7.51163531037218,11.4583357109748));
#8727=CARTESIAN_POINT('Ctrl Pts',(73.9898103250006,-7.51163531037218,11.5000023776415));
#8728=CARTESIAN_POINT('Ctrl Pts',(74.770111805065,-7.51163531037218,11.5416690443082));
#8729=CARTESIAN_POINT('Ctrl Pts',(75.1602625450972,-6.83587440602583,11.5833357109748));
#8730=CARTESIAN_POINT('Ctrl Pts',(75.5504132851294,-6.16011350167948,11.6250023776415));
#8731=CARTESIAN_POINT('Ctrl Pts',(75.1602625450972,-5.48435259733313,11.6666690443082));
#8732=CARTESIAN_POINT('Ctrl Pts',(74.770111805065,-4.80859169298677,11.7083357109748));
#8733=CARTESIAN_POINT('Ctrl Pts',(73.9898103250006,-4.80859169298677,11.7500023776415));
#8734=CARTESIAN_POINT('Ctrl Pts',(73.2095088449363,-4.80859169298677,11.7916690443082));
#8735=CARTESIAN_POINT('Ctrl Pts',(72.8193581049041,-5.48435259733312,11.8333357109748));
#8736=CARTESIAN_POINT('Ctrl Pts',(72.4292073648719,-6.16011350167948,11.8750023776415));
#8737=CARTESIAN_POINT('Ctrl Pts',(72.8193581049041,-6.83587440602583,11.9166690443082));
#8738=CARTESIAN_POINT('Ctrl Pts',(73.2095088449363,-7.51163531037218,11.9583357109748));
#8739=CARTESIAN_POINT('Ctrl Pts',(73.9898103250006,-7.51163531037218,12.0000023776415));
#8740=CARTESIAN_POINT('Ctrl Pts',(74.770111805065,-7.51163531037218,12.0416690443082));
#8741=CARTESIAN_POINT('Ctrl Pts',(75.1602625450972,-6.83587440602583,12.0833357109748));
#8742=CARTESIAN_POINT('Ctrl Pts',(75.5504132851294,-6.16011350167948,12.1250023776415));
#8743=CARTESIAN_POINT('Ctrl Pts',(75.1602625450972,-5.48435259733313,12.1666690443082));
#8744=CARTESIAN_POINT('Ctrl Pts',(74.770111805065,-4.80859169298677,12.2083357109748));
#8745=CARTESIAN_POINT('Ctrl Pts',(73.9898103250006,-4.80859169298677,12.2500023776415));
#8746=CARTESIAN_POINT('Ctrl Pts',(73.2095088449363,-4.80859169298677,12.2916690443082));
#8747=CARTESIAN_POINT('Ctrl Pts',(72.8193581049041,-5.48435259733312,12.3333357109748));
#8748=CARTESIAN_POINT('Ctrl Pts',(72.4292073648719,-6.16011350167948,12.3750023776415));
#8749=CARTESIAN_POINT('Ctrl Pts',(72.8193581049041,-6.83587440602583,12.4166690443082));
#8750=CARTESIAN_POINT('Ctrl Pts',(73.2095088449363,-7.51163531037218,12.4583357109748));
#8751=CARTESIAN_POINT('Ctrl Pts',(73.9898103250006,-7.51163531037218,12.5000023776415));
#8752=CARTESIAN_POINT('Ctrl Pts',(74.770111805065,-7.51163531037218,12.5416690443082));
#8753=CARTESIAN_POINT('Ctrl Pts',(75.1602625450972,-6.83587440602583,12.5833357109748));
#8754=CARTESIAN_POINT('Ctrl Pts',(75.5504132851294,-6.16011350167948,12.6250023776415));
#8755=CARTESIAN_POINT('Ctrl Pts',(75.1602625450972,-5.48435259733313,12.6666690443082));
#8756=CARTESIAN_POINT('Ctrl Pts',(74.770111805065,-4.80859169298677,12.7083357109748));
#8757=CARTESIAN_POINT('Ctrl Pts',(73.9898103250006,-4.80859169298677,12.7500023776415));
#8758=CARTESIAN_POINT('Ctrl Pts',(73.2095088449363,-4.80859169298677,12.7916690443082));
#8759=CARTESIAN_POINT('Ctrl Pts',(72.8193581049041,-5.48435259733312,12.8333357109748));
#8760=CARTESIAN_POINT('Ctrl Pts',(72.4292073648719,-6.16011350167948,12.8750023776415));
#8761=CARTESIAN_POINT('Ctrl Pts',(72.8193581049041,-6.83587440602583,12.9166690443082));
#8762=CARTESIAN_POINT('Ctrl Pts',(73.2095088449363,-7.51163531037218,12.9583357109748));
#8763=CARTESIAN_POINT('Ctrl Pts',(73.9898103250006,-7.51163531037218,13.0000023776415));
#8764=CARTESIAN_POINT('Ctrl Pts',(74.770111805065,-7.51163531037218,13.0416690443082));
#8765=CARTESIAN_POINT('Ctrl Pts',(75.1602625450972,-6.83587440602583,13.0833357109748));
#8766=CARTESIAN_POINT('Ctrl Pts',(75.5504132851294,-6.16011350167948,13.1250023776415));
#8767=CARTESIAN_POINT('Ctrl Pts',(75.1602625450972,-5.48435259733313,13.1666690443082));
#8768=CARTESIAN_POINT('Ctrl Pts',(74.770111805065,-4.80859169298677,13.2083357109748));
#8769=CARTESIAN_POINT('Ctrl Pts',(73.9898103250006,-4.80859169298677,13.2500023776415));
#8770=CARTESIAN_POINT('Ctrl Pts',(73.2095088449363,-4.80859169298677,13.2916690443082));
#8771=CARTESIAN_POINT('Ctrl Pts',(72.8193581049041,-5.48435259733312,13.3333357109748));
#8772=CARTESIAN_POINT('Ctrl Pts',(72.4292073648719,-6.16011350167948,13.3750023776415));
#8773=CARTESIAN_POINT('Ctrl Pts',(72.8193581049041,-6.83587440602583,13.4166690443082));
#8774=CARTESIAN_POINT('Ctrl Pts',(73.2095088449363,-7.51163531037218,13.4583357109748));
#8775=CARTESIAN_POINT('Ctrl Pts',(73.9898103250006,-7.51163531037218,13.5000023776415));
#8776=CARTESIAN_POINT('Ctrl Pts',(74.770111805065,-7.51163531037218,13.5416690443082));
#8777=CARTESIAN_POINT('Ctrl Pts',(75.1602625450972,-6.83587440602583,13.5833357109748));
#8778=CARTESIAN_POINT('Ctrl Pts',(75.5504132851294,-6.16011350167948,13.6250023776415));
#8779=CARTESIAN_POINT('Ctrl Pts',(75.1602625450972,-5.48435259733313,13.6666690443082));
#8780=CARTESIAN_POINT('Ctrl Pts',(74.770111805065,-4.80859169298677,13.7083357109748));
#8781=CARTESIAN_POINT('Ctrl Pts',(73.9898103250006,-4.80859169298677,13.7500023776415));
#8782=CARTESIAN_POINT('Ctrl Pts',(73.2095088449363,-4.80859169298677,13.7916690443082));
#8783=CARTESIAN_POINT('Ctrl Pts',(72.8193581049041,-5.48435259733312,13.8333357109748));
#8784=CARTESIAN_POINT('Ctrl Pts',(72.4292073648719,-6.16011350167948,13.8750023776415));
#8785=CARTESIAN_POINT('Ctrl Pts',(72.8193581049041,-6.83587440602583,13.9166690443082));
#8786=CARTESIAN_POINT('Ctrl Pts',(73.2095088449363,-7.51163531037218,13.9583357109748));
#8787=CARTESIAN_POINT('Ctrl Pts',(73.9898103250006,-7.51163531037218,14.0000023776415));
#8788=CARTESIAN_POINT('Ctrl Pts',(74.770111805065,-7.51163531037218,14.0416690443082));
#8789=CARTESIAN_POINT('Ctrl Pts',(75.1602625450972,-6.83587440602583,14.0833357109748));
#8790=CARTESIAN_POINT('Ctrl Pts',(75.5504132851294,-6.16011350167948,14.1250023776415));
#8791=CARTESIAN_POINT('Ctrl Pts',(75.1602625450972,-5.48435259733312,14.1666690443082));
#8792=CARTESIAN_POINT('Ctrl Pts',(74.770111805065,-4.80859169298677,14.2083357109748));
#8793=CARTESIAN_POINT('Ctrl Pts',(73.9898103250006,-4.80859169298677,14.2500023776415));
#8794=CARTESIAN_POINT('Ctrl Pts',(73.2095088449363,-4.80859169298677,14.2916690443082));
#8795=CARTESIAN_POINT('Ctrl Pts',(72.8193581049041,-5.48435259733312,14.3333357109748));
#8796=CARTESIAN_POINT('Ctrl Pts',(72.4292073648719,-6.16011350167948,14.3750023776415));
#8797=CARTESIAN_POINT('Ctrl Pts',(72.8193581049041,-6.83587440602583,14.4166690443082));
#8798=CARTESIAN_POINT('Ctrl Pts',(73.2095088449363,-7.51163531037218,14.4583357109748));
#8799=CARTESIAN_POINT('Ctrl Pts',(73.9898103250006,-7.51163531037218,14.5000023776415));
#8800=CARTESIAN_POINT('Ctrl Pts',(74.770111805065,-7.51163531037218,14.5416690443082));
#8801=CARTESIAN_POINT('Ctrl Pts',(75.1602625450972,-6.83587440602583,14.5833357109748));
#8802=CARTESIAN_POINT('Ctrl Pts',(75.5504132851294,-6.16011350167948,14.6250023776415));
#8803=CARTESIAN_POINT('Ctrl Pts',(75.1602625450972,-5.48435259733312,14.6666690443082));
#8804=CARTESIAN_POINT('Ctrl Pts',(74.770111805065,-4.80859169298677,14.7083357109748));
#8805=CARTESIAN_POINT('Ctrl Pts',(73.9898103250006,-4.80859169298677,14.7500023776415));
#8806=CARTESIAN_POINT('Ctrl Pts',(73.2095088449363,-4.80859169298677,14.7916690443082));
#8807=CARTESIAN_POINT('Ctrl Pts',(72.8193581049041,-5.48435259733312,14.8333357109748));
#8808=CARTESIAN_POINT('Ctrl Pts',(72.4292073648719,-6.16011350167948,14.8750023776415));
#8809=CARTESIAN_POINT('Ctrl Pts',(72.8193581049041,-6.83587440602583,14.9166690443082));
#8810=CARTESIAN_POINT('Ctrl Pts',(73.2095088449363,-7.51163531037218,14.9583357109748));
#8811=CARTESIAN_POINT('Ctrl Pts',(73.9898103250006,-7.51163531037218,15.0000023776415));
#8812=CARTESIAN_POINT('Ctrl Pts',(74.770111805065,-7.51163531037218,15.0416690443082));
#8813=CARTESIAN_POINT('Ctrl Pts',(75.1602625450972,-6.83587440602583,15.0833357109748));
#8814=CARTESIAN_POINT('Ctrl Pts',(75.5504132851294,-6.16011350167948,15.1250023776415));
#8815=CARTESIAN_POINT('Ctrl Pts',(75.1602625450972,-5.48435259733312,15.1666690443082));
#8816=CARTESIAN_POINT('Ctrl Pts',(74.770111805065,-4.80859169298677,15.2083357109748));
#8817=CARTESIAN_POINT('Ctrl Pts',(73.9898103250006,-4.80859169298677,15.2500023776415));
#8818=CARTESIAN_POINT('Ctrl Pts',(73.2095088449363,-4.80859169298677,15.2916690443082));
#8819=CARTESIAN_POINT('Ctrl Pts',(72.8193581049041,-5.48435259733312,15.3333357109748));
#8820=CARTESIAN_POINT('Ctrl Pts',(72.4292073648719,-6.16011350167947,15.3750023776415));
#8821=CARTESIAN_POINT('Ctrl Pts',(72.8193581049041,-6.83587440602583,15.4166690443082));
#8822=CARTESIAN_POINT('Ctrl Pts',(73.2095088449363,-7.51163531037218,15.4583357109748));
#8823=CARTESIAN_POINT('Ctrl Pts',(73.9898103250006,-7.51163531037218,15.5000023776415));
#8824=CARTESIAN_POINT('Ctrl Pts',(74.770111805065,-7.51163531037218,15.5416690443082));
#8825=CARTESIAN_POINT('Ctrl Pts',(75.1602625450972,-6.83587440602583,15.5833357109748));
#8826=CARTESIAN_POINT('Ctrl Pts',(75.5504132851294,-6.16011350167948,15.6250023776415));
#8827=CARTESIAN_POINT('Ctrl Pts',(75.1602625450972,-5.48435259733312,15.6666690443082));
#8828=CARTESIAN_POINT('Ctrl Pts',(74.770111805065,-4.80859169298677,15.7083357109748));
#8829=CARTESIAN_POINT('Ctrl Pts',(73.9898103250006,-4.80859169298677,15.7500023776415));
#8830=CARTESIAN_POINT('Ctrl Pts',(73.2095088449363,-4.80859169298677,15.7916690443082));
#8831=CARTESIAN_POINT('Ctrl Pts',(72.8193581049041,-5.48435259733312,15.8333357109748));
#8832=CARTESIAN_POINT('Ctrl Pts',(72.4292073648719,-6.16011350167947,15.8750023776415));
#8833=CARTESIAN_POINT('Ctrl Pts',(72.8193581049041,-6.83587440602583,15.9166690443082));
#8834=CARTESIAN_POINT('Ctrl Pts',(73.2095088449363,-7.51163531037218,15.9583357109748));
#8835=CARTESIAN_POINT('Ctrl Pts',(73.9898103250006,-7.51163531037218,16.0000023776415));
#8836=CARTESIAN_POINT('Ctrl Pts',(74.770111805065,-7.51163531037218,16.0416690443082));
#8837=CARTESIAN_POINT('Ctrl Pts',(75.1602625450972,-6.83587440602583,16.0833357109748));
#8838=CARTESIAN_POINT('Ctrl Pts',(75.5504132851294,-6.16011350167948,16.1250023776415));
#8839=CARTESIAN_POINT('Ctrl Pts',(75.1602625450972,-5.48435259733312,16.1666690443082));
#8840=CARTESIAN_POINT('Ctrl Pts',(74.770111805065,-4.80859169298677,16.2083357109748));
#8841=CARTESIAN_POINT('Ctrl Pts',(73.9898103250006,-4.80859169298677,16.2500023776415));
#8842=CARTESIAN_POINT('Ctrl Pts',(73.2095088449363,-4.80859169298677,16.2916690443082));
#8843=CARTESIAN_POINT('Ctrl Pts',(72.8193581049041,-5.48435259733312,16.3333357109748));
#8844=CARTESIAN_POINT('Ctrl Pts',(72.4292073648719,-6.16011350167947,16.3750023776415));
#8845=CARTESIAN_POINT('Ctrl Pts',(72.8193581049041,-6.83587440602583,16.4166690443082));
#8846=CARTESIAN_POINT('Ctrl Pts',(73.2095088449363,-7.51163531037218,16.4583357109748));
#8847=CARTESIAN_POINT('Ctrl Pts',(73.9898103250006,-7.51163531037218,16.5000023776415));
#8848=CARTESIAN_POINT('Ctrl Pts',(74.770111805065,-7.51163531037218,16.5416690443082));
#8849=CARTESIAN_POINT('Ctrl Pts',(75.1602625450972,-6.83587440602583,16.5833357109748));
#8850=CARTESIAN_POINT('Ctrl Pts',(75.5504132851294,-6.16011350167948,16.6250023776415));
#8851=CARTESIAN_POINT('Ctrl Pts',(75.1602625450972,-5.48435259733312,16.6666690443082));
#8852=CARTESIAN_POINT('Ctrl Pts',(74.770111805065,-4.80859169298677,16.7083357109748));
#8853=CARTESIAN_POINT('Ctrl Pts',(73.9898103250006,-4.80859169298677,16.7500023776415));
#8854=CARTESIAN_POINT('Ctrl Pts',(73.2095088449363,-4.80859169298677,16.7916690443082));
#8855=CARTESIAN_POINT('Ctrl Pts',(72.8193581049041,-5.48435259733312,16.8333357109748));
#8856=CARTESIAN_POINT('Ctrl Pts',(72.4292073648719,-6.16011350167947,16.8750023776415));
#8857=CARTESIAN_POINT('Ctrl Pts',(72.8193581049041,-6.83587440602583,16.9166690443082));
#8858=CARTESIAN_POINT('Ctrl Pts',(73.2095088449363,-7.51163531037218,16.9583357109748));
#8859=CARTESIAN_POINT('Ctrl Pts',(73.9898103250006,-7.51163531037218,17.0000023776415));
#8860=CARTESIAN_POINT('Ctrl Pts',(74.770111805065,-7.51163531037218,17.0416690443082));
#8861=CARTESIAN_POINT('Ctrl Pts',(75.1602625450972,-6.83587440602583,17.0833357109748));
#8862=CARTESIAN_POINT('Ctrl Pts',(75.5504132851294,-6.16011350167948,17.1250023776415));
#8863=CARTESIAN_POINT('Ctrl Pts',(75.1602625450972,-5.48435259733312,17.1666690443082));
#8864=CARTESIAN_POINT('Ctrl Pts',(74.770111805065,-4.80859169298677,17.2083357109748));
#8865=CARTESIAN_POINT('Ctrl Pts',(73.9898103250006,-4.80859169298677,17.2500023776415));
#8866=CARTESIAN_POINT('Ctrl Pts',(73.2095088449363,-4.80859169298677,17.2916690443082));
#8867=CARTESIAN_POINT('Ctrl Pts',(72.8193581049041,-5.48435259733312,17.3333357109748));
#8868=CARTESIAN_POINT('Ctrl Pts',(72.4292073648719,-6.16011350167947,17.3750023776415));
#8869=CARTESIAN_POINT('Ctrl Pts',(72.8193581049041,-6.83587440602583,17.4166690443082));
#8870=CARTESIAN_POINT('Ctrl Pts',(73.2095088449363,-7.51163531037218,17.4583357109748));
#8871=CARTESIAN_POINT('Ctrl Pts',(73.9898103250006,-7.51163531037218,17.5000023776415));
#8872=CARTESIAN_POINT('Ctrl Pts',(74.770111805065,-7.51163531037218,17.5416690443082));
#8873=CARTESIAN_POINT('Ctrl Pts',(75.1602625450972,-6.83587440602583,17.5833357109748));
#8874=CARTESIAN_POINT('Ctrl Pts',(75.5504132851294,-6.16011350167948,17.6250023776415));
#8875=CARTESIAN_POINT('Ctrl Pts',(75.1602625450972,-5.48435259733312,17.6666690443082));
#8876=CARTESIAN_POINT('Ctrl Pts',(74.770111805065,-4.80859169298677,17.7083357109748));
#8877=CARTESIAN_POINT('Ctrl Pts',(73.9898103250006,-4.80859169298677,17.7500023776415));
#8878=CARTESIAN_POINT('Ctrl Pts',(73.2095088449363,-4.80859169298677,17.7916690443082));
#8879=CARTESIAN_POINT('Ctrl Pts',(72.8193581049041,-5.48435259733312,17.8333357109748));
#8880=CARTESIAN_POINT('Ctrl Pts',(72.4292073648719,-6.16011350167947,17.8750023776415));
#8881=CARTESIAN_POINT('Ctrl Pts',(72.8193581049041,-6.83587440602583,17.9166690443082));
#8882=CARTESIAN_POINT('Ctrl Pts',(73.2095088449363,-7.51163531037218,17.9583357109748));
#8883=CARTESIAN_POINT('Ctrl Pts',(73.9898103250006,-7.51163531037218,18.0000023776415));
#8884=CARTESIAN_POINT('Ctrl Pts',(74.770111805065,-7.51163531037218,18.0416690443082));
#8885=CARTESIAN_POINT('Ctrl Pts',(75.1602625450972,-6.83587440602583,18.0833357109748));
#8886=CARTESIAN_POINT('Ctrl Pts',(75.5504132851294,-6.16011350167948,18.1250023776415));
#8887=CARTESIAN_POINT('Ctrl Pts',(75.1602625450972,-5.48435259733312,18.1666690443082));
#8888=CARTESIAN_POINT('Ctrl Pts',(74.770111805065,-4.80859169298677,18.2083357109748));
#8889=CARTESIAN_POINT('Ctrl Pts',(73.9898103250006,-4.80859169298677,18.2500023776415));
#8890=CARTESIAN_POINT('Ctrl Pts',(73.2095088449363,-4.80859169298677,18.2916690443082));
#8891=CARTESIAN_POINT('Ctrl Pts',(72.8193581049041,-5.48435259733312,18.3333357109748));
#8892=CARTESIAN_POINT('Ctrl Pts',(72.4292073648719,-6.16011350167947,18.3750023776415));
#8893=CARTESIAN_POINT('Ctrl Pts',(72.8193581049041,-6.83587440602583,18.4166690443082));
#8894=CARTESIAN_POINT('Ctrl Pts',(73.2095088449363,-7.51163531037218,18.4583357109748));
#8895=CARTESIAN_POINT('Ctrl Pts',(73.9898103250006,-7.51163531037218,18.5000023776415));
#8896=CARTESIAN_POINT('Ctrl Pts',(74.770111805065,-7.51163531037218,18.5416690443082));
#8897=CARTESIAN_POINT('Ctrl Pts',(75.1602625450972,-6.83587440602583,18.5833357109748));
#8898=CARTESIAN_POINT('Ctrl Pts',(75.5504132851294,-6.16011350167947,18.6250023776415));
#8899=CARTESIAN_POINT('Ctrl Pts',(75.1602625450972,-5.48435259733312,18.6666690443082));
#8900=CARTESIAN_POINT('Ctrl Pts',(74.770111805065,-4.80859169298677,18.7083357109748));
#8901=CARTESIAN_POINT('Ctrl Pts',(73.9898103250006,-4.80859169298677,18.7500023776415));
#8902=CARTESIAN_POINT('Ctrl Pts',(73.2095088449363,-4.80859169298677,18.7916690443082));
#8903=CARTESIAN_POINT('Ctrl Pts',(72.8193581049041,-5.48435259733312,18.8333357109748));
#8904=CARTESIAN_POINT('Ctrl Pts',(72.4292073648719,-6.16011350167947,18.8750023776415));
#8905=CARTESIAN_POINT('Ctrl Pts',(72.8193581049041,-6.83587440602583,18.9166690443082));
#8906=CARTESIAN_POINT('Ctrl Pts',(73.2095088449363,-7.51163531037218,18.9583357109748));
#8907=CARTESIAN_POINT('Ctrl Pts',(73.9898103250006,-7.51163531037218,19.0000023776415));
#8908=CARTESIAN_POINT('Ctrl Pts',(74.770111805065,-7.51163531037218,19.0416690443082));
#8909=CARTESIAN_POINT('Ctrl Pts',(75.1602625450972,-6.83587440602583,19.0833357109748));
#8910=CARTESIAN_POINT('Ctrl Pts',(75.5504132851294,-6.16011350167947,19.1250023776415));
#8911=CARTESIAN_POINT('Ctrl Pts',(75.1602625450972,-5.48435259733312,19.1666690443082));
#8912=CARTESIAN_POINT('Ctrl Pts',(74.770111805065,-4.80859169298677,19.2083357109748));
#8913=CARTESIAN_POINT('Ctrl Pts',(73.9898103250006,-4.80859169298677,19.2500023776415));
#8914=CARTESIAN_POINT('Ctrl Pts',(73.2095088449363,-4.80859169298677,19.2916690443082));
#8915=CARTESIAN_POINT('Ctrl Pts',(72.8193581049041,-5.48435259733312,19.3333357109748));
#8916=CARTESIAN_POINT('Ctrl Pts',(72.4292073648719,-6.16011350167947,19.3750023776415));
#8917=CARTESIAN_POINT('Ctrl Pts',(72.8193581049041,-6.83587440602583,19.4166690443082));
#8918=CARTESIAN_POINT('Ctrl Pts',(73.2095088449363,-7.51163531037218,19.4583357109748));
#8919=CARTESIAN_POINT('Ctrl Pts',(73.9898103250006,-7.51163531037218,19.5000023776415));
#8920=CARTESIAN_POINT('Ctrl Pts',(74.770111805065,-7.51163531037218,19.5416690443082));
#8921=CARTESIAN_POINT('Ctrl Pts',(75.1602625450972,-6.83587440602583,19.5833357109748));
#8922=CARTESIAN_POINT('Ctrl Pts',(75.5504132851294,-6.16011350167947,19.6250023776415));
#8923=CARTESIAN_POINT('Ctrl Pts',(75.1602625450972,-5.48435259733312,19.6666690443082));
#8924=CARTESIAN_POINT('Ctrl Pts',(74.770111805065,-4.80859169298677,19.7083357109748));
#8925=CARTESIAN_POINT('Ctrl Pts',(73.9898103250006,-4.80859169298677,19.7500023776415));
#8926=CARTESIAN_POINT('Ctrl Pts',(73.2095088449363,-4.80859169298677,19.7916690443082));
#8927=CARTESIAN_POINT('Ctrl Pts',(72.8193581049041,-5.48435259733312,19.8333357109748));
#8928=CARTESIAN_POINT('Ctrl Pts',(72.4292073648719,-6.16011350167947,19.8750023776415));
#8929=CARTESIAN_POINT('Ctrl Pts',(72.8193581049041,-6.83587440602583,19.9166690443082));
#8930=CARTESIAN_POINT('Ctrl Pts',(73.2095088449363,-7.51163531037218,19.9583357109748));
#8931=CARTESIAN_POINT('Ctrl Pts',(73.9898103250006,-7.51163531037218,20.0000023776415));
#8932=CARTESIAN_POINT('Ctrl Pts',(74.770111805065,-7.51163531037218,20.0416690443082));
#8933=CARTESIAN_POINT('Ctrl Pts',(75.1602625450972,-6.83587440602583,20.0833357109748));
#8934=CARTESIAN_POINT('Ctrl Pts',(75.5504132851294,-6.16011350167947,20.1250023776415));
#8935=CARTESIAN_POINT('Ctrl Pts',(75.1602625450972,-5.48435259733312,20.1666690443082));
#8936=CARTESIAN_POINT('Ctrl Pts',(74.770111805065,-4.80859169298677,20.2083357109748));
#8937=CARTESIAN_POINT('Ctrl Pts',(73.9898103250006,-4.80859169298677,20.2500023776415));
#8938=CARTESIAN_POINT('Ctrl Pts',(73.2095088449363,-4.80859169298677,20.2916690443082));
#8939=CARTESIAN_POINT('Ctrl Pts',(72.8193581049041,-5.48435259733312,20.3333357109748));
#8940=CARTESIAN_POINT('Ctrl Pts',(72.4292073648719,-6.16011350167947,20.3750023776415));
#8941=CARTESIAN_POINT('Ctrl Pts',(72.8193581049041,-6.83587440602583,20.4166690443082));
#8942=CARTESIAN_POINT('Ctrl Pts',(73.2095088449363,-7.51163531037218,20.4583357109748));
#8943=CARTESIAN_POINT('Ctrl Pts',(73.9898103250006,-7.51163531037218,20.5000023776415));
#8944=CARTESIAN_POINT('Ctrl Pts',(74.770111805065,-7.51163531037218,20.5416690443082));
#8945=CARTESIAN_POINT('Ctrl Pts',(75.1602625450972,-6.83587440602583,20.5833357109748));
#8946=CARTESIAN_POINT('Ctrl Pts',(75.5504132851294,-6.16011350167947,20.6250023776415));
#8947=CARTESIAN_POINT('Ctrl Pts',(75.1602625450972,-5.48435259733312,20.6666690443082));
#8948=CARTESIAN_POINT('Ctrl Pts',(74.770111805065,-4.80859169298677,20.7083357109748));
#8949=CARTESIAN_POINT('Ctrl Pts',(73.9898103250006,-4.80859169298677,20.7500023776415));
#8950=CARTESIAN_POINT('Ctrl Pts',(73.2095088449363,-4.80859169298677,20.7916690443082));
#8951=CARTESIAN_POINT('Ctrl Pts',(72.8193581049041,-5.48435259733312,20.8333357109748));
#8952=CARTESIAN_POINT('Ctrl Pts',(72.4292073648719,-6.16011350167947,20.8750023776415));
#8953=CARTESIAN_POINT('Ctrl Pts',(72.8193581049041,-6.83587440602583,20.9166690443082));
#8954=CARTESIAN_POINT('Ctrl Pts',(73.2095088449363,-7.51163531037218,20.9583357109748));
#8955=CARTESIAN_POINT('Ctrl Pts',(73.9898103250006,-7.51163531037218,21.0000023776415));
#8956=CARTESIAN_POINT('Ctrl Pts',(74.770111805065,-7.51163531037218,21.0416690443082));
#8957=CARTESIAN_POINT('Ctrl Pts',(75.1602625450972,-6.83587440602583,21.0833357109748));
#8958=CARTESIAN_POINT('Ctrl Pts',(75.5504132851294,-6.16011350167947,21.1250023776415));
#8959=CARTESIAN_POINT('Ctrl Pts',(75.1602625450972,-5.48435259733312,21.1666690443082));
#8960=CARTESIAN_POINT('Ctrl Pts',(74.770111805065,-4.80859169298677,21.2083357109748));
#8961=CARTESIAN_POINT('Ctrl Pts',(73.9898103250006,-4.80859169298677,21.2500023776415));
#8962=CARTESIAN_POINT('Ctrl Pts',(73.2095088449363,-4.80859169298677,21.2916690443082));
#8963=CARTESIAN_POINT('Ctrl Pts',(72.8193581049041,-5.48435259733312,21.3333357109748));
#8964=CARTESIAN_POINT('Ctrl Pts',(72.4292073648719,-6.16011350167947,21.3750023776415));
#8965=CARTESIAN_POINT('Ctrl Pts',(72.8193581049041,-6.83587440602583,21.4166690443082));
#8966=CARTESIAN_POINT('Ctrl Pts',(73.2095088449363,-7.51163531037218,21.4583357109748));
#8967=CARTESIAN_POINT('Ctrl Pts',(73.9898103250006,-7.51163531037218,21.5000023776415));
#8968=CARTESIAN_POINT('Ctrl Pts',(74.770111805065,-7.51163531037218,21.5416690443082));
#8969=CARTESIAN_POINT('Ctrl Pts',(75.1602625450972,-6.83587440602583,21.5833357109748));
#8970=CARTESIAN_POINT('Ctrl Pts',(75.5504132851294,-6.16011350167947,21.6250023776415));
#8971=CARTESIAN_POINT('Ctrl Pts',(75.1602625450972,-5.48435259733312,21.6666690443082));
#8972=CARTESIAN_POINT('Ctrl Pts',(74.770111805065,-4.80859169298677,21.7083357109748));
#8973=CARTESIAN_POINT('Ctrl Pts',(73.9898103250006,-4.80859169298677,21.7500023776415));
#8974=CARTESIAN_POINT('Ctrl Pts',(73.2095088449363,-4.80859169298677,21.7916690443082));
#8975=CARTESIAN_POINT('Ctrl Pts',(72.8193581049041,-5.48435259733312,21.8333357109748));
#8976=CARTESIAN_POINT('Ctrl Pts',(72.4292073648719,-6.16011350167947,21.8750023776415));
#8977=CARTESIAN_POINT('Ctrl Pts',(72.8193581049041,-6.83587440602583,21.9166690443082));
#8978=CARTESIAN_POINT('Ctrl Pts',(73.2095088449363,-7.51163531037218,21.9583357109748));
#8979=CARTESIAN_POINT('Ctrl Pts',(73.9898103250006,-7.51163531037218,22.0000023776415));
#8980=CARTESIAN_POINT('Ctrl Pts',(74.770111805065,-7.51163531037218,22.0416690443082));
#8981=CARTESIAN_POINT('Ctrl Pts',(75.1602625450972,-6.83587440602583,22.0833357109748));
#8982=CARTESIAN_POINT('Ctrl Pts',(75.5504132851294,-6.16011350167947,22.1250023776415));
#8983=CARTESIAN_POINT('Ctrl Pts',(75.1602625450972,-5.48435259733312,22.1666690443082));
#8984=CARTESIAN_POINT('Ctrl Pts',(74.770111805065,-4.80859169298677,22.2083357109748));
#8985=CARTESIAN_POINT('Ctrl Pts',(73.9898103250006,-4.80859169298677,22.2500023776415));
#8986=CARTESIAN_POINT('Ctrl Pts',(73.2095088449363,-4.80859169298677,22.2916690443082));
#8987=CARTESIAN_POINT('Ctrl Pts',(72.8193581049041,-5.48435259733312,22.3333357109748));
#8988=CARTESIAN_POINT('Ctrl Pts',(72.4292073648719,-6.16011350167947,22.3750023776415));
#8989=CARTESIAN_POINT('Ctrl Pts',(72.8193581049041,-6.83587440602583,22.4166690443082));
#8990=CARTESIAN_POINT('Ctrl Pts',(73.2095088449363,-7.51163531037218,22.4583357109748));
#8991=CARTESIAN_POINT('Ctrl Pts',(73.9898103250006,-7.51163531037218,22.5000023776415));
#8992=CARTESIAN_POINT('Ctrl Pts',(74.770111805065,-7.51163531037218,22.5416690443082));
#8993=CARTESIAN_POINT('Ctrl Pts',(75.1602625450972,-6.83587440602583,22.5833357109748));
#8994=CARTESIAN_POINT('Ctrl Pts',(75.5504132851294,-6.16011350167947,22.6250023776415));
#8995=CARTESIAN_POINT('Ctrl Pts',(75.1602625450972,-5.48435259733312,22.6666690443082));
#8996=CARTESIAN_POINT('Ctrl Pts',(74.770111805065,-4.80859169298677,22.7083357109748));
#8997=CARTESIAN_POINT('Ctrl Pts',(73.9898103250006,-4.80859169298677,22.7500023776415));
#8998=CARTESIAN_POINT('Ctrl Pts',(73.2095088449363,-4.80859169298677,22.7916690443082));
#8999=CARTESIAN_POINT('Ctrl Pts',(72.8193581049041,-5.48435259733312,22.8333357109748));
#9000=CARTESIAN_POINT('Ctrl Pts',(72.4292073648719,-6.16011350167947,22.8750023776415));
#9001=CARTESIAN_POINT('Ctrl Pts',(72.8193581049041,-6.83587440602583,22.9166690443082));
#9002=CARTESIAN_POINT('Ctrl Pts',(73.2095088449363,-7.51163531037218,22.9583357109748));
#9003=CARTESIAN_POINT('Ctrl Pts',(73.9898103250006,-7.51163531037218,23.0000023776415));
#9004=CARTESIAN_POINT('Ctrl Pts',(74.770111805065,-7.51163531037218,23.0416690443082));
#9005=CARTESIAN_POINT('Ctrl Pts',(75.1602625450972,-6.83587440602583,23.0833357109748));
#9006=CARTESIAN_POINT('Ctrl Pts',(75.5504132851294,-6.16011350167947,23.1250023776415));
#9007=CARTESIAN_POINT('Ctrl Pts',(75.1602625450972,-5.48435259733312,23.1666690443082));
#9008=CARTESIAN_POINT('Ctrl Pts',(74.770111805065,-4.80859169298677,23.2083357109748));
#9009=CARTESIAN_POINT('Ctrl Pts',(73.9898103250006,-4.80859169298677,23.2500023776415));
#9010=CARTESIAN_POINT('Ctrl Pts',(73.2095088449363,-4.80859169298677,23.2916690443082));
#9011=CARTESIAN_POINT('Ctrl Pts',(72.8193581049041,-5.48435259733312,23.3333357109748));
#9012=CARTESIAN_POINT('Ctrl Pts',(72.4292073648719,-6.16011350167947,23.3750023776415));
#9013=CARTESIAN_POINT('Ctrl Pts',(72.8193581049041,-6.83587440602583,23.4166690443082));
#9014=CARTESIAN_POINT('Ctrl Pts',(73.2095088449363,-7.51163531037218,23.4583357109748));
#9015=CARTESIAN_POINT('Ctrl Pts',(73.9898103250006,-7.51163531037218,23.5000023776415));
#9016=CARTESIAN_POINT('Ctrl Pts',(74.770111805065,-7.51163531037218,23.5416690443082));
#9017=CARTESIAN_POINT('Ctrl Pts',(75.1602625450972,-6.83587440602583,23.5833357109748));
#9018=CARTESIAN_POINT('Ctrl Pts',(75.5504132851294,-6.16011350167947,23.6250023776415));
#9019=CARTESIAN_POINT('Ctrl Pts',(75.1602625450972,-5.48435259733312,23.6666690443082));
#9020=CARTESIAN_POINT('Ctrl Pts',(74.770111805065,-4.80859169298677,23.7083357109748));
#9021=CARTESIAN_POINT('Ctrl Pts',(73.9898103250006,-4.80859169298677,23.7500023776415));
#9022=CARTESIAN_POINT('Ctrl Pts',(73.2095088449363,-4.80859169298677,23.7916690443082));
#9023=CARTESIAN_POINT('Ctrl Pts',(72.8193581049041,-5.48435259733312,23.8333357109748));
#9024=CARTESIAN_POINT('Ctrl Pts',(72.4292073648719,-6.16011350167947,23.8750023776415));
#9025=CARTESIAN_POINT('Ctrl Pts',(72.8193581049041,-6.83587440602583,23.9166690443082));
#9026=CARTESIAN_POINT('Ctrl Pts',(73.2095088449363,-7.51163531037218,23.9583357109748));
#9027=CARTESIAN_POINT('Ctrl Pts',(73.9898103250006,-7.51163531037218,24.0000023776415));
#9028=CARTESIAN_POINT('Ctrl Pts',(74.770111805065,-7.51163531037218,24.0416690443082));
#9029=CARTESIAN_POINT('Ctrl Pts',(75.1602625450972,-6.83587440602583,24.0833357109748));
#9030=CARTESIAN_POINT('Ctrl Pts',(75.5504132851294,-6.16011350167947,24.1250023776415));
#9031=CARTESIAN_POINT('Ctrl Pts',(75.1602625450972,-5.48435259733312,24.1666690443082));
#9032=CARTESIAN_POINT('Ctrl Pts',(74.770111805065,-4.80859169298677,24.2083357109748));
#9033=CARTESIAN_POINT('Ctrl Pts',(73.9898103250006,-4.80859169298677,24.2500023776415));
#9034=CARTESIAN_POINT('Ctrl Pts',(73.9898103250006,-4.40399071373098,-6.45312499999999));
#9035=CARTESIAN_POINT('Ctrl Pts',(72.9759123606486,-4.40399071373098,-6.41145833333332));
#9036=CARTESIAN_POINT('Ctrl Pts',(72.4689633784725,-5.28205210770523,-6.36979166666666));
#9037=CARTESIAN_POINT('Ctrl Pts',(71.9620143962964,-6.16011350167948,-6.32812499999999));
#9038=CARTESIAN_POINT('Ctrl Pts',(72.4689633784725,-7.03817489565373,-6.28645833333333));
#9039=CARTESIAN_POINT('Ctrl Pts',(72.9759123606486,-7.91623628962798,-6.24479166666666));
#9040=CARTESIAN_POINT('Ctrl Pts',(73.9898103250006,-7.91623628962798,-6.20312499999999));
#9041=CARTESIAN_POINT('Ctrl Pts',(75.0037082893528,-7.91623628962798,-6.16145833333333));
#9042=CARTESIAN_POINT('Ctrl Pts',(75.5106572715288,-7.03817489565373,-6.11979166666666));
#9043=CARTESIAN_POINT('Ctrl Pts',(76.0176062537049,-6.16011350167948,-6.07812499999999));
#9044=CARTESIAN_POINT('Ctrl Pts',(75.5106572715288,-5.28205210770523,-6.03645833333333));
#9045=CARTESIAN_POINT('Ctrl Pts',(75.0037082893528,-4.40399071373098,-5.99479166666666));
#9046=CARTESIAN_POINT('Ctrl Pts',(73.9898103250006,-4.40399071373098,-5.95312499999999));
#9047=CARTESIAN_POINT('Ctrl Pts',(72.9759123606486,-4.40399071373098,-5.91145833333332));
#9048=CARTESIAN_POINT('Ctrl Pts',(72.4689633784725,-5.28205210770523,-5.86979166666666));
#9049=CARTESIAN_POINT('Ctrl Pts',(71.9620143962964,-6.16011350167948,-5.82812499999999));
#9050=CARTESIAN_POINT('Ctrl Pts',(72.4689633784725,-7.03817489565373,-5.78645833333332));
#9051=CARTESIAN_POINT('Ctrl Pts',(72.9759123606486,-7.91623628962798,-5.74479166666666));
#9052=CARTESIAN_POINT('Ctrl Pts',(73.9898103250006,-7.91623628962798,-5.70312499999999));
#9053=CARTESIAN_POINT('Ctrl Pts',(75.0037082893528,-7.91623628962798,-5.66145833333333));
#9054=CARTESIAN_POINT('Ctrl Pts',(75.5106572715288,-7.03817489565373,-5.61979166666666));
#9055=CARTESIAN_POINT('Ctrl Pts',(76.0176062537049,-6.16011350167948,-5.57812499999999));
#9056=CARTESIAN_POINT('Ctrl Pts',(75.5106572715288,-5.28205210770523,-5.53645833333333));
#9057=CARTESIAN_POINT('Ctrl Pts',(75.0037082893528,-4.40399071373098,-5.49479166666666));
#9058=CARTESIAN_POINT('Ctrl Pts',(73.9898103250006,-4.40399071373098,-5.45312499999999));
#9059=CARTESIAN_POINT('Ctrl Pts',(72.9759123606486,-4.40399071373098,-5.41145833333333));
#9060=CARTESIAN_POINT('Ctrl Pts',(72.4689633784725,-5.28205210770523,-5.36979166666666));
#9061=CARTESIAN_POINT('Ctrl Pts',(71.9620143962964,-6.16011350167948,-5.32812499999999));
#9062=CARTESIAN_POINT('Ctrl Pts',(72.4689633784725,-7.03817489565373,-5.28645833333332));
#9063=CARTESIAN_POINT('Ctrl Pts',(72.9759123606486,-7.91623628962798,-5.24479166666666));
#9064=CARTESIAN_POINT('Ctrl Pts',(73.9898103250006,-7.91623628962798,-5.20312499999999));
#9065=CARTESIAN_POINT('Ctrl Pts',(75.0037082893528,-7.91623628962798,-5.16145833333333));
#9066=CARTESIAN_POINT('Ctrl Pts',(75.5106572715288,-7.03817489565373,-5.11979166666666));
#9067=CARTESIAN_POINT('Ctrl Pts',(76.0176062537049,-6.16011350167948,-5.07812499999999));
#9068=CARTESIAN_POINT('Ctrl Pts',(75.5106572715288,-5.28205210770523,-5.03645833333333));
#9069=CARTESIAN_POINT('Ctrl Pts',(75.0037082893528,-4.40399071373098,-4.99479166666666));
#9070=CARTESIAN_POINT('Ctrl Pts',(73.9898103250006,-4.40399071373098,-4.95312499999999));
#9071=CARTESIAN_POINT('Ctrl Pts',(72.9759123606486,-4.40399071373098,-4.91145833333333));
#9072=CARTESIAN_POINT('Ctrl Pts',(72.4689633784725,-5.28205210770523,-4.86979166666666));
#9073=CARTESIAN_POINT('Ctrl Pts',(71.9620143962964,-6.16011350167948,-4.82812499999999));
#9074=CARTESIAN_POINT('Ctrl Pts',(72.4689633784725,-7.03817489565373,-4.78645833333333));
#9075=CARTESIAN_POINT('Ctrl Pts',(72.9759123606486,-7.91623628962798,-4.74479166666666));
#9076=CARTESIAN_POINT('Ctrl Pts',(73.9898103250006,-7.91623628962798,-4.70312499999999));
#9077=CARTESIAN_POINT('Ctrl Pts',(75.0037082893528,-7.91623628962798,-4.66145833333333));
#9078=CARTESIAN_POINT('Ctrl Pts',(75.5106572715288,-7.03817489565373,-4.61979166666666));
#9079=CARTESIAN_POINT('Ctrl Pts',(76.0176062537049,-6.16011350167948,-4.57812499999999));
#9080=CARTESIAN_POINT('Ctrl Pts',(75.5106572715288,-5.28205210770523,-4.53645833333332));
#9081=CARTESIAN_POINT('Ctrl Pts',(75.0037082893528,-4.40399071373098,-4.49479166666666));
#9082=CARTESIAN_POINT('Ctrl Pts',(73.9898103250006,-4.40399071373098,-4.45312499999999));
#9083=CARTESIAN_POINT('Ctrl Pts',(72.9759123606486,-4.40399071373098,-4.41145833333333));
#9084=CARTESIAN_POINT('Ctrl Pts',(72.4689633784725,-5.28205210770523,-4.36979166666666));
#9085=CARTESIAN_POINT('Ctrl Pts',(71.9620143962964,-6.16011350167948,-4.32812499999999));
#9086=CARTESIAN_POINT('Ctrl Pts',(72.4689633784725,-7.03817489565373,-4.28645833333333));
#9087=CARTESIAN_POINT('Ctrl Pts',(72.9759123606486,-7.91623628962798,-4.24479166666666));
#9088=CARTESIAN_POINT('Ctrl Pts',(73.9898103250006,-7.91623628962798,-4.20312499999999));
#9089=CARTESIAN_POINT('Ctrl Pts',(75.0037082893528,-7.91623628962798,-4.16145833333333));
#9090=CARTESIAN_POINT('Ctrl Pts',(75.5106572715288,-7.03817489565373,-4.11979166666666));
#9091=CARTESIAN_POINT('Ctrl Pts',(76.0176062537049,-6.16011350167948,-4.07812499999999));
#9092=CARTESIAN_POINT('Ctrl Pts',(75.5106572715288,-5.28205210770523,-4.03645833333332));
#9093=CARTESIAN_POINT('Ctrl Pts',(75.0037082893528,-4.40399071373098,-3.99479166666666));
#9094=CARTESIAN_POINT('Ctrl Pts',(73.9898103250006,-4.40399071373098,-3.95312499999999));
#9095=CARTESIAN_POINT('Ctrl Pts',(72.9759123606486,-4.40399071373098,-3.91145833333333));
#9096=CARTESIAN_POINT('Ctrl Pts',(72.4689633784725,-5.28205210770523,-3.86979166666666));
#9097=CARTESIAN_POINT('Ctrl Pts',(71.9620143962964,-6.16011350167948,-3.82812499999999));
#9098=CARTESIAN_POINT('Ctrl Pts',(72.4689633784725,-7.03817489565373,-3.78645833333333));
#9099=CARTESIAN_POINT('Ctrl Pts',(72.9759123606486,-7.91623628962798,-3.74479166666666));
#9100=CARTESIAN_POINT('Ctrl Pts',(73.9898103250006,-7.91623628962798,-3.70312499999999));
#9101=CARTESIAN_POINT('Ctrl Pts',(75.0037082893528,-7.91623628962798,-3.66145833333333));
#9102=CARTESIAN_POINT('Ctrl Pts',(75.5106572715288,-7.03817489565373,-3.61979166666666));
#9103=CARTESIAN_POINT('Ctrl Pts',(76.0176062537049,-6.16011350167948,-3.57812499999999));
#9104=CARTESIAN_POINT('Ctrl Pts',(75.5106572715288,-5.28205210770523,-3.53645833333333));
#9105=CARTESIAN_POINT('Ctrl Pts',(75.0037082893528,-4.40399071373098,-3.49479166666666));
#9106=CARTESIAN_POINT('Ctrl Pts',(73.9898103250006,-4.40399071373098,-3.45312499999999));
#9107=CARTESIAN_POINT('Ctrl Pts',(72.9759123606486,-4.40399071373098,-3.41145833333333));
#9108=CARTESIAN_POINT('Ctrl Pts',(72.4689633784725,-5.28205210770523,-3.36979166666666));
#9109=CARTESIAN_POINT('Ctrl Pts',(71.9620143962964,-6.16011350167948,-3.328125));
#9110=CARTESIAN_POINT('Ctrl Pts',(72.4689633784725,-7.03817489565373,-3.28645833333332));
#9111=CARTESIAN_POINT('Ctrl Pts',(72.9759123606486,-7.91623628962798,-3.24479166666666));
#9112=CARTESIAN_POINT('Ctrl Pts',(73.9898103250006,-7.91623628962798,-3.20312499999999));
#9113=CARTESIAN_POINT('Ctrl Pts',(75.0037082893528,-7.91623628962798,-3.16145833333332));
#9114=CARTESIAN_POINT('Ctrl Pts',(75.5106572715288,-7.03817489565373,-3.11979166666666));
#9115=CARTESIAN_POINT('Ctrl Pts',(76.0176062537049,-6.16011350167948,-3.07812499999999));
#9116=CARTESIAN_POINT('Ctrl Pts',(75.5106572715288,-5.28205210770523,-3.03645833333333));
#9117=CARTESIAN_POINT('Ctrl Pts',(75.0037082893528,-4.40399071373098,-2.99479166666666));
#9118=CARTESIAN_POINT('Ctrl Pts',(73.9898103250006,-4.40399071373098,-2.95312499999999));
#9119=CARTESIAN_POINT('Ctrl Pts',(72.9759123606486,-4.40399071373098,-2.91145833333333));
#9120=CARTESIAN_POINT('Ctrl Pts',(72.4689633784725,-5.28205210770523,-2.86979166666666));
#9121=CARTESIAN_POINT('Ctrl Pts',(71.9620143962964,-6.16011350167948,-2.82812499999999));
#9122=CARTESIAN_POINT('Ctrl Pts',(72.4689633784725,-7.03817489565373,-2.78645833333332));
#9123=CARTESIAN_POINT('Ctrl Pts',(72.9759123606486,-7.91623628962798,-2.74479166666666));
#9124=CARTESIAN_POINT('Ctrl Pts',(73.9898103250006,-7.91623628962798,-2.70312499999999));
#9125=CARTESIAN_POINT('Ctrl Pts',(75.0037082893528,-7.91623628962798,-2.66145833333332));
#9126=CARTESIAN_POINT('Ctrl Pts',(75.5106572715288,-7.03817489565373,-2.61979166666666));
#9127=CARTESIAN_POINT('Ctrl Pts',(76.0176062537049,-6.16011350167948,-2.57812499999999));
#9128=CARTESIAN_POINT('Ctrl Pts',(75.5106572715288,-5.28205210770523,-2.53645833333333));
#9129=CARTESIAN_POINT('Ctrl Pts',(75.0037082893528,-4.40399071373098,-2.49479166666666));
#9130=CARTESIAN_POINT('Ctrl Pts',(73.9898103250006,-4.40399071373098,-2.45312499999999));
#9131=CARTESIAN_POINT('Ctrl Pts',(72.9759123606486,-4.40399071373098,-2.41145833333333));
#9132=CARTESIAN_POINT('Ctrl Pts',(72.4689633784725,-5.28205210770523,-2.36979166666666));
#9133=CARTESIAN_POINT('Ctrl Pts',(71.9620143962964,-6.16011350167948,-2.32812499999999));
#9134=CARTESIAN_POINT('Ctrl Pts',(72.4689633784725,-7.03817489565373,-2.28645833333333));
#9135=CARTESIAN_POINT('Ctrl Pts',(72.9759123606486,-7.91623628962798,-2.24479166666666));
#9136=CARTESIAN_POINT('Ctrl Pts',(73.9898103250006,-7.91623628962798,-2.20312499999999));
#9137=CARTESIAN_POINT('Ctrl Pts',(75.0037082893528,-7.91623628962798,-2.16145833333333));
#9138=CARTESIAN_POINT('Ctrl Pts',(75.5106572715288,-7.03817489565373,-2.11979166666666));
#9139=CARTESIAN_POINT('Ctrl Pts',(76.0176062537049,-6.16011350167948,-2.07812499999999));
#9140=CARTESIAN_POINT('Ctrl Pts',(75.5106572715288,-5.28205210770523,-2.03645833333333));
#9141=CARTESIAN_POINT('Ctrl Pts',(75.0037082893528,-4.40399071373098,-1.99479166666666));
#9142=CARTESIAN_POINT('Ctrl Pts',(73.9898103250006,-4.40399071373098,-1.95312499999999));
#9143=CARTESIAN_POINT('Ctrl Pts',(72.9759123606486,-4.40399071373098,-1.91145833333333));
#9144=CARTESIAN_POINT('Ctrl Pts',(72.4689633784725,-5.28205210770523,-1.86979166666666));
#9145=CARTESIAN_POINT('Ctrl Pts',(71.9620143962964,-6.16011350167948,-1.82812499999999));
#9146=CARTESIAN_POINT('Ctrl Pts',(72.4689633784725,-7.03817489565373,-1.78645833333333));
#9147=CARTESIAN_POINT('Ctrl Pts',(72.9759123606486,-7.91623628962798,-1.74479166666666));
#9148=CARTESIAN_POINT('Ctrl Pts',(73.9898103250006,-7.91623628962798,-1.70312499999999));
#9149=CARTESIAN_POINT('Ctrl Pts',(75.0037082893528,-7.91623628962798,-1.66145833333332));
#9150=CARTESIAN_POINT('Ctrl Pts',(75.5106572715288,-7.03817489565373,-1.61979166666666));
#9151=CARTESIAN_POINT('Ctrl Pts',(76.0176062537049,-6.16011350167948,-1.57812499999999));
#9152=CARTESIAN_POINT('Ctrl Pts',(75.5106572715288,-5.28205210770523,-1.53645833333333));
#9153=CARTESIAN_POINT('Ctrl Pts',(75.0037082893528,-4.40399071373098,-1.49479166666666));
#9154=CARTESIAN_POINT('Ctrl Pts',(73.9898103250006,-4.40399071373098,-1.45312499999999));
#9155=CARTESIAN_POINT('Ctrl Pts',(72.9759123606486,-4.40399071373098,-1.41145833333333));
#9156=CARTESIAN_POINT('Ctrl Pts',(72.4689633784725,-5.28205210770523,-1.36979166666666));
#9157=CARTESIAN_POINT('Ctrl Pts',(71.9620143962964,-6.16011350167948,-1.32812499999999));
#9158=CARTESIAN_POINT('Ctrl Pts',(72.4689633784725,-7.03817489565373,-1.28645833333332));
#9159=CARTESIAN_POINT('Ctrl Pts',(72.9759123606486,-7.91623628962798,-1.24479166666666));
#9160=CARTESIAN_POINT('Ctrl Pts',(73.9898103250006,-7.91623628962798,-1.20312499999999));
#9161=CARTESIAN_POINT('Ctrl Pts',(75.0037082893528,-7.91623628962798,-1.16145833333333));
#9162=CARTESIAN_POINT('Ctrl Pts',(75.5106572715288,-7.03817489565373,-1.11979166666666));
#9163=CARTESIAN_POINT('Ctrl Pts',(76.0176062537049,-6.16011350167948,-1.07812499999999));
#9164=CARTESIAN_POINT('Ctrl Pts',(75.5106572715288,-5.28205210770523,-1.03645833333332));
#9165=CARTESIAN_POINT('Ctrl Pts',(75.0037082893528,-4.40399071373098,-0.994791666666659));
#9166=CARTESIAN_POINT('Ctrl Pts',(73.9898103250006,-4.40399071373098,-0.953124999999992));
#9167=CARTESIAN_POINT('Ctrl Pts',(72.9759123606486,-4.40399071373098,-0.911458333333324));
#9168=CARTESIAN_POINT('Ctrl Pts',(72.4689633784725,-5.28205210770523,-0.869791666666659));
#9169=CARTESIAN_POINT('Ctrl Pts',(71.9620143962964,-6.16011350167948,-0.828124999999993));
#9170=CARTESIAN_POINT('Ctrl Pts',(72.4689633784725,-7.03817489565373,-0.786458333333324));
#9171=CARTESIAN_POINT('Ctrl Pts',(72.9759123606486,-7.91623628962798,-0.744791666666658));
#9172=CARTESIAN_POINT('Ctrl Pts',(73.9898103250006,-7.91623628962798,-0.703124999999991));
#9173=CARTESIAN_POINT('Ctrl Pts',(75.0037082893528,-7.91623628962798,-0.661458333333325));
#9174=CARTESIAN_POINT('Ctrl Pts',(75.5106572715288,-7.03817489565373,-0.619791666666658));
#9175=CARTESIAN_POINT('Ctrl Pts',(76.0176062537049,-6.16011350167948,-0.578124999999992));
#9176=CARTESIAN_POINT('Ctrl Pts',(75.5106572715288,-5.28205210770523,-0.536458333333325));
#9177=CARTESIAN_POINT('Ctrl Pts',(75.0037082893528,-4.40399071373098,-0.494791666666661));
#9178=CARTESIAN_POINT('Ctrl Pts',(73.9898103250006,-4.40399071373098,-0.453124999999992));
#9179=CARTESIAN_POINT('Ctrl Pts',(72.9759123606486,-4.40399071373098,-0.411458333333323));
#9180=CARTESIAN_POINT('Ctrl Pts',(72.4689633784725,-5.28205210770523,-0.369791666666659));
#9181=CARTESIAN_POINT('Ctrl Pts',(71.9620143962964,-6.16011350167948,-0.328124999999992));
#9182=CARTESIAN_POINT('Ctrl Pts',(72.4689633784725,-7.03817489565373,-0.286458333333324));
#9183=CARTESIAN_POINT('Ctrl Pts',(72.9759123606486,-7.91623628962798,-0.244791666666659));
#9184=CARTESIAN_POINT('Ctrl Pts',(73.9898103250006,-7.91623628962798,-0.203124999999993));
#9185=CARTESIAN_POINT('Ctrl Pts',(75.0037082893528,-7.91623628962798,-0.161458333333324));
#9186=CARTESIAN_POINT('Ctrl Pts',(75.5106572715288,-7.03817489565373,-0.119791666666658));
#9187=CARTESIAN_POINT('Ctrl Pts',(76.0176062537049,-6.16011350167948,-0.0781249999999933));
#9188=CARTESIAN_POINT('Ctrl Pts',(75.5106572715288,-5.28205210770523,-0.0364583333333246));
#9189=CARTESIAN_POINT('Ctrl Pts',(75.0037082893528,-4.40399071373098,0.00520833333334414));
#9190=CARTESIAN_POINT('Ctrl Pts',(73.9898103250006,-4.40399071373098,0.0468750000000084));
#9191=CARTESIAN_POINT('Ctrl Pts',(72.9759123606486,-4.40399071373098,0.088541666666675));
#9192=CARTESIAN_POINT('Ctrl Pts',(72.4689633784725,-5.28205210770523,0.130208333333341));
#9193=CARTESIAN_POINT('Ctrl Pts',(71.9620143962964,-6.16011350167948,0.171875000000008));
#9194=CARTESIAN_POINT('Ctrl Pts',(72.4689633784725,-7.03817489565373,0.213541666666675));
#9195=CARTESIAN_POINT('Ctrl Pts',(72.9759123606486,-7.91623628962798,0.255208333333341));
#9196=CARTESIAN_POINT('Ctrl Pts',(73.9898103250006,-7.91623628962798,0.296875000000008));
#9197=CARTESIAN_POINT('Ctrl Pts',(75.0037082893528,-7.91623628962798,0.338541666666676));
#9198=CARTESIAN_POINT('Ctrl Pts',(75.5106572715288,-7.03817489565373,0.380208333333343));
#9199=CARTESIAN_POINT('Ctrl Pts',(76.0176062537049,-6.16011350167948,0.421875000000007));
#9200=CARTESIAN_POINT('Ctrl Pts',(75.5106572715288,-5.28205210770523,0.463541666666674));
#9201=CARTESIAN_POINT('Ctrl Pts',(75.0037082893528,-4.40399071373098,0.505208333333343));
#9202=CARTESIAN_POINT('Ctrl Pts',(73.9898103250006,-4.40399071373098,0.546875000000008));
#9203=CARTESIAN_POINT('Ctrl Pts',(72.9759123606486,-4.40399071373098,0.588541666666675));
#9204=CARTESIAN_POINT('Ctrl Pts',(72.4689633784725,-5.28205210770523,0.630208333333342));
#9205=CARTESIAN_POINT('Ctrl Pts',(71.9620143962964,-6.16011350167948,0.67187500000001));
#9206=CARTESIAN_POINT('Ctrl Pts',(72.4689633784725,-7.03817489565373,0.713541666666676));
#9207=CARTESIAN_POINT('Ctrl Pts',(72.9759123606486,-7.91623628962798,0.755208333333341));
#9208=CARTESIAN_POINT('Ctrl Pts',(73.9898103250006,-7.91623628962798,0.796875000000008));
#9209=CARTESIAN_POINT('Ctrl Pts',(75.0037082893528,-7.91623628962798,0.838541666666675));
#9210=CARTESIAN_POINT('Ctrl Pts',(75.5106572715288,-7.03817489565373,0.880208333333342));
#9211=CARTESIAN_POINT('Ctrl Pts',(76.0176062537049,-6.16011350167948,0.921875000000008));
#9212=CARTESIAN_POINT('Ctrl Pts',(75.5106572715288,-5.28205210770523,0.963541666666674));
#9213=CARTESIAN_POINT('Ctrl Pts',(75.0037082893528,-4.40399071373098,1.00520833333334));
#9214=CARTESIAN_POINT('Ctrl Pts',(73.9898103250006,-4.40399071373098,1.04687500000001));
#9215=CARTESIAN_POINT('Ctrl Pts',(72.9759123606486,-4.40399071373098,1.08854166666667));
#9216=CARTESIAN_POINT('Ctrl Pts',(72.4689633784725,-5.28205210770523,1.13020833333334));
#9217=CARTESIAN_POINT('Ctrl Pts',(71.9620143962964,-6.16011350167948,1.17187500000001));
#9218=CARTESIAN_POINT('Ctrl Pts',(72.4689633784725,-7.03817489565373,1.21354166666667));
#9219=CARTESIAN_POINT('Ctrl Pts',(72.9759123606486,-7.91623628962798,1.25520833333334));
#9220=CARTESIAN_POINT('Ctrl Pts',(73.9898103250006,-7.91623628962798,1.29687500000001));
#9221=CARTESIAN_POINT('Ctrl Pts',(75.0037082893528,-7.91623628962798,1.33854166666667));
#9222=CARTESIAN_POINT('Ctrl Pts',(75.5106572715288,-7.03817489565373,1.38020833333334));
#9223=CARTESIAN_POINT('Ctrl Pts',(76.0176062537049,-6.16011350167948,1.42187500000001));
#9224=CARTESIAN_POINT('Ctrl Pts',(75.5106572715288,-5.28205210770523,1.46354166666667));
#9225=CARTESIAN_POINT('Ctrl Pts',(75.0037082893528,-4.40399071373098,1.50520833333334));
#9226=CARTESIAN_POINT('Ctrl Pts',(73.9898103250006,-4.40399071373098,1.54687500000001));
#9227=CARTESIAN_POINT('Ctrl Pts',(72.9759123606486,-4.40399071373098,1.58854166666667));
#9228=CARTESIAN_POINT('Ctrl Pts',(72.4689633784725,-5.28205210770523,1.63020833333334));
#9229=CARTESIAN_POINT('Ctrl Pts',(71.9620143962964,-6.16011350167948,1.67187500000001));
#9230=CARTESIAN_POINT('Ctrl Pts',(72.4689633784725,-7.03817489565373,1.71354166666667));
#9231=CARTESIAN_POINT('Ctrl Pts',(72.9759123606486,-7.91623628962798,1.75520833333334));
#9232=CARTESIAN_POINT('Ctrl Pts',(73.9898103250006,-7.91623628962798,1.79687500000001));
#9233=CARTESIAN_POINT('Ctrl Pts',(75.0037082893528,-7.91623628962798,1.83854166666667));
#9234=CARTESIAN_POINT('Ctrl Pts',(75.5106572715288,-7.03817489565373,1.88020833333334));
#9235=CARTESIAN_POINT('Ctrl Pts',(76.0176062537049,-6.16011350167948,1.92187500000001));
#9236=CARTESIAN_POINT('Ctrl Pts',(75.5106572715288,-5.28205210770523,1.96354166666667));
#9237=CARTESIAN_POINT('Ctrl Pts',(75.0037082893528,-4.40399071373098,2.00520833333334));
#9238=CARTESIAN_POINT('Ctrl Pts',(73.9898103250006,-4.40399071373098,2.04687500000001));
#9239=CARTESIAN_POINT('Ctrl Pts',(72.9759123606486,-4.40399071373098,2.08854166666667));
#9240=CARTESIAN_POINT('Ctrl Pts',(72.4689633784725,-5.28205210770523,2.13020833333334));
#9241=CARTESIAN_POINT('Ctrl Pts',(71.9620143962964,-6.16011350167948,2.17187500000001));
#9242=CARTESIAN_POINT('Ctrl Pts',(72.4689633784725,-7.03817489565373,2.21354166666667));
#9243=CARTESIAN_POINT('Ctrl Pts',(72.9759123606486,-7.91623628962798,2.25520833333334));
#9244=CARTESIAN_POINT('Ctrl Pts',(73.9898103250006,-7.91623628962798,2.29687500000001));
#9245=CARTESIAN_POINT('Ctrl Pts',(75.0037082893528,-7.91623628962798,2.33854166666667));
#9246=CARTESIAN_POINT('Ctrl Pts',(75.5106572715288,-7.03817489565373,2.38020833333334));
#9247=CARTESIAN_POINT('Ctrl Pts',(76.0176062537049,-6.16011350167948,2.42187500000001));
#9248=CARTESIAN_POINT('Ctrl Pts',(75.5106572715288,-5.28205210770523,2.46354166666668));
#9249=CARTESIAN_POINT('Ctrl Pts',(75.0037082893528,-4.40399071373098,2.50520833333334));
#9250=CARTESIAN_POINT('Ctrl Pts',(73.9898103250006,-4.40399071373098,2.54687500000001));
#9251=CARTESIAN_POINT('Ctrl Pts',(72.9759123606486,-4.40399071373098,2.58854166666667));
#9252=CARTESIAN_POINT('Ctrl Pts',(72.4689633784725,-5.28205210770523,2.63020833333334));
#9253=CARTESIAN_POINT('Ctrl Pts',(71.9620143962964,-6.16011350167948,2.67187500000001));
#9254=CARTESIAN_POINT('Ctrl Pts',(72.4689633784725,-7.03817489565373,2.71354166666667));
#9255=CARTESIAN_POINT('Ctrl Pts',(72.9759123606486,-7.91623628962798,2.75520833333334));
#9256=CARTESIAN_POINT('Ctrl Pts',(73.9898103250006,-7.91623628962798,2.79687500000001));
#9257=CARTESIAN_POINT('Ctrl Pts',(75.0037082893528,-7.91623628962798,2.83854166666668));
#9258=CARTESIAN_POINT('Ctrl Pts',(75.5106572715288,-7.03817489565373,2.88020833333334));
#9259=CARTESIAN_POINT('Ctrl Pts',(76.0176062537049,-6.16011350167948,2.92187500000001));
#9260=CARTESIAN_POINT('Ctrl Pts',(75.5106572715288,-5.28205210770523,2.96354166666668));
#9261=CARTESIAN_POINT('Ctrl Pts',(75.0037082893528,-4.40399071373098,3.00520833333334));
#9262=CARTESIAN_POINT('Ctrl Pts',(73.9898103250006,-4.40399071373098,3.04687500000001));
#9263=CARTESIAN_POINT('Ctrl Pts',(72.9759123606486,-4.40399071373098,3.08854166666668));
#9264=CARTESIAN_POINT('Ctrl Pts',(72.4689633784725,-5.28205210770523,3.13020833333334));
#9265=CARTESIAN_POINT('Ctrl Pts',(71.9620143962964,-6.16011350167948,3.17187500000001));
#9266=CARTESIAN_POINT('Ctrl Pts',(72.4689633784725,-7.03817489565373,3.21354166666668));
#9267=CARTESIAN_POINT('Ctrl Pts',(72.9759123606486,-7.91623628962798,3.25520833333334));
#9268=CARTESIAN_POINT('Ctrl Pts',(73.9898103250006,-7.91623628962798,3.29687500000001));
#9269=CARTESIAN_POINT('Ctrl Pts',(75.0037082893528,-7.91623628962798,3.33854166666668));
#9270=CARTESIAN_POINT('Ctrl Pts',(75.5106572715288,-7.03817489565373,3.38020833333334));
#9271=CARTESIAN_POINT('Ctrl Pts',(76.0176062537049,-6.16011350167948,3.42187500000001));
#9272=CARTESIAN_POINT('Ctrl Pts',(75.5106572715288,-5.28205210770523,3.46354166666667));
#9273=CARTESIAN_POINT('Ctrl Pts',(75.0037082893528,-4.40399071373098,3.50520833333334));
#9274=CARTESIAN_POINT('Ctrl Pts',(73.9898103250006,-4.40399071373098,3.54687500000001));
#9275=CARTESIAN_POINT('Ctrl Pts',(72.9759123606486,-4.40399071373098,3.58854166666667));
#9276=CARTESIAN_POINT('Ctrl Pts',(72.4689633784725,-5.28205210770523,3.63020833333334));
#9277=CARTESIAN_POINT('Ctrl Pts',(71.9620143962964,-6.16011350167948,3.67187500000001));
#9278=CARTESIAN_POINT('Ctrl Pts',(72.4689633784725,-7.03817489565373,3.71354166666667));
#9279=CARTESIAN_POINT('Ctrl Pts',(72.9759123606486,-7.91623628962798,3.75520833333334));
#9280=CARTESIAN_POINT('Ctrl Pts',(73.9898103250006,-7.91623628962798,3.79687500000001));
#9281=CARTESIAN_POINT('Ctrl Pts',(75.0037082893528,-7.91623628962798,3.83854166666667));
#9282=CARTESIAN_POINT('Ctrl Pts',(75.5106572715288,-7.03817489565373,3.88020833333334));
#9283=CARTESIAN_POINT('Ctrl Pts',(76.0176062537049,-6.16011350167948,3.92187500000001));
#9284=CARTESIAN_POINT('Ctrl Pts',(75.5106572715288,-5.28205210770523,3.96354166666667));
#9285=CARTESIAN_POINT('Ctrl Pts',(75.0037082893528,-4.40399071373098,4.00520833333334));
#9286=CARTESIAN_POINT('Ctrl Pts',(73.9898103250006,-4.40399071373098,4.04687500000001));
#9287=CARTESIAN_POINT('Ctrl Pts',(72.9759123606486,-4.40399071373098,4.08854166666667));
#9288=CARTESIAN_POINT('Ctrl Pts',(72.4689633784725,-5.28205210770523,4.13020833333334));
#9289=CARTESIAN_POINT('Ctrl Pts',(71.9620143962964,-6.16011350167948,4.17187500000001));
#9290=CARTESIAN_POINT('Ctrl Pts',(72.4689633784725,-7.03817489565373,4.21354166666667));
#9291=CARTESIAN_POINT('Ctrl Pts',(72.9759123606486,-7.91623628962798,4.25520833333334));
#9292=CARTESIAN_POINT('Ctrl Pts',(73.9898103250006,-7.91623628962798,4.29687500000001));
#9293=CARTESIAN_POINT('Ctrl Pts',(75.0037082893528,-7.91623628962798,4.33854166666668));
#9294=CARTESIAN_POINT('Ctrl Pts',(75.5106572715288,-7.03817489565373,4.38020833333334));
#9295=CARTESIAN_POINT('Ctrl Pts',(76.0176062537049,-6.16011350167948,4.42187500000001));
#9296=CARTESIAN_POINT('Ctrl Pts',(75.5106572715288,-5.28205210770523,4.46354166666667));
#9297=CARTESIAN_POINT('Ctrl Pts',(75.0037082893528,-4.40399071373098,4.50520833333334));
#9298=CARTESIAN_POINT('Ctrl Pts',(73.9898103250006,-4.40399071373098,4.54687500000001));
#9299=CARTESIAN_POINT('Ctrl Pts',(72.9759123606486,-4.40399071373098,4.58854166666668));
#9300=CARTESIAN_POINT('Ctrl Pts',(72.4689633784725,-5.28205210770523,4.63020833333334));
#9301=CARTESIAN_POINT('Ctrl Pts',(71.9620143962964,-6.16011350167948,4.67187500000001));
#9302=CARTESIAN_POINT('Ctrl Pts',(72.4689633784725,-7.03817489565373,4.71354166666667));
#9303=CARTESIAN_POINT('Ctrl Pts',(72.9759123606486,-7.91623628962798,4.75520833333334));
#9304=CARTESIAN_POINT('Ctrl Pts',(73.9898103250006,-7.91623628962798,4.79687500000001));
#9305=CARTESIAN_POINT('Ctrl Pts',(75.0037082893528,-7.91623628962798,4.83854166666668));
#9306=CARTESIAN_POINT('Ctrl Pts',(75.5106572715288,-7.03817489565373,4.88020833333334));
#9307=CARTESIAN_POINT('Ctrl Pts',(76.0176062537049,-6.16011350167948,4.92187500000001));
#9308=CARTESIAN_POINT('Ctrl Pts',(75.5106572715288,-5.28205210770523,4.96354166666668));
#9309=CARTESIAN_POINT('Ctrl Pts',(75.0037082893528,-4.40399071373098,5.00520833333334));
#9310=CARTESIAN_POINT('Ctrl Pts',(73.9898103250006,-4.40399071373098,5.04687500000001));
#9311=CARTESIAN_POINT('Ctrl Pts',(72.9759123606486,-4.40399071373098,5.08854166666668));
#9312=CARTESIAN_POINT('Ctrl Pts',(72.4689633784725,-5.28205210770523,5.13020833333334));
#9313=CARTESIAN_POINT('Ctrl Pts',(71.9620143962964,-6.16011350167948,5.17187500000001));
#9314=CARTESIAN_POINT('Ctrl Pts',(72.4689633784725,-7.03817489565373,5.21354166666667));
#9315=CARTESIAN_POINT('Ctrl Pts',(72.9759123606486,-7.91623628962798,5.25520833333334));
#9316=CARTESIAN_POINT('Ctrl Pts',(73.9898103250006,-7.91623628962798,5.29687500000001));
#9317=CARTESIAN_POINT('Ctrl Pts',(75.0037082893528,-7.91623628962798,5.33854166666667));
#9318=CARTESIAN_POINT('Ctrl Pts',(75.5106572715288,-7.03817489565373,5.38020833333334));
#9319=CARTESIAN_POINT('Ctrl Pts',(76.0176062537049,-6.16011350167948,5.42187500000001));
#9320=CARTESIAN_POINT('Ctrl Pts',(75.5106572715288,-5.28205210770523,5.46354166666667));
#9321=CARTESIAN_POINT('Ctrl Pts',(75.0037082893528,-4.40399071373098,5.50520833333334));
#9322=CARTESIAN_POINT('Ctrl Pts',(73.9898103250006,-4.40399071373098,5.54687500000001));
#9323=CARTESIAN_POINT('Ctrl Pts',(72.9759123606486,-4.40399071373098,5.58854166666667));
#9324=CARTESIAN_POINT('Ctrl Pts',(72.4689633784725,-5.28205210770523,5.63020833333334));
#9325=CARTESIAN_POINT('Ctrl Pts',(71.9620143962964,-6.16011350167948,5.67187500000001));
#9326=CARTESIAN_POINT('Ctrl Pts',(72.4689633784725,-7.03817489565373,5.71354166666667));
#9327=CARTESIAN_POINT('Ctrl Pts',(72.9759123606486,-7.91623628962798,5.75520833333334));
#9328=CARTESIAN_POINT('Ctrl Pts',(73.9898103250006,-7.91623628962798,5.79687500000001));
#9329=CARTESIAN_POINT('Ctrl Pts',(75.0037082893528,-7.91623628962798,5.83854166666668));
#9330=CARTESIAN_POINT('Ctrl Pts',(75.5106572715288,-7.03817489565373,5.88020833333334));
#9331=CARTESIAN_POINT('Ctrl Pts',(76.0176062537049,-6.16011350167948,5.92187500000001));
#9332=CARTESIAN_POINT('Ctrl Pts',(75.5106572715288,-5.28205210770523,5.96354166666667));
#9333=CARTESIAN_POINT('Ctrl Pts',(75.0037082893528,-4.40399071373098,6.00520833333334));
#9334=CARTESIAN_POINT('Ctrl Pts',(73.9898103250006,-4.40399071373098,6.04687500000001));
#9335=CARTESIAN_POINT('Ctrl Pts',(72.9759123606486,-4.40399071373098,6.08854166666668));
#9336=CARTESIAN_POINT('Ctrl Pts',(72.4689633784725,-5.28205210770523,6.13020833333334));
#9337=CARTESIAN_POINT('Ctrl Pts',(71.9620143962964,-6.16011350167948,6.17187500000001));
#9338=CARTESIAN_POINT('Ctrl Pts',(72.4689633784725,-7.03817489565373,6.21354166666667));
#9339=CARTESIAN_POINT('Ctrl Pts',(72.9759123606486,-7.91623628962798,6.25520833333334));
#9340=CARTESIAN_POINT('Ctrl Pts',(73.9898103250006,-7.91623628962798,6.29687500000001));
#9341=CARTESIAN_POINT('Ctrl Pts',(75.0037082893528,-7.91623628962798,6.33854166666668));
#9342=CARTESIAN_POINT('Ctrl Pts',(75.5106572715288,-7.03817489565373,6.38020833333334));
#9343=CARTESIAN_POINT('Ctrl Pts',(76.0176062537049,-6.16011350167948,6.42187500000001));
#9344=CARTESIAN_POINT('Ctrl Pts',(75.5106572715288,-5.28205210770523,6.46354166666667));
#9345=CARTESIAN_POINT('Ctrl Pts',(75.0037082893528,-4.40399071373098,6.50520833333334));
#9346=CARTESIAN_POINT('Ctrl Pts',(73.9898103250006,-4.40399071373098,6.54687500000001));
#9347=CARTESIAN_POINT('Ctrl Pts',(72.9759123606486,-4.40399071373098,6.58854166666667));
#9348=CARTESIAN_POINT('Ctrl Pts',(72.4689633784725,-5.28205210770523,6.63020833333334));
#9349=CARTESIAN_POINT('Ctrl Pts',(71.9620143962964,-6.16011350167948,6.67187500000001));
#9350=CARTESIAN_POINT('Ctrl Pts',(72.4689633784725,-7.03817489565373,6.71354166666668));
#9351=CARTESIAN_POINT('Ctrl Pts',(72.9759123606486,-7.91623628962798,6.75520833333334));
#9352=CARTESIAN_POINT('Ctrl Pts',(73.9898103250006,-7.91623628962798,6.79687500000001));
#9353=CARTESIAN_POINT('Ctrl Pts',(75.0037082893528,-7.91623628962798,6.83854166666668));
#9354=CARTESIAN_POINT('Ctrl Pts',(75.5106572715288,-7.03817489565373,6.88020833333334));
#9355=CARTESIAN_POINT('Ctrl Pts',(76.0176062537049,-6.16011350167948,6.92187500000001));
#9356=CARTESIAN_POINT('Ctrl Pts',(75.5106572715288,-5.28205210770523,6.96354166666667));
#9357=CARTESIAN_POINT('Ctrl Pts',(75.0037082893528,-4.40399071373098,7.00520833333334));
#9358=CARTESIAN_POINT('Ctrl Pts',(73.9898103250006,-4.40399071373098,7.04687500000001));
#9359=CARTESIAN_POINT('Ctrl Pts',(72.9759123606486,-4.40399071373098,7.08854166666667));
#9360=CARTESIAN_POINT('Ctrl Pts',(72.4689633784725,-5.28205210770523,7.13020833333334));
#9361=CARTESIAN_POINT('Ctrl Pts',(71.9620143962964,-6.16011350167948,7.17187500000001));
#9362=CARTESIAN_POINT('Ctrl Pts',(72.4689633784725,-7.03817489565373,7.21354166666667));
#9363=CARTESIAN_POINT('Ctrl Pts',(72.9759123606486,-7.91623628962798,7.25520833333334));
#9364=CARTESIAN_POINT('Ctrl Pts',(73.9898103250006,-7.91623628962798,7.29687500000001));
#9365=CARTESIAN_POINT('Ctrl Pts',(75.0037082893528,-7.91623628962798,7.33854166666667));
#9366=CARTESIAN_POINT('Ctrl Pts',(75.5106572715288,-7.03817489565373,7.38020833333334));
#9367=CARTESIAN_POINT('Ctrl Pts',(76.0176062537049,-6.16011350167948,7.42187500000001));
#9368=CARTESIAN_POINT('Ctrl Pts',(75.5106572715288,-5.28205210770523,7.46354166666667));
#9369=CARTESIAN_POINT('Ctrl Pts',(75.0037082893528,-4.40399071373098,7.50520833333334));
#9370=CARTESIAN_POINT('Ctrl Pts',(73.9898103250006,-4.40399071373098,7.54687500000001));
#9371=CARTESIAN_POINT('Ctrl Pts',(72.9759123606486,-4.40399071373098,7.58854166666667));
#9372=CARTESIAN_POINT('Ctrl Pts',(72.4689633784725,-5.28205210770523,7.63020833333334));
#9373=CARTESIAN_POINT('Ctrl Pts',(71.9620143962964,-6.16011350167948,7.67187500000001));
#9374=CARTESIAN_POINT('Ctrl Pts',(72.4689633784725,-7.03817489565373,7.71354166666667));
#9375=CARTESIAN_POINT('Ctrl Pts',(72.9759123606486,-7.91623628962798,7.75520833333334));
#9376=CARTESIAN_POINT('Ctrl Pts',(73.9898103250006,-7.91623628962798,7.79687500000001));
#9377=CARTESIAN_POINT('Ctrl Pts',(75.0037082893528,-7.91623628962798,7.83854166666667));
#9378=CARTESIAN_POINT('Ctrl Pts',(75.5106572715288,-7.03817489565373,7.88020833333334));
#9379=CARTESIAN_POINT('Ctrl Pts',(76.0176062537049,-6.16011350167948,7.92187500000001));
#9380=CARTESIAN_POINT('Ctrl Pts',(75.5106572715288,-5.28205210770523,7.96354166666667));
#9381=CARTESIAN_POINT('Ctrl Pts',(75.0037082893528,-4.40399071373098,8.00520833333334));
#9382=CARTESIAN_POINT('Ctrl Pts',(73.9898103250006,-4.40399071373098,8.04687500000001));
#9383=CARTESIAN_POINT('Ctrl Pts',(72.9759123606486,-4.40399071373098,8.08854166666667));
#9384=CARTESIAN_POINT('Ctrl Pts',(72.4689633784725,-5.28205210770523,8.13020833333334));
#9385=CARTESIAN_POINT('Ctrl Pts',(71.9620143962964,-6.16011350167948,8.17187500000001));
#9386=CARTESIAN_POINT('Ctrl Pts',(72.4689633784725,-7.03817489565373,8.21354166666667));
#9387=CARTESIAN_POINT('Ctrl Pts',(72.9759123606486,-7.91623628962798,8.25520833333334));
#9388=CARTESIAN_POINT('Ctrl Pts',(73.9898103250006,-7.91623628962798,8.29687500000001));
#9389=CARTESIAN_POINT('Ctrl Pts',(75.0037082893528,-7.91623628962798,8.33854166666667));
#9390=CARTESIAN_POINT('Ctrl Pts',(75.5106572715288,-7.03817489565373,8.38020833333334));
#9391=CARTESIAN_POINT('Ctrl Pts',(76.0176062537049,-6.16011350167948,8.42187500000001));
#9392=CARTESIAN_POINT('Ctrl Pts',(75.5106572715288,-5.28205210770523,8.46354166666667));
#9393=CARTESIAN_POINT('Ctrl Pts',(75.0037082893528,-4.40399071373098,8.50520833333334));
#9394=CARTESIAN_POINT('Ctrl Pts',(73.9898103250006,-4.40399071373098,8.54687500000001));
#9395=CARTESIAN_POINT('Ctrl Pts',(72.9759123606486,-4.40399071373098,8.58854166666667));
#9396=CARTESIAN_POINT('Ctrl Pts',(72.4689633784725,-5.28205210770523,8.63020833333334));
#9397=CARTESIAN_POINT('Ctrl Pts',(71.9620143962964,-6.16011350167948,8.67187500000001));
#9398=CARTESIAN_POINT('Ctrl Pts',(72.4689633784725,-7.03817489565373,8.71354166666667));
#9399=CARTESIAN_POINT('Ctrl Pts',(72.9759123606486,-7.91623628962798,8.75520833333334));
#9400=CARTESIAN_POINT('Ctrl Pts',(73.9898103250006,-7.91623628962798,8.79687500000001));
#9401=CARTESIAN_POINT('Ctrl Pts',(75.0037082893528,-7.91623628962798,8.83854166666668));
#9402=CARTESIAN_POINT('Ctrl Pts',(75.5106572715288,-7.03817489565373,8.88020833333334));
#9403=CARTESIAN_POINT('Ctrl Pts',(76.0176062537049,-6.16011350167948,8.92187500000001));
#9404=CARTESIAN_POINT('Ctrl Pts',(75.5106572715288,-5.28205210770523,8.96354166666667));
#9405=CARTESIAN_POINT('Ctrl Pts',(75.0037082893528,-4.40399071373098,9.00520833333334));
#9406=CARTESIAN_POINT('Ctrl Pts',(73.9898103250006,-4.40399071373098,9.04687500000001));
#9407=CARTESIAN_POINT('Ctrl Pts',(72.9759123606486,-4.40399071373098,9.08854166666667));
#9408=CARTESIAN_POINT('Ctrl Pts',(72.4689633784725,-5.28205210770523,9.13020833333334));
#9409=CARTESIAN_POINT('Ctrl Pts',(71.9620143962964,-6.16011350167948,9.17187500000001));
#9410=CARTESIAN_POINT('Ctrl Pts',(72.4689633784725,-7.03817489565373,9.21354166666667));
#9411=CARTESIAN_POINT('Ctrl Pts',(72.9759123606486,-7.91623628962798,9.25520833333334));
#9412=CARTESIAN_POINT('Ctrl Pts',(73.9898103250006,-7.91623628962798,9.29687500000001));
#9413=CARTESIAN_POINT('Ctrl Pts',(75.0037082893528,-7.91623628962798,9.33854166666667));
#9414=CARTESIAN_POINT('Ctrl Pts',(75.5106572715288,-7.03817489565373,9.38020833333334));
#9415=CARTESIAN_POINT('Ctrl Pts',(76.0176062537049,-6.16011350167948,9.42187500000001));
#9416=CARTESIAN_POINT('Ctrl Pts',(75.5106572715288,-5.28205210770523,9.46354166666667));
#9417=CARTESIAN_POINT('Ctrl Pts',(75.0037082893528,-4.40399071373098,9.50520833333334));
#9418=CARTESIAN_POINT('Ctrl Pts',(73.9898103250006,-4.40399071373098,9.54687500000001));
#9419=CARTESIAN_POINT('Ctrl Pts',(72.9759123606486,-4.40399071373098,9.58854166666667));
#9420=CARTESIAN_POINT('Ctrl Pts',(72.4689633784725,-5.28205210770523,9.63020833333334));
#9421=CARTESIAN_POINT('Ctrl Pts',(71.9620143962964,-6.16011350167948,9.67187500000001));
#9422=CARTESIAN_POINT('Ctrl Pts',(72.4689633784725,-7.03817489565373,9.71354166666667));
#9423=CARTESIAN_POINT('Ctrl Pts',(72.9759123606486,-7.91623628962798,9.75520833333334));
#9424=CARTESIAN_POINT('Ctrl Pts',(73.9898103250006,-7.91623628962798,9.79687500000001));
#9425=CARTESIAN_POINT('Ctrl Pts',(75.0037082893528,-7.91623628962798,9.83854166666667));
#9426=CARTESIAN_POINT('Ctrl Pts',(75.5106572715288,-7.03817489565373,9.88020833333334));
#9427=CARTESIAN_POINT('Ctrl Pts',(76.0176062537049,-6.16011350167948,9.92187500000001));
#9428=CARTESIAN_POINT('Ctrl Pts',(75.5106572715288,-5.28205210770523,9.96354166666667));
#9429=CARTESIAN_POINT('Ctrl Pts',(75.0037082893528,-4.40399071373098,10.0052083333333));
#9430=CARTESIAN_POINT('Ctrl Pts',(73.9898103250006,-4.40399071373098,10.046875));
#9431=CARTESIAN_POINT('Ctrl Pts',(72.9759123606486,-4.40399071373098,10.0885416666667));
#9432=CARTESIAN_POINT('Ctrl Pts',(72.4689633784725,-5.28205210770523,10.1302083333333));
#9433=CARTESIAN_POINT('Ctrl Pts',(71.9620143962964,-6.16011350167948,10.171875));
#9434=CARTESIAN_POINT('Ctrl Pts',(72.4689633784725,-7.03817489565373,10.2135416666667));
#9435=CARTESIAN_POINT('Ctrl Pts',(72.9759123606486,-7.91623628962798,10.2552083333333));
#9436=CARTESIAN_POINT('Ctrl Pts',(73.9898103250006,-7.91623628962798,10.296875));
#9437=CARTESIAN_POINT('Ctrl Pts',(75.0037082893528,-7.91623628962798,10.3385416666667));
#9438=CARTESIAN_POINT('Ctrl Pts',(75.5106572715288,-7.03817489565373,10.3802083333333));
#9439=CARTESIAN_POINT('Ctrl Pts',(76.0176062537049,-6.16011350167948,10.421875));
#9440=CARTESIAN_POINT('Ctrl Pts',(75.5106572715288,-5.28205210770523,10.4635416666667));
#9441=CARTESIAN_POINT('Ctrl Pts',(75.0037082893528,-4.40399071373098,10.5052083333333));
#9442=CARTESIAN_POINT('Ctrl Pts',(73.9898103250006,-4.40399071373098,10.546875));
#9443=CARTESIAN_POINT('Ctrl Pts',(72.9759123606486,-4.40399071373098,10.5885416666667));
#9444=CARTESIAN_POINT('Ctrl Pts',(72.4689633784725,-5.28205210770523,10.6302083333333));
#9445=CARTESIAN_POINT('Ctrl Pts',(71.9620143962964,-6.16011350167948,10.671875));
#9446=CARTESIAN_POINT('Ctrl Pts',(72.4689633784725,-7.03817489565373,10.7135416666667));
#9447=CARTESIAN_POINT('Ctrl Pts',(72.9759123606486,-7.91623628962798,10.7552083333333));
#9448=CARTESIAN_POINT('Ctrl Pts',(73.9898103250006,-7.91623628962798,10.796875));
#9449=CARTESIAN_POINT('Ctrl Pts',(75.0037082893528,-7.91623628962798,10.8385416666667));
#9450=CARTESIAN_POINT('Ctrl Pts',(75.5106572715288,-7.03817489565373,10.8802083333333));
#9451=CARTESIAN_POINT('Ctrl Pts',(76.0176062537049,-6.16011350167948,10.921875));
#9452=CARTESIAN_POINT('Ctrl Pts',(75.5106572715288,-5.28205210770523,10.9635416666667));
#9453=CARTESIAN_POINT('Ctrl Pts',(75.0037082893528,-4.40399071373098,11.0052083333333));
#9454=CARTESIAN_POINT('Ctrl Pts',(73.9898103250006,-4.40399071373098,11.046875));
#9455=CARTESIAN_POINT('Ctrl Pts',(72.9759123606486,-4.40399071373098,11.0885416666667));
#9456=CARTESIAN_POINT('Ctrl Pts',(72.4689633784725,-5.28205210770523,11.1302083333333));
#9457=CARTESIAN_POINT('Ctrl Pts',(71.9620143962964,-6.16011350167948,11.171875));
#9458=CARTESIAN_POINT('Ctrl Pts',(72.4689633784725,-7.03817489565373,11.2135416666667));
#9459=CARTESIAN_POINT('Ctrl Pts',(72.9759123606486,-7.91623628962798,11.2552083333333));
#9460=CARTESIAN_POINT('Ctrl Pts',(73.9898103250006,-7.91623628962798,11.296875));
#9461=CARTESIAN_POINT('Ctrl Pts',(75.0037082893528,-7.91623628962798,11.3385416666667));
#9462=CARTESIAN_POINT('Ctrl Pts',(75.5106572715288,-7.03817489565373,11.3802083333333));
#9463=CARTESIAN_POINT('Ctrl Pts',(76.0176062537049,-6.16011350167948,11.421875));
#9464=CARTESIAN_POINT('Ctrl Pts',(75.5106572715288,-5.28205210770523,11.4635416666667));
#9465=CARTESIAN_POINT('Ctrl Pts',(75.0037082893528,-4.40399071373098,11.5052083333333));
#9466=CARTESIAN_POINT('Ctrl Pts',(73.9898103250006,-4.40399071373098,11.546875));
#9467=CARTESIAN_POINT('Ctrl Pts',(72.9759123606486,-4.40399071373098,11.5885416666667));
#9468=CARTESIAN_POINT('Ctrl Pts',(72.4689633784725,-5.28205210770523,11.6302083333333));
#9469=CARTESIAN_POINT('Ctrl Pts',(71.9620143962964,-6.16011350167948,11.671875));
#9470=CARTESIAN_POINT('Ctrl Pts',(72.4689633784725,-7.03817489565373,11.7135416666667));
#9471=CARTESIAN_POINT('Ctrl Pts',(72.9759123606486,-7.91623628962798,11.7552083333333));
#9472=CARTESIAN_POINT('Ctrl Pts',(73.9898103250006,-7.91623628962798,11.796875));
#9473=CARTESIAN_POINT('Ctrl Pts',(75.0037082893528,-7.91623628962798,11.8385416666667));
#9474=CARTESIAN_POINT('Ctrl Pts',(75.5106572715288,-7.03817489565373,11.8802083333333));
#9475=CARTESIAN_POINT('Ctrl Pts',(76.0176062537049,-6.16011350167948,11.921875));
#9476=CARTESIAN_POINT('Ctrl Pts',(75.5106572715288,-5.28205210770523,11.9635416666667));
#9477=CARTESIAN_POINT('Ctrl Pts',(75.0037082893528,-4.40399071373098,12.0052083333333));
#9478=CARTESIAN_POINT('Ctrl Pts',(73.9898103250006,-4.40399071373098,12.046875));
#9479=CARTESIAN_POINT('Ctrl Pts',(72.9759123606486,-4.40399071373098,12.0885416666667));
#9480=CARTESIAN_POINT('Ctrl Pts',(72.4689633784725,-5.28205210770523,12.1302083333333));
#9481=CARTESIAN_POINT('Ctrl Pts',(71.9620143962964,-6.16011350167948,12.171875));
#9482=CARTESIAN_POINT('Ctrl Pts',(72.4689633784725,-7.03817489565373,12.2135416666667));
#9483=CARTESIAN_POINT('Ctrl Pts',(72.9759123606486,-7.91623628962798,12.2552083333333));
#9484=CARTESIAN_POINT('Ctrl Pts',(73.9898103250006,-7.91623628962798,12.296875));
#9485=CARTESIAN_POINT('Ctrl Pts',(75.0037082893528,-7.91623628962798,12.3385416666667));
#9486=CARTESIAN_POINT('Ctrl Pts',(75.5106572715288,-7.03817489565373,12.3802083333333));
#9487=CARTESIAN_POINT('Ctrl Pts',(76.0176062537049,-6.16011350167948,12.421875));
#9488=CARTESIAN_POINT('Ctrl Pts',(75.5106572715288,-5.28205210770523,12.4635416666667));
#9489=CARTESIAN_POINT('Ctrl Pts',(75.0037082893528,-4.40399071373098,12.5052083333333));
#9490=CARTESIAN_POINT('Ctrl Pts',(73.9898103250006,-4.40399071373098,12.546875));
#9491=CARTESIAN_POINT('Ctrl Pts',(72.9759123606486,-4.40399071373098,12.5885416666667));
#9492=CARTESIAN_POINT('Ctrl Pts',(72.4689633784725,-5.28205210770523,12.6302083333333));
#9493=CARTESIAN_POINT('Ctrl Pts',(71.9620143962964,-6.16011350167948,12.671875));
#9494=CARTESIAN_POINT('Ctrl Pts',(72.4689633784725,-7.03817489565373,12.7135416666667));
#9495=CARTESIAN_POINT('Ctrl Pts',(72.9759123606486,-7.91623628962798,12.7552083333333));
#9496=CARTESIAN_POINT('Ctrl Pts',(73.9898103250006,-7.91623628962798,12.796875));
#9497=CARTESIAN_POINT('Ctrl Pts',(75.0037082893528,-7.91623628962798,12.8385416666667));
#9498=CARTESIAN_POINT('Ctrl Pts',(75.5106572715288,-7.03817489565373,12.8802083333333));
#9499=CARTESIAN_POINT('Ctrl Pts',(76.0176062537049,-6.16011350167948,12.921875));
#9500=CARTESIAN_POINT('Ctrl Pts',(75.5106572715288,-5.28205210770523,12.9635416666667));
#9501=CARTESIAN_POINT('Ctrl Pts',(75.0037082893528,-4.40399071373098,13.0052083333333));
#9502=CARTESIAN_POINT('Ctrl Pts',(73.9898103250006,-4.40399071373098,13.046875));
#9503=CARTESIAN_POINT('Ctrl Pts',(72.9759123606486,-4.40399071373098,13.0885416666667));
#9504=CARTESIAN_POINT('Ctrl Pts',(72.4689633784725,-5.28205210770523,13.1302083333333));
#9505=CARTESIAN_POINT('Ctrl Pts',(71.9620143962964,-6.16011350167948,13.171875));
#9506=CARTESIAN_POINT('Ctrl Pts',(72.4689633784725,-7.03817489565373,13.2135416666667));
#9507=CARTESIAN_POINT('Ctrl Pts',(72.9759123606486,-7.91623628962798,13.2552083333333));
#9508=CARTESIAN_POINT('Ctrl Pts',(73.9898103250006,-7.91623628962798,13.296875));
#9509=CARTESIAN_POINT('Ctrl Pts',(75.0037082893527,-7.91623628962798,13.3385416666667));
#9510=CARTESIAN_POINT('Ctrl Pts',(75.5106572715288,-7.03817489565373,13.3802083333333));
#9511=CARTESIAN_POINT('Ctrl Pts',(76.0176062537049,-6.16011350167948,13.421875));
#9512=CARTESIAN_POINT('Ctrl Pts',(75.5106572715288,-5.28205210770523,13.4635416666667));
#9513=CARTESIAN_POINT('Ctrl Pts',(75.0037082893528,-4.40399071373098,13.5052083333333));
#9514=CARTESIAN_POINT('Ctrl Pts',(73.9898103250006,-4.40399071373098,13.546875));
#9515=CARTESIAN_POINT('Ctrl Pts',(72.9759123606486,-4.40399071373098,13.5885416666667));
#9516=CARTESIAN_POINT('Ctrl Pts',(72.4689633784725,-5.28205210770523,13.6302083333333));
#9517=CARTESIAN_POINT('Ctrl Pts',(71.9620143962964,-6.16011350167948,13.671875));
#9518=CARTESIAN_POINT('Ctrl Pts',(72.4689633784725,-7.03817489565373,13.7135416666667));
#9519=CARTESIAN_POINT('Ctrl Pts',(72.9759123606486,-7.91623628962798,13.7552083333333));
#9520=CARTESIAN_POINT('Ctrl Pts',(73.9898103250006,-7.91623628962798,13.796875));
#9521=CARTESIAN_POINT('Ctrl Pts',(75.0037082893527,-7.91623628962798,13.8385416666667));
#9522=CARTESIAN_POINT('Ctrl Pts',(75.5106572715288,-7.03817489565373,13.8802083333333));
#9523=CARTESIAN_POINT('Ctrl Pts',(76.0176062537049,-6.16011350167948,13.921875));
#9524=CARTESIAN_POINT('Ctrl Pts',(75.5106572715288,-5.28205210770523,13.9635416666667));
#9525=CARTESIAN_POINT('Ctrl Pts',(75.0037082893528,-4.40399071373098,14.0052083333333));
#9526=CARTESIAN_POINT('Ctrl Pts',(73.9898103250006,-4.40399071373098,14.046875));
#9527=CARTESIAN_POINT('Ctrl Pts',(72.9759123606486,-4.40399071373098,14.0885416666667));
#9528=CARTESIAN_POINT('Ctrl Pts',(72.4689633784725,-5.28205210770523,14.1302083333333));
#9529=CARTESIAN_POINT('Ctrl Pts',(71.9620143962964,-6.16011350167948,14.171875));
#9530=CARTESIAN_POINT('Ctrl Pts',(72.4689633784725,-7.03817489565373,14.2135416666667));
#9531=CARTESIAN_POINT('Ctrl Pts',(72.9759123606486,-7.91623628962798,14.2552083333333));
#9532=CARTESIAN_POINT('Ctrl Pts',(73.9898103250006,-7.91623628962798,14.296875));
#9533=CARTESIAN_POINT('Ctrl Pts',(75.0037082893527,-7.91623628962798,14.3385416666667));
#9534=CARTESIAN_POINT('Ctrl Pts',(75.5106572715288,-7.03817489565373,14.3802083333333));
#9535=CARTESIAN_POINT('Ctrl Pts',(76.0176062537049,-6.16011350167948,14.421875));
#9536=CARTESIAN_POINT('Ctrl Pts',(75.5106572715288,-5.28205210770523,14.4635416666667));
#9537=CARTESIAN_POINT('Ctrl Pts',(75.0037082893528,-4.40399071373098,14.5052083333333));
#9538=CARTESIAN_POINT('Ctrl Pts',(73.9898103250006,-4.40399071373098,14.546875));
#9539=CARTESIAN_POINT('Ctrl Pts',(72.9759123606486,-4.40399071373098,14.5885416666667));
#9540=CARTESIAN_POINT('Ctrl Pts',(72.4689633784725,-5.28205210770523,14.6302083333333));
#9541=CARTESIAN_POINT('Ctrl Pts',(71.9620143962964,-6.16011350167947,14.671875));
#9542=CARTESIAN_POINT('Ctrl Pts',(72.4689633784725,-7.03817489565373,14.7135416666667));
#9543=CARTESIAN_POINT('Ctrl Pts',(72.9759123606486,-7.91623628962798,14.7552083333333));
#9544=CARTESIAN_POINT('Ctrl Pts',(73.9898103250006,-7.91623628962798,14.796875));
#9545=CARTESIAN_POINT('Ctrl Pts',(75.0037082893527,-7.91623628962798,14.8385416666667));
#9546=CARTESIAN_POINT('Ctrl Pts',(75.5106572715288,-7.03817489565373,14.8802083333333));
#9547=CARTESIAN_POINT('Ctrl Pts',(76.0176062537049,-6.16011350167948,14.921875));
#9548=CARTESIAN_POINT('Ctrl Pts',(75.5106572715288,-5.28205210770523,14.9635416666667));
#9549=CARTESIAN_POINT('Ctrl Pts',(75.0037082893528,-4.40399071373098,15.0052083333333));
#9550=CARTESIAN_POINT('Ctrl Pts',(73.9898103250006,-4.40399071373098,15.046875));
#9551=CARTESIAN_POINT('Ctrl Pts',(72.9759123606486,-4.40399071373098,15.0885416666667));
#9552=CARTESIAN_POINT('Ctrl Pts',(72.4689633784725,-5.28205210770523,15.1302083333333));
#9553=CARTESIAN_POINT('Ctrl Pts',(71.9620143962964,-6.16011350167947,15.171875));
#9554=CARTESIAN_POINT('Ctrl Pts',(72.4689633784725,-7.03817489565373,15.2135416666667));
#9555=CARTESIAN_POINT('Ctrl Pts',(72.9759123606486,-7.91623628962798,15.2552083333333));
#9556=CARTESIAN_POINT('Ctrl Pts',(73.9898103250006,-7.91623628962798,15.296875));
#9557=CARTESIAN_POINT('Ctrl Pts',(75.0037082893527,-7.91623628962798,15.3385416666667));
#9558=CARTESIAN_POINT('Ctrl Pts',(75.5106572715288,-7.03817489565373,15.3802083333333));
#9559=CARTESIAN_POINT('Ctrl Pts',(76.0176062537049,-6.16011350167948,15.421875));
#9560=CARTESIAN_POINT('Ctrl Pts',(75.5106572715288,-5.28205210770523,15.4635416666667));
#9561=CARTESIAN_POINT('Ctrl Pts',(75.0037082893528,-4.40399071373098,15.5052083333333));
#9562=CARTESIAN_POINT('Ctrl Pts',(73.9898103250006,-4.40399071373098,15.546875));
#9563=CARTESIAN_POINT('Ctrl Pts',(72.9759123606486,-4.40399071373098,15.5885416666667));
#9564=CARTESIAN_POINT('Ctrl Pts',(72.4689633784725,-5.28205210770523,15.6302083333333));
#9565=CARTESIAN_POINT('Ctrl Pts',(71.9620143962964,-6.16011350167947,15.671875));
#9566=CARTESIAN_POINT('Ctrl Pts',(72.4689633784725,-7.03817489565373,15.7135416666667));
#9567=CARTESIAN_POINT('Ctrl Pts',(72.9759123606486,-7.91623628962798,15.7552083333333));
#9568=CARTESIAN_POINT('Ctrl Pts',(73.9898103250006,-7.91623628962798,15.796875));
#9569=CARTESIAN_POINT('Ctrl Pts',(75.0037082893527,-7.91623628962798,15.8385416666667));
#9570=CARTESIAN_POINT('Ctrl Pts',(75.5106572715288,-7.03817489565373,15.8802083333333));
#9571=CARTESIAN_POINT('Ctrl Pts',(76.0176062537049,-6.16011350167948,15.921875));
#9572=CARTESIAN_POINT('Ctrl Pts',(75.5106572715288,-5.28205210770523,15.9635416666667));
#9573=CARTESIAN_POINT('Ctrl Pts',(75.0037082893528,-4.40399071373098,16.0052083333333));
#9574=CARTESIAN_POINT('Ctrl Pts',(73.9898103250006,-4.40399071373098,16.046875));
#9575=CARTESIAN_POINT('Ctrl Pts',(72.9759123606486,-4.40399071373098,16.0885416666667));
#9576=CARTESIAN_POINT('Ctrl Pts',(72.4689633784725,-5.28205210770523,16.1302083333333));
#9577=CARTESIAN_POINT('Ctrl Pts',(71.9620143962964,-6.16011350167947,16.171875));
#9578=CARTESIAN_POINT('Ctrl Pts',(72.4689633784725,-7.03817489565373,16.2135416666667));
#9579=CARTESIAN_POINT('Ctrl Pts',(72.9759123606486,-7.91623628962798,16.2552083333333));
#9580=CARTESIAN_POINT('Ctrl Pts',(73.9898103250006,-7.91623628962798,16.296875));
#9581=CARTESIAN_POINT('Ctrl Pts',(75.0037082893527,-7.91623628962798,16.3385416666667));
#9582=CARTESIAN_POINT('Ctrl Pts',(75.5106572715288,-7.03817489565373,16.3802083333333));
#9583=CARTESIAN_POINT('Ctrl Pts',(76.0176062537049,-6.16011350167948,16.421875));
#9584=CARTESIAN_POINT('Ctrl Pts',(75.5106572715288,-5.28205210770523,16.4635416666667));
#9585=CARTESIAN_POINT('Ctrl Pts',(75.0037082893528,-4.40399071373098,16.5052083333333));
#9586=CARTESIAN_POINT('Ctrl Pts',(73.9898103250006,-4.40399071373098,16.546875));
#9587=CARTESIAN_POINT('Ctrl Pts',(72.9759123606486,-4.40399071373098,16.5885416666667));
#9588=CARTESIAN_POINT('Ctrl Pts',(72.4689633784725,-5.28205210770522,16.6302083333333));
#9589=CARTESIAN_POINT('Ctrl Pts',(71.9620143962964,-6.16011350167947,16.671875));
#9590=CARTESIAN_POINT('Ctrl Pts',(72.4689633784725,-7.03817489565373,16.7135416666667));
#9591=CARTESIAN_POINT('Ctrl Pts',(72.9759123606486,-7.91623628962798,16.7552083333333));
#9592=CARTESIAN_POINT('Ctrl Pts',(73.9898103250006,-7.91623628962798,16.796875));
#9593=CARTESIAN_POINT('Ctrl Pts',(75.0037082893527,-7.91623628962798,16.8385416666667));
#9594=CARTESIAN_POINT('Ctrl Pts',(75.5106572715288,-7.03817489565373,16.8802083333333));
#9595=CARTESIAN_POINT('Ctrl Pts',(76.0176062537049,-6.16011350167948,16.921875));
#9596=CARTESIAN_POINT('Ctrl Pts',(75.5106572715288,-5.28205210770523,16.9635416666667));
#9597=CARTESIAN_POINT('Ctrl Pts',(75.0037082893528,-4.40399071373098,17.0052083333333));
#9598=CARTESIAN_POINT('Ctrl Pts',(73.9898103250006,-4.40399071373097,17.046875));
#9599=CARTESIAN_POINT('Ctrl Pts',(72.9759123606486,-4.40399071373098,17.0885416666667));
#9600=CARTESIAN_POINT('Ctrl Pts',(72.4689633784725,-5.28205210770522,17.1302083333333));
#9601=CARTESIAN_POINT('Ctrl Pts',(71.9620143962964,-6.16011350167947,17.171875));
#9602=CARTESIAN_POINT('Ctrl Pts',(72.4689633784725,-7.03817489565373,17.2135416666667));
#9603=CARTESIAN_POINT('Ctrl Pts',(72.9759123606486,-7.91623628962798,17.2552083333333));
#9604=CARTESIAN_POINT('Ctrl Pts',(73.9898103250006,-7.91623628962798,17.296875));
#9605=CARTESIAN_POINT('Ctrl Pts',(75.0037082893527,-7.91623628962798,17.3385416666667));
#9606=CARTESIAN_POINT('Ctrl Pts',(75.5106572715288,-7.03817489565373,17.3802083333333));
#9607=CARTESIAN_POINT('Ctrl Pts',(76.0176062537049,-6.16011350167948,17.421875));
#9608=CARTESIAN_POINT('Ctrl Pts',(75.5106572715288,-5.28205210770523,17.4635416666667));
#9609=CARTESIAN_POINT('Ctrl Pts',(75.0037082893528,-4.40399071373098,17.5052083333333));
#9610=CARTESIAN_POINT('Ctrl Pts',(73.9898103250006,-4.40399071373097,17.546875));
#9611=CARTESIAN_POINT('Ctrl Pts',(72.9759123606486,-4.40399071373098,17.5885416666667));
#9612=CARTESIAN_POINT('Ctrl Pts',(72.4689633784725,-5.28205210770522,17.6302083333333));
#9613=CARTESIAN_POINT('Ctrl Pts',(71.9620143962964,-6.16011350167947,17.671875));
#9614=CARTESIAN_POINT('Ctrl Pts',(72.4689633784725,-7.03817489565373,17.7135416666667));
#9615=CARTESIAN_POINT('Ctrl Pts',(72.9759123606486,-7.91623628962798,17.7552083333333));
#9616=CARTESIAN_POINT('Ctrl Pts',(73.9898103250006,-7.91623628962798,17.796875));
#9617=CARTESIAN_POINT('Ctrl Pts',(75.0037082893527,-7.91623628962798,17.8385416666667));
#9618=CARTESIAN_POINT('Ctrl Pts',(75.5106572715288,-7.03817489565373,17.8802083333333));
#9619=CARTESIAN_POINT('Ctrl Pts',(76.0176062537049,-6.16011350167948,17.921875));
#9620=CARTESIAN_POINT('Ctrl Pts',(75.5106572715288,-5.28205210770523,17.9635416666667));
#9621=CARTESIAN_POINT('Ctrl Pts',(75.0037082893528,-4.40399071373098,18.0052083333333));
#9622=CARTESIAN_POINT('Ctrl Pts',(73.9898103250006,-4.40399071373097,18.046875));
#9623=CARTESIAN_POINT('Ctrl Pts',(72.9759123606486,-4.40399071373098,18.0885416666667));
#9624=CARTESIAN_POINT('Ctrl Pts',(72.4689633784725,-5.28205210770522,18.1302083333333));
#9625=CARTESIAN_POINT('Ctrl Pts',(71.9620143962964,-6.16011350167947,18.171875));
#9626=CARTESIAN_POINT('Ctrl Pts',(72.4689633784725,-7.03817489565373,18.2135416666667));
#9627=CARTESIAN_POINT('Ctrl Pts',(72.9759123606486,-7.91623628962798,18.2552083333333));
#9628=CARTESIAN_POINT('Ctrl Pts',(73.9898103250006,-7.91623628962798,18.296875));
#9629=CARTESIAN_POINT('Ctrl Pts',(75.0037082893527,-7.91623628962798,18.3385416666667));
#9630=CARTESIAN_POINT('Ctrl Pts',(75.5106572715288,-7.03817489565373,18.3802083333333));
#9631=CARTESIAN_POINT('Ctrl Pts',(76.0176062537049,-6.16011350167948,18.421875));
#9632=CARTESIAN_POINT('Ctrl Pts',(75.5106572715288,-5.28205210770523,18.4635416666667));
#9633=CARTESIAN_POINT('Ctrl Pts',(75.0037082893528,-4.40399071373098,18.5052083333333));
#9634=CARTESIAN_POINT('Ctrl Pts',(73.9898103250006,-4.40399071373097,18.546875));
#9635=CARTESIAN_POINT('Ctrl Pts',(72.9759123606486,-4.40399071373098,18.5885416666667));
#9636=CARTESIAN_POINT('Ctrl Pts',(72.4689633784725,-5.28205210770522,18.6302083333333));
#9637=CARTESIAN_POINT('Ctrl Pts',(71.9620143962964,-6.16011350167947,18.671875));
#9638=CARTESIAN_POINT('Ctrl Pts',(72.4689633784725,-7.03817489565373,18.7135416666667));
#9639=CARTESIAN_POINT('Ctrl Pts',(72.9759123606486,-7.91623628962798,18.7552083333333));
#9640=CARTESIAN_POINT('Ctrl Pts',(73.9898103250006,-7.91623628962798,18.796875));
#9641=CARTESIAN_POINT('Ctrl Pts',(75.0037082893527,-7.91623628962798,18.8385416666667));
#9642=CARTESIAN_POINT('Ctrl Pts',(75.5106572715288,-7.03817489565373,18.8802083333333));
#9643=CARTESIAN_POINT('Ctrl Pts',(76.0176062537049,-6.16011350167948,18.921875));
#9644=CARTESIAN_POINT('Ctrl Pts',(75.5106572715288,-5.28205210770523,18.9635416666667));
#9645=CARTESIAN_POINT('Ctrl Pts',(75.0037082893528,-4.40399071373098,19.0052083333333));
#9646=CARTESIAN_POINT('Ctrl Pts',(73.9898103250006,-4.40399071373097,19.046875));
#9647=CARTESIAN_POINT('Ctrl Pts',(72.9759123606486,-4.40399071373098,19.0885416666667));
#9648=CARTESIAN_POINT('Ctrl Pts',(72.4689633784725,-5.28205210770522,19.1302083333333));
#9649=CARTESIAN_POINT('Ctrl Pts',(71.9620143962964,-6.16011350167947,19.171875));
#9650=CARTESIAN_POINT('Ctrl Pts',(72.4689633784725,-7.03817489565373,19.2135416666667));
#9651=CARTESIAN_POINT('Ctrl Pts',(72.9759123606486,-7.91623628962798,19.2552083333333));
#9652=CARTESIAN_POINT('Ctrl Pts',(73.9898103250006,-7.91623628962798,19.296875));
#9653=CARTESIAN_POINT('Ctrl Pts',(75.0037082893527,-7.91623628962798,19.3385416666667));
#9654=CARTESIAN_POINT('Ctrl Pts',(75.5106572715288,-7.03817489565373,19.3802083333333));
#9655=CARTESIAN_POINT('Ctrl Pts',(76.0176062537049,-6.16011350167947,19.421875));
#9656=CARTESIAN_POINT('Ctrl Pts',(75.5106572715288,-5.28205210770523,19.4635416666667));
#9657=CARTESIAN_POINT('Ctrl Pts',(75.0037082893528,-4.40399071373097,19.5052083333333));
#9658=CARTESIAN_POINT('Ctrl Pts',(73.9898103250006,-4.40399071373097,19.546875));
#9659=CARTESIAN_POINT('Ctrl Pts',(72.9759123606486,-4.40399071373097,19.5885416666667));
#9660=CARTESIAN_POINT('Ctrl Pts',(72.4689633784725,-5.28205210770522,19.6302083333333));
#9661=CARTESIAN_POINT('Ctrl Pts',(71.9620143962964,-6.16011350167947,19.671875));
#9662=CARTESIAN_POINT('Ctrl Pts',(72.4689633784725,-7.03817489565373,19.7135416666667));
#9663=CARTESIAN_POINT('Ctrl Pts',(72.9759123606486,-7.91623628962798,19.7552083333333));
#9664=CARTESIAN_POINT('Ctrl Pts',(73.9898103250006,-7.91623628962798,19.796875));
#9665=CARTESIAN_POINT('Ctrl Pts',(75.0037082893527,-7.91623628962798,19.8385416666667));
#9666=CARTESIAN_POINT('Ctrl Pts',(75.5106572715288,-7.03817489565373,19.8802083333333));
#9667=CARTESIAN_POINT('Ctrl Pts',(76.0176062537049,-6.16011350167947,19.921875));
#9668=CARTESIAN_POINT('Ctrl Pts',(75.5106572715288,-5.28205210770523,19.9635416666667));
#9669=CARTESIAN_POINT('Ctrl Pts',(75.0037082893528,-4.40399071373097,20.0052083333333));
#9670=CARTESIAN_POINT('Ctrl Pts',(73.9898103250006,-4.40399071373097,20.046875));
#9671=CARTESIAN_POINT('Ctrl Pts',(72.9759123606486,-4.40399071373097,20.0885416666667));
#9672=CARTESIAN_POINT('Ctrl Pts',(72.4689633784725,-5.28205210770522,20.1302083333333));
#9673=CARTESIAN_POINT('Ctrl Pts',(71.9620143962964,-6.16011350167947,20.171875));
#9674=CARTESIAN_POINT('Ctrl Pts',(72.4689633784725,-7.03817489565373,20.2135416666667));
#9675=CARTESIAN_POINT('Ctrl Pts',(72.9759123606486,-7.91623628962798,20.2552083333333));
#9676=CARTESIAN_POINT('Ctrl Pts',(73.9898103250006,-7.91623628962798,20.296875));
#9677=CARTESIAN_POINT('Ctrl Pts',(75.0037082893527,-7.91623628962798,20.3385416666667));
#9678=CARTESIAN_POINT('Ctrl Pts',(75.5106572715288,-7.03817489565373,20.3802083333333));
#9679=CARTESIAN_POINT('Ctrl Pts',(76.0176062537049,-6.16011350167947,20.421875));
#9680=CARTESIAN_POINT('Ctrl Pts',(75.5106572715288,-5.28205210770523,20.4635416666667));
#9681=CARTESIAN_POINT('Ctrl Pts',(75.0037082893528,-4.40399071373097,20.5052083333333));
#9682=CARTESIAN_POINT('Ctrl Pts',(73.9898103250006,-4.40399071373097,20.546875));
#9683=CARTESIAN_POINT('Ctrl Pts',(72.9759123606486,-4.40399071373097,20.5885416666667));
#9684=CARTESIAN_POINT('Ctrl Pts',(72.4689633784725,-5.28205210770522,20.6302083333333));
#9685=CARTESIAN_POINT('Ctrl Pts',(71.9620143962964,-6.16011350167947,20.671875));
#9686=CARTESIAN_POINT('Ctrl Pts',(72.4689633784725,-7.03817489565373,20.7135416666667));
#9687=CARTESIAN_POINT('Ctrl Pts',(72.9759123606486,-7.91623628962798,20.7552083333333));
#9688=CARTESIAN_POINT('Ctrl Pts',(73.9898103250006,-7.91623628962798,20.796875));
#9689=CARTESIAN_POINT('Ctrl Pts',(75.0037082893527,-7.91623628962798,20.8385416666667));
#9690=CARTESIAN_POINT('Ctrl Pts',(75.5106572715288,-7.03817489565373,20.8802083333333));
#9691=CARTESIAN_POINT('Ctrl Pts',(76.0176062537049,-6.16011350167947,20.921875));
#9692=CARTESIAN_POINT('Ctrl Pts',(75.5106572715288,-5.28205210770523,20.9635416666667));
#9693=CARTESIAN_POINT('Ctrl Pts',(75.0037082893528,-4.40399071373097,21.0052083333333));
#9694=CARTESIAN_POINT('Ctrl Pts',(73.9898103250006,-4.40399071373097,21.046875));
#9695=CARTESIAN_POINT('Ctrl Pts',(72.9759123606486,-4.40399071373097,21.0885416666667));
#9696=CARTESIAN_POINT('Ctrl Pts',(72.4689633784725,-5.28205210770522,21.1302083333333));
#9697=CARTESIAN_POINT('Ctrl Pts',(71.9620143962964,-6.16011350167947,21.171875));
#9698=CARTESIAN_POINT('Ctrl Pts',(72.4689633784725,-7.03817489565373,21.2135416666667));
#9699=CARTESIAN_POINT('Ctrl Pts',(72.9759123606486,-7.91623628962798,21.2552083333333));
#9700=CARTESIAN_POINT('Ctrl Pts',(73.9898103250006,-7.91623628962798,21.296875));
#9701=CARTESIAN_POINT('Ctrl Pts',(75.0037082893527,-7.91623628962798,21.3385416666667));
#9702=CARTESIAN_POINT('Ctrl Pts',(75.5106572715288,-7.03817489565373,21.3802083333333));
#9703=CARTESIAN_POINT('Ctrl Pts',(76.0176062537049,-6.16011350167947,21.421875));
#9704=CARTESIAN_POINT('Ctrl Pts',(75.5106572715288,-5.28205210770523,21.4635416666667));
#9705=CARTESIAN_POINT('Ctrl Pts',(75.0037082893528,-4.40399071373097,21.5052083333333));
#9706=CARTESIAN_POINT('Ctrl Pts',(73.9898103250006,-4.40399071373097,21.546875));
#9707=CARTESIAN_POINT('Ctrl Pts',(72.9759123606486,-4.40399071373097,21.5885416666667));
#9708=CARTESIAN_POINT('Ctrl Pts',(72.4689633784725,-5.28205210770522,21.6302083333333));
#9709=CARTESIAN_POINT('Ctrl Pts',(71.9620143962964,-6.16011350167947,21.671875));
#9710=CARTESIAN_POINT('Ctrl Pts',(72.4689633784725,-7.03817489565373,21.7135416666667));
#9711=CARTESIAN_POINT('Ctrl Pts',(72.9759123606486,-7.91623628962798,21.7552083333333));
#9712=CARTESIAN_POINT('Ctrl Pts',(73.9898103250006,-7.91623628962798,21.796875));
#9713=CARTESIAN_POINT('Ctrl Pts',(75.0037082893527,-7.91623628962798,21.8385416666667));
#9714=CARTESIAN_POINT('Ctrl Pts',(75.5106572715288,-7.03817489565373,21.8802083333333));
#9715=CARTESIAN_POINT('Ctrl Pts',(76.0176062537049,-6.16011350167947,21.921875));
#9716=CARTESIAN_POINT('Ctrl Pts',(75.5106572715288,-5.28205210770523,21.9635416666667));
#9717=CARTESIAN_POINT('Ctrl Pts',(75.0037082893528,-4.40399071373097,22.0052083333333));
#9718=CARTESIAN_POINT('Ctrl Pts',(73.9898103250006,-4.40399071373097,22.046875));
#9719=CARTESIAN_POINT('Ctrl Pts',(72.9759123606486,-4.40399071373097,22.0885416666667));
#9720=CARTESIAN_POINT('Ctrl Pts',(72.4689633784725,-5.28205210770522,22.1302083333333));
#9721=CARTESIAN_POINT('Ctrl Pts',(71.9620143962964,-6.16011350167947,22.171875));
#9722=CARTESIAN_POINT('Ctrl Pts',(72.4689633784725,-7.03817489565373,22.2135416666667));
#9723=CARTESIAN_POINT('Ctrl Pts',(72.9759123606486,-7.91623628962798,22.2552083333333));
#9724=CARTESIAN_POINT('Ctrl Pts',(73.9898103250006,-7.91623628962798,22.296875));
#9725=CARTESIAN_POINT('Ctrl Pts',(75.0037082893527,-7.91623628962798,22.3385416666667));
#9726=CARTESIAN_POINT('Ctrl Pts',(75.5106572715288,-7.03817489565373,22.3802083333333));
#9727=CARTESIAN_POINT('Ctrl Pts',(76.0176062537049,-6.16011350167947,22.421875));
#9728=CARTESIAN_POINT('Ctrl Pts',(75.5106572715288,-5.28205210770523,22.4635416666667));
#9729=CARTESIAN_POINT('Ctrl Pts',(75.0037082893528,-4.40399071373097,22.5052083333333));
#9730=CARTESIAN_POINT('Ctrl Pts',(73.9898103250006,-4.40399071373097,22.546875));
#9731=CARTESIAN_POINT('Ctrl Pts',(72.9759123606486,-4.40399071373097,22.5885416666667));
#9732=CARTESIAN_POINT('Ctrl Pts',(72.4689633784725,-5.28205210770522,22.6302083333333));
#9733=CARTESIAN_POINT('Ctrl Pts',(71.9620143962964,-6.16011350167947,22.671875));
#9734=CARTESIAN_POINT('Ctrl Pts',(72.4689633784725,-7.03817489565373,22.7135416666667));
#9735=CARTESIAN_POINT('Ctrl Pts',(72.9759123606486,-7.91623628962798,22.7552083333333));
#9736=CARTESIAN_POINT('Ctrl Pts',(73.9898103250006,-7.91623628962798,22.796875));
#9737=CARTESIAN_POINT('Ctrl Pts',(75.0037082893527,-7.91623628962798,22.8385416666667));
#9738=CARTESIAN_POINT('Ctrl Pts',(75.5106572715288,-7.03817489565373,22.8802083333333));
#9739=CARTESIAN_POINT('Ctrl Pts',(76.0176062537049,-6.16011350167947,22.921875));
#9740=CARTESIAN_POINT('Ctrl Pts',(75.5106572715288,-5.28205210770523,22.9635416666667));
#9741=CARTESIAN_POINT('Ctrl Pts',(75.0037082893528,-4.40399071373097,23.0052083333333));
#9742=CARTESIAN_POINT('Ctrl Pts',(73.9898103250006,-4.40399071373097,23.046875));
#9743=CARTESIAN_POINT('Ctrl Pts',(72.9759123606486,-4.40399071373097,23.0885416666667));
#9744=CARTESIAN_POINT('Ctrl Pts',(72.4689633784725,-5.28205210770522,23.1302083333333));
#9745=CARTESIAN_POINT('Ctrl Pts',(71.9620143962964,-6.16011350167947,23.171875));
#9746=CARTESIAN_POINT('Ctrl Pts',(72.4689633784725,-7.03817489565373,23.2135416666667));
#9747=CARTESIAN_POINT('Ctrl Pts',(72.9759123606486,-7.91623628962798,23.2552083333333));
#9748=CARTESIAN_POINT('Ctrl Pts',(73.9898103250006,-7.91623628962798,23.296875));
#9749=CARTESIAN_POINT('Ctrl Pts',(75.0037082893527,-7.91623628962798,23.3385416666667));
#9750=CARTESIAN_POINT('Ctrl Pts',(75.5106572715288,-7.03817489565373,23.3802083333333));
#9751=CARTESIAN_POINT('Ctrl Pts',(76.0176062537049,-6.16011350167947,23.421875));
#9752=CARTESIAN_POINT('Ctrl Pts',(75.5106572715288,-5.28205210770523,23.4635416666667));
#9753=CARTESIAN_POINT('Ctrl Pts',(75.0037082893528,-4.40399071373097,23.5052083333333));
#9754=CARTESIAN_POINT('Ctrl Pts',(73.9898103250006,-4.40399071373097,23.546875));
#9755=CARTESIAN_POINT('Ctrl Pts',(72.9759123606486,-4.40399071373097,23.5885416666667));
#9756=CARTESIAN_POINT('Ctrl Pts',(72.4689633784725,-5.28205210770522,23.6302083333333));
#9757=CARTESIAN_POINT('Ctrl Pts',(71.9620143962964,-6.16011350167947,23.671875));
#9758=CARTESIAN_POINT('Ctrl Pts',(72.4689633784725,-7.03817489565373,23.7135416666667));
#9759=CARTESIAN_POINT('Ctrl Pts',(72.9759123606486,-7.91623628962798,23.7552083333333));
#9760=CARTESIAN_POINT('Ctrl Pts',(73.9898103250006,-7.91623628962798,23.796875));
#9761=CARTESIAN_POINT('Ctrl Pts',(75.0037082893527,-7.91623628962798,23.8385416666667));
#9762=CARTESIAN_POINT('Ctrl Pts',(75.5106572715288,-7.03817489565373,23.8802083333333));
#9763=CARTESIAN_POINT('Ctrl Pts',(76.0176062537049,-6.16011350167947,23.921875));
#9764=CARTESIAN_POINT('Ctrl Pts',(75.5106572715288,-5.28205210770523,23.9635416666667));
#9765=CARTESIAN_POINT('Ctrl Pts',(75.0037082893528,-4.40399071373097,24.0052083333333));
#9766=CARTESIAN_POINT('Ctrl Pts',(73.9898103250006,-4.40399071373097,24.046875));
#9767=CARTESIAN_POINT('Ctrl Pts',(75.1983957860473,-4.92928199517275,15.));
#9768=CARTESIAN_POINT('Ctrl Pts',(75.2772755645775,-5.02262480935503,15.));
#9769=CARTESIAN_POINT('Ctrl Pts',(75.3464103322503,-5.12416451951047,15.));
#9770=CARTESIAN_POINT('Ctrl Pts',(75.5325687055723,-5.47064329876348,15.));
#9771=CARTESIAN_POINT('Ctrl Pts',(75.5757572548006,-5.68098076996266,15.0000000000029));
#9772=CARTESIAN_POINT('Ctrl Pts',(75.6107705246034,-6.04208806113299,15.0000000000029));
#9773=CARTESIAN_POINT('Ctrl Pts',(75.5921583183164,-6.24394482367391,15.));
#9774=CARTESIAN_POINT('Ctrl Pts',(75.4702478835141,-6.66664866707604,15.));
#9775=CARTESIAN_POINT('Ctrl Pts',(75.3609639689499,-6.85145385252831,14.999999999993));
#9776=CARTESIAN_POINT('Ctrl Pts',(75.1474363208993,-7.11820213592986,14.999999999993));
#9777=CARTESIAN_POINT('Ctrl Pts',(75.0168099996352,-7.23191947411861,15.));
#9778=CARTESIAN_POINT('Ctrl Pts',(74.7393946267869,-7.3967406442934,15.));
#9779=CARTESIAN_POINT('Ctrl Pts',(74.5983147762309,-7.45272110436812,15.));
#9780=CARTESIAN_POINT('Ctrl Pts',(74.2533853185592,-7.5295772793404,15.));
#9781=CARTESIAN_POINT('Ctrl Pts',(74.09045173824,-7.52234438888752,15.));
#9782=CARTESIAN_POINT('Ctrl Pts',(73.9898103250006,-7.51164004629745,15.));
#9783=CARTESIAN_POINT('Ctrl Pts',(73.9898103250007,-7.51164004629745,10.));
#9784=CARTESIAN_POINT('Ctrl Pts',(74.0910527644031,-7.52240831475807,10.));
#9785=CARTESIAN_POINT('Ctrl Pts',(74.2551599081038,-7.52963969300026,10.0000000000003));
#9786=CARTESIAN_POINT('Ctrl Pts',(74.6372411720432,-7.44361947475615,10.0000000000003));
#9787=CARTESIAN_POINT('Ctrl Pts',(74.810352049172,-7.36663539248342,10.));
#9788=CARTESIAN_POINT('Ctrl Pts',(75.0853383041305,-7.17234690769435,10.));
#9789=CARTESIAN_POINT('Ctrl Pts',(75.2287242487528,-7.0444899857103,10.0000000000029));
#9790=CARTESIAN_POINT('Ctrl Pts',(75.4613933046481,-6.67252611392617,10.0000000000029));
#9791=CARTESIAN_POINT('Ctrl Pts',(75.5342132264936,-6.48654457274729,10.));
#9792=CARTESIAN_POINT('Ctrl Pts',(75.6102590464462,-6.08472699755303,10.));
#9793=CARTESIAN_POINT('Ctrl Pts',(75.6079039456453,-5.87183907329473,10.0000000000002));
#9794=CARTESIAN_POINT('Ctrl Pts',(75.518047342926,-5.44757462406796,10.0000000000002));
#9795=CARTESIAN_POINT('Ctrl Pts',(75.4315349378727,-5.26609223793858,10.0000000000001));
#9796=CARTESIAN_POINT('Ctrl Pts',(75.2968583382073,-5.05413413816641,10.0000000000001));
#9797=CARTESIAN_POINT('Ctrl Pts',(75.2496698954945,-4.98995749101128,10.));
#9798=CARTESIAN_POINT('Ctrl Pts',(75.1983957864519,-4.92928199565147,10.));
#9799=CARTESIAN_POINT('Origin',(-24.75,54.,14.2));
#9800=CARTESIAN_POINT('',(-7.44999999999999,54.,15.));
#9801=CARTESIAN_POINT('Origin',(-24.75,54.,15.));
#9802=CARTESIAN_POINT('',(-8.24999999999999,54.,14.2));
#9803=CARTESIAN_POINT('Origin',(-7.44999999999999,54.,14.2));
#9804=CARTESIAN_POINT('Origin',(-24.75,54.,14.2));
#9805=CARTESIAN_POINT('Origin',(20.32,33.5,15.));
#9806=CARTESIAN_POINT('',(46.82,95.4832878063491,15.));
#9807=CARTESIAN_POINT('',(92.89,84.,15.));
#9808=CARTESIAN_POINT('Ctrl Pts',(46.82,95.4832878063491,15.));
#9809=CARTESIAN_POINT('Ctrl Pts',(49.1439461096191,95.4513036673051,15.));
#9810=CARTESIAN_POINT('Ctrl Pts',(56.1314814754197,95.2175169626153,15.));
#9811=CARTESIAN_POINT('Ctrl Pts',(67.6544461405037,94.1159749174129,15.));
#9812=CARTESIAN_POINT('Ctrl Pts',(79.1058154407175,91.8244623481452,15.));
#9813=CARTESIAN_POINT('Ctrl Pts',(86.7650790820397,89.0533301565343,15.));
#9814=CARTESIAN_POINT('Ctrl Pts',(90.3249214277393,87.042569239252,15.));
#9815=CARTESIAN_POINT('Ctrl Pts',(91.8879348841993,85.7330393185654,15.));
#9816=CARTESIAN_POINT('Ctrl Pts',(92.5338640892151,84.9412804539993,15.));
#9817=CARTESIAN_POINT('Ctrl Pts',(92.7766677934406,84.4934148138987,15.));
#9818=CARTESIAN_POINT('Ctrl Pts',(92.8698458227714,84.2172261715891,15.));
#9819=CARTESIAN_POINT('Ctrl Pts',(92.89,84.0726301936178,15.));
#9820=CARTESIAN_POINT('Ctrl Pts',(92.89,84.,15.));
#9821=CARTESIAN_POINT('',(46.82,16.5,15.));
#9822=CARTESIAN_POINT('',(46.82,26.25,15.));
#9823=CARTESIAN_POINT('',(-6.18000000000001,16.5,15.));
#9824=CARTESIAN_POINT('',(8.32,16.5,15.));
#9825=CARTESIAN_POINT('',(-6.18000000000001,95.4832878063491,15.));
#9826=CARTESIAN_POINT('',(-6.18000000000001,58.75,15.));
#9827=CARTESIAN_POINT('',(-52.25,84.,15.));
#9828=CARTESIAN_POINT('Ctrl Pts',(-52.25,84.,15.));
#9829=CARTESIAN_POINT('Ctrl Pts',(-52.25,84.0726502670309,15.));
#9830=CARTESIAN_POINT('Ctrl Pts',(-52.2297553843799,84.2172896053721,15.));
#9831=CARTESIAN_POINT('Ctrl Pts',(-52.1367307282878,84.4932520128598,15.));
#9832=CARTESIAN_POINT('Ctrl Pts',(-51.8930195452888,84.9422692068655,15.));
#9833=CARTESIAN_POINT('Ctrl Pts',(-51.2489318211181,85.7317222927892,15.));
#9834=CARTESIAN_POINT('Ctrl Pts',(-50.1301920402846,86.6689476945631,15.));
#9835=CARTESIAN_POINT('Ctrl Pts',(-48.6646387694064,87.6169130784947,15.));
#9836=CARTESIAN_POINT('Ctrl Pts',(-45.5762076321433,89.2490101859974,15.));
#9837=CARTESIAN_POINT('Ctrl Pts',(-40.6705897974674,91.0384555395218,15.));
#9838=CARTESIAN_POINT('Ctrl Pts',(-31.5910299160096,93.3009336966067,15.));
#9839=CARTESIAN_POINT('Ctrl Pts',(-22.4193286436165,94.5938383294015,15.));
#9840=CARTESIAN_POINT('Ctrl Pts',(-13.1762135848127,95.2974977000407,15.));
#9841=CARTESIAN_POINT('Ctrl Pts',(-8.50458839800902,95.4512948275815,15.));
#9842=CARTESIAN_POINT('Ctrl Pts',(-6.18000000000002,95.4832878063491,15.));
#9843=CARTESIAN_POINT('',(-52.25,-2.00000000000001,15.));
#9844=CARTESIAN_POINT('',(-52.25,58.75,15.));
#9845=CARTESIAN_POINT('',(-20.75,-13.5,15.));
#9846=CARTESIAN_POINT('Ctrl Pts',(-20.75,-13.5,15.));
#9847=CARTESIAN_POINT('Ctrl Pts',(-24.1181753141966,-13.5,15.));
#9848=CARTESIAN_POINT('Ctrl Pts',(-30.8435954231867,-13.0688225722281,15.));
#9849=CARTESIAN_POINT('Ctrl Pts',(-39.1291839643534,-11.3557138976902,15.));
#9850=CARTESIAN_POINT('Ctrl Pts',(-45.4281340040466,-8.9486523444937,15.));
#9851=CARTESIAN_POINT('Ctrl Pts',(-49.0882294765108,-6.80754945615264,15.));
#9852=CARTESIAN_POINT('Ctrl Pts',(-51.2017713858061,-4.7206764777443,15.));
#9853=CARTESIAN_POINT('Ctrl Pts',(-51.9497254577276,-3.43755608655114,15.));
#9854=CARTESIAN_POINT('Ctrl Pts',(-52.2033636592061,-2.63168095796588,15.));
#9855=CARTESIAN_POINT('Ctrl Pts',(-52.25,-2.2105109571373,15.));
#9856=CARTESIAN_POINT('Ctrl Pts',(-52.25,-2.00000000000001,15.));
#9857=CARTESIAN_POINT('',(61.39,-13.5,15.));
#9858=CARTESIAN_POINT('',(-0.215000000000003,-13.5,15.));
#9859=CARTESIAN_POINT('',(92.89,-2.00000000000001,15.));
#9860=CARTESIAN_POINT('Ctrl Pts',(92.89,-2.00000000000001,15.));
#9861=CARTESIAN_POINT('Ctrl Pts',(92.89,-2.21053719967753,15.));
#9862=CARTESIAN_POINT('Ctrl Pts',(92.8434365060755,-2.6314783626117,15.));
#9863=CARTESIAN_POINT('Ctrl Pts',(92.5898610911665,-3.43776873812221,15.));
#9864=CARTESIAN_POINT('Ctrl Pts',(91.8415483979984,-4.72117640727519,15.));
#9865=CARTESIAN_POINT('Ctrl Pts',(89.7314484814707,-6.81000857228081,15.));
#9866=CARTESIAN_POINT('Ctrl Pts',(86.7950623681249,-8.51890279973272,15.));
#9867=CARTESIAN_POINT('Ctrl Pts',(82.161385093419,-10.5160256387386,15.));
#9868=CARTESIAN_POINT('Ctrl Pts',(74.0116634180086,-12.8026365241432,15.));
#9869=CARTESIAN_POINT('Ctrl Pts',(66.4428927922604,-13.5,15.));
#9870=CARTESIAN_POINT('Ctrl Pts',(61.39,-13.5,15.));
#9871=CARTESIAN_POINT('',(92.89,15.75,15.));
#9872=CARTESIAN_POINT('',(82.69,54.,15.));
#9873=CARTESIAN_POINT('Origin',(65.39,54.,15.));
#9874=CARTESIAN_POINT('Origin',(-24.75,54.,15.));
#9875=CARTESIAN_POINT('',(-8.24999999999999,54.,10.));
#9876=CARTESIAN_POINT('',(-8.24999999999999,54.,15.));
#9877=CARTESIAN_POINT('Origin',(-24.75,54.,10.));
#9878=CARTESIAN_POINT('Origin',(65.39,54.,14.2));
#9879=CARTESIAN_POINT('',(81.89,54.,14.2));
#9880=CARTESIAN_POINT('Origin',(82.69,54.,14.2));
#9881=CARTESIAN_POINT('Origin',(65.39,54.,14.2));
#9882=CARTESIAN_POINT('Origin',(65.39,54.,15.));
#9883=CARTESIAN_POINT('',(81.89,54.,10.));
#9884=CARTESIAN_POINT('',(81.89,54.,15.));
#9885=CARTESIAN_POINT('Origin',(65.39,54.,10.));
#9886=CARTESIAN_POINT('Ctrl Pts',(-0.180000000000006,99.,20.5));
#9887=CARTESIAN_POINT('Ctrl Pts',(-0.965398163397404,99.,20.6121997376282));
#9888=CARTESIAN_POINT('Ctrl Pts',(-2.26993353916507,98.5412002094351,20.7985619341664));
#9889=CARTESIAN_POINT('Ctrl Pts',(-3.27323586889835,97.2794358782529,20.9418908384141));
#9890=CARTESIAN_POINT('Ctrl Pts',(-3.62078083739122,96.2853079903145,20.9915401196273));
#9891=CARTESIAN_POINT('Ctrl Pts',(-3.68,95.7617993877992,21.));
#9892=CARTESIAN_POINT('Ctrl Pts',(-3.68000000000001,95.5000000000001,21.));
#9893=CARTESIAN_POINT('Ctrl Pts',(-0.180000000000006,99.,20.5));
#9894=CARTESIAN_POINT('Ctrl Pts',(-0.837169891822322,99.,20.7404280092033));
#9895=CARTESIAN_POINT('Ctrl Pts',(-1.9356352982339,98.7246934165553,21.1401291216064));
#9896=CARTESIAN_POINT('Ctrl Pts',(-3.0939420870448,97.6226056157878,21.6233159158299));
#9897=CARTESIAN_POINT('Ctrl Pts',(-3.58987336336933,96.4875496626856,21.8540823164526));
#9898=CARTESIAN_POINT('Ctrl Pts',(-3.67999999999999,95.8298666835416,21.8975979010256));
#9899=CARTESIAN_POINT('Ctrl Pts',(-3.68000000000001,95.5000000000001,21.8975979010257));
#9900=CARTESIAN_POINT('Ctrl Pts',(-0.180000000000006,98.9999999999999,20.5));
#9901=CARTESIAN_POINT('Ctrl Pts',(-0.612770416565927,98.9999999999999,20.9648274844597));
#9902=CARTESIAN_POINT('Ctrl Pts',(-1.33744905070715,98.8612828477828,21.7448555194796));
#9903=CARTESIAN_POINT('Ctrl Pts',(-2.33038986538431,97.9088403084198,22.8145629355827));
#9904=CARTESIAN_POINT('Ctrl Pts',(-2.83006094680428,96.6631904952781,23.3486161959689));
#9905=CARTESIAN_POINT('Ctrl Pts',(-2.9267273031336,95.8886610474417,23.4516224408194));
#9906=CARTESIAN_POINT('Ctrl Pts',(-2.92672730313362,95.5000000000001,23.4516224408194));
#9907=CARTESIAN_POINT('Ctrl Pts',(-0.180000000000006,99.,20.5));
#9908=CARTESIAN_POINT('Ctrl Pts',(-0.388370941309532,99.,21.1892269597161));
#9909=CARTESIAN_POINT('Ctrl Pts',(-0.737271969096025,98.6793915564815,22.3415097664243));
#9910=CARTESIAN_POINT('Ctrl Pts',(-1.13468853008668,97.5345526276726,23.460354769449));
#9911=CARTESIAN_POINT('Ctrl Pts',(-1.31827138922697,96.4351623978141,23.9174458236512));
#9912=CARTESIAN_POINT('Ctrl Pts',(-1.35319842576924,95.8121429383124,24.));
#9913=CARTESIAN_POINT('Ctrl Pts',(-1.35319842576925,95.5000000000001,24.));
#9914=CARTESIAN_POINT('Ctrl Pts',(-0.180000000000006,99.,20.5));
#9915=CARTESIAN_POINT('Ctrl Pts',(-0.29219973762822,99.,21.2853981633974));
#9916=CARTESIAN_POINT('Ctrl Pts',(-0.478561934166434,98.5412002094351,22.5899335391651));
#9917=CARTESIAN_POINT('Ctrl Pts',(-0.621890838414065,97.2794358782529,23.5932358688984));
#9918=CARTESIAN_POINT('Ctrl Pts',(-0.671540119627326,96.2853079903144,23.9407808373912));
#9919=CARTESIAN_POINT('Ctrl Pts',(-0.680000000000005,95.7617993877992,24.));
#9920=CARTESIAN_POINT('Ctrl Pts',(-0.680000000000009,95.5,24.));
#9921=CARTESIAN_POINT('',(-3.68000000000001,95.5000000000001,21.));
#9922=CARTESIAN_POINT('',(-0.680000000000009,95.5,24.));
#9923=CARTESIAN_POINT('Origin',(-0.680000000000008,95.5,21.));
#9924=CARTESIAN_POINT('',(-0.180000000000007,99.,20.5));
#9925=CARTESIAN_POINT('Origin',(-0.180000000000007,95.5,20.5));
#9926=CARTESIAN_POINT('Origin',(-0.180000000000007,95.5000000000001,20.5));
#9927=CARTESIAN_POINT('Ctrl Pts',(40.82,99.,20.5));
#9928=CARTESIAN_POINT('Ctrl Pts',(40.9321997376282,99.,21.2853981633974));
#9929=CARTESIAN_POINT('Ctrl Pts',(41.1185583090885,98.5411169041753,22.5899081636192));
#9930=CARTESIAN_POINT('Ctrl Pts',(41.2618896123317,97.2794148486309,23.5932272863215));
#9931=CARTESIAN_POINT('Ctrl Pts',(41.3115390621971,96.2852865437372,23.9407734353793));
#9932=CARTESIAN_POINT('Ctrl Pts',(41.32,95.7617993877991,24.));
#9933=CARTESIAN_POINT('Ctrl Pts',(41.32,95.5,24.));
#9934=CARTESIAN_POINT('Ctrl Pts',(40.82,99.,20.5));
#9935=CARTESIAN_POINT('Ctrl Pts',(41.0604280092033,99.,21.1571698918223));
#9936=CARTESIAN_POINT('Ctrl Pts',(41.4600156113453,98.7249102220571,22.2554015839838));
#9937=CARTESIAN_POINT('Ctrl Pts',(41.94327611225,97.6227152512045,23.4138525424157));
#9938=CARTESIAN_POINT('Ctrl Pts',(42.1740511493188,96.4876618632176,23.9098103503708));
#9939=CARTESIAN_POINT('Ctrl Pts',(42.2175979010257,95.8298666835415,24.));
#9940=CARTESIAN_POINT('Ctrl Pts',(42.2175979010257,95.5,24.));
#9941=CARTESIAN_POINT('Ctrl Pts',(40.82,99.,20.5));
#9942=CARTESIAN_POINT('Ctrl Pts',(41.2848274844597,99.,20.9327704165659));
#9943=CARTESIAN_POINT('Ctrl Pts',(42.064872752192,98.8615256034255,21.6574506053306));
#9944=CARTESIAN_POINT('Ctrl Pts',(43.1345423713003,97.9088806253044,22.6503496891277));
#9945=CARTESIAN_POINT('Ctrl Pts',(43.6685633859851,96.6632373643891,23.1499838398795));
#9946=CARTESIAN_POINT('Ctrl Pts',(43.7715387810529,95.8886610474416,23.2466162030157));
#9947=CARTESIAN_POINT('Ctrl Pts',(43.7715387810529,95.5,23.2466162030157));
#9948=CARTESIAN_POINT('Ctrl Pts',(40.82,99.,20.5));
#9949=CARTESIAN_POINT('Ctrl Pts',(41.5092269597161,99.,20.7083709413095));
#9950=CARTESIAN_POINT('Ctrl Pts',(42.6614714528512,98.6794584326865,21.0573430460775));
#9951=CARTESIAN_POINT('Ctrl Pts',(43.7803432552503,97.5345645028241,21.45472150214));
#9952=CARTESIAN_POINT('Ctrl Pts',(44.2374367743077,96.4351776442496,21.6382914650847));
#9953=CARTESIAN_POINT('Ctrl Pts',(44.32,95.8121429383123,21.6731984257692));
#9954=CARTESIAN_POINT('Ctrl Pts',(44.32,95.5,21.6731984257692));
#9955=CARTESIAN_POINT('Ctrl Pts',(40.82,99.,20.5));
#9956=CARTESIAN_POINT('Ctrl Pts',(41.6053981633974,99.,20.6121997376282));
#9957=CARTESIAN_POINT('Ctrl Pts',(42.9099081636192,98.5411169041753,20.7985583090885));
#9958=CARTESIAN_POINT('Ctrl Pts',(43.9132272863215,97.2794148486309,20.9418896123317));
#9959=CARTESIAN_POINT('Ctrl Pts',(44.2607734353794,96.2852865437372,20.9915390621971));
#9960=CARTESIAN_POINT('Ctrl Pts',(44.32,95.7617993877991,21.));
#9961=CARTESIAN_POINT('Ctrl Pts',(44.32,95.5,21.));
#9962=CARTESIAN_POINT('',(41.32,95.5,24.));
#9963=CARTESIAN_POINT('',(44.32,95.5,21.));
#9964=CARTESIAN_POINT('Origin',(41.32,95.5,21.));
#9965=CARTESIAN_POINT('',(40.82,99.,20.5));
#9966=CARTESIAN_POINT('Origin',(40.82,95.5,20.5));
#9967=CARTESIAN_POINT('Origin',(40.82,95.5,20.5));
#9968=CARTESIAN_POINT('Origin',(-6.18000000000001,95.5,17.5));
#9969=CARTESIAN_POINT('',(-3.68000000000001,95.5,17.5));
#9970=CARTESIAN_POINT('',(-0.180000000000008,99.,17.5));
#9971=CARTESIAN_POINT('Origin',(-0.180000000000008,95.5,17.5));
#9972=CARTESIAN_POINT('',(-3.75,99.,12.0140998915401));
#9973=CARTESIAN_POINT('Origin',(-6.18000000000001,99.,17.5));
#9974=CARTESIAN_POINT('',(-5.1675,95.5,15.2142082881417));
#9975=CARTESIAN_POINT('Origin',(-3.75,95.5,12.0140998915401));
#9976=CARTESIAN_POINT('Origin',(-6.18000000000001,95.5,17.5));
#9977=CARTESIAN_POINT('Ctrl Pts',(-6.18000000000001,95.4832878063491,15.));
#9978=CARTESIAN_POINT('Ctrl Pts',(-5.83254283493022,95.4947646145936,15.));
#9979=CARTESIAN_POINT('Ctrl Pts',(-5.48521596926591,95.5,15.0734748095781));
#9980=CARTESIAN_POINT('Ctrl Pts',(-5.16750000000001,95.5,15.2142082881417));
#9981=CARTESIAN_POINT('Ctrl Pts',(-6.19441106584588,96.5303861935188,15.));
#9982=CARTESIAN_POINT('Ctrl Pts',(-5.84338511615373,96.5406309774081,14.9979410313754));
#9983=CARTESIAN_POINT('Ctrl Pts',(-5.48768673160797,96.5460095147678,15.0723323931989));
#9984=CARTESIAN_POINT('Ctrl Pts',(-5.16750000000001,96.5471975511966,15.2142082881417));
#9985=CARTESIAN_POINT('Ctrl Pts',(-6.21936134981998,98.3432571073086,14.1212004051455));
#9986=CARTESIAN_POINT('Ctrl Pts',(-5.73597444369425,98.3515395111768,14.1180073237323));
#9987=CARTESIAN_POINT('Ctrl Pts',(-5.25233355342043,98.3571518886851,14.2177494013941));
#9988=CARTESIAN_POINT('Ctrl Pts',(-4.81158616408393,98.3602401504577,14.4107071560206));
#9989=CARTESIAN_POINT('Ctrl Pts',(-6.22816543965648,98.9829563750028,12.2853981633974));
#9990=CARTESIAN_POINT('Ctrl Pts',(-5.48646474560572,98.9931476248971,12.2844557442477));
#9991=CARTESIAN_POINT('Ctrl Pts',(-4.74588385983127,98.9986172208239,12.4377203949671));
#9992=CARTESIAN_POINT('Ctrl Pts',(-4.06808625617597,99.,12.7322025365012));
#9993=CARTESIAN_POINT('Ctrl Pts',(-6.22816543965648,98.9829563750028,11.5));
#9994=CARTESIAN_POINT('Ctrl Pts',(-5.37770425331414,98.994661151083,11.5));
#9995=CARTESIAN_POINT('Ctrl Pts',(-4.52761627537173,99.,11.6763395429874));
#9996=CARTESIAN_POINT('Ctrl Pts',(-3.75,99.,12.0140998915401));
#9997=CARTESIAN_POINT('',(-6.22816543965648,98.9829563750028,11.5));
#9998=CARTESIAN_POINT('Ctrl Pts',(-3.75,99.,12.0140998915401));
#9999=CARTESIAN_POINT('Ctrl Pts',(-4.52761627537173,99.,11.6763395429874));
#10000=CARTESIAN_POINT('Ctrl Pts',(-5.37770425331414,98.994661151083,11.5));
#10001=CARTESIAN_POINT('Ctrl Pts',(-6.22816543965648,98.9829563750028,11.5));
#10002=CARTESIAN_POINT('Origin',(-6.18000000000001,95.4832878063491,11.5));
#10003=CARTESIAN_POINT('Ctrl Pts',(-6.18000000000001,95.4832878063491,15.));
#10004=CARTESIAN_POINT('Ctrl Pts',(-5.83254283493022,95.4947646145936,15.));
#10005=CARTESIAN_POINT('Ctrl Pts',(-5.48521596926591,95.5,15.0734748095781));
#10006=CARTESIAN_POINT('Ctrl Pts',(-5.16750000000001,95.5,15.2142082881417));
#10007=CARTESIAN_POINT('Ctrl Pts',(-52.25,84.,15.));
#10008=CARTESIAN_POINT('Ctrl Pts',(-52.25,84.0726502670309,15.));
#10009=CARTESIAN_POINT('Ctrl Pts',(-52.2297553843799,84.2172896053721,15.));
#10010=CARTESIAN_POINT('Ctrl Pts',(-52.1367307282878,84.4932520128598,15.));
#10011=CARTESIAN_POINT('Ctrl Pts',(-51.8930195452888,84.9422692068655,15.));
#10012=CARTESIAN_POINT('Ctrl Pts',(-51.2489318211181,85.7317222927892,15.));
#10013=CARTESIAN_POINT('Ctrl Pts',(-50.1301920402846,86.6689476945631,15.));
#10014=CARTESIAN_POINT('Ctrl Pts',(-48.6646387694064,87.6169130784947,15.));
#10015=CARTESIAN_POINT('Ctrl Pts',(-45.5762076321433,89.2490101859974,15.));
#10016=CARTESIAN_POINT('Ctrl Pts',(-40.6705897974674,91.0384555395218,15.));
#10017=CARTESIAN_POINT('Ctrl Pts',(-31.5910299160096,93.3009336966067,15.));
#10018=CARTESIAN_POINT('Ctrl Pts',(-22.4193286436165,94.5938383294015,15.));
#10019=CARTESIAN_POINT('Ctrl Pts',(-13.1762135848127,95.2974977000407,15.));
#10020=CARTESIAN_POINT('Ctrl Pts',(-8.50458839800902,95.4512948275815,15.));
#10021=CARTESIAN_POINT('Ctrl Pts',(-6.18000000000002,95.4832878063491,15.));
#10022=CARTESIAN_POINT('Ctrl Pts',(-53.2971975511966,84.,15.));
#10023=CARTESIAN_POINT('Ctrl Pts',(-53.2971975511966,84.1650226815522,15.));
#10024=CARTESIAN_POINT('Ctrl Pts',(-53.2500896393951,84.4769266610134,15.));
#10025=CARTESIAN_POINT('Ctrl Pts',(-53.0901561064818,84.9372041140511,15.));
#10026=CARTESIAN_POINT('Ctrl Pts',(-52.7491829115822,85.5563685391255,15.));
#10027=CARTESIAN_POINT('Ctrl Pts',(-51.9738346148187,86.496025926471,15.));
#10028=CARTESIAN_POINT('Ctrl Pts',(-50.7446720981525,87.5206057316653,15.));
#10029=CARTESIAN_POINT('Ctrl Pts',(-49.1899698737297,88.5249926746378,15.));
#10030=CARTESIAN_POINT('Ctrl Pts',(-45.9753854334118,90.2216008456817,15.));
#10031=CARTESIAN_POINT('Ctrl Pts',(-40.9701486415618,92.0431041861456,15.));
#10032=CARTESIAN_POINT('Ctrl Pts',(-31.7760976394742,94.3342615164098,15.));
#10033=CARTESIAN_POINT('Ctrl Pts',(-22.5362069624572,95.6346479874432,15.));
#10034=CARTESIAN_POINT('Ctrl Pts',(-13.2319973236044,96.3437909187602,15.));
#10035=CARTESIAN_POINT('Ctrl Pts',(-8.53287023687388,96.4982023132793,15.));
#10036=CARTESIAN_POINT('Ctrl Pts',(-6.19441106584589,96.5303861935188,15.));
#10037=CARTESIAN_POINT('Ctrl Pts',(-55.1101454675386,84.,14.1210746662879));
#10038=CARTESIAN_POINT('Ctrl Pts',(-55.1101454675386,84.323833442577,14.1210746662879));
#10039=CARTESIAN_POINT('Ctrl Pts',(-55.016792458649,84.9234684517339,14.1210746662879));
#10040=CARTESIAN_POINT('Ctrl Pts',(-54.7417669116412,85.7007762128422,14.1210746662879));
#10041=CARTESIAN_POINT('Ctrl Pts',(-54.2332839280264,86.6131235615935,14.1210746662879));
#10042=CARTESIAN_POINT('Ctrl Pts',(-53.2314442268875,87.8126641347264,14.1210746662879));
#10043=CARTESIAN_POINT('Ctrl Pts',(-51.8102611720872,88.9910781754635,14.1210746662879));
#10044=CARTESIAN_POINT('Ctrl Pts',(-50.101115469437,90.0941595683307,14.1210746662879));
#10045=CARTESIAN_POINT('Ctrl Pts',(-46.6674868378494,91.9041303358719,14.1210746662879));
#10046=CARTESIAN_POINT('Ctrl Pts',(-41.4886337824141,93.7825435515969,14.1210746662879));
#10047=CARTESIAN_POINT('Ctrl Pts',(-32.0969013675115,96.122930432556,14.1210746662879));
#10048=CARTESIAN_POINT('Ctrl Pts',(-22.7383118801053,97.436676116655,14.1210746662879));
#10049=CARTESIAN_POINT('Ctrl Pts',(-13.3287357934123,98.1551077780011,14.1210746662879));
#10050=CARTESIAN_POINT('Ctrl Pts',(-8.58166646739783,98.31065034682,14.1210746662879));
#10051=CARTESIAN_POINT('Ctrl Pts',(-6.21936004683586,98.3431624333555,14.1210746662879));
#10052=CARTESIAN_POINT('Ctrl Pts',(-55.75,84.,12.2853981633974));
#10053=CARTESIAN_POINT('Ctrl Pts',(-55.75,84.3803609975323,12.2853981633974));
#10054=CARTESIAN_POINT('Ctrl Pts',(-55.6402126496602,85.0823413971734,12.2853981633974));
#10055=CARTESIAN_POINT('Ctrl Pts',(-55.3242466615001,85.9724297261887,12.2853981633974));
#10056=CARTESIAN_POINT('Ctrl Pts',(-54.7562667740606,86.9888477343726,12.2853981633974));
#10057=CARTESIAN_POINT('Ctrl Pts',(-53.6741660325097,88.2801777465864,12.2853981633974));
#10058=CARTESIAN_POINT('Ctrl Pts',(-52.1855794960167,89.511763432315,12.2853981633974));
#10059=CARTESIAN_POINT('Ctrl Pts',(-50.421970585644,90.6492400060684,12.2853981633974));
#10060=CARTESIAN_POINT('Ctrl Pts',(-46.9113104651226,92.4984969673528,12.2853981633974));
#10061=CARTESIAN_POINT('Ctrl Pts',(-41.6716786124587,94.3963880138837,12.2853981633975));
#10062=CARTESIAN_POINT('Ctrl Pts',(-32.2099488939111,96.7543312049425,12.2853981633974));
#10063=CARTESIAN_POINT('Ctrl Pts',(-22.8097450961749,98.0726166739282,12.2853981633975));
#10064=CARTESIAN_POINT('Ctrl Pts',(-13.3628077801952,98.7944148599861,12.2853981633974));
#10065=CARTESIAN_POINT('Ctrl Pts',(-8.59896011819207,98.9503274657827,12.2853981633974));
#10066=CARTESIAN_POINT('Ctrl Pts',(-6.22816543965649,98.9829563750028,12.2853981633974));
#10067=CARTESIAN_POINT('Ctrl Pts',(-55.75,84.,11.5));
#10068=CARTESIAN_POINT('Ctrl Pts',(-55.75,84.3801467460917,11.5));
#10069=CARTESIAN_POINT('Ctrl Pts',(-55.6402632521935,85.0817705600592,11.5));
#10070=CARTESIAN_POINT('Ctrl Pts',(-55.3244409864869,85.971459945216,11.5));
#10071=CARTESIAN_POINT('Ctrl Pts',(-54.7566301016344,86.9876106085818,11.5));
#10072=CARTESIAN_POINT('Ctrl Pts',(-53.6746747638539,88.2789104186734,11.5));
#10073=CARTESIAN_POINT('Ctrl Pts',(-52.1859233528402,89.5109995085962,11.5));
#10074=CARTESIAN_POINT('Ctrl Pts',(-50.4222940498595,90.6486724388731,11.5));
#10075=CARTESIAN_POINT('Ctrl Pts',(-46.9115096092653,92.4982540333069,11.5));
#10076=CARTESIAN_POINT('Ctrl Pts',(-41.6716549344759,94.3964177420983,11.5));
#10077=CARTESIAN_POINT('Ctrl Pts',(-32.210027702353,96.7542795304455,11.5));
#10078=CARTESIAN_POINT('Ctrl Pts',(-22.8096988288885,98.0726435894702,11.5));
#10079=CARTESIAN_POINT('Ctrl Pts',(-13.362839411012,98.7944022037719,11.5));
#10080=CARTESIAN_POINT('Ctrl Pts',(-8.59892794589132,98.9503279085655,11.5));
#10081=CARTESIAN_POINT('Ctrl Pts',(-6.22816543965649,98.9829563750028,11.5));
#10082=CARTESIAN_POINT('',(-55.75,84.,11.5));
#10083=CARTESIAN_POINT('Ctrl Pts',(-6.22816543965649,98.9829563750028,11.5));
#10084=CARTESIAN_POINT('Ctrl Pts',(-8.59892794589132,98.9503279085655,11.5));
#10085=CARTESIAN_POINT('Ctrl Pts',(-13.362839411012,98.7944022037719,11.5));
#10086=CARTESIAN_POINT('Ctrl Pts',(-22.8096988288885,98.0726435894702,11.5));
#10087=CARTESIAN_POINT('Ctrl Pts',(-32.210027702353,96.7542795304455,11.5));
#10088=CARTESIAN_POINT('Ctrl Pts',(-41.6716549344759,94.3964177420983,11.5));
#10089=CARTESIAN_POINT('Ctrl Pts',(-46.9115096092653,92.4982540333069,11.5));
#10090=CARTESIAN_POINT('Ctrl Pts',(-50.4222940498595,90.6486724388731,11.5));
#10091=CARTESIAN_POINT('Ctrl Pts',(-52.1859233528402,89.5109995085962,11.5));
#10092=CARTESIAN_POINT('Ctrl Pts',(-53.6746747638539,88.2789104186734,11.5));
#10093=CARTESIAN_POINT('Ctrl Pts',(-54.7566301016344,86.9876106085818,11.5));
#10094=CARTESIAN_POINT('Ctrl Pts',(-55.3244409864869,85.971459945216,11.5));
#10095=CARTESIAN_POINT('Ctrl Pts',(-55.6402632521935,85.0817705600592,11.5));
#10096=CARTESIAN_POINT('Ctrl Pts',(-55.75,84.3801467460917,11.5));
#10097=CARTESIAN_POINT('Ctrl Pts',(-55.75,84.,11.5));
#10098=CARTESIAN_POINT('Origin',(-52.25,84.,11.5));
#10099=CARTESIAN_POINT('Origin',(-52.25,58.75,11.5));
#10100=CARTESIAN_POINT('',(-55.75,-2.00000000000001,11.5));
#10101=CARTESIAN_POINT('Origin',(-52.25,-2.00000000000001,11.5));
#10102=CARTESIAN_POINT('',(-55.75,58.75,11.5));
#10103=CARTESIAN_POINT('Ctrl Pts',(-55.75,-2.00000000000002,11.5));
#10104=CARTESIAN_POINT('Ctrl Pts',(-55.75,-2.46209722298383,11.5));
#10105=CARTESIAN_POINT('Ctrl Pts',(-55.6448468335601,-3.38243897592932,
11.5));
#10106=CARTESIAN_POINT('Ctrl Pts',(-55.1393807029107,-4.9505520625492,11.5));
#10107=CARTESIAN_POINT('Ctrl Pts',(-53.9065861112727,-7.00465313182778,
11.5));
#10108=CARTESIAN_POINT('Ctrl Pts',(-51.1126272529989,-9.70348398295122,
11.5));
#10109=CARTESIAN_POINT('Ctrl Pts',(-46.9079198262775,-12.1349759480558,
11.5));
#10110=CARTESIAN_POINT('Ctrl Pts',(-40.0421204803031,-14.7524309632607,
11.5));
#10111=CARTESIAN_POINT('Ctrl Pts',(-31.297978464846,-16.5472574325388,11.5));
#10112=CARTESIAN_POINT('Ctrl Pts',(-24.2689891342352,-17.,11.5));
#10113=CARTESIAN_POINT('Ctrl Pts',(-20.75,-17.,11.5));
#10114=CARTESIAN_POINT('Ctrl Pts',(-55.75,-2.00000000000002,12.5471975511966));
#10115=CARTESIAN_POINT('Ctrl Pts',(-55.75,-2.46283421188709,12.5471975511966));
#10116=CARTESIAN_POINT('Ctrl Pts',(-55.6448239778345,-3.38419069506394,
12.5471975511966));
#10117=CARTESIAN_POINT('Ctrl Pts',(-55.1387948076911,-4.95411132710122,
12.5471975511966));
#10118=CARTESIAN_POINT('Ctrl Pts',(-53.9052174449294,-7.00895954516504,
12.5471975511966));
#10119=CARTESIAN_POINT('Ctrl Pts',(-51.1116863576042,-9.70581198206272,
12.5471975511966));
#10120=CARTESIAN_POINT('Ctrl Pts',(-46.9077149185168,-12.1352862943336,
12.5471975511966));
#10121=CARTESIAN_POINT('Ctrl Pts',(-40.0417013028614,-14.7529040063059,
12.5471975511966));
#10122=CARTESIAN_POINT('Ctrl Pts',(-31.2977542043429,-16.5471080151873,
12.5471975511966));
#10123=CARTESIAN_POINT('Ctrl Pts',(-24.2694309235016,-17.,12.5471975511966));
#10124=CARTESIAN_POINT('Ctrl Pts',(-20.75,-17.,12.5471975511966));
#10125=CARTESIAN_POINT('Ctrl Pts',(-54.8714973561057,-2.00000000000001,
14.3604637582133));
#10126=CARTESIAN_POINT('Ctrl Pts',(-54.8714973561057,-2.39881655410308,
14.3604637582133));
#10127=CARTESIAN_POINT('Ctrl Pts',(-54.7810360608442,-3.19368362572784,
14.3604637582133));
#10128=CARTESIAN_POINT('Ctrl Pts',(-54.3388800241956,-4.57014986492648,
14.3604637582133));
#10129=CARTESIAN_POINT('Ctrl Pts',(-53.2279213155416,-6.43060005129931,
14.3604637582133));
#10130=CARTESIAN_POINT('Ctrl Pts',(-50.6046708193198,-8.97618423769663,
14.3604637582133));
#10131=CARTESIAN_POINT('Ctrl Pts',(-46.5365292581881,-11.33515059405,14.3604637582133));
#10132=CARTESIAN_POINT('Ctrl Pts',(-39.8130479883352,-13.8997674792111,
14.3604637582133));
#10133=CARTESIAN_POINT('Ctrl Pts',(-31.1839682440459,-15.6741944828311,
14.3604637582133));
#10134=CARTESIAN_POINT('Ctrl Pts',(-24.2310554283694,-16.1214973561057,
14.3604637582133));
#10135=CARTESIAN_POINT('Ctrl Pts',(-20.75,-16.1214973561057,14.3604637582133));
#10136=CARTESIAN_POINT('Ctrl Pts',(-53.0353981633974,-2.00000000000001,
15.));
#10137=CARTESIAN_POINT('Ctrl Pts',(-53.0353981633974,-2.2667785115587,15.));
#10138=CARTESIAN_POINT('Ctrl Pts',(-52.975636516372,-2.79970316804674,15.));
#10139=CARTESIAN_POINT('Ctrl Pts',(-52.665632094131,-3.77616233782595,15.));
#10140=CARTESIAN_POINT('Ctrl Pts',(-51.8090800311712,-5.23209952154864,
15.));
#10141=CARTESIAN_POINT('Ctrl Pts',(-49.5427436369528,-7.45680093232853,
15.));
#10142=CARTESIAN_POINT('Ctrl Pts',(-45.7602495119035,-9.6635824078885,15.));
#10143=CARTESIAN_POINT('Ctrl Pts',(-39.3341535227893,-12.1178145809457,
15.));
#10144=CARTESIAN_POINT('Ctrl Pts',(-30.9456160290198,-13.8494196998395,
15.));
#10145=CARTESIAN_POINT('Ctrl Pts',(-24.1519049965303,-14.2853981633975,
15.));
#10146=CARTESIAN_POINT('Ctrl Pts',(-20.75,-14.2853981633975,15.));
#10147=CARTESIAN_POINT('Ctrl Pts',(-52.25,-2.00000000000001,15.));
#10148=CARTESIAN_POINT('Ctrl Pts',(-52.25,-2.2105109571373,15.));
#10149=CARTESIAN_POINT('Ctrl Pts',(-52.2033636592061,-2.63168095796588,
15.));
#10150=CARTESIAN_POINT('Ctrl Pts',(-51.9497254577276,-3.43755608655114,
15.));
#10151=CARTESIAN_POINT('Ctrl Pts',(-51.2017713858061,-4.7206764777443,15.));
#10152=CARTESIAN_POINT('Ctrl Pts',(-49.0882294765108,-6.80754945615264,
15.));
#10153=CARTESIAN_POINT('Ctrl Pts',(-45.4281340040466,-8.9486523444937,15.));
#10154=CARTESIAN_POINT('Ctrl Pts',(-39.1291839643534,-11.3557138976902,
15.));
#10155=CARTESIAN_POINT('Ctrl Pts',(-30.8435954231867,-13.0688225722281,
15.));
#10156=CARTESIAN_POINT('Ctrl Pts',(-24.1181753141966,-13.5,15.));
#10157=CARTESIAN_POINT('Ctrl Pts',(-20.75,-13.5,15.));
#10158=CARTESIAN_POINT('',(-20.75,-17.,11.5));
#10159=CARTESIAN_POINT('Origin',(-20.75,-13.5,11.5));
#10160=CARTESIAN_POINT('Ctrl Pts',(-55.75,-2.00000000000002,11.5));
#10161=CARTESIAN_POINT('Ctrl Pts',(-55.75,-2.46209722298383,11.5));
#10162=CARTESIAN_POINT('Ctrl Pts',(-55.6448468335601,-3.38243897592932,
11.5));
#10163=CARTESIAN_POINT('Ctrl Pts',(-55.1393807029107,-4.9505520625492,11.5));
#10164=CARTESIAN_POINT('Ctrl Pts',(-53.9065861112727,-7.00465313182778,
11.5));
#10165=CARTESIAN_POINT('Ctrl Pts',(-51.1126272529989,-9.70348398295122,
11.5));
#10166=CARTESIAN_POINT('Ctrl Pts',(-46.9079198262775,-12.1349759480558,
11.5));
#10167=CARTESIAN_POINT('Ctrl Pts',(-40.0421204803031,-14.7524309632607,
11.5));
#10168=CARTESIAN_POINT('Ctrl Pts',(-31.297978464846,-16.5472574325388,11.5));
#10169=CARTESIAN_POINT('Ctrl Pts',(-24.2689891342352,-17.,11.5));
#10170=CARTESIAN_POINT('Ctrl Pts',(-20.75,-17.,11.5));
#10171=CARTESIAN_POINT('Origin',(-0.215000000000003,-13.5,11.5));
#10172=CARTESIAN_POINT('',(61.39,-17.,11.5));
#10173=CARTESIAN_POINT('Origin',(61.39,-13.5,11.5));
#10174=CARTESIAN_POINT('',(-0.215000000000003,-17.,11.5));
#10175=CARTESIAN_POINT('Ctrl Pts',(61.39,-17.,11.5));
#10176=CARTESIAN_POINT('Ctrl Pts',(66.6691417232574,-17.,11.5));
#10177=CARTESIAN_POINT('Ctrl Pts',(74.571246555599,-16.2744009501879,11.5));
#10178=CARTESIAN_POINT('Ctrl Pts',(83.2684623399182,-13.8498904372121,11.5));
#10179=CARTESIAN_POINT('Ctrl Pts',(88.3858402757483,-11.6431679331024,11.5));
#10180=CARTESIAN_POINT('Ctrl Pts',(91.7536983114606,-9.71056692369062,11.5));
#10181=CARTESIAN_POINT('Ctrl Pts',(94.5461127698377,-7.00565698179569,11.5));
#10182=CARTESIAN_POINT('Ctrl Pts',(95.7793793181946,-4.95107901930444,11.5));
#10183=CARTESIAN_POINT('Ctrl Pts',(96.2849358675785,-3.38205074551538,11.5));
#10184=CARTESIAN_POINT('Ctrl Pts',(96.39,-2.46215482855997,11.5));
#10185=CARTESIAN_POINT('Ctrl Pts',(96.39,-2.00000000000001,11.5));
#10186=CARTESIAN_POINT('Ctrl Pts',(61.39,-17.,12.5471975511966));
#10187=CARTESIAN_POINT('Ctrl Pts',(66.669804489768,-17.,12.5471975511966));
#10188=CARTESIAN_POINT('Ctrl Pts',(74.570493527843,-16.2746410928478,12.5471975511966));
#10189=CARTESIAN_POINT('Ctrl Pts',(83.2678606350338,-13.8506002015412,12.5471975511966));
#10190=CARTESIAN_POINT('Ctrl Pts',(88.3850496617983,-11.644837418638,12.5471975511966));
#10191=CARTESIAN_POINT('Ctrl Pts',(91.7520981236907,-9.71385222517663,12.5471975511966));
#10192=CARTESIAN_POINT('Ctrl Pts',(94.5447444208729,-7.010301606764,12.5471975511966));
#10193=CARTESIAN_POINT('Ctrl Pts',(95.7787361152249,-4.95484604829959,12.5471975511966));
#10194=CARTESIAN_POINT('Ctrl Pts',(96.284901644855,-3.38389875447888,12.5471975511966));
#10195=CARTESIAN_POINT('Ctrl Pts',(96.39,-2.46289190933712,12.5471975511966));
#10196=CARTESIAN_POINT('Ctrl Pts',(96.39,-2.00000000000001,12.5471975511966));
#10197=CARTESIAN_POINT('Ctrl Pts',(61.39,-16.1212189467855,14.3602541125425));
#10198=CARTESIAN_POINT('Ctrl Pts',(66.6122340711689,-16.1212189467855,14.3602541125425));
#10199=CARTESIAN_POINT('Ctrl Pts',(74.4308610108126,-15.4026726967985,14.3602541125425));
#10200=CARTESIAN_POINT('Ctrl Pts',(82.990588748642,-13.0127144957383,14.3602541125425));
#10201=CARTESIAN_POINT('Ctrl Pts',(87.9865477657507,-10.8584720817443,14.3602541125425));
#10202=CARTESIAN_POINT('Ctrl Pts',(91.2461950764927,-8.98179319592714,14.3602541125425));
#10203=CARTESIAN_POINT('Ctrl Pts',(93.8672584632685,-6.4313610933172,14.3602541125425));
#10204=CARTESIAN_POINT('Ctrl Pts',(94.9786521429898,-4.57054254151928,14.3602541125425));
#10205=CARTESIAN_POINT('Ctrl Pts',(95.4208483876593,-3.19331517812508,14.3602541125425));
#10206=CARTESIAN_POINT('Ctrl Pts',(95.5112189467854,-2.39886627103758,14.3602541125425));
#10207=CARTESIAN_POINT('Ctrl Pts',(95.5112189467854,-2.00000000000001,14.3602541125425));
#10208=CARTESIAN_POINT('Ctrl Pts',(61.39,-14.2853981633975,15.));
#10209=CARTESIAN_POINT('Ctrl Pts',(66.493493622933,-14.2853981633975,15.));
#10210=CARTESIAN_POINT('Ctrl Pts',(74.1374259493572,-13.5816372925771,15.));
#10211=CARTESIAN_POINT('Ctrl Pts',(82.4099663584834,-11.2639618332812,15.));
#10212=CARTESIAN_POINT('Ctrl Pts',(87.1522340665472,-9.21955976847139,15.));
#10213=CARTESIAN_POINT('Ctrl Pts',(90.1856490670614,-7.46005307924864,15.));
#10214=CARTESIAN_POINT('Ctrl Pts',(92.4488007830633,-5.23262613082008,15.));
#10215=CARTESIAN_POINT('Ctrl Pts',(93.3057516206392,-3.77639244368925,15.));
#10216=CARTESIAN_POINT('Ctrl Pts',(93.6157158994491,-2.79943431802655,15.));
#10217=CARTESIAN_POINT('Ctrl Pts',(93.6753981633974,-2.26681176847757,15.));
#10218=CARTESIAN_POINT('Ctrl Pts',(93.6753981633974,-2.00000000000001,15.));
#10219=CARTESIAN_POINT('Ctrl Pts',(61.39,-13.5,15.));
#10220=CARTESIAN_POINT('Ctrl Pts',(66.4428927922604,-13.5,15.));
#10221=CARTESIAN_POINT('Ctrl Pts',(74.0116634180086,-12.8026365241432,15.));
#10222=CARTESIAN_POINT('Ctrl Pts',(82.161385093419,-10.5160256387386,15.));
#10223=CARTESIAN_POINT('Ctrl Pts',(86.7950623681249,-8.51890279973272,15.));
#10224=CARTESIAN_POINT('Ctrl Pts',(89.7314484814707,-6.81000857228081,15.));
#10225=CARTESIAN_POINT('Ctrl Pts',(91.8415483979984,-4.72117640727519,15.));
#10226=CARTESIAN_POINT('Ctrl Pts',(92.5898610911665,-3.43776873812221,15.));
#10227=CARTESIAN_POINT('Ctrl Pts',(92.8434365060755,-2.6314783626117,15.));
#10228=CARTESIAN_POINT('Ctrl Pts',(92.89,-2.21053719967753,15.));
#10229=CARTESIAN_POINT('Ctrl Pts',(92.89,-2.00000000000001,15.));
#10230=CARTESIAN_POINT('',(96.39,-2.00000000000001,11.5));
#10231=CARTESIAN_POINT('Origin',(92.89,-2.00000000000001,11.5));
#10232=CARTESIAN_POINT('Ctrl Pts',(61.39,-17.,11.5));
#10233=CARTESIAN_POINT('Ctrl Pts',(66.6691417232574,-17.,11.5));
#10234=CARTESIAN_POINT('Ctrl Pts',(74.571246555599,-16.2744009501879,11.5));
#10235=CARTESIAN_POINT('Ctrl Pts',(83.2684623399182,-13.8498904372121,11.5));
#10236=CARTESIAN_POINT('Ctrl Pts',(88.3858402757483,-11.6431679331024,11.5));
#10237=CARTESIAN_POINT('Ctrl Pts',(91.7536983114606,-9.71056692369062,11.5));
#10238=CARTESIAN_POINT('Ctrl Pts',(94.5461127698377,-7.00565698179569,11.5));
#10239=CARTESIAN_POINT('Ctrl Pts',(95.7793793181946,-4.95107901930444,11.5));
#10240=CARTESIAN_POINT('Ctrl Pts',(96.2849358675785,-3.38205074551538,11.5));
#10241=CARTESIAN_POINT('Ctrl Pts',(96.39,-2.46215482855997,11.5));
#10242=CARTESIAN_POINT('Ctrl Pts',(96.39,-2.00000000000001,11.5));
#10243=CARTESIAN_POINT('Origin',(92.89,15.75,11.5));
#10244=CARTESIAN_POINT('',(96.39,84.,11.5));
#10245=CARTESIAN_POINT('Origin',(92.89,84.,11.5));
#10246=CARTESIAN_POINT('',(96.39,15.75,11.5));
#10247=CARTESIAN_POINT('Ctrl Pts',(46.82,95.4832878063491,15.));
#10248=CARTESIAN_POINT('Ctrl Pts',(49.1439461096191,95.4513036673051,15.));
#10249=CARTESIAN_POINT('Ctrl Pts',(56.1314814754197,95.2175169626153,15.));
#10250=CARTESIAN_POINT('Ctrl Pts',(67.6544461405037,94.1159749174129,15.));
#10251=CARTESIAN_POINT('Ctrl Pts',(79.1058154407175,91.8244623481452,15.));
#10252=CARTESIAN_POINT('Ctrl Pts',(86.7650790820397,89.0533301565343,15.));
#10253=CARTESIAN_POINT('Ctrl Pts',(90.3249214277393,87.042569239252,15.));
#10254=CARTESIAN_POINT('Ctrl Pts',(91.8879348841993,85.7330393185654,15.));
#10255=CARTESIAN_POINT('Ctrl Pts',(92.5338640892151,84.9412804539993,15.));
#10256=CARTESIAN_POINT('Ctrl Pts',(92.7766677934406,84.4934148138987,15.));
#10257=CARTESIAN_POINT('Ctrl Pts',(92.8698458227714,84.2172261715891,15.));
#10258=CARTESIAN_POINT('Ctrl Pts',(92.89,84.0726301936178,15.));
#10259=CARTESIAN_POINT('Ctrl Pts',(92.89,84.,15.));
#10260=CARTESIAN_POINT('Ctrl Pts',(46.8344110658459,96.5303861935188,15.));
#10261=CARTESIAN_POINT('Ctrl Pts',(49.1722241159619,96.4982112057493,15.));
#10262=CARTESIAN_POINT('Ctrl Pts',(56.2012059798385,96.2633037457213,15.));
#10263=CARTESIAN_POINT('Ctrl Pts',(67.8020014143693,95.1539192692804,15.));
#10264=CARTESIAN_POINT('Ctrl Pts',(79.3620117436595,92.8436551498245,15.));
#10265=CARTESIAN_POINT('Ctrl Pts',(87.1753652128679,90.0216165681747,15.));
#10266=CARTESIAN_POINT('Ctrl Pts',(90.89522142107,87.9288504529851,15.));
#10267=CARTESIAN_POINT('Ctrl Pts',(92.6124803534263,86.4980319204494,15.));
#10268=CARTESIAN_POINT('Ctrl Pts',(93.3901980023164,85.5552900085728,15.));
#10269=CARTESIAN_POINT('Ctrl Pts',(93.7300639118337,84.937519665012,15.));
#10270=CARTESIAN_POINT('Ctrl Pts',(93.8902172081866,84.4769345649857,15.));
#10271=CARTESIAN_POINT('Ctrl Pts',(93.9371975511966,84.1649770854576,15.));
#10272=CARTESIAN_POINT('Ctrl Pts',(93.9371975511966,84.,15.));
#10273=CARTESIAN_POINT('Ctrl Pts',(46.8593591232061,98.3430953230368,14.1209855353863));
#10274=CARTESIAN_POINT('Ctrl Pts',(49.2210128338138,98.3105922196554,14.1209855353863));
#10275=CARTESIAN_POINT('Ctrl Pts',(56.3221857101151,98.0734874652633,14.1209855353864));
#10276=CARTESIAN_POINT('Ctrl Pts',(68.0570661255935,96.951277950637,14.1209855353863));
#10277=CARTESIAN_POINT('Ctrl Pts',(79.8062823782258,94.6072462902365,14.1209855353864));
#10278=CARTESIAN_POINT('Ctrl Pts',(87.8862534715336,91.6972130976612,14.1209855353863));
#10279=CARTESIAN_POINT('Ctrl Pts',(91.8850604542947,89.4580976487888,14.1209855353864));
#10280=CARTESIAN_POINT('Ctrl Pts',(93.8696979317913,87.8152200401854,14.1209855353863));
#10281=CARTESIAN_POINT('Ctrl Pts',(94.874628607878,86.611630449985,14.1209855353863));
#10282=CARTESIAN_POINT('Ctrl Pts',(95.3815868798248,85.7012724070594,14.1209855353863));
#10283=CARTESIAN_POINT('Ctrl Pts',(95.6569319438641,84.9235549639596,14.1209855353863));
#10284=CARTESIAN_POINT('Ctrl Pts',(95.7500783508644,84.3237439667539,14.1209855353863));
#10285=CARTESIAN_POINT('Ctrl Pts',(95.7500783508644,84.,14.1209855353863));
#10286=CARTESIAN_POINT('Ctrl Pts',(46.8681654396565,98.9829563750028,12.2853981633974));
#10287=CARTESIAN_POINT('Ctrl Pts',(49.2383050629153,98.9503364812151,12.2853981633974));
#10288=CARTESIAN_POINT('Ctrl Pts',(56.3647728917339,98.712565660043,12.2853981633975));
#10289=CARTESIAN_POINT('Ctrl Pts',(68.1472619562685,97.5855088145358,12.2853981633974));
#10290=CARTESIAN_POINT('Ctrl Pts',(79.9627839693558,95.2301139389401,12.2853981633974));
#10291=CARTESIAN_POINT('Ctrl Pts',(88.1369264398845,92.2889631186017,12.2853981633975));
#10292=CARTESIAN_POINT('Ctrl Pts',(92.233372884271,90.0000566122996,12.2853981633975));
#10293=CARTESIAN_POINT('Ctrl Pts',(94.3122409020675,88.2832146323611,12.2853981633974));
#10294=CARTESIAN_POINT('Ctrl Pts',(95.3977733238585,86.9873235140347,12.2853981633974));
#10295=CARTESIAN_POINT('Ctrl Pts',(95.9641130831922,85.9730269272692,12.2853981633974));
#10296=CARTESIAN_POINT('Ctrl Pts',(96.2804405621855,85.0824755896323,12.2853981633974));
#10297=CARTESIAN_POINT('Ctrl Pts',(96.39,84.3802559030335,12.2853981633974));
#10298=CARTESIAN_POINT('Ctrl Pts',(96.39,84.,12.2853981633974));
#10299=CARTESIAN_POINT('Ctrl Pts',(46.8681654396565,98.9829563750028,11.5));
#10300=CARTESIAN_POINT('Ctrl Pts',(49.2382728995038,98.9503369238756,11.5));
#10301=CARTESIAN_POINT('Ctrl Pts',(56.3648262648019,98.7125161193239,11.5));
#10302=CARTESIAN_POINT('Ctrl Pts',(68.1471882486335,97.5856054043711,11.5));
#10303=CARTESIAN_POINT('Ctrl Pts',(79.962929861808,95.229956725122,11.5));
#10304=CARTESIAN_POINT('Ctrl Pts',(88.1370453791145,92.2888318012955,11.5));
#10305=CARTESIAN_POINT('Ctrl Pts',(92.2338688281474,89.9990728811349,11.5));
#10306=CARTESIAN_POINT('Ctrl Pts',(94.3128054502779,88.2818250359065,11.5));
#10307=CARTESIAN_POINT('Ctrl Pts',(95.3981559500152,86.9860370048366,11.5));
#10308=CARTESIAN_POINT('Ctrl Pts',(95.9643131037048,85.9720411760949,11.5));
#10309=CARTESIAN_POINT('Ctrl Pts',(96.2804939704848,85.0818961930111,11.5));
#10310=CARTESIAN_POINT('Ctrl Pts',(96.39,84.380041710791,11.5));
#10311=CARTESIAN_POINT('Ctrl Pts',(96.39,84.,11.5));
#10312=CARTESIAN_POINT('',(46.8681654396565,98.9829563750028,11.5));
#10313=CARTESIAN_POINT('Ctrl Pts',(96.39,84.,11.5));
#10314=CARTESIAN_POINT('Ctrl Pts',(96.39,84.380041710791,11.5));
#10315=CARTESIAN_POINT('Ctrl Pts',(96.2804939704848,85.0818961930111,11.5));
#10316=CARTESIAN_POINT('Ctrl Pts',(95.9643131037048,85.9720411760949,11.5));
#10317=CARTESIAN_POINT('Ctrl Pts',(95.3981559500152,86.9860370048366,11.5));
#10318=CARTESIAN_POINT('Ctrl Pts',(94.3128054502779,88.2818250359065,11.5));
#10319=CARTESIAN_POINT('Ctrl Pts',(92.2338688281474,89.9990728811349,11.5));
#10320=CARTESIAN_POINT('Ctrl Pts',(88.1370453791145,92.2888318012955,11.5));
#10321=CARTESIAN_POINT('Ctrl Pts',(79.962929861808,95.229956725122,11.5));
#10322=CARTESIAN_POINT('Ctrl Pts',(68.1471882486335,97.5856054043711,11.5));
#10323=CARTESIAN_POINT('Ctrl Pts',(56.3648262648019,98.7125161193239,11.5));
#10324=CARTESIAN_POINT('Ctrl Pts',(49.2382728995038,98.9503369238756,11.5));
#10325=CARTESIAN_POINT('Ctrl Pts',(46.8681654396565,98.9829563750028,11.5));
#10326=CARTESIAN_POINT('Origin',(46.82,95.4832878063491,11.5));
#10327=CARTESIAN_POINT('Ctrl Pts',(46.8681654396565,98.9829563750028,11.5));
#10328=CARTESIAN_POINT('Ctrl Pts',(46.0176987362028,98.9946612270142,11.5));
#10329=CARTESIAN_POINT('Ctrl Pts',(45.1676213199234,99.,11.6763373518687));
#10330=CARTESIAN_POINT('Ctrl Pts',(44.39,99.,12.0140998915401));
#10331=CARTESIAN_POINT('Ctrl Pts',(46.8681654396565,98.9829563750028,12.5471975511966));
#10332=CARTESIAN_POINT('Ctrl Pts',(46.1637501593711,98.9926031078134,12.5458969133534));
#10333=CARTESIAN_POINT('Ctrl Pts',(45.4576792201109,98.9981192601139,12.6919088548455));
#10334=CARTESIAN_POINT('Ctrl Pts',(44.8141150082346,99.,12.9715700848215));
#10335=CARTESIAN_POINT('Ctrl Pts',(46.8560699032783,98.1041028072637,14.3601368345095));
#10336=CARTESIAN_POINT('Ctrl Pts',(46.4070840862203,98.112557519143,14.3567558690493));
#10337=CARTESIAN_POINT('Ctrl Pts',(45.9575824942242,98.1181465201904,14.4495299520804));
#10338=CARTESIAN_POINT('Ctrl Pts',(45.5483554179763,98.1210632016305,14.6291707199811));
#10339=CARTESIAN_POINT('Ctrl Pts',(46.8308082993844,96.2686115967263,15.));
#10340=CARTESIAN_POINT('Ctrl Pts',(46.479970266247,96.2791971289988,14.9984861618031));
#10341=CARTESIAN_POINT('Ctrl Pts',(46.1277247737678,96.2845373220699,15.072346871795));
#10342=CARTESIAN_POINT('Ctrl Pts',(45.8075,96.2853981633974,15.2142082881417));
#10343=CARTESIAN_POINT('Ctrl Pts',(46.82,95.4832878063491,15.));
#10344=CARTESIAN_POINT('Ctrl Pts',(46.4725405809063,95.4947646890459,15.));
#10345=CARTESIAN_POINT('Ctrl Pts',(46.1252180303524,95.5,15.0734738966121));
#10346=CARTESIAN_POINT('Ctrl Pts',(45.8075,95.5,15.2142082881417));
#10347=CARTESIAN_POINT('',(44.39,99.,12.0140998915401));
#10348=CARTESIAN_POINT('',(45.8075,95.5,15.2142082881417));
#10349=CARTESIAN_POINT('Origin',(44.39,95.5,12.0140998915401));
#10350=CARTESIAN_POINT('Ctrl Pts',(45.8075,95.5,15.2142082881417));
#10351=CARTESIAN_POINT('Ctrl Pts',(46.1252180303524,95.5,15.0734738966121));
#10352=CARTESIAN_POINT('Ctrl Pts',(46.4725405809063,95.4947646890459,15.));
#10353=CARTESIAN_POINT('Ctrl Pts',(46.82,95.4832878063491,15.));
#10354=CARTESIAN_POINT('Ctrl Pts',(46.8681654396565,98.9829563750028,11.5));
#10355=CARTESIAN_POINT('Ctrl Pts',(46.0176987362028,98.9946612270142,11.5));
#10356=CARTESIAN_POINT('Ctrl Pts',(45.1676213199234,99.,11.6763373518687));
#10357=CARTESIAN_POINT('Ctrl Pts',(44.39,99.,12.0140998915401));
#10358=CARTESIAN_POINT('Origin',(46.82,95.5,17.5));
#10359=CARTESIAN_POINT('',(40.82,99.,17.5));
#10360=CARTESIAN_POINT('',(44.32,95.5,17.5));
#10361=CARTESIAN_POINT('Origin',(40.82,95.5,17.5));
#10362=CARTESIAN_POINT('Origin',(46.82,95.5,17.5));
#10363=CARTESIAN_POINT('Origin',(46.82,99.,17.5));
#10364=CARTESIAN_POINT('Origin',(40.82,95.5,18.25));
#10365=CARTESIAN_POINT('',(44.32,95.5,18.25));
#10366=CARTESIAN_POINT('',(40.82,99.,18.25));
#10367=CARTESIAN_POINT('Origin',(-0.180000000000007,95.5,18.25));
#10368=CARTESIAN_POINT('',(-0.180000000000007,99.,18.25));
#10369=CARTESIAN_POINT('',(-3.68000000000001,95.5,18.25));
#10370=CARTESIAN_POINT('Origin',(20.32,95.5,20.5));
#10371=CARTESIAN_POINT('',(20.32,95.5,24.));
#10372=CARTESIAN_POINT('',(20.32,99.,20.5));
#10373=CARTESIAN_POINT('Ctrl Pts',(61.39,-17.,10.));
#10374=CARTESIAN_POINT('Ctrl Pts',(61.39,-17.,15.));
#10375=CARTESIAN_POINT('Ctrl Pts',(67.0599932955185,-17.,10.));
#10376=CARTESIAN_POINT('Ctrl Pts',(67.0599932955185,-17.,15.));
#10377=CARTESIAN_POINT('Ctrl Pts',(72.9593110428007,-16.4095113964469,9.99999999999998));
#10378=CARTESIAN_POINT('Ctrl Pts',(72.9593110428007,-16.4095113964469,15.));
#10379=CARTESIAN_POINT('Ctrl Pts',(82.8113145210092,-14.0552564528299,9.99999999999998));
#10380=CARTESIAN_POINT('Ctrl Pts',(82.8113145210092,-14.0552564528299,15.));
#10381=CARTESIAN_POINT('Ctrl Pts',(86.6123454533773,-12.6189268125981,9.99999999999998));
#10382=CARTESIAN_POINT('Ctrl Pts',(86.6123454533773,-12.6189268125981,15.));
#10383=CARTESIAN_POINT('Ctrl Pts',(91.2090990416556,-9.94151110130861,9.99999999999998));
#10384=CARTESIAN_POINT('Ctrl Pts',(91.2090990416556,-9.94151110130861,15.));
#10385=CARTESIAN_POINT('Ctrl Pts',(92.8146521270388,-8.77245878471161,9.99999999999998));
#10386=CARTESIAN_POINT('Ctrl Pts',(92.8146521270388,-8.77245878471161,15.));
#10387=CARTESIAN_POINT('Ctrl Pts',(94.8113194077398,-6.54226327084761,9.99999999999998));
#10388=CARTESIAN_POINT('Ctrl Pts',(94.8113194077398,-6.54226327084761,15.));
#10389=CARTESIAN_POINT('Ctrl Pts',(95.4514109028835,-5.60605557614642,9.99999999999998));
#10390=CARTESIAN_POINT('Ctrl Pts',(95.4514109028835,-5.60605557614642,15.));
#10391=CARTESIAN_POINT('Ctrl Pts',(96.2057437649086,-3.74990584971533,9.99999999999998));
#10392=CARTESIAN_POINT('Ctrl Pts',(96.2057437649086,-3.74990584971533,15.));
#10393=CARTESIAN_POINT('Ctrl Pts',(96.39,-2.88891002835588,10.));
#10394=CARTESIAN_POINT('Ctrl Pts',(96.39,-2.88891002835588,15.));
#10395=CARTESIAN_POINT('Ctrl Pts',(96.39,-2.00000000000001,10.));
#10396=CARTESIAN_POINT('Ctrl Pts',(96.39,-2.00000000000001,15.));
#10397=CARTESIAN_POINT('',(61.39,-17.,10.));
#10398=CARTESIAN_POINT('',(61.39,-17.,10.));
#10399=CARTESIAN_POINT('',(96.39,-2.00000000000001,10.));
#10400=CARTESIAN_POINT('Ctrl Pts',(61.39,-17.,10.));
#10401=CARTESIAN_POINT('Ctrl Pts',(67.0599932955185,-17.,10.));
#10402=CARTESIAN_POINT('Ctrl Pts',(72.9593110428007,-16.4095113964469,9.99999999999998));
#10403=CARTESIAN_POINT('Ctrl Pts',(78.4347283157163,-15.1010944626081,9.99999999999998));
#10404=CARTESIAN_POINT('Ctrl Pts',(82.8113145210092,-14.0552564528299,9.99999999999998));
#10405=CARTESIAN_POINT('Ctrl Pts',(86.6123454533773,-12.6189268125981,9.99999999999998));
#10406=CARTESIAN_POINT('Ctrl Pts',(89.5810038453166,-10.8898081058008,9.99999999999998));
#10407=CARTESIAN_POINT('Ctrl Pts',(91.2090990416556,-9.94151110130861,9.99999999999998));
#10408=CARTESIAN_POINT('Ctrl Pts',(92.8146521270388,-8.77245878471161,9.99999999999998));
#10409=CARTESIAN_POINT('Ctrl Pts',(94.0671641351314,-7.37345420918301,9.99999999999998));
#10410=CARTESIAN_POINT('Ctrl Pts',(94.8113194077398,-6.54226327084761,9.99999999999998));
#10411=CARTESIAN_POINT('Ctrl Pts',(95.4514109028835,-5.60605557614642,9.99999999999998));
#10412=CARTESIAN_POINT('Ctrl Pts',(95.8709149657098,-4.57380258724519,9.99999999999998));
#10413=CARTESIAN_POINT('Ctrl Pts',(96.2057437649086,-3.74990584971533,9.99999999999998));
#10414=CARTESIAN_POINT('Ctrl Pts',(96.39,-2.88891002835588,10.));
#10415=CARTESIAN_POINT('Ctrl Pts',(96.39,-2.00000000000001,10.));
#10416=CARTESIAN_POINT('',(96.39,-2.00000000000001,10.));
#10417=CARTESIAN_POINT('Origin',(-20.75,-17.,10.));
#10418=CARTESIAN_POINT('',(-20.75,-17.,10.));
#10419=CARTESIAN_POINT('',(-20.75,-17.,10.));
#10420=CARTESIAN_POINT('',(61.39,-17.,10.));
#10421=CARTESIAN_POINT('Ctrl Pts',(-55.75,-2.00000000000001,10.));
#10422=CARTESIAN_POINT('Ctrl Pts',(-55.75,-2.00000000000001,15.));
#10423=CARTESIAN_POINT('Ctrl Pts',(-55.75,-2.49235338666059,10.));
#10424=CARTESIAN_POINT('Ctrl Pts',(-55.75,-2.49235338666059,15.));
#10425=CARTESIAN_POINT('Ctrl Pts',(-55.6934412474123,-2.97941087423151,
10.));
#10426=CARTESIAN_POINT('Ctrl Pts',(-55.6934412474123,-2.97941087423151,
15.));
#10427=CARTESIAN_POINT('Ctrl Pts',(-55.4659419612234,-3.97673643358222,
10.));
#10428=CARTESIAN_POINT('Ctrl Pts',(-55.4659419612234,-3.97673643358222,
15.));
#10429=CARTESIAN_POINT('Ctrl Pts',(-55.288625724511,-4.47648323900863,10.));
#10430=CARTESIAN_POINT('Ctrl Pts',(-55.288625724511,-4.47648323900863,15.));
#10431=CARTESIAN_POINT('Ctrl Pts',(-54.5335397233614,-6.08590832796124,
10.));
#10432=CARTESIAN_POINT('Ctrl Pts',(-54.5335397233614,-6.08590832796124,
15.));
#10433=CARTESIAN_POINT('Ctrl Pts',(-53.7455633700985,-7.09400269971114,
10.));
#10434=CARTESIAN_POINT('Ctrl Pts',(-53.7455633700985,-7.09400269971114,
15.));
#10435=CARTESIAN_POINT('Ctrl Pts',(-51.0204126036886,-9.78512649862716,
10.));
#10436=CARTESIAN_POINT('Ctrl Pts',(-51.0204126036886,-9.78512649862716,
15.));
#10437=CARTESIAN_POINT('Ctrl Pts',(-48.3654399355439,-11.4253712497798,
10.));
#10438=CARTESIAN_POINT('Ctrl Pts',(-48.3654399355439,-11.4253712497798,
15.));
#10439=CARTESIAN_POINT('Ctrl Pts',(-38.5232610123577,-15.4926990790921,
10.));
#10440=CARTESIAN_POINT('Ctrl Pts',(-38.5232610123577,-15.4926990790921,
15.));
#10441=CARTESIAN_POINT('Ctrl Pts',(-29.8089659067766,-17.,10.));
#10442=CARTESIAN_POINT('Ctrl Pts',(-29.8089659067766,-17.,15.));
#10443=CARTESIAN_POINT('Ctrl Pts',(-20.75,-17.,10.));
#10444=CARTESIAN_POINT('Ctrl Pts',(-20.75,-17.,15.));
#10445=CARTESIAN_POINT('',(-55.75,-2.00000000000001,10.));
#10446=CARTESIAN_POINT('',(-55.75,-2.00000000000001,10.));
#10447=CARTESIAN_POINT('Ctrl Pts',(-55.75,-2.00000000000001,10.));
#10448=CARTESIAN_POINT('Ctrl Pts',(-55.75,-2.49235338666059,10.));
#10449=CARTESIAN_POINT('Ctrl Pts',(-55.6934412474123,-2.97941087423151,
10.));
#10450=CARTESIAN_POINT('Ctrl Pts',(-55.5839376357142,-3.45945963665741,
10.));
#10451=CARTESIAN_POINT('Ctrl Pts',(-55.4659419612234,-3.97673643358222,
10.));
#10452=CARTESIAN_POINT('Ctrl Pts',(-55.288625724511,-4.47648323900863,10.));
#10453=CARTESIAN_POINT('Ctrl Pts',(-55.0632400055726,-4.95688074366205,
10.));
#10454=CARTESIAN_POINT('Ctrl Pts',(-54.5335397233614,-6.08590832796124,
10.));
#10455=CARTESIAN_POINT('Ctrl Pts',(-53.7455633700985,-7.09400269971114,
10.));
#10456=CARTESIAN_POINT('Ctrl Pts',(-52.8567460824452,-7.97172197498009,
10.));
#10457=CARTESIAN_POINT('Ctrl Pts',(-51.0204126036886,-9.78512649862716,
10.));
#10458=CARTESIAN_POINT('Ctrl Pts',(-48.3654399355439,-11.4253712497798,
10.));
#10459=CARTESIAN_POINT('Ctrl Pts',(-45.0444253800213,-12.7977965052694,
10.));
#10460=CARTESIAN_POINT('Ctrl Pts',(-38.5232610123577,-15.4926990790921,
10.));
#10461=CARTESIAN_POINT('Ctrl Pts',(-29.8089659067766,-17.,10.));
#10462=CARTESIAN_POINT('Ctrl Pts',(-20.75,-17.,10.));
#10463=CARTESIAN_POINT('Origin',(-55.75,84.,10.));
#10464=CARTESIAN_POINT('',(-55.75,84.,10.));
#10465=CARTESIAN_POINT('Ctrl Pts',(-55.75,84.,10.));
#10466=CARTESIAN_POINT('Ctrl Pts',(-55.75,84.,10.5));
#10467=CARTESIAN_POINT('Ctrl Pts',(-55.75,84.,11.));
#10468=CARTESIAN_POINT('Ctrl Pts',(-55.75,84.,11.5));
#10469=CARTESIAN_POINT('',(-55.75,84.,10.));
#10470=CARTESIAN_POINT('Ctrl Pts',(-3.75,99.,10.));
#10471=CARTESIAN_POINT('Ctrl Pts',(-3.75,99.,10.6713666305134));
#10472=CARTESIAN_POINT('Ctrl Pts',(-3.75,99.,11.3427332610268));
#10473=CARTESIAN_POINT('Ctrl Pts',(-3.75,99.,12.0140998915401));
#10474=CARTESIAN_POINT('Ctrl Pts',(-7.25186215444766,99.,10.));
#10475=CARTESIAN_POINT('Ctrl Pts',(-7.25186215444766,99.,10.6713666305134));
#10476=CARTESIAN_POINT('Ctrl Pts',(-7.25186215444766,99.,11.3427332610268));
#10477=CARTESIAN_POINT('Ctrl Pts',(-7.25186215444766,99.,12.0140998915401));
#10478=CARTESIAN_POINT('Ctrl Pts',(-14.5549041425827,98.7932570353953,10.));
#10479=CARTESIAN_POINT('Ctrl Pts',(-14.5549041425827,98.7932570353953,10.6713666305134));
#10480=CARTESIAN_POINT('Ctrl Pts',(-14.5549041425827,98.7932570353953,11.3427332610268));
#10481=CARTESIAN_POINT('Ctrl Pts',(-14.5549041425827,98.7932570353953,12.0140998915401));
#10482=CARTESIAN_POINT('Ctrl Pts',(-27.6032060738608,97.568397909273,10.));
#10483=CARTESIAN_POINT('Ctrl Pts',(-27.6032060738608,97.568397909273,10.6713666305134));
#10484=CARTESIAN_POINT('Ctrl Pts',(-27.6032060738608,97.568397909273,11.3427332610268));
#10485=CARTESIAN_POINT('Ctrl Pts',(-27.6032060738608,97.568397909273,12.0140998915401));
#10486=CARTESIAN_POINT('Ctrl Pts',(-37.8800491353005,95.5203945911271,10.));
#10487=CARTESIAN_POINT('Ctrl Pts',(-37.8800491353005,95.5203945911271,10.6713666305134));
#10488=CARTESIAN_POINT('Ctrl Pts',(-37.8800491353005,95.5203945911271,11.3427332610268));
#10489=CARTESIAN_POINT('Ctrl Pts',(-37.8800491353005,95.5203945911271,12.0140998915401));
#10490=CARTESIAN_POINT('Ctrl Pts',(-46.0633252014475,92.8574445224183,10.));
#10491=CARTESIAN_POINT('Ctrl Pts',(-46.0633252014475,92.8574445224183,10.6713666305134));
#10492=CARTESIAN_POINT('Ctrl Pts',(-46.0633252014475,92.8574445224183,11.3427332610268));
#10493=CARTESIAN_POINT('Ctrl Pts',(-46.0633252014475,92.8574445224183,12.0140998915401));
#10494=CARTESIAN_POINT('Ctrl Pts',(-51.3831100971325,90.3422373381469,10.));
#10495=CARTESIAN_POINT('Ctrl Pts',(-51.3831100971325,90.3422373381469,10.6713666305134));
#10496=CARTESIAN_POINT('Ctrl Pts',(-51.3831100971325,90.3422373381469,11.3427332610268));
#10497=CARTESIAN_POINT('Ctrl Pts',(-51.3831100971325,90.3422373381469,12.0140998915401));
#10498=CARTESIAN_POINT('Ctrl Pts',(-55.0378243548433,87.1166849174349,10.));
#10499=CARTESIAN_POINT('Ctrl Pts',(-55.0378243548433,87.1166849174349,10.6713666305134));
#10500=CARTESIAN_POINT('Ctrl Pts',(-55.0378243548433,87.1166849174349,11.3427332610268));
#10501=CARTESIAN_POINT('Ctrl Pts',(-55.0378243548433,87.1166849174349,12.0140998915401));
#10502=CARTESIAN_POINT('Ctrl Pts',(-55.75,85.0101525445522,10.));
#10503=CARTESIAN_POINT('Ctrl Pts',(-55.75,85.0101525445522,10.6713666305134));
#10504=CARTESIAN_POINT('Ctrl Pts',(-55.75,85.0101525445522,11.3427332610268));
#10505=CARTESIAN_POINT('Ctrl Pts',(-55.75,85.0101525445522,12.0140998915401));
#10506=CARTESIAN_POINT('Ctrl Pts',(-55.75,84.,10.));
#10507=CARTESIAN_POINT('Ctrl Pts',(-55.75,84.,10.6713666305134));
#10508=CARTESIAN_POINT('Ctrl Pts',(-55.75,84.,11.3427332610268));
#10509=CARTESIAN_POINT('Ctrl Pts',(-55.75,84.,12.0140998915401));
#10510=CARTESIAN_POINT('',(-3.75,99.,10.));
#10511=CARTESIAN_POINT('Ctrl Pts',(-3.75,99.,12.0140998915401));
#10512=CARTESIAN_POINT('Ctrl Pts',(-3.75,99.,11.3427332610268));
#10513=CARTESIAN_POINT('Ctrl Pts',(-3.75,99.,10.6713666305134));
#10514=CARTESIAN_POINT('Ctrl Pts',(-3.75,99.,10.));
#10515=CARTESIAN_POINT('Ctrl Pts',(-3.75,99.,10.));
#10516=CARTESIAN_POINT('Ctrl Pts',(-7.25186215444766,99.,10.));
#10517=CARTESIAN_POINT('Ctrl Pts',(-10.9033831485152,98.8966285176976,10.));
#10518=CARTESIAN_POINT('Ctrl Pts',(-14.5931867785887,98.6699629013861,10.));
#10519=CARTESIAN_POINT('Ctrl Pts',(-18.2829904086622,98.4432972850746,10.));
#10520=CARTESIAN_POINT('Ctrl Pts',(-22.0110766747416,98.093337534754,10.));
#10521=CARTESIAN_POINT('Ctrl Pts',(-25.6181741759146,97.6102945754755,10.));
#10522=CARTESIAN_POINT('Ctrl Pts',(-31.028820427674,96.8857301365577,10.));
#10523=CARTESIAN_POINT('Ctrl Pts',(-36.1672419583939,95.8617284774847,10.));
#10524=CARTESIAN_POINT('Ctrl Pts',(-40.520575865879,94.6071217869507,10.));
#10525=CARTESIAN_POINT('Ctrl Pts',(-41.971687168374,94.1889195567727,10.));
#10526=CARTESIAN_POINT('Ctrl Pts',(-43.3355665127318,93.7450945453212,10.));
#10527=CARTESIAN_POINT('Ctrl Pts',(-44.5994717353494,93.2815307254021,10.));
#10528=CARTESIAN_POINT('Ctrl Pts',(-47.1272821805845,92.354403085564,10.));
#10529=CARTESIAN_POINT('Ctrl Pts',(-49.2551961388585,91.3483202118555,10.));
#10530=CARTESIAN_POINT('Ctrl Pts',(-50.9282721609473,90.3076867048825,10.));
#10531=CARTESIAN_POINT('Ctrl Pts',(-52.6013481830361,89.2670531979096,10.));
#10532=CARTESIAN_POINT('Ctrl Pts',(-53.8195862689397,88.1918690576722,10.));
#10533=CARTESIAN_POINT('Ctrl Pts',(-54.6067492231807,87.1276438943329,10.));
#10534=CARTESIAN_POINT('Ctrl Pts',(-55.3939121774217,86.0634187309935,10.));
#10535=CARTESIAN_POINT('Ctrl Pts',(-55.75,85.0101525445522,10.));
#10536=CARTESIAN_POINT('Ctrl Pts',(-55.75,84.,10.));
#10537=CARTESIAN_POINT('Origin',(46.82,26.25,17.5));
#10538=CARTESIAN_POINT('',(44.32,22.5,17.5));
#10539=CARTESIAN_POINT('',(44.32,26.25,17.5));
#10540=CARTESIAN_POINT('Origin',(46.82,16.5,17.5));
#10541=CARTESIAN_POINT('Origin',(44.32,19.,15.));
#10542=CARTESIAN_POINT('',(44.32,22.5,21.));
#10543=CARTESIAN_POINT('',(44.32,35.25,21.));
#10544=CARTESIAN_POINT('',(44.32,22.5,15.));
#10545=CARTESIAN_POINT('Origin',(41.32,35.25,21.));
#10546=CARTESIAN_POINT('',(41.32,22.5,24.));
#10547=CARTESIAN_POINT('',(41.32,35.25,24.));
#10548=CARTESIAN_POINT('Origin',(41.32,22.5,21.));
#10549=CARTESIAN_POINT('Origin',(20.32,51.5,24.));
#10550=CARTESIAN_POINT('',(-0.680000000000007,22.5,24.));
#10551=CARTESIAN_POINT('',(-0.680000000000006,67.75,24.));
#10552=CARTESIAN_POINT('',(-0.180000000000007,22.,24.));
#10553=CARTESIAN_POINT('Origin',(-0.180000000000007,22.5,24.));
#10554=CARTESIAN_POINT('',(40.82,22.,24.));
#10555=CARTESIAN_POINT('',(8.32,22.,24.));
#10556=CARTESIAN_POINT('Origin',(40.82,22.5,24.));
#10557=CARTESIAN_POINT('Origin',(-0.680000000000006,67.75,21.));
#10558=CARTESIAN_POINT('',(-3.68000000000001,22.5,21.));
#10559=CARTESIAN_POINT('',(-3.68000000000001,67.75,21.));
#10560=CARTESIAN_POINT('Origin',(-0.680000000000007,22.5,21.));
#10561=CARTESIAN_POINT('Origin',(-3.68000000000001,84.,15.));
#10562=CARTESIAN_POINT('',(-3.68000000000001,22.5,17.5));
#10563=CARTESIAN_POINT('',(-3.68000000000001,58.75,17.5));
#10564=CARTESIAN_POINT('',(-3.68000000000001,22.5,15.));
#10565=CARTESIAN_POINT('Ctrl Pts',(41.32,22.5,24.));
#10566=CARTESIAN_POINT('Ctrl Pts',(41.32,22.,24.));
#10567=CARTESIAN_POINT('Ctrl Pts',(40.82,22.,24.));
#10568=CARTESIAN_POINT('Ctrl Pts',(44.32,22.5,24.));
#10569=CARTESIAN_POINT('Ctrl Pts',(44.32,19.,24.));
#10570=CARTESIAN_POINT('Ctrl Pts',(40.82,19.,24.));
#10571=CARTESIAN_POINT('Ctrl Pts',(44.32,22.5,21.));
#10572=CARTESIAN_POINT('Ctrl Pts',(44.32,19.,21.));
#10573=CARTESIAN_POINT('Ctrl Pts',(40.82,19.,21.));
#10574=CARTESIAN_POINT('',(40.82,19.,21.));
#10575=CARTESIAN_POINT('Origin',(40.82,22.,21.));
#10576=CARTESIAN_POINT('Origin',(40.82,22.5,21.));
#10577=CARTESIAN_POINT('Origin',(8.32,22.,21.));
#10578=CARTESIAN_POINT('',(-0.180000000000007,19.,21.));
#10579=CARTESIAN_POINT('Origin',(-0.180000000000007,22.,21.));
#10580=CARTESIAN_POINT('',(8.32,19.,21.));
#10581=CARTESIAN_POINT('Ctrl Pts',(-0.180000000000007,22.,24.));
#10582=CARTESIAN_POINT('Ctrl Pts',(-0.680000000000005,22.,24.));
#10583=CARTESIAN_POINT('Ctrl Pts',(-0.680000000000005,22.5,24.));
#10584=CARTESIAN_POINT('Ctrl Pts',(-0.180000000000007,19.,24.));
#10585=CARTESIAN_POINT('Ctrl Pts',(-3.68000000000001,19.,24.));
#10586=CARTESIAN_POINT('Ctrl Pts',(-3.68000000000001,22.5,24.));
#10587=CARTESIAN_POINT('Ctrl Pts',(-0.180000000000007,19.,21.));
#10588=CARTESIAN_POINT('Ctrl Pts',(-3.68000000000001,19.,21.));
#10589=CARTESIAN_POINT('Ctrl Pts',(-3.68000000000001,22.5,21.));
#10590=CARTESIAN_POINT('Origin',(-0.180000000000007,22.5,21.));
#10591=CARTESIAN_POINT('Origin',(20.32,99.,21.5));
#10592=CARTESIAN_POINT('',(44.39,99.,10.));
#10593=CARTESIAN_POINT('Ctrl Pts',(44.39,99.,10.));
#10594=CARTESIAN_POINT('Ctrl Pts',(44.39,99.,10.6713666305134));
#10595=CARTESIAN_POINT('Ctrl Pts',(44.39,99.,11.3427332610268));
#10596=CARTESIAN_POINT('Ctrl Pts',(44.39,99.,12.0140998915402));
#10597=CARTESIAN_POINT('',(39.32,99.,10.));
#10598=CARTESIAN_POINT('',(96.39,99.,10.));
#10599=CARTESIAN_POINT('',(39.32,99.,10.));
#10600=CARTESIAN_POINT('',(1.32,99.,10.));
#10601=CARTESIAN_POINT('',(1.32,99.,10.));
#10602=CARTESIAN_POINT('',(96.39,99.,10.));
#10603=CARTESIAN_POINT('Ctrl Pts',(-3.68000000000001,22.5,17.5));
#10604=CARTESIAN_POINT('Ctrl Pts',(-3.68000000000001,22.5,17.3130004372863));
#10605=CARTESIAN_POINT('Ctrl Pts',(-3.74265150714072,22.3496363828623,16.7518738723832));
#10606=CARTESIAN_POINT('Ctrl Pts',(-4.15846240400364,21.3516902303913,15.8880023829599));
#10607=CARTESIAN_POINT('Ctrl Pts',(-5.05829087028572,19.1921019113143,15.1707326362947));
#10608=CARTESIAN_POINT('Ctrl Pts',(-5.80600087457265,17.3975979010256,15.));
#10609=CARTESIAN_POINT('Ctrl Pts',(-6.18000000000001,16.5,15.));
#10610=CARTESIAN_POINT('Ctrl Pts',(-3.68000000000001,21.4528024488034,17.5));
#10611=CARTESIAN_POINT('Ctrl Pts',(-3.68000000000001,21.4528024488034,17.3924122823191));
#10612=CARTESIAN_POINT('Ctrl Pts',(-3.68372625888835,21.367611650029,17.0771134941021));
#10613=CARTESIAN_POINT('Ctrl Pts',(-3.84419108850879,20.6964402390679,16.2743892344784));
#10614=CARTESIAN_POINT('Ctrl Pts',(-4.75723110544911,18.8939539671179,15.2652576108965));
#10615=CARTESIAN_POINT('Ctrl Pts',(-5.70626777445869,17.2978648009117,15.));
#10616=CARTESIAN_POINT('Ctrl Pts',(-6.18000000000001,16.5,15.));
#10617=CARTESIAN_POINT('Ctrl Pts',(-2.80194626924274,19.6391982046274,17.5));
#10618=CARTESIAN_POINT('Ctrl Pts',(-2.80194626924274,19.6391982046274,17.4610057068692));
#10619=CARTESIAN_POINT('Ctrl Pts',(-2.78827751346543,19.6640238406847,17.3607307039533));
#10620=CARTESIAN_POINT('Ctrl Pts',(-2.97125450311172,19.5464427851075,16.5867709585586));
#10621=CARTESIAN_POINT('Ctrl Pts',(-4.2353990215497,18.3698802119818,15.3340218035141));
#10622=CARTESIAN_POINT('Ctrl Pts',(-5.53173484925926,17.1233318757122,15.));
#10623=CARTESIAN_POINT('Ctrl Pts',(-6.18000000000001,16.5,15.));
#10624=CARTESIAN_POINT('Ctrl Pts',(-0.965398163397459,19.,17.5));
#10625=CARTESIAN_POINT('Ctrl Pts',(-0.965398163397459,19.,17.3717345795517));
#10626=CARTESIAN_POINT('Ctrl Pts',(-1.06663455138598,18.9817561591354,16.9932018731297));
#10627=CARTESIAN_POINT('Ctrl Pts',(-1.82163212444083,18.7555158006903,16.1767137694022));
#10628=CARTESIAN_POINT('Ctrl Pts',(-3.71253699134041,17.8465763468643,15.2423294047981));
#10629=CARTESIAN_POINT('Ctrl Pts',(-5.35720192405982,16.9487989505128,15.));
#10630=CARTESIAN_POINT('Ctrl Pts',(-6.18000000000001,16.5,15.));
#10631=CARTESIAN_POINT('Ctrl Pts',(-0.180000000000011,19.,17.5));
#10632=CARTESIAN_POINT('Ctrl Pts',(-0.180000000000011,19.,17.3130004372863));
#10633=CARTESIAN_POINT('Ctrl Pts',(-0.330363617137728,18.9373484928593,
16.7518738723832));
#10634=CARTESIAN_POINT('Ctrl Pts',(-1.32830976960873,18.5215375959964,15.8880023829599));
#10635=CARTESIAN_POINT('Ctrl Pts',(-3.48789808868572,17.6217091297143,15.1707326362947));
#10636=CARTESIAN_POINT('Ctrl Pts',(-5.28240209897435,16.8739991254273,15.));
#10637=CARTESIAN_POINT('Ctrl Pts',(-6.18000000000001,16.5,15.));
#10638=CARTESIAN_POINT('',(-0.18000000000001,19.,17.5));
#10639=CARTESIAN_POINT('Origin',(-0.180000000000011,22.5,17.5));
#10640=CARTESIAN_POINT('Origin',(-6.18000000000001,16.5,17.5));
#10641=CARTESIAN_POINT('Origin',(-6.18000000000001,16.5,17.5));
#10642=CARTESIAN_POINT('Origin',(-0.180000000000007,22.5,15.));
#10643=CARTESIAN_POINT('',(-0.180000000000007,19.,15.));
#10644=CARTESIAN_POINT('Origin',(-3.68,19.,15.));
#10645=CARTESIAN_POINT('',(40.82,19.,17.5));
#10646=CARTESIAN_POINT('',(8.32,19.,17.5));
#10647=CARTESIAN_POINT('',(40.82,19.,15.));
#10648=CARTESIAN_POINT('Origin',(8.32,16.5,17.5));
#10649=CARTESIAN_POINT('Origin',(46.82,16.5,17.5));
#10650=CARTESIAN_POINT('Ctrl Pts',(40.82,19.,17.5));
#10651=CARTESIAN_POINT('Ctrl Pts',(40.82,19.,17.3130004372863));
#10652=CARTESIAN_POINT('Ctrl Pts',(40.9703563065231,18.9373515389487,16.7518854519648));
#10653=CARTESIAN_POINT('Ctrl Pts',(41.9683023959545,18.5215406683523,15.8880195628325));
#10654=CARTESIAN_POINT('Ctrl Pts',(44.1278939873109,17.6217108386204,15.1707740780904));
#10655=CARTESIAN_POINT('Ctrl Pts',(45.9224020989743,16.8739991254273,15.));
#10656=CARTESIAN_POINT('Ctrl Pts',(46.82,16.5,15.));
#10657=CARTESIAN_POINT('Ctrl Pts',(41.8671975511966,19.,17.5));
#10658=CARTESIAN_POINT('Ctrl Pts',(41.8671975511966,19.,17.3924122823191));
#10659=CARTESIAN_POINT('Ctrl Pts',(41.9522213647234,18.9965961022708,17.077610553568));
#10660=CARTESIAN_POINT('Ctrl Pts',(42.6232686373133,18.8364198860042,16.2748920489364));
#10661=CARTESIAN_POINT('Ctrl Pts',(44.4257428935778,17.9234404041608,15.2655612180758));
#10662=CARTESIAN_POINT('Ctrl Pts',(46.0221351990883,16.9737322255413,15.));
#10663=CARTESIAN_POINT('Ctrl Pts',(46.82,16.5,15.));
#10664=CARTESIAN_POINT('Ctrl Pts',(43.6803907228136,19.8785996348596,17.5));
#10665=CARTESIAN_POINT('Ctrl Pts',(43.6803907228136,19.8785996348596,17.4610057068692));
#10666=CARTESIAN_POINT('Ctrl Pts',(43.65559399481,19.8921923208537,17.3606685054397));
#10667=CARTESIAN_POINT('Ctrl Pts',(43.7733489251823,19.7089877759777,16.5868181776782));
#10668=CARTESIAN_POINT('Ctrl Pts',(44.9500008466597,18.444716925674,15.3341371765105));
#10669=CARTESIAN_POINT('Ctrl Pts',(46.1966681242877,17.1482651507407,15.));
#10670=CARTESIAN_POINT('Ctrl Pts',(46.82,16.5,15.));
#10671=CARTESIAN_POINT('Ctrl Pts',(44.32,21.7146018366025,17.5));
#10672=CARTESIAN_POINT('Ctrl Pts',(44.32,21.7146018366025,17.3717345795517));
#10673=CARTESIAN_POINT('Ctrl Pts',(44.3381428610692,21.6133385983831,16.9932597032661));
#10674=CARTESIAN_POINT('Ctrl Pts',(44.5643187738346,20.8582672519361,16.1768169152134));
#10675=CARTESIAN_POINT('Ctrl Pts',(45.4732317353941,18.9673486741645,15.2424646866969));
#10676=CARTESIAN_POINT('Ctrl Pts',(46.3712010494872,17.3227980759402,15.));
#10677=CARTESIAN_POINT('Ctrl Pts',(46.82,16.5,15.));
#10678=CARTESIAN_POINT('Ctrl Pts',(44.32,22.5,17.5));
#10679=CARTESIAN_POINT('Ctrl Pts',(44.32,22.5,17.3130004372863));
#10680=CARTESIAN_POINT('Ctrl Pts',(44.3826484610513,22.3496436934769,16.7518854519648));
#10681=CARTESIAN_POINT('Ctrl Pts',(44.7984593316477,21.3516976040455,15.8880195628325));
#10682=CARTESIAN_POINT('Ctrl Pts',(45.6982891613795,19.1921060126891,15.1707740780904));
#10683=CARTESIAN_POINT('Ctrl Pts',(46.4460008745726,17.3975979010256,15.));
#10684=CARTESIAN_POINT('Ctrl Pts',(46.82,16.5,15.));
#10685=CARTESIAN_POINT('Origin',(40.82,22.5,17.5));
#10686=CARTESIAN_POINT('Origin',(40.82,22.5,15.));
#10687=CARTESIAN_POINT('Origin',(-6.18000000000001,58.75,17.5));
#10688=CARTESIAN_POINT('Ctrl Pts',(44.39,99.,12.0140998915402));
#10689=CARTESIAN_POINT('Ctrl Pts',(44.39,99.,11.3427332610268));
#10690=CARTESIAN_POINT('Ctrl Pts',(44.39,99.,10.6713666305134));
#10691=CARTESIAN_POINT('Ctrl Pts',(44.39,99.,10.));
#10692=CARTESIAN_POINT('Ctrl Pts',(47.8918621544477,99.,12.0140998915402));
#10693=CARTESIAN_POINT('Ctrl Pts',(47.8918621544477,99.,11.3427332610268));
#10694=CARTESIAN_POINT('Ctrl Pts',(47.8918621544477,99.,10.6713666305134));
#10695=CARTESIAN_POINT('Ctrl Pts',(47.8918621544477,99.,10.));
#10696=CARTESIAN_POINT('Ctrl Pts',(55.1949058760159,98.7932535084445,12.0140998915402));
#10697=CARTESIAN_POINT('Ctrl Pts',(55.1949058760159,98.7932535084445,11.3427332610268));
#10698=CARTESIAN_POINT('Ctrl Pts',(55.1949058760159,98.7932535084445,10.6713666305134));
#10699=CARTESIAN_POINT('Ctrl Pts',(55.1949058760159,98.7932535084445,10.));
#10700=CARTESIAN_POINT('Ctrl Pts',(68.2431737808128,97.5683893513402,12.0140998915402));
#10701=CARTESIAN_POINT('Ctrl Pts',(68.2431737808128,97.5683893513402,11.3427332610268));
#10702=CARTESIAN_POINT('Ctrl Pts',(68.2431737808128,97.5683893513402,10.6713666305134));
#10703=CARTESIAN_POINT('Ctrl Pts',(68.2431737808128,97.5683893513402,10.));
#10704=CARTESIAN_POINT('Ctrl Pts',(78.5199786742442,95.5203658736047,12.0140998915402));
#10705=CARTESIAN_POINT('Ctrl Pts',(78.5199786742442,95.5203658736047,11.3427332610268));
#10706=CARTESIAN_POINT('Ctrl Pts',(78.5199786742442,95.5203658736047,10.6713666305134));
#10707=CARTESIAN_POINT('Ctrl Pts',(78.5199786742442,95.5203658736047,10.));
#10708=CARTESIAN_POINT('Ctrl Pts',(86.7032567288057,92.8574234206231,12.0140998915402));
#10709=CARTESIAN_POINT('Ctrl Pts',(86.7032567288057,92.8574234206231,11.3427332610268));
#10710=CARTESIAN_POINT('Ctrl Pts',(86.7032567288057,92.8574234206231,10.6713666305134));
#10711=CARTESIAN_POINT('Ctrl Pts',(86.7032567288057,92.8574234206231,10.));
#10712=CARTESIAN_POINT('Ctrl Pts',(92.0230057085992,90.3422122372473,12.0140998915402));
#10713=CARTESIAN_POINT('Ctrl Pts',(92.0230057085992,90.3422122372473,11.3427332610268));
#10714=CARTESIAN_POINT('Ctrl Pts',(92.0230057085992,90.3422122372473,10.6713666305134));
#10715=CARTESIAN_POINT('Ctrl Pts',(92.0230057085992,90.3422122372473,10.));
#10716=CARTESIAN_POINT('Ctrl Pts',(95.677766387013,87.1166688042521,12.0140998915402));
#10717=CARTESIAN_POINT('Ctrl Pts',(95.677766387013,87.1166688042521,11.3427332610268));
#10718=CARTESIAN_POINT('Ctrl Pts',(95.677766387013,87.1166688042521,10.6713666305134));
#10719=CARTESIAN_POINT('Ctrl Pts',(95.677766387013,87.1166688042521,10.));
#10720=CARTESIAN_POINT('Ctrl Pts',(96.39,85.0101525445522,12.0140998915402));
#10721=CARTESIAN_POINT('Ctrl Pts',(96.39,85.0101525445522,11.3427332610268));
#10722=CARTESIAN_POINT('Ctrl Pts',(96.39,85.0101525445522,10.6713666305134));
#10723=CARTESIAN_POINT('Ctrl Pts',(96.39,85.0101525445522,10.));
#10724=CARTESIAN_POINT('Ctrl Pts',(96.39,84.,12.0140998915402));
#10725=CARTESIAN_POINT('Ctrl Pts',(96.39,84.,11.3427332610268));
#10726=CARTESIAN_POINT('Ctrl Pts',(96.39,84.,10.6713666305134));
#10727=CARTESIAN_POINT('Ctrl Pts',(96.39,84.,10.));
#10728=CARTESIAN_POINT('',(96.39,84.,10.));
#10729=CARTESIAN_POINT('Ctrl Pts',(96.39,84.,11.5));
#10730=CARTESIAN_POINT('Ctrl Pts',(96.39,84.,11.));
#10731=CARTESIAN_POINT('Ctrl Pts',(96.39,84.,10.5));
#10732=CARTESIAN_POINT('Ctrl Pts',(96.39,84.,10.));
#10733=CARTESIAN_POINT('Ctrl Pts',(96.39,84.,10.));
#10734=CARTESIAN_POINT('Ctrl Pts',(96.39,85.0101525445522,10.));
#10735=CARTESIAN_POINT('Ctrl Pts',(96.0338831935065,86.0634106744021,10.));
#10736=CARTESIAN_POINT('Ctrl Pts',(95.2466980105241,87.127630311493,10.));
#10737=CARTESIAN_POINT('Ctrl Pts',(94.4595128275417,88.1918499485839,10.));
#10738=CARTESIAN_POINT('Ctrl Pts',(93.2412592680704,89.2670310929156,10.));
#10739=CARTESIAN_POINT('Ctrl Pts',(91.5681826923761,90.3076639017566,10.));
#10740=CARTESIAN_POINT('Ctrl Pts',(89.8951061166818,91.3482967105976,10.));
#10741=CARTESIAN_POINT('Ctrl Pts',(87.7672065247644,92.354381183948,10.));
#10742=CARTESIAN_POINT('Ctrl Pts',(85.2394004264449,93.2815076646162,10.));
#10743=CARTESIAN_POINT('Ctrl Pts',(83.9754973772852,93.7450709049503,10.));
#10744=CARTESIAN_POINT('Ctrl Pts',(82.6116177015249,94.1888946471139,10.));
#10745=CARTESIAN_POINT('Ctrl Pts',(81.1605077408118,94.6070967653089,10.));
#10746=CARTESIAN_POINT('Ctrl Pts',(76.8071778586723,95.8617031198939,10.));
#10747=CARTESIAN_POINT('Ctrl Pts',(71.6687754119566,96.8857148587617,10.));
#10748=CARTESIAN_POINT('Ctrl Pts',(66.2581455434654,97.6102846232785,10.));
#10749=CARTESIAN_POINT('Ctrl Pts',(62.6510589644713,98.0933311329564,10.));
#10750=CARTESIAN_POINT('Ctrl Pts',(58.9229824202436,98.4432923207004,10.));
#10751=CARTESIAN_POINT('Ctrl Pts',(55.2331832177377,98.6699595374613,10.));
#10752=CARTESIAN_POINT('Ctrl Pts',(51.5433840152318,98.8966267542223,10.));
#10753=CARTESIAN_POINT('Ctrl Pts',(47.8918621544477,99.,10.));
#10754=CARTESIAN_POINT('Ctrl Pts',(44.39,99.,10.));
#10755=CARTESIAN_POINT('Origin',(20.32,33.5,10.));
#10756=CARTESIAN_POINT('',(96.39,-2.00000000000001,10.));
#10757=CARTESIAN_POINT('',(1.32,79.,10.));
#10758=CARTESIAN_POINT('',(1.32,58.75,10.));
#10759=CARTESIAN_POINT('',(1.25,79.,10.));
#10760=CARTESIAN_POINT('',(91.39,79.,10.));
#10761=CARTESIAN_POINT('',(1.25,24.,10.));
#10762=CARTESIAN_POINT('',(1.25,79.,10.));
#10763=CARTESIAN_POINT('',(-50.75,24.,10.));
#10764=CARTESIAN_POINT('',(39.32,79.,10.));
#10765=CARTESIAN_POINT('',(91.39,79.,10.));
#10766=CARTESIAN_POINT('',(39.32,84.,10.));
#10767=CARTESIAN_POINT('Origin',(-50.75,79.,10.));
#10768=CARTESIAN_POINT('',(1.25,79.,10.));
#10769=CARTESIAN_POINT('',(1.32,79.,10.));
#10770=CARTESIAN_POINT('Origin',(91.39,24.,10.));
#10771=CARTESIAN_POINT('',(1.25,24.,10.));
#10772=CARTESIAN_POINT('Origin',(1.25,2.99999999999999,10.));
#10773=CARTESIAN_POINT('Origin',(39.32,79.,10.));
#10774=CARTESIAN_POINT('',(39.32,79.,10.));
#10775=CARTESIAN_POINT('Origin',(39.32,84.,10.));
#10776=CARTESIAN_POINT('Origin',(96.39,-2.00000000000001,10.));
#10777=CARTESIAN_POINT('Origin',(1.32,79.,10.));
#10778=UNCERTAINTY_MEASURE_WITH_UNIT(LENGTH_MEASURE(0.01),#10782,
'DISTANCE_ACCURACY_VALUE',
'Maximum model space distance between geometric entities at asserted c
onnectivities');
#10779=UNCERTAINTY_MEASURE_WITH_UNIT(LENGTH_MEASURE(0.01),#10782,
'DISTANCE_ACCURACY_VALUE',
'Maximum model space distance between geometric entities at asserted c
onnectivities');
#10780=(
GEOMETRIC_REPRESENTATION_CONTEXT(3)
GLOBAL_UNCERTAINTY_ASSIGNED_CONTEXT((#10778))
GLOBAL_UNIT_ASSIGNED_CONTEXT((#10782,#10784,#10785))
REPRESENTATION_CONTEXT('','3D')
);
#10781=(
GEOMETRIC_REPRESENTATION_CONTEXT(3)
GLOBAL_UNCERTAINTY_ASSIGNED_CONTEXT((#10779))
GLOBAL_UNIT_ASSIGNED_CONTEXT((#10782,#10784,#10785))
REPRESENTATION_CONTEXT('','3D')
);
#10782=(
LENGTH_UNIT()
NAMED_UNIT(*)
SI_UNIT(.MILLI.,.METRE.)
);
#10783=(
LENGTH_UNIT()
NAMED_UNIT(*)
SI_UNIT($,.METRE.)
);
#10784=(
NAMED_UNIT(*)
PLANE_ANGLE_UNIT()
SI_UNIT($,.RADIAN.)
);
#10785=(
NAMED_UNIT(*)
SI_UNIT($,.STERADIAN.)
SOLID_ANGLE_UNIT()
);
#10786=SHAPE_DEFINITION_REPRESENTATION(#10787,#10788);
#10787=PRODUCT_DEFINITION_SHAPE('',$,#10790);
#10788=SHAPE_REPRESENTATION('',(#1794),#10780);
#10789=PRODUCT_DEFINITION_CONTEXT('part definition',#10794,'design');
#10790=PRODUCT_DEFINITION('Lid','Lid',#10791,#10789);
#10791=PRODUCT_DEFINITION_FORMATION('',$,#10796);
#10792=PRODUCT_RELATED_PRODUCT_CATEGORY('Lid','Lid',(#10796));
#10793=APPLICATION_PROTOCOL_DEFINITION('international standard',
'automotive_design',2009,#10794);
#10794=APPLICATION_CONTEXT(
'Core Data for Automotive Mechanical Design Process');
#10795=PRODUCT_CONTEXT('part definition',#10794,'mechanical');
#10796=PRODUCT('Lid','Lid',$,(#10795));
#10797=PRESENTATION_STYLE_ASSIGNMENT((#10798));
#10798=SURFACE_STYLE_USAGE(.BOTH.,#10799);
#10799=SURFACE_SIDE_STYLE('',(#10800));
#10800=SURFACE_STYLE_FILL_AREA(#10801);
#10801=FILL_AREA_STYLE('Steel - Satin',(#10802));
#10802=FILL_AREA_STYLE_COLOUR('Steel - Satin',#10803);
#10803=COLOUR_RGB('Steel - Satin',0.627450980392157,0.627450980392157,0.627450980392157);
ENDSEC;
END-ISO-10303-21;
